id,planet_type,discovery_date,mass,planet_radius,orbital_radius,orbital_period,eccentricity,detection_method
0,Gas Giant,2026,2.47 Jupiters,1.18 x Jupiter (estimate),3.89 AU,9.7 years,,Microlensing
1,Gas Giant,2026,1.15 Jupiters,1.22 x Jupiter (estimate),2.35 AU,4.7 years,,Microlensing
2,Gas Giant,2026,2.13 Jupiters,1.19 x Jupiter (estimate),0.96 AU,1.4 years,,Microlensing
3,Gas Giant,2026,0.21 Jupiters,0.856 x Jupiter (estimate),0.72 AU,2.3 years,,Microlensing
4,Gas Giant,2026,0.635 Jupiters,1.07 x Jupiter,0.336 AU,56.4 days,0.21,Transit
5,Gas Giant,2026,0.84 Jupiters,0.984 x Jupiter,0.1985 AU,28.8 days,0.09,Transit
6,Neptune-like,2026,25.36 Earths,0.484 x Jupiter (estimate),2.56 AU,5.4 years,,Microlensing
7,Neptune-like,2026,29.8 Earths,0.532 x Jupiter (estimate),0.81 AU,2.3 years,,Microlensing
8,Neptune-like,2026,14.93793513 Earths,0.66375348 x Jupiter,Unknown,92.5 days,0.04,Transit
9,Gas Giant,2026,0.3 Jupiters,1.24 x Jupiter,0.043 AU,3.2 days,0.0,Transit
10,Super Earth,2026,10.4 Earths,1.41 x Earth,0.1831 AU,28.1 days,0.0,Transit
11,Super Earth,2026,5.3 Earths,1.31 x Earth,0.0652 AU,6 days,0.0,Transit
12,Gas Giant,2026,0.85 Jupiters,1.21 x Jupiter,0.039 AU,3 days,0.0,Transit
13,Gas Giant,2026,0.92 Jupiters,1.24 x Jupiter (estimate),0.2 AU,171.1 days,0.27,Radial Velocity
14,Gas Giant,2014,0.20782928 Jupiters,0.851 x Jupiter (estimate),Unknown,31.1 days,0.04,Transit Timing Variations
15,Gas Giant,2014,10 Jupiters,0.95191528 x Jupiter,0.2668 AU,46.1 days,0.03,Transit
16,Gas Giant,2014,27.7 Jupiters,1.06 x Jupiter (estimate),Unknown,80.1 days,0.03,Transit Timing Variations
17,Gas Giant,2026,0.425 Jupiters,0.93 x Jupiter,0.03275 AU,3 days,0.06,Transit
18,Gas Giant,2026,0.81 Jupiters,1.96 x Jupiter,0.0731 AU,6.3 days,,Transit
19,Gas Giant,2026,2.1 Jupiters,1.02 x Jupiter,0.01913 AU,1.3 days,0.03,Transit
20,Super Earth,2026,3.4 Earths,1.66 x Earth (estimate),0.139 AU,37.9 days,,Radial Velocity
21,Gas Giant,2026,9.5 Jupiters,1.12 x Jupiter (estimate),6.4 AU,16.1 years,,Radial Velocity
22,Gas Giant,2026,21.55 Jupiters,1.08 x Jupiter (estimate),0.81 AU,256.3 days,0.43,Radial Velocity
23,Gas Giant,2026,10.67 Jupiters,1.11 x Jupiter (estimate),3.69 AU,9.3 years,,Microlensing
24,Gas Giant,2026,0.61 Jupiters,1.01 x Jupiter,0.03664 AU,3.3 days,0.12,Transit
25,Gas Giant,2026,0.71 Jupiters,0.95 x Jupiter,0.04007 AU,4.2 days,0.04,Transit
26,Gas Giant,2026,0.5 Jupiters,0.98 x Jupiter,0.03294 AU,2.9 days,0.06,Transit
27,Gas Giant,2026,0.41 Jupiters,1.475 x Jupiter,0.0428 AU,3.4 days,0.06,Transit
28,Gas Giant,2026,2.27 Jupiters,1.35 x Jupiter,0.0484 AU,3.2 days,,Transit
29,Gas Giant,2026,5.92 Jupiters,1.051 x Jupiter,0.0535 AU,4.4 days,,Transit
30,Gas Giant,2026,1.02 Jupiters,1.298 x Jupiter,0.076 AU,6.2 days,0.47,Transit
31,Neptune-like,2026,33 Earths,0.65750849 x Jupiter,0.1282 AU,16.2 days,,Transit
32,Neptune-like,2026,28.3 Earths,0.516 x Jupiter (estimate),Unknown,104.8 days,0.04,Radial Velocity
33,Neptune-like,2026,14.19 Earths,0.28958922 x Jupiter,0.1922 AU,30 days,0.03,Transit
34,Neptune-like,2026,28.60455663 Earths,0.74 x Jupiter,0.0368 AU,4.3 days,0.0,Transit
35,Gas Giant,2026,1.467 Jupiters,1.088 x Jupiter,0.3077 AU,58.2 days,0.39,Transit
36,Gas Giant,2026,0.781 Jupiters,0.921 x Jupiter,0.0473 AU,3.9 days,0.11,Transit
37,Neptune-like,2026,8.11 Earths,0.247 x Jupiter (estimate),0.1752 AU,39.6 days,0.0,Radial Velocity
38,Gas Giant,2026,1.53 Jupiters,1.485 x Jupiter,0.06919 AU,5.3 days,0.05,Transit
39,Gas Giant,2026,0.526 Jupiters,1.754 x Jupiter,0.0495 AU,3.5 days,0.1,Transit
40,Gas Giant,2026,0.206 Jupiters,1.313 x Jupiter,Unknown,4.7 days,,Transit
41,Gas Giant,2026,1.737 Jupiters,1.107 x Jupiter,0.0522 AU,3.9 days,0.03,Transit
42,Gas Giant,2026,1.63 Jupiters,1.21 x Jupiter (estimate),4.847 AU,12.1 years,,Microlensing
43,Gas Giant,2026,0.276 Jupiters,1.168 x Jupiter,0.05389 AU,4.6 days,0.07,Transit
44,Neptune-like,2026,18.6 Earths,1.155 x Jupiter,0.863 AU,232 days,0.03,Transit
45,Gas Giant,2026,26.32 Jupiters,0.927 x Jupiter,0.0629 AU,4.8 days,0.07,Transit
46,Neptune-like,2026,9.5 Earths,0.993 x Jupiter,0.602 AU,139.3 days,0.03,Transit
47,Neptune-like,2026,36.6 Earths,0.66910634 x Jupiter,0.076 AU,8.1 days,0.0,Transit
48,Neptune-like,2026,28.1 Earths,0.25782897 x Jupiter,0.0445 AU,3.6 days,0.0,Transit
49,Gas Giant,2026,2.4 Jupiters,1.26 x Jupiter,26 AU,91 years,< 0.44,Imaging
50,Gas Giant,2026,4.77 Jupiters,1.081 x Jupiter,0.697 AU,180.5 days,0.31,Transit
51,Gas Giant,2026,0.46880643 Jupiters,1.09733439 x Jupiter,0.1212 AU,14.5 days,0.48,Transit
52,Gas Giant,2026,0.36497682 Jupiters,0.93674887 x Jupiter,0.172 AU,26.2 days,0.29,Transit
53,Neptune-like,2026,12.8 Earths,0.32295532 x Jupiter,Unknown,10.5 days,,Transit
54,Gas Giant,2026,1.67 Jupiters,1.2 x Jupiter (estimate),1.36 AU,1.4 years,0.1,Radial Velocity
55,Gas Giant,2026,0.65 Jupiters,1.25 x Jupiter (estimate),Unknown,2.3 years,0.05,Radial Velocity
56,Gas Giant,2026,0.67 Jupiters,1.25 x Jupiter (estimate),Unknown,1.5 years,0.04,Radial Velocity
57,Gas Giant,2026,2.26 Jupiters,1.19 x Jupiter (estimate),Unknown,2.3 years,0.05,Radial Velocity
58,Neptune-like,2026,11.9 Earths,0.31 x Jupiter (estimate),0.3886 AU,88.7 days,0.06,Radial Velocity
59,Gas Giant,2026,22 Jupiters,1.07 x Jupiter (estimate),3.2 AU,7.8 years,,Microlensing
60,Gas Giant,2026,1.1 Jupiters,1.23 x Jupiter (estimate),2.5 AU,6.3 years,,Microlensing
61,Gas Giant,2026,0.58 Jupiters,1.26 x Jupiter (estimate),3.9 AU,10.4 years,,Microlensing
62,Gas Giant,2026,6.85 Jupiters,1.13 x Jupiter (estimate),3.96 AU,7.3 years,0.17,Radial Velocity
63,Gas Giant,2026,1.67 Jupiters,1.2 x Jupiter (estimate),5.05 AU,12.7 years,0.08,Radial Velocity
64,Gas Giant,2026,9.98 Jupiters,1.11 x Jupiter (estimate),5.9 AU,14.1 years,0.01,Radial Velocity
65,Gas Giant,2026,0.85 Jupiters,1.24 x Jupiter (estimate),0.9 AU,321.8 days,0.19,Radial Velocity
66,Gas Giant,2026,3.87 Jupiters,1.16 x Jupiter (estimate),3.87 AU,8.1 years,0.12,Radial Velocity
67,Gas Giant,2026,0.699 Jupiters,1.463 x Jupiter,0.0542 AU,4 days,0.0,Transit
68,Gas Giant,2026,19.4 Jupiters,0.817 x Jupiter,0.0815 AU,8.6 days,0.03,Transit
69,Gas Giant,2026,0.87 Jupiters,1.58 x Jupiter,0.03289 AU,1.8 days,0.0,Transit
70,Gas Giant,2026,0.36 Jupiters,1.222 x Jupiter,0.0431 AU,3.3 days,0.16,Transit
71,Gas Giant,2026,16.9 Jupiters,0.955 x Jupiter,0.553 AU,175.5 days,0.51,Transit
72,Super Earth,2026,2.3 Earths,1.32 x Earth (estimate),0.09673 AU,21.5 days,0.0,Radial Velocity
73,Gas Giant,2009,21.5 Jupiters,1.08 x Jupiter (estimate),1.156 AU,466.1 days,0.08,Radial Velocity
74,Gas Giant,2010,3.2 Jupiters,1.17 x Jupiter (estimate),1.757 AU,2.1 years,0.41,Radial Velocity
75,Gas Giant,2026,2.51 Jupiters,0.949 x Jupiter,0.2001 AU,32.6 days,0.59,Transit
76,Neptune-like,2026,6.42 Earths,0.2155 x Jupiter,0.275 AU,52.8 days,,Transit
77,Gas Giant,2009,2.4 Jupiters,1.18 x Jupiter (estimate),3.53 AU,6.8 years,0.06,Radial Velocity
78,Gas Giant,2009,1.2 Jupiters,1.22 x Jupiter (estimate),1.11 AU,331.9 days,0.12,Radial Velocity
79,Super Earth,2026,4.5 Earths,1.376 x Earth,0.01817 AU,1 days,,Transit
80,Super Earth,2026,13.58 Earths,2.47 x Earth,0.1116 AU,15.1 days,< 0.22,Transit
81,Gas Giant,2024,3.71 Jupiters,1.16 x Jupiter (estimate),5.46 AU,12.9 years,0.09,Radial Velocity
82,Super Earth,2026,1.9 Earths,1.206 x Earth,0.016 AU,1.7 days,,Transit
83,Gas Giant,2026,3.49 Jupiters,1.622 x Jupiter,0.056 AU,3.8 days,0.24,Transit
84,Neptune-like,2026,5.86 Earths,0.20430047 x Jupiter,0.1614 AU,32.7 days,,Transit
85,Super Earth,2026,3.51 Earths,1.693 x Earth,0.01624 AU,0.9 days,,Transit
86,Neptune-like,2026,13 Earths,0.327 x Jupiter (estimate),0.2366 AU,45.4 days,0.0,Transit Timing Variations
87,Neptune-like,2026,8.9 Earths,0.28967844 x Jupiter,0.1439 AU,21.5 days,0.0,Transit
88,Neptune-like,2026,4.8 Earths,0.22071588 x Jupiter,0.07374 AU,7.9 days,0.0,Transit
89,Neptune-like,2026,4.9 Earths,0.31974361 x Jupiter,0.1067 AU,13.7 days,0.0,Transit
90,Gas Giant,2026,0.56 Jupiters,1.252 x Jupiter,Unknown,5.1 days,< 0.506,Transit
91,Super Earth,2026,5.8 Earths,1.39 x Earth,0.0698 AU,5.8 days,0.3,Transit
92,Gas Giant,2026,0.51 Jupiters,0.97 x Jupiter,0.157 AU,21.6 days,0.43,Transit
93,Neptune-like,2026,5.12 Earths,2.11 x Earth (estimate),0.0835 AU,9.6 days,0.0,Radial Velocity
94,Gas Giant,2025,0.34 Jupiters,1.14 x Jupiter (estimate),52 AU,553.2 years,,Imaging
95,Gas Giant,2026,1.29 Jupiters,0.969 x Jupiter,0.106 AU,11.4 days,0.12,Transit
96,Gas Giant,2026,1.09 Jupiters,0.975 x Jupiter,0.274 AU,44.4 days,0.13,Transit
97,Neptune-like,2026,6.7 Earths,0.22104705 x Jupiter,Unknown,11.1 days,,Transit
98,Neptune-like,2026,5.54 Earths,2.21526814 x Earth,Unknown,3.8 days,,Transit
99,Neptune-like,2026,8.11 Earths,0.24732885 x Jupiter,Unknown,4 days,,Transit
100,Neptune-like,2026,8.55 Earths,0.25516093 x Jupiter,Unknown,2.7 days,,Transit
101,Neptune-like,2026,6.3 Earths,0.21324331 x Jupiter,Unknown,3 days,,Transit
102,Neptune-like,2026,8.38 Earths,0.25214274 x Jupiter,Unknown,7.9 days,,Transit
103,Neptune-like,2026,8.11 Earths,0.24737375 x Jupiter,Unknown,5.3 days,,Transit
104,Super Earth,2026,4.97 Earths,2.07692266 x Earth,Unknown,9.8 days,,Transit
105,Neptune-like,2026,35.7 Earths,0.59218403 x Jupiter,Unknown,3.4 days,,Transit
106,Neptune-like,2026,5.59 Earths,2.22686612 x Earth,Unknown,8.5 days,,Transit
107,Neptune-like,2026,20.6 Earths,0.42784279 x Jupiter,Unknown,2.3 days,,Transit
108,Neptune-like,2026,5.26 Earths,2.14817673 x Earth,Unknown,9.1 days,,Transit
109,Neptune-like,2026,8.87 Earths,0.26075962 x Jupiter,Unknown,7.9 days,,Transit
110,Neptune-like,2026,12.9 Earths,0.32546389 x Jupiter,Unknown,6.2 days,,Transit
111,Neptune-like,2026,8.27 Earths,0.2501613 x Jupiter,Unknown,4.4 days,,Transit
112,Neptune-like,2026,5.67 Earths,0.20034537 x Jupiter,Unknown,8.9 days,,Transit
113,Neptune-like,2026,12 Earths,0.31137156 x Jupiter,Unknown,6.7 days,,Transit
114,Neptune-like,2026,9.77 Earths,0.27608886 x Jupiter,Unknown,8 days,,Transit
115,Neptune-like,2026,7.78 Earths,0.24141455 x Jupiter,Unknown,2.1 days,,Transit
116,Neptune-like,2026,7.65 Earths,0.23900435 x Jupiter,Unknown,2.1 days,,Transit
117,Neptune-like,2026,6.59 Earths,0.2188575 x Jupiter,Unknown,6.8 days,,Transit
118,Neptune-like,2026,8.38 Earths,0.25222306 x Jupiter,Unknown,4.9 days,,Transit
119,Super Earth,2026,3.94 Earths,1.81295951 x Earth,Unknown,2.6 days,,Transit
120,Neptune-like,2026,6.4 Earths,0.21521682 x Jupiter,Unknown,6 days,,Transit
121,Neptune-like,2026,27.5 Earths,0.50778586 x Jupiter,Unknown,3.5 days,,Transit
122,Neptune-like,2026,9.85 Earths,0.27734861 x Jupiter,Unknown,7.5 days,,Transit
123,Neptune-like,2026,7.23 Earths,0.23117706 x Jupiter,Unknown,3.5 days,,Transit
124,Neptune-like,2026,22.7 Earths,0.4530321 x Jupiter,Unknown,10.2 days,,Transit
125,Neptune-like,2026,12 Earths,0.3117069 x Jupiter,Unknown,2.8 days,,Transit
126,Neptune-like,2026,7.4 Earths,0.2343671 x Jupiter,Unknown,4.9 days,,Transit
127,Neptune-like,2026,5.43 Earths,2.18869476 x Earth,Unknown,3.3 days,,Transit
128,Neptune-like,2026,14.6 Earths,0.34970378 x Jupiter,Unknown,3.5 days,,Transit
129,Neptune-like,2026,11.9 Earths,0.31023333 x Jupiter,Unknown,13.8 days,,Transit
130,Neptune-like,2026,9.75 Earths,0.27569703 x Jupiter,Unknown,10.1 days,,Transit
131,Neptune-like,2026,6.51 Earths,0.21743479 x Jupiter,Unknown,3.6 days,,Transit
132,Super Earth,2026,4.66 Earths,2.00021315 x Earth,Unknown,1 days,,Transit
133,Neptune-like,2026,6.39 Earths,0.21488773 x Jupiter,Unknown,4 days,,Transit
134,Super Earth,2026,5.04 Earths,2.09469416 x Earth,Unknown,6.3 days,,Transit
135,Neptune-like,2026,6.38 Earths,0.2148469 x Jupiter,Unknown,3.9 days,,Transit
136,Neptune-like,2026,21.7 Earths,0.44137401 x Jupiter,Unknown,0.8 days,,Transit
137,Super Earth,2026,9.4 Earths,2.314 x Earth,0.04201 AU,3.4 days,0.0,Transit
138,Neptune-like,2026,12.8 Earths,0.32431538 x Jupiter,Unknown,4 days,,Transit
139,Neptune-like,2026,27.8 Earths,0.51090557 x Jupiter,Unknown,3.8 days,,Transit
140,Neptune-like,2026,6.02 Earths,0.20755256 x Jupiter,Unknown,5.3 days,,Transit
141,Neptune-like,2026,28.7 Earths,0.52057107 x Jupiter,Unknown,5.5 days,,Transit
142,Neptune-like,2026,8.04 Earths,0.24619414 x Jupiter,Unknown,9.5 days,,Transit
143,Super Earth,2026,4.36 Earths,1.92416074 x Earth,Unknown,1.1 days,,Transit
144,Neptune-like,2026,8.87 Earths,0.2607764 x Jupiter,Unknown,12.8 days,,Transit
145,Neptune-like,2026,11 Earths,0.29656949 x Jupiter,Unknown,8.1 days,,Transit
146,Gas Giant,2026,0.14 Jupiters,0.67517928 x Jupiter,Unknown,3.8 days,,Transit
147,Neptune-like,2026,9.78 Earths,0.27616362 x Jupiter,Unknown,6.9 days,,Transit
148,Neptune-like,2026,6.22 Earths,0.21154248 x Jupiter,Unknown,3.2 days,,Transit
149,Neptune-like,2026,10.4 Earths,0.28705493 x Jupiter,Unknown,4.2 days,,Transit
150,Neptune-like,2026,6.92 Earths,0.2253651 x Jupiter,Unknown,5.9 days,,Transit
151,Gas Giant,2026,0.129 Jupiters,0.64134477 x Jupiter,Unknown,5.4 days,,Transit
152,Neptune-like,2026,20.1 Earths,0.42264361 x Jupiter,Unknown,6 days,,Transit
153,Neptune-like,2026,6.93 Earths,0.22550105 x Jupiter,Unknown,5.7 days,,Transit
154,Neptune-like,2026,7.53 Earths,0.23674121 x Jupiter,Unknown,8.6 days,,Transit
155,Neptune-like,2026,15.9 Earths,0.36834195 x Jupiter,Unknown,11.6 days,,Transit
156,Neptune-like,2026,14.9 Earths,0.3540241 x Jupiter,Unknown,2 days,,Transit
157,Neptune-like,2026,11.9 Earths,0.31054852 x Jupiter,Unknown,3.8 days,,Transit
158,Neptune-like,2026,15.3 Earths,0.35901762 x Jupiter,Unknown,3.6 days,,Transit
159,Neptune-like,2026,6.33 Earths,0.21387302 x Jupiter,Unknown,4.3 days,,Transit
160,Super Earth,2026,3.01 Earths,1.54732112 x Earth,Unknown,5.8 days,,Transit
161,Gas Giant,2026,38.4 Earths,0.61850158 x Jupiter,Unknown,6.8 days,,Transit
162,Neptune-like,2026,13.4 Earths,0.33185849 x Jupiter,Unknown,2.8 days,,Transit
163,Neptune-like,2026,14.8 Earths,0.35311257 x Jupiter,Unknown,5.2 days,,Transit
164,Neptune-like,2026,8.65 Earths,0.25693531 x Jupiter,Unknown,4.7 days,,Transit
165,Neptune-like,2026,8.46 Earths,0.25365957 x Jupiter,Unknown,2.7 days,,Transit
166,Neptune-like,2026,5.77 Earths,0.20249322 x Jupiter,Unknown,8.6 days,,Transit
167,Super Earth,2026,3.81 Earths,1.77789214 x Earth,Unknown,8.9 days,,Transit
168,Neptune-like,2026,6.11 Earths,0.20928541 x Jupiter,Unknown,9.8 days,,Transit
169,Neptune-like,2026,8.01 Earths,0.24561103 x Jupiter,Unknown,11 days,,Transit
170,Neptune-like,2026,7.06 Earths,0.22794708 x Jupiter,Unknown,5.9 days,,Transit
171,Super Earth,2026,3.77 Earths,1.76689273 x Earth,Unknown,2.1 days,,Transit
172,Neptune-like,2026,6.98 Earths,0.22644684 x Jupiter,Unknown,4.5 days,,Transit
173,Neptune-like,2026,28.8 Earths,0.52156891 x Jupiter,Unknown,2.5 days,,Transit
174,Neptune-like,2026,36.6 Earths,0.60108643 x Jupiter,Unknown,5.9 days,,Transit
175,Neptune-like,2026,10.1 Earths,0.28097937 x Jupiter,Unknown,4.4 days,,Transit
176,Gas Giant,2026,0.152 Jupiters,0.70876575 x Jupiter,Unknown,3 days,,Transit
177,Neptune-like,2026,5.77 Earths,0.20237226 x Jupiter,Unknown,6.9 days,,Transit
178,Neptune-like,2026,10.6 Earths,0.28939325 x Jupiter,Unknown,4.4 days,,Transit
179,Neptune-like,2026,9.79 Earths,0.27646152 x Jupiter,Unknown,4.2 days,,Transit
180,Gas Giant,2026,38.7 Earths,0.6212077 x Jupiter,Unknown,2.9 days,,Transit
181,Super Earth,2026,2.95 Earths,1.52898127 x Earth,Unknown,5.9 days,,Transit
182,Neptune-like,2026,9 Earths,0.26308633 x Jupiter,Unknown,4.3 days,,Transit
183,Neptune-like,2026,7.1 Earths,0.22882027 x Jupiter,Unknown,5.7 days,,Transit
184,Neptune-like,2026,8.57 Earths,0.25547051 x Jupiter,Unknown,7 days,,Transit
185,Neptune-like,2026,5.56 Earths,2.21895097 x Earth,Unknown,1.4 days,,Transit
186,Neptune-like,2026,23.5 Earths,0.4626082 x Jupiter,Unknown,6.4 days,,Transit
187,Super Earth,2026,4.43 Earths,1.94225664 x Earth,Unknown,2.8 days,,Transit
188,Neptune-like,2026,8.19 Earths,0.24885745 x Jupiter,Unknown,11.3 days,,Transit
189,Neptune-like,2026,6.78 Earths,0.22263379 x Jupiter,Unknown,4.1 days,,Transit
190,Neptune-like,2026,17.6 Earths,0.39102405 x Jupiter,Unknown,9.6 days,,Transit
191,Neptune-like,2026,15.8 Earths,0.36651414 x Jupiter,Unknown,5.6 days,,Transit
192,Neptune-like,2026,6.65 Earths,0.22012884 x Jupiter,Unknown,1.9 days,,Transit
193,Neptune-like,2026,27.1 Earths,0.50301308 x Jupiter,Unknown,7.2 days,,Transit
194,Neptune-like,2026,5.6 Earths,2.22999162 x Earth,Unknown,9.2 days,,Transit
195,Neptune-like,2026,6.39 Earths,0.21501609 x Jupiter,Unknown,3.9 days,,Transit
196,Neptune-like,2026,9.58 Earths,0.27283806 x Jupiter,Unknown,10.9 days,,Transit
197,Neptune-like,2026,32.5 Earths,0.56071075 x Jupiter,Unknown,3.8 days,,Transit
198,Neptune-like,2026,34.6 Earths,0.58093179 x Jupiter,Unknown,8.5 days,,Transit
199,Neptune-like,2026,20.8 Earths,0.43037059 x Jupiter,Unknown,8.8 days,,Transit
200,Neptune-like,2026,7.7 Earths,0.23997128 x Jupiter,Unknown,5.8 days,,Transit
201,Neptune-like,2026,12.2 Earths,0.31529149 x Jupiter,Unknown,5.1 days,,Transit
202,Gas Giant,2026,0.128 Jupiters,0.63981396 x Jupiter,Unknown,10.1 days,,Transit
203,Neptune-like,2026,5.49 Earths,2.20344362 x Earth,Unknown,9.7 days,,Transit
204,Super Earth,2026,4.92 Earths,2.06631784 x Earth,Unknown,5.5 days,,Transit
205,Neptune-like,2026,6.16 Earths,0.21041999 x Jupiter,Unknown,8.6 days,,Transit
206,Neptune-like,2026,6.32 Earths,0.21364306 x Jupiter,Unknown,4.4 days,,Transit
207,Neptune-like,2026,6.81 Earths,0.22314352 x Jupiter,Unknown,4.3 days,,Transit
208,Neptune-like,2026,8.9 Earths,0.26132845 x Jupiter,0.1376 AU,13.1 days,0.0,Transit
209,Neptune-like,2026,8 Earths,0.24536536 x Jupiter,Unknown,10.5 days,,Transit
210,Super Earth,2026,2.95 Earths,1.52831855 x Earth,Unknown,0.9 days,,Transit
211,Gas Giant,2025,15.5 Jupiters,1.09 x Jupiter (estimate),2.48 AU,25.2 years,,Imaging
212,Gas Giant,2026,10 Jupiters,1.6 x Jupiter,14 AU,50.4 years,,Imaging
213,Gas Giant,2026,0.184 Jupiters,0.792 x Jupiter (estimate),0.194 AU,30.4 days,0.03,Transit Timing Variations
214,Gas Giant,2026,0.59 Jupiters,1.26 x Jupiter (estimate),2.18 AU,6.9 years,,Microlensing
215,Gas Giant,2026,0.16 Jupiters,0.729 x Jupiter (estimate),1.12 AU,3.4 years,,Microlensing
216,Gas Giant,2026,0.49 Jupiters,1.27 x Jupiter (estimate),7.78 AU,25.1 years,,Microlensing
217,Gas Giant,2026,0.694 Jupiters,0.975 x Jupiter,0.117 AU,14.3 days,0.07,Transit
218,Super Earth,2026,6.2 Earths,1.534 x Earth,0.0063 AU,0.2 days,0.0,Transit
219,Super Earth,2026,1.83 Earths,1.11 x Earth,0.0056255 AU,0.3 days,0.0,Transit
220,Gas Giant,2026,0.688 Jupiters,1.05 x Jupiter,0.02789 AU,2.4 days,0.04,Transit
221,Gas Giant,2026,1.299 Jupiters,1.128 x Jupiter,0.0279 AU,2 days,0.03,Transit
222,Gas Giant,2026,0.664 Jupiters,0.988 x Jupiter,0.0307 AU,2.5 days,0.07,Transit
223,Gas Giant,2026,0.28 Jupiters,1.01 x Jupiter (estimate),3.97 AU,10.8 years,,Microlensing
224,Gas Giant,2026,0.1688 Jupiters,0.493 x Jupiter,0.02539 AU,1.6 days,0.02,Transit
225,Super Earth,2026,10.7 Earths,1.2 x Earth,0.0272 AU,4 days,,Transit
226,Gas Giant,2026,4.45 Jupiters,1.15 x Jupiter (estimate),10.4 AU,28.5 years,0.41,Radial Velocity
227,Gas Giant,2026,7.77 Jupiters,1.13 x Jupiter (estimate),3.05 AU,6.8 years,,Microlensing
228,Gas Giant,2026,3.25 Jupiters,1.17 x Jupiter (estimate),2.68 AU,6.6 years,,Microlensing
229,Gas Giant,2026,2.96 Jupiters,1.17 x Jupiter (estimate),2.29 AU,4.7 years,,Microlensing
230,Gas Giant,2026,12.28 Jupiters,1.1 x Jupiter (estimate),4.17 AU,9.5 years,,Microlensing
231,Gas Giant,2026,0.37 Jupiters,1.2 x Jupiter (estimate),1.05 AU,444 days,0.1,Radial Velocity
232,Gas Giant,2026,1.2 Jupiters,1.22 x Jupiter (estimate),6.11 AU,15.6 years,0.42,Radial Velocity
233,Gas Giant,2026,5.16 Jupiters,1.15 x Jupiter (estimate),7.27 AU,21.5 years,0.62,Radial Velocity
234,Super Earth,2026,4.27 Earths,1.9 x Earth,0.136 AU,18.8 days,,Transit
235,Super Earth,2025,3.78 Earths,1.77 x Earth,0.0145 AU,2 days,,Transit
236,Terrestrial,2025,0.972 Earths,1.0 x Earth,0.0205 AU,2.3 days,,Transit
237,Super Earth,2025,1.55 Earths,1.14 x Earth,0.0263 AU,3.5 days,,Transit
238,Neptune-like,2026,14.43 Earths,0.347 x Jupiter (estimate),0.1097 AU,12.7 days,< 0.25,Radial Velocity
239,Gas Giant,2026,0.25513767 Jupiters,0.96 x Jupiter (estimate),0.3098 AU,62.9 days,0.28,Radial Velocity
240,Gas Giant,2026,0.21696613 Jupiters,0.873 x Jupiter (estimate),0.0607 AU,4.9 days,0.05,Radial Velocity
241,Neptune-like,2026,13.47 Earths,0.334 x Jupiter (estimate),0.2206 AU,36.4 days,< 0.31,Radial Velocity
242,Neptune-like,2026,5.8 Earths,0.203 x Jupiter (estimate),0.0779 AU,7.6 days,0.34,Radial Velocity
243,Gas Giant,2026,0.28880364 Jupiters,1.03 x Jupiter (estimate),0.1432 AU,16.5 days,< 0.1,Radial Velocity
244,Gas Giant,2026,0.16294956 Jupiters,0.737 x Jupiter (estimate),0.04789 AU,3.2 days,< 0.28,Radial Velocity
245,Super Earth,2026,1.55 Earths,1.251 x Earth,0.05092 AU,7.6 days,0.0,Transit
246,Gas Giant,2026,15.3 Jupiters,1.09 x Jupiter (estimate),182 AU,365 days,,Imaging
247,Gas Giant,2026,3.4 Jupiters,1.17 x Jupiter (estimate),342 AU,9883.2 years,,Imaging
248,Super Earth,2026,5.79 Earths,1.732 x Earth,0.15135 AU,29.3 days,0.01,Transit
249,Gas Giant,2026,9.5 Jupiters,1.12 x Jupiter (estimate),5.556 AU,14.8 years,0.2,Radial Velocity
250,Super Earth,2026,1.46 Earths,1.12 x Earth (estimate),0.0417 AU,4.4 days,,Radial Velocity
251,Neptune-like,2026,6.1 Earths,0.209 x Jupiter (estimate),0.212 AU,50.8 days,,Radial Velocity
252,Gas Giant,2026,4.39 Jupiters,1.15 x Jupiter (estimate),3.03 AU,7.6 years,,Microlensing
253,Gas Giant,2026,1.06 Jupiters,1.23 x Jupiter (estimate),3.15 AU,6.8 years,,Microlensing
254,Gas Giant,2026,11.86 Jupiters,1.1 x Jupiter (estimate),6.46 AU,19.9 years,,Microlensing
255,Gas Giant,2026,0.76 Jupiters,1.25 x Jupiter (estimate),1.32 AU,4.7 years,,Microlensing
256,Gas Giant,2026,1.402 Jupiters,1.21 x Jupiter (estimate),0.984 AU,297.9 days,,Radial Velocity
257,Gas Giant,2026,2.106 Jupiters,1.19 x Jupiter (estimate),0.524 AU,115.5 days,,Radial Velocity
258,Neptune-like,2026,13.3 Earths,0.3309846 x Jupiter,0.0287 AU,2.3 days,,Transit
259,Neptune-like,2026,14 Earths,0.34079816 x Jupiter,0.0308 AU,2.3 days,,Transit
260,Super Earth,2026,9.1 Earths,2.1 x Earth,0.05921 AU,6.2 days,,Transit
261,Neptune-like,2026,6.21 Earths,0.2114376 x Jupiter,0.041 AU,3.8 days,,Transit
262,Neptune-like,2026,5.96 Earths,0.22303545 x Jupiter,0.08604 AU,12.6 days,0.11,Transit
263,Super Earth,2026,3.28 Earths,1.382 x Earth,0.02656 AU,2.2 days,0.01,Transit
264,Neptune-like,2026,4.55 Earths,2.046 x Earth,0.05387 AU,6.2 days,0.09,Transit
265,Gas Giant,2026,0.745 Jupiters,0.961 x Jupiter,0.099 AU,9.5 days,0.09,Transit
266,Neptune-like,2026,8.39 Earths,0.252 x Jupiter (estimate),0.186 AU,69.6 days,,Radial Velocity
267,Super Earth,2026,2.97 Earths,1.53 x Earth (estimate),0.0153 AU,1.6 days,,Radial Velocity
268,Neptune-like,2026,10.3 Earths,0.285 x Jupiter (estimate),Unknown,35.7 days,0.06,Radial Velocity
269,Neptune-like,2026,6.76 Earths,0.222 x Jupiter (estimate),0.28149 AU,61.4 days,,Radial Velocity
270,Gas Giant,2026,0.13315361 Jupiters,0.655 x Jupiter (estimate),1.6 AU,4 years,,Microlensing
271,Gas Giant,2026,0.62 Jupiters,1.042 x Jupiter,0.512 AU,131.1 days,0.54,Transit
272,Neptune-like,2026,7.7 Earths,0.2215188 x Jupiter,0.03957 AU,2.6 days,0.08,Transit
273,Neptune-like,2024,23.2 Earths,0.35953314 x Jupiter,0.06323 AU,5.2 days,0.02,Transit
274,Gas Giant,2026,10.6 Jupiters,1.11 x Jupiter (estimate),690 AU,35566 years,,Imaging
275,Neptune-like,2026,10 Earths,0.28 x Jupiter (estimate),0.0997 AU,15.9 days,0.0,Radial Velocity
276,Neptune-like,2026,12.4 Earths,0.318 x Jupiter,0.0439 AU,6.2 days,< 0.4,Transit
277,Terrestrial,2026,0.911 Earths,0.982 x Earth,0.0319 AU,4.7 days,< 0.88,Transit
278,Super Earth,2026,3.72 Earths,1.528 x Earth,0.064 AU,6.3 days,0.06,Transit
279,Super Earth,2026,6.4 Earths,2.272 x Earth,0.1197 AU,16.2 days,0.05,Transit
280,Super Earth,2026,4.9 Earths,1.77 x Earth,Unknown,5.9 days,,Transit
281,Neptune-like,2021,8.5 Earths,0.24801541 x Jupiter,Unknown,16.7 days,0.05,Transit
282,Super Earth,2026,7.7 Earths,2.33 x Earth,Unknown,4.7 days,,Transit
283,Neptune-like,2021,6.29 Earths,0.21288975 x Jupiter,Unknown,25.1 days,,Transit
284,Neptune-like,2021,7.39 Earths,0.26032697 x Jupiter,0.1632 AU,25.5 days,0.03,Transit
285,Neptune-like,2021,6.5 Earths,0.21717586 x Jupiter,Unknown,15.5 days,,Transit
286,Super Earth,2021,9.6 Earths,2.587 x Earth,0.075 AU,8.6 days,0.08,Transit
287,Neptune-like,2021,13.5 Earths,0.33382696 x Jupiter,Unknown,6.8 days,,Transit
288,Neptune-like,2021,9.1 Earths,0.30422035 x Jupiter,0.111 AU,13.6 days,0.0,Transit
289,Neptune-like,2021,11.2 Earths,0.2987089 x Jupiter,Unknown,13 days,,Transit
290,Neptune-like,2021,6.98 Earths,0.22651441 x Jupiter,0.1074 AU,14.2 days,0.06,Transit
291,Neptune-like,2026,11.61 Earths,0.306 x Jupiter (estimate),0.2901 AU,63 days,< 0.071,Radial Velocity
292,Super Earth,2026,4.29 Earths,1.91 x Earth (estimate),0.1756 AU,29.7 days,< 0.096,Radial Velocity
293,Super Earth,2026,2.12 Earths,1.26 x Earth (estimate),0.03608 AU,2.8 days,0.0,Radial Velocity
294,Neptune-like,2026,5 Earths,0.25515255 x Jupiter,0.1009 AU,12.9 days,< 0.067,Transit
295,Gas Giant,2026,0.36 Jupiters,1.18 x Jupiter (estimate),12.6 AU,50.3 years,,Microlensing
296,Gas Giant,2026,4 Jupiters,1.16 x Jupiter (estimate),2.6 AU,4.7 years,,Microlensing
297,Gas Giant,2026,28 Jupiters,0.812 x Jupiter,0.0619 AU,5.4 days,0.09,Transit
298,Gas Giant,2025,21 Jupiters,1.08 x Jupiter (estimate),0.78 AU,2.9 years,,Microlensing
299,Neptune-like,2025,19.1 Earths,0.32563175 x Jupiter,0.257 AU,43.1 days,,Transit
300,Super Earth,2025,4.7 Earths,2.01 x Earth,0.06191 AU,12.9 days,0.0,Transit
301,Gas Giant,2025,0.47824548 Jupiters,0.97243454 x Jupiter,0.16 AU,25.2 days,0.19,Transit
302,Gas Giant,2026,0.4 Jupiters,0.91 x Jupiter,0.0369 AU,3.3 days,0.03,Transit
303,Gas Giant,2025,0.489 Jupiters,1.118 x Jupiter,0.034 AU,2.9 days,0.02,Transit
304,Neptune-like,2025,20 Earths,0.73155626 x Jupiter,0.456 AU,104.6 days,0.09,Transit
305,Gas Giant,2025,0.28002532 Jupiters,0.58970572 x Jupiter,0.165 AU,25.9 days,,Transit
306,Gas Giant,2025,1.687 Jupiters,1.092 x Jupiter,0.02285 AU,1.4 days,0.02,Transit
307,Gas Giant,2025,19.8 Jupiters,1.08 x Jupiter (estimate),4.85 AU,9.4 years,0.85,Astrometry
308,Gas Giant,2025,20 Jupiters,7.78 x Jupiter,71 AU,892.3 years,,Imaging
309,Super Earth,2025,2.18 Earths,1.28 x Earth,Unknown,4.9 days,,Transit
310,Super Earth,2025,3.05 Earths,1.56 x Earth,Unknown,0.6 days,,Transit
311,Super Earth,2025,2.27 Earths,1.31 x Earth,Unknown,11.5 days,,Transit
312,Terrestrial,2025,0.84 Earths,0.96 x Earth,Unknown,6.8 days,,Transit
313,Super Earth,2025,2.54 Earths,1.4 x Earth,Unknown,3.2 days,,Transit
314,Gas Giant,2025,0.24510081 Jupiters,0.938 x Jupiter (estimate),0.3721 AU,88 days,,Radial Velocity
315,Gas Giant,2026,17.7 Jupiters,1.08 x Jupiter (estimate),24.8 AU,90.4 years,0.42,Imaging
316,Neptune-like,2025,28.9 Earths,0.40592451 x Jupiter,0.1651 AU,26 days,,Transit
317,Gas Giant,2020,0.892 Jupiters,1.35 x Jupiter,Unknown,2.7 days,0.0,Transit
318,Neptune-like,2025,21.13 Earths,0.298 x Jupiter,0.116 AU,15.5 days,0.17,Radial Velocity
319,Gas Giant,2025,0.597 Jupiters,0.939 x Jupiter,0.2672 AU,48.9 days,0.04,Transit
320,Gas Giant,2025,0.412 Jupiters,0.964 x Jupiter,0.1595 AU,22.6 days,0.01,Transit
321,Neptune-like,2025,18.1 Earths,0.652 x Jupiter,0.1019 AU,11.5 days,0.06,Transit
322,Neptune-like,2025,7.4 Earths,0.227 x Jupiter,0.0694 AU,7.3 days,0.18,Transit
323,Super Earth,2025,5.1 Earths,1.93 x Earth,0.041 AU,4.7 days,0.58,Transit
324,Super Earth,2025,5.3 Earths,1.98 x Earth,0.0195 AU,1.5 days,0.0,Transit
325,Super Earth,2025,14 Earths,2.61 x Earth,0.205 AU,34.6 days,< 0.2,Radial Velocity
326,Gas Giant,2018,30 Jupiters,1.06 x Jupiter (estimate),518 AU,17923.1 years,,Imaging
327,Gas Giant,2025,0.17 Jupiters,0.756 x Jupiter,0.131 AU,14.8 days,0.2,Transit
328,Neptune-like,2025,20.1 Earths,0.3800524 x Jupiter,0.049 AU,3.8 days,0.0,Transit
329,Neptune-like,2025,13.98444991 Earths,0.341 x Jupiter (estimate),0.89 AU,3.2 years,,Microlensing
330,Neptune-like,2025,6.99222495 Earths,0.227 x Jupiter (estimate),2.55 AU,5.7 years,,Microlensing
331,Neptune-like,2025,19.06970442 Earths,0.409 x Jupiter (estimate),1.96 AU,4.9 years,,Microlensing
332,Gas Giant,2025,5.98 Jupiters,1.14 x Jupiter (estimate),2.03 AU,4.2 years,,Microlensing
333,Neptune-like,2025,17.79839079 Earths,0.393 x Jupiter (estimate),1.7 AU,4.7 years,,Microlensing
334,Gas Giant,2025,3.42 Jupiters,1.17 x Jupiter (estimate),6.85 AU,21.1 years,,Microlensing
335,Gas Giant,2025,26.3 Jupiters,Unknown,3.634 AU,5 years,0.43,Radial Velocity
336,Gas Giant,2025,4.05 Jupiters,1.16 x Jupiter (estimate),0.439 AU,149.4 days,0.45,Radial Velocity
337,Neptune-like,2025,9.83 Earths,0.25069184 x Jupiter,0.018 AU,1.2 days,0.0,Transit
338,Neptune-like,2025,6.54 Earths,0.20876118 x Jupiter,0.123 AU,17.6 days,0.0,Transit
339,Super Earth,2025,3.88 Earths,1.8 x Earth (estimate),0.196 AU,53.6 days,0.0,Radial Velocity
340,Gas Giant,2023,10.6 Jupiters,1.11 x Jupiter (estimate),4.65 AU,5.2 years,0.59,Radial Velocity
341,Gas Giant,2018,12 Jupiters,1.1 x Jupiter (estimate),0.43 AU,2.3 years,,Microlensing
342,Gas Giant,2025,0.81 Jupiters,1.24 x Jupiter (estimate),1.97 AU,2.4 years,,Radial Velocity
343,Gas Giant,2025,1.21 Jupiters,1.22 x Jupiter (estimate),1.32 AU,487.1 days,,Radial Velocity
344,Gas Giant,2025,0.77 Jupiters,1.25 x Jupiter (estimate),1.61 AU,1.8 years,,Radial Velocity
345,Neptune-like,2025,10.6 Earths,0.29 x Jupiter (estimate),0.097 AU,12.8 days,0.0,Radial Velocity
346,Neptune-like,2025,10.4 Earths,0.286 x Jupiter (estimate),Unknown,4.6 days,0.23,Radial Velocity
347,Neptune-like,2025,8.26 Earths,0.25 x Jupiter (estimate),Unknown,5.7 days,0.1,Radial Velocity
348,Neptune-like,2025,7.27 Earths,0.21866395 x Jupiter,0.1257 AU,21.1 days,,Transit
349,Super Earth,2025,3.49 Earths,1.504 x Earth,0.01705 AU,1.1 days,,Transit
350,Super Earth,2025,15.8 Earths,2.3 x Earth,0.257 AU,53.8 days,0.0,Transit
351,Neptune-like,2025,5.3 Earths,2.16 x Earth (estimate),0.13 AU,33.7 days,0.0,Radial Velocity
352,Super Earth,2025,3.5 Earths,1.69 x Earth (estimate),0.044 AU,6.8 days,0.0,Radial Velocity
353,Gas Giant,2023,0.55 Jupiters,1.26 x Jupiter (estimate),0.54 AU,123.1 days,0.73,Radial Velocity
354,Gas Giant,2025,0.57 Jupiters,1.42 x Jupiter,0.044 AU,3.3 days,0.0,Transit
355,Neptune-like,2025,21.1 Earths,0.43450873 x Jupiter,0.0599 AU,5.7 days,,Transit
356,Neptune-like,2025,20.8 Earths,0.43113644 x Jupiter,0.0786 AU,8.5 days,,Transit
357,Gas Giant,2025,1.12 Jupiters,1.61 x Jupiter,0.064 AU,4.2 days,0.0,Transit
358,Gas Giant,2025,0.7 Jupiters,1.002 x Jupiter,0.45 AU,106.1 days,0.1,Transit
359,Gas Giant,2025,6.1 Jupiters,1.4 x Jupiter,63 AU,320.5 years,0.19,Imaging
360,Super Earth,2025,3.75 Earths,1.76 x Earth,0.0782 AU,14 days,,Transit
361,Neptune-like,2025,22.6 Earths,0.45231588 x Jupiter,0.04018 AU,3.9 days,,Transit
362,Super Earth,2025,4.01 Earths,1.83 x Earth,0.03589 AU,4.3 days,,Transit
363,Gas Giant,2025,0.13246141 Jupiters,0.653 x Jupiter (estimate),Unknown,204.6 days,0.15,Radial Velocity
364,Neptune-like,2025,5.46 Earths,2.2 x Earth (estimate),Unknown,13.1 days,0.09,Radial Velocity
365,Super Earth,2025,3.51 Earths,1.52 x Earth,0.04869 AU,4.2 days,0.07,Radial Velocity
366,Neptune-like,2025,17.3 Earths,0.386 x Jupiter (estimate),Unknown,365 days,,Microlensing
367,Gas Giant,2025,27.24 Jupiters,1.06 x Jupiter (estimate),0.85 AU,2.6 years,,Microlensing
368,Neptune-like,2025,21.1 Earths,0.434 x Jupiter (estimate),Unknown,33.1 days,,Radial Velocity
369,Gas Giant,2025,8.2 Jupiters,1.065 x Jupiter,0.0753 AU,7 days,0.08,Transit
370,Gas Giant,2025,6.59 Jupiters,1.108 x Jupiter,0.0796 AU,7.6 days,0.02,Transit
371,Gas Giant,2025,11.49 Jupiters,1.035 x Jupiter,0.05134 AU,4.2 days,0.16,Transit
372,Gas Giant,2025,5.31 Jupiters,1.358 x Jupiter,0.03216 AU,1.7 days,0.02,Transit
373,Neptune-like,2025,14.9 Earths,0.354 x Jupiter (estimate),0.2906 AU,60.5 days,,Radial Velocity
374,Neptune-like,2025,6.14 Earths,0.21 x Jupiter (estimate),0.0585 AU,5.5 days,,Radial Velocity
375,Neptune-like,2025,5.89 Earths,0.205 x Jupiter (estimate),0.1617 AU,32.8 days,0.0,Radial Velocity
376,Neptune-like,2025,10.6 Earths,0.24533899 x Jupiter,0.083 AU,9.4 days,0.0,Transit
377,Neptune-like,2025,9.4 Earths,0.2712111 x Jupiter,0.0553 AU,5.1 days,0.0,Transit
378,Neptune-like,2025,6.81 Earths,0.223 x Jupiter (estimate),Unknown,63.2 days,0.06,Radial Velocity
379,Gas Giant,2025,3.59313383 Jupiters,1.16 x Jupiter (estimate),Unknown,2.7 years,,Radial Velocity
380,Super Earth,2025,4.91 Earths,2.06 x Earth (estimate),0.1 AU,11.7 days,0.09,Radial Velocity
381,Neptune-like,2025,5.72 Earths,0.201 x Jupiter (estimate),0.065 AU,6.1 days,0.09,Radial Velocity
382,Super Earth,2025,3.72 Earths,1.75 x Earth (estimate),0.042 AU,3.2 days,0.2,Radial Velocity
383,Gas Giant,2025,10 Jupiters,0.972 x Jupiter,0.05763 AU,6.9 days,0.34,Transit
384,Gas Giant,2025,7.84 Jupiters,1.034 x Jupiter,0.0761 AU,9.5 days,0.02,Transit
385,Super Earth,2025,2.31 Earths,0.994 x Earth,0.0924 AU,11.3 days,0.0,Transit
386,Super Earth,2025,18.1 Earths,1.874 x Earth,0.1362 AU,20.2 days,0.0,Transit
387,Gas Giant,2025,4.85 Jupiters,1.6 x Jupiter,57 AU,414.3 years,,Imaging
388,Gas Giant,2025,5.3 Jupiters,1.14 x Jupiter (estimate),840 AU,28707.9 years,,Imaging
389,Gas Giant,2025,10.4 Jupiters,1.11 x Jupiter (estimate),338 AU,7327.5 years,,Imaging
390,Neptune-like,2025,4.2 Earths,0.21411403 x Jupiter,0.53 AU,138.1 days,0.04,Transit
391,Super Earth,2025,10.4 Earths,2.42 x Earth,0.217 AU,36.6 days,0.02,Transit
392,Super Earth,2025,4.1 Earths,0.91 x Earth,0.0952 AU,10.6 days,0.06,Radial Velocity
393,Neptune-like,2025,16.35 Earths,0.374 x Jupiter (estimate),2.86 AU,5.7 years,,Microlensing
394,Gas Giant,2025,0.26334965 Jupiters,0.978 x Jupiter (estimate),3.14 AU,6.6 years,,Microlensing
395,Neptune-like,2025,12.15 Earths,0.314 x Jupiter (estimate),2.15 AU,4.4 years,,Microlensing
396,Gas Giant,2025,0.543 Jupiters,1.26 x Jupiter (estimate),2.921 AU,8.1 years,0.22,Radial Velocity
397,Neptune-like,2025,21.7 Earths,0.44161018 x Jupiter,0.0635 AU,6.4 days,,Transit
398,Gas Giant,2025,1.85 Jupiters,Unknown,4.85 AU,14.5 years,0.27,Radial Velocity
399,Gas Giant,2025,0.24 Jupiters,0.926 x Jupiter (estimate),Unknown,365 days,,Microlensing
400,Terrestrial,2025,0.779 Earths,0.94 x Earth,Unknown,0.4 days,,Transit
401,Neptune-like,2025,10.4 Earths,0.28637751 x Jupiter,Unknown,3.3 days,,Transit
402,Neptune-like,2025,29.9 Earths,0.53350078 x Jupiter,Unknown,3.4 days,,Transit
403,Neptune-like,2025,6.3 Earths,0.21322189 x Jupiter,Unknown,1.8 days,,Transit
404,Neptune-like,2025,5.6 Earths,2.23 x Earth,Unknown,5.5 days,,Transit
405,Gas Giant,2025,0.558 Jupiters,1.26 x Jupiter (estimate),1.444 AU,1.5 years,0.25,Radial Velocity
406,Gas Giant,2025,0.705 Jupiters,1.18 x Jupiter,0.02603 AU,2.7 days,0.08,Transit
407,Neptune-like,2025,10.3 Earths,0.27477967 x Jupiter,0.1223 AU,15.6 days,< 0.2,Transit
408,Neptune-like,2025,23.66 Earths,0.50138368 x Jupiter,0.064 AU,6.1 days,< 0.25,Transit
409,Super Earth,2025,4.57 Earths,1.84 x Earth,0.0464 AU,5 days,0.25,Transit
410,Gas Giant,2025,15.70029579 Jupiters,0.92782745 x Jupiter,4.37 AU,7.9 years,0.65,Transit Timing Variations
411,Gas Giant,2025,10 Jupiters,1.45 x Jupiter,16.5 AU,44 years,0.5,Imaging
412,Gas Giant,2025,2.64 Jupiters,1.18 x Jupiter (estimate),2.51 AU,4.5 years,,Microlensing
413,Gas Giant,2025,3.59 Jupiters,1.16 x Jupiter (estimate),3.44 AU,7.4 years,,Microlensing
414,Super Earth,2025,4.04 Earths,1.45 x Earth,Unknown,2.5 days,0.0,Transit
415,Super Earth,2025,2.8 Earths,1.48 x Earth (estimate),0.1052 AU,23.1 days,0.04,Radial Velocity
416,Gas Giant,2025,0.899 Jupiters,1.53 x Jupiter,0.03935 AU,2.6 days,< 0.062,Transit
417,Gas Giant,2025,0.488 Jupiters,1.312 x Jupiter,0.04856 AU,3.6 days,< 0.072,Transit
418,Gas Giant,2025,0.85 Jupiters,1.345 x Jupiter,0.0628 AU,4.9 days,< 0.13,Transit
419,Gas Giant,2025,0.579 Jupiters,1.482 x Jupiter,0.0604 AU,5.4 days,< 0.055,Transit
420,Gas Giant,2025,0.258 Jupiters,0.957 x Jupiter,0.0557 AU,4.6 days,< 0.066,Transit
421,Gas Giant,2025,1.04 Jupiters,1.191 x Jupiter,0.0522 AU,3.9 days,< 0.15,Transit
422,Gas Giant,2025,1.8 Jupiters,1.101 x Jupiter,0.0726 AU,7.5 days,0.18,Transit
423,Gas Giant,2025,0.97 Jupiters,1.281 x Jupiter,0.0492 AU,3.6 days,< 0.1,Transit
424,Gas Giant,2025,0.194 Jupiters,0.974 x Jupiter,0.074 AU,6.2 days,< 0.12,Transit
425,Gas Giant,2025,1.25 Jupiters,1.303 x Jupiter,0.05448 AU,4 days,< 0.083,Transit
426,Gas Giant,2025,0.52 Jupiters,0.953 x Jupiter,0.05018 AU,3.5 days,< 0.17,Transit
427,Gas Giant,2025,0.59 Jupiters,1.29 x Jupiter,0.0494 AU,3.6 days,< 0.16,Transit
428,Gas Giant,2025,0.314 Jupiters,1.042 x Jupiter,0.0529 AU,4.1 days,< 0.22,Transit
429,Gas Giant,2025,0.54 Jupiters,1.213 x Jupiter,0.0325 AU,2 days,< 0.083,Transit
430,Gas Giant,2025,0.218 Jupiters,1.142 x Jupiter,0.048 AU,3.3 days,< 0.22,Transit
431,Gas Giant,2025,1.78 Jupiters,0.984 x Jupiter,0.0481 AU,3.8 days,0.1,Transit
432,Gas Giant,2025,1.37 Jupiters,1.425 x Jupiter,0.03559 AU,2.3 days,< 0.047,Transit
433,Gas Giant,2025,0.312 Jupiters,0.943 x Jupiter,0.03138 AU,2.2 days,< 0.078,Transit
434,Gas Giant,2025,0.61 Jupiters,1.309 x Jupiter,0.0502 AU,3.9 days,< 0.13,Transit
435,Gas Giant,2025,1.25 Jupiters,1.228 x Jupiter,0.0515 AU,3.7 days,< 0.25,Transit
436,Gas Giant,2025,1.19 Jupiters,1.228 x Jupiter,0.0505 AU,4 days,< 0.18,Transit
437,Gas Giant,2025,1.03 Jupiters,1.218 x Jupiter,0.04756 AU,3.7 days,< 0.24,Transit
438,Gas Giant,2025,3.33 Jupiters,1.227 x Jupiter,0.0434 AU,3 days,< 0.089,Transit
439,Gas Giant,2025,0.304 Jupiters,0.829 x Jupiter,0.04489 AU,3.3 days,< 0.14,Transit
440,Gas Giant,2025,1.4 Jupiters,1.663 x Jupiter,0.02871 AU,1.6 days,< 0.11,Transit
441,Gas Giant,2025,0.17 Jupiters,0.86 x Jupiter,0.0654 AU,6.3 days,< 0.13,Transit
442,Gas Giant,2025,0.74 Jupiters,1.093 x Jupiter,0.059 AU,4.7 days,< 0.18,Transit
443,Gas Giant,2025,1.24 Jupiters,1.438 x Jupiter,0.0473 AU,3.3 days,< 0.086,Transit
444,Gas Giant,2025,1.037 Jupiters,1.116 x Jupiter,0.0896 AU,8.2 days,< 0.045,Transit
445,Gas Giant,2025,0.8 Jupiters,1.267 x Jupiter,0.066 AU,5.7 days,< 0.076,Transit
446,Super Earth,2022,3.76 Earths,1.21 x Earth,0.0139 AU,0.8 days,< 0.25,Transit
447,Super Earth,2022,8.32 Earths,2.11 x Earth,0.037 AU,3.3 days,< 0.15,Transit
448,Terrestrial,2025,0.26 Earths,0.692 x Earth (estimate),0.02881 AU,5.1 days,0.0,Radial Velocity
449,Super Earth,2025,9.5 Earths,2.46 x Earth,0.0344 AU,2.6 days,0.3,Transit
450,Gas Giant,2025,5.89 Jupiters,1.25 x Jupiter,0.416 AU,101.9 days,0.24,Transit
451,Gas Giant,2025,1.09 Jupiters,1.074 x Jupiter,0.363 AU,67.1 days,0.16,Transit
452,Gas Giant,2025,0.22 Jupiters,0.88 x Jupiter (estimate),0.2305 AU,34 days,0.24,Transit Timing Variations
453,Neptune-like,2025,22.3 Earths,0.44874732 x Jupiter,0.08432 AU,10.5 days,0.13,Transit
454,Gas Giant,2025,22.01 Jupiters,1.023 x Jupiter,0.0804 AU,7.1 days,0.03,Transit
455,Super Earth,2025,3.87 Earths,1.792 x Earth,0.03646 AU,3.9 days,,Transit
456,Gas Giant,2025,0.991 Jupiters,1.36 x Jupiter,0.024 AU,1.3 days,0.0,Transit
457,Neptune-like,2025,27 Earths,0.50227582 x Jupiter,0.06572 AU,6.2 days,0.01,Transit
458,Gas Giant,2025,5.69 Jupiters,1.14 x Jupiter (estimate),1.05 AU,252.1 days,0.11,Radial Velocity
459,Super Earth,2025,2.87 Earths,1.5 x Earth (estimate),0.046 AU,7.6 days,0.07,Radial Velocity
460,Gas Giant,2025,0.35 Jupiters,0.87 x Jupiter,0.0712 AU,8.8 days,0.07,Transit
461,Gas Giant,2025,6.4 Jupiters,1.07 x Jupiter,0.16 AU,17.3 days,0.6,Transit
462,Neptune-like,2025,30.8 Earths,0.543 x Jupiter (estimate),0.165 AU,25.9 days,< 0.2,Radial Velocity
463,Super Earth,2025,1.32 Earths,1.09 x Earth (estimate),10.1 AU,38.9 years,,Microlensing
464,Super Earth,2025,3.68 Earths,1.74 x Earth (estimate),0.1513 AU,32.5 days,< 0.087,Transit Timing Variations
465,Neptune-like,2025,8.97 Earths,0.28726965 x Jupiter,Unknown,8.2 days,,Transit
466,Super Earth,2025,1.37 Earths,1.1 x Earth (estimate),0.02971 AU,5.5 days,0.0,Radial Velocity
467,Super Earth,2025,1.03 Earths,1.02 x Earth (estimate),0.01723 AU,2.3 days,0.0,Radial Velocity
468,Neptune-like,2025,14.3 Earths,0.345 x Jupiter (estimate),1.137 AU,3.3 years,0.68,Radial Velocity
469,Super Earth,2025,1.52 Earths,1.13 x Earth (estimate),0.01283 AU,1.4 days,0.0,Radial Velocity
470,Gas Giant,2025,0.21 Jupiters,0.85 x Jupiter,0.402 AU,80.4 days,0.04,Transit
471,Gas Giant,2025,0.1761957 Jupiters,0.36845456 x Jupiter,0.439 AU,98.4 days,0.0,Transit
472,Gas Giant,2025,8.91 Jupiters,1.12 x Jupiter (estimate),4.33 AU,6.8 years,0.05,Radial Velocity
473,Neptune-like,2025,12.1 Earths,0.31314176 x Jupiter,0.04641 AU,3.7 days,0.04,Transit
474,Gas Giant,2025,0.622 Jupiters,1.33 x Jupiter,0.041 AU,2.7 days,0.0,Transit
475,Gas Giant,2025,0.871 Jupiters,1.2 x Jupiter,0.043 AU,3.1 days,0.0,Transit
476,Gas Giant,2025,2.13 Jupiters,1.19 x Jupiter (estimate),2.07 AU,2.3 years,0.22,Radial Velocity
477,Gas Giant,2025,12.2 Jupiters,1.1 x Jupiter (estimate),10.14 AU,20.8 years,0.19,Radial Velocity
478,Gas Giant,2025,0.64 Jupiters,1.22 x Jupiter,0.065 AU,6.6 days,0.0,Transit
479,Neptune-like,2025,33.05415433 Earths,0.92 x Jupiter,0.063 AU,5.1 days,0.0,Transit
480,Neptune-like,2025,10.32 Earths,0.26675039 x Jupiter,0.06 AU,6.3 days,0.0,Transit
481,Neptune-like,2025,8 Earths,0.38272882 x Jupiter,0.097 AU,12.9 days,0.0,Transit
482,Gas Giant,2024,0.23849347 Jupiters,0.923 x Jupiter (estimate),3.79 AU,10.5 years,,Microlensing
483,Neptune-like,2025,21 Earths,0.433 x Jupiter (estimate),4 AU,10.3 years,,Microlensing
484,Gas Giant,2025,22.1 Jupiters,1.23 x Jupiter,Unknown,0.2 days,,Transit
485,Super Earth,2025,11.32 Earths,2.54 x Earth,0.25 AU,47 days,0.15,Transit
486,Gas Giant,2006,21 Jupiters,1.08 x Jupiter (estimate),450 AU,20363.7 years,,Imaging
487,Gas Giant,2025,1.16 Jupiters,1.1 x Jupiter,0.0261 AU,1.8 days,0.0,Transit
488,Gas Giant,2025,0.168 Jupiters,0.855 x Jupiter,0.02604 AU,3.4 days,0.03,Transit
489,Gas Giant,2025,1.269 Jupiters,1.289 x Jupiter,0.065 AU,5.2 days,0.0,Transit
490,Gas Giant,2025,1.2 Jupiters,1.22 x Jupiter (estimate),2 AU,5.3 years,,Microlensing
491,Gas Giant,2025,1.174 Jupiters,1.381 x Jupiter,0.047 AU,3.2 days,0.0,Transit
492,Neptune-like,2025,23.3 Earths,0.461 x Jupiter (estimate),0.309 AU,66.5 days,< 0.5,Radial Velocity
493,Super Earth,2025,4.7 Earths,1.301 x Earth,0.03863 AU,3 days,0.0,Transit
494,Gas Giant,2025,3 Jupiters,1.12 x Jupiter,0.0384 AU,3.1 days,0.0,Transit
495,Neptune-like,2025,8.4 Earths,0.253 x Jupiter (estimate),0.0531 AU,6 days,,Radial Velocity
496,Gas Giant,2025,6.74 Jupiters,1.13 x Jupiter (estimate),1.618 AU,484.2 days,0.78,Radial Velocity
497,Neptune-like,2024,6.39 Earths,0.215 x Jupiter (estimate),2.73 AU,10.4 years,,Microlensing
498,Gas Giant,2024,0.53802617 Jupiters,1.27 x Jupiter (estimate),2.14 AU,5 years,,Microlensing
499,Gas Giant,2025,0.6 Jupiters,0.88 x Jupiter,0.0295 AU,2.3 days,0.0,Transit
500,Neptune-like,2024,23.5 Earths,0.463 x Jupiter (estimate),2.36 AU,4.8 years,,Microlensing
501,Gas Giant,2025,1.443 Jupiters,1.322 x Jupiter,0.072 AU,5.7 days,0.0,Transit
502,Neptune-like,2025,17.4 Earths,0.26228968 x Jupiter,0.9342 AU,330.1 days,0.0,Transit
503,Neptune-like,2025,6.2 Earths,Unknown,0.0208 AU,1.3 days,,Transit
504,Super Earth,2025,1.17 Earths,1.059 x Earth,Unknown,0.3 days,0.0,Transit
505,Gas Giant,2025,0.626 Jupiters,0.96 x Jupiter,0.044 AU,3.8 days,0.0,Transit
506,Neptune-like,2025,5.84 Earths,0.204 x Jupiter (estimate),0.088 AU,9.9 days,0.0,Radial Velocity
507,Neptune-like,2025,19.2 Earths,0.411 x Jupiter,0.1136 AU,34 days,,Transit
508,Neptune-like,2025,9.7 Earths,0.275 x Jupiter (estimate),0.6744 AU,207.5 days,0.44,Transit Timing Variations
509,Neptune-like,2025,10.71 Earths,0.291 x Jupiter (estimate),0.0817 AU,8.7 days,0.0,Radial Velocity
510,Neptune-like,2025,8.78 Earths,0.259 x Jupiter (estimate),0.0534 AU,4.6 days,0.0,Radial Velocity
511,Neptune-like,2025,16.8 Earths,0.3800524 x Jupiter,0.033 AU,2.7 days,0.08,Transit
512,Super Earth,2025,8.9 Earths,2.46 x Earth,0.033 AU,2.2 days,0.0,Transit
513,Gas Giant,2018,0.15 Jupiters,0.57 x Jupiter,0.071 AU,6.7 days,,Transit
514,Gas Giant,2025,1.45 Jupiters,1.21 x Jupiter (estimate),0.838 AU,242.4 days,0.02,Radial Velocity
515,Neptune-like,2025,36 Earths,0.595 x Jupiter (estimate),Unknown,355 days,,Transit Timing Variations
516,Gas Giant,2025,1.34 Jupiters,1.22 x Jupiter (estimate),4.01 AU,11.4 years,,Microlensing
517,Gas Giant,2025,8.84 Jupiters,1.12 x Jupiter (estimate),15.91 AU,105.8 years,,Microlensing
518,Gas Giant,2025,0.88 Jupiters,1.24 x Jupiter (estimate),5.67 AU,16.5 years,,Microlensing
519,Gas Giant,2025,20 Jupiters,0.993 x Jupiter,Unknown,0.1 days,,Transit
520,Gas Giant,2025,1.73 Jupiters,1.2 x Jupiter (estimate),5.25 AU,15.8 years,,Microlensing
521,Gas Giant,2025,0.8 Jupiters,1.24 x Jupiter (estimate),3.51 AU,7.7 years,,Microlensing
522,Neptune-like,2024,6.27 Earths,0.213 x Jupiter (estimate),0.27 AU,111.7 days,0.0,Radial Velocity
523,Super Earth,2025,2.32 Earths,1.173 x Earth,Unknown,4.3 days,0.0,Transit
524,Neptune-like,2025,2.95 Earths,2.224 x Earth,Unknown,6.6 days,0.0,Transit
525,Gas Giant,2025,0.36 Jupiters,1.02 x Jupiter,Unknown,9.7 days,0.04,Transit
526,Gas Giant,2025,Unknown,1.45 x Jupiter,0.05602 AU,5.2 days,,Transit
527,Super Earth,2025,4.7 Earths,2.01 x Earth,0.04753 AU,5.4 days,0.29,Transit
528,Terrestrial,2013,8 Earths,0.61 x Earth,0.005 AU,0.2 days,,Transit
529,Neptune-like,2025,8.91 Earths,0.261 x Jupiter (estimate),0.041232 AU,5.6 days,0.0,Transit Timing Variations
530,Super Earth,2025,3.57 Earths,1.54 x Earth,Unknown,7.2 days,0.02,Transit
531,Neptune-like,2025,6.07 Earths,0.209 x Jupiter (estimate),0.189 AU,41.8 days,0.0,Radial Velocity
532,Terrestrial,2025,0.193 Earths,0.637 x Earth (estimate),0.0381 AU,6.7 days,0.04,Radial Velocity
533,Terrestrial,2025,0.263 Earths,0.694 x Earth (estimate),0.0188 AU,2.3 days,0.04,Radial Velocity
534,Terrestrial,2025,0.335 Earths,0.743 x Earth (estimate),0.0274 AU,4.1 days,0.08,Radial Velocity
535,Gas Giant,2024,5.61 Jupiters,1.14 x Jupiter (estimate),2.018 AU,2.6 years,0.19,Radial Velocity
536,Gas Giant,2025,0.74 Jupiters,0.98 x Jupiter,0.134 AU,18.2 days,0.67,Transit
537,Gas Giant,2025,2.02 Jupiters,0.96 x Jupiter,0.093 AU,10.2 days,0.39,Transit
538,Gas Giant,2025,0.59 Jupiters,0.97 x Jupiter,0.099 AU,11.9 days,0.22,Transit
539,Gas Giant,2025,0.16 Jupiters,0.89 x Jupiter,0.127 AU,17.1 days,0.06,Transit
540,Gas Giant,2024,0.875 Jupiters,1.47 x Jupiter,0.1992 AU,30 days,0.33,Transit
541,Gas Giant,2025,1.3 Jupiters,1.22 x Jupiter (estimate),0.71 AU,272.7 days,0.85,Radial Velocity
542,Gas Giant,2024,7.23 Jupiters,1.13 x Jupiter (estimate),2.78 AU,5.3 years,0.29,Radial Velocity
543,Gas Giant,2024,2.9 Jupiters,1.069 x Jupiter,0.2157 AU,30.2 days,0.74,Transit
544,Gas Giant,2024,1.307 Jupiters,1.004 x Jupiter,0.3715 AU,94.1 days,0.36,Transit
545,Super Earth,2025,2.78 Earths,1.48 x Earth (estimate),0.068 AU,11.2 days,0.0,Radial Velocity
546,Terrestrial,2025,4 Earths,0.88 x Earth,Unknown,7.6 days,0.0,Transit
547,Neptune-like,2025,12.4 Earths,0.318 x Jupiter (estimate),0.16071 AU,29.7 days,0.0,Radial Velocity
548,Neptune-like,2025,8.8 Earths,0.26 x Jupiter (estimate),0.07006 AU,8.5 days,0.0,Radial Velocity
549,Gas Giant,2022,8.4 Jupiters,1.12 x Jupiter (estimate),1.43 AU,1.4 years,0.21,Radial Velocity
550,Gas Giant,2025,20.87 Jupiters,1.08 x Jupiter (estimate),Unknown,358.6 days,0.64,Astrometry
551,Gas Giant,2025,11.8 Jupiters,1.1 x Jupiter (estimate),Unknown,1.6 years,0.34,Astrometry
552,Neptune-like,2025,5.82 Earths,0.203 x Jupiter (estimate),1.3541 AU,1.8 years,0.45,Radial Velocity
553,Neptune-like,2024,15.23 Earths,0.359 x Jupiter (estimate),0.0883 AU,9.8 days,0.11,Radial Velocity
554,Gas Giant,2024,5.16 Jupiters,1.15 x Jupiter (estimate),2.71 AU,5 years,0.12,Radial Velocity
555,Gas Giant,2025,2.55 Jupiters,1.18 x Jupiter (estimate),6.7 AU,16 years,0.18,Radial Velocity
556,Gas Giant,2025,0.373 Jupiters,1.2 x Jupiter (estimate),0.3388 AU,65.9 days,0.12,Radial Velocity
557,Terrestrial,2025,0.827 Earths,0.956 x Earth,0.046 AU,4.5 days,,Transit
558,Terrestrial,2025,0.937 Earths,0.99 x Earth,0.0573 AU,6.2 days,,Transit
559,Gas Giant,2024,1.05 Jupiters,1.28 x Jupiter,0.036 AU,2.4 days,0.04,Transit
560,Gas Giant,2025,0.24698862 Jupiters,0.57186288 x Jupiter,0.069 AU,5.8 days,,Transit
561,Gas Giant,2024,1.17 Jupiters,1.22 x Jupiter,0.055 AU,4 days,0.0,Transit
562,Gas Giant,2025,0.22968369 Jupiters,0.76188908 x Jupiter,0.114 AU,12.8 days,,Transit
563,Neptune-like,2025,32 Earths,0.58881358 x Jupiter,0.073 AU,6.8 days,,Transit
564,Gas Giant,2024,0.63 Jupiters,1.55 x Jupiter,0.048 AU,3.4 days,0.08,Transit
565,Gas Giant,2024,1.42 Jupiters,1.4 x Jupiter,0.047 AU,3.2 days,0.02,Transit
566,Gas Giant,2024,2.02 Jupiters,1.00455164 x Jupiter,0.2219 AU,41.3 days,0.29,Transit Timing Variations
567,Gas Giant,2024,20 Jupiters,1.08 x Jupiter (estimate),1.16 AU,3.8 years,,Microlensing
568,Gas Giant,2024,19 Jupiters,1.08 x Jupiter (estimate),2.02 AU,6.4 years,,Microlensing
569,Neptune-like,2024,7.75 Earths,0.241 x Jupiter (estimate),Unknown,365 days,,Microlensing
570,Gas Giant,2024,1.04 Jupiters,1.008 x Jupiter,0.02292 AU,1.8 days,0.05,Transit
571,Gas Giant,2024,0.39 Jupiters,0.92 x Jupiter,0.03379 AU,2.9 days,0.13,Transit
572,Neptune-like,2024,0.45 Jupiters,0.23641757 x Jupiter,0.0338 AU,2.4 days,< 0.84,Transit
573,Gas Giant,2024,2.58 Jupiters,0.99652237 x Jupiter,0.3593 AU,82.8 days,0.05,Transit
574,Neptune-like,2025,9.43 Earths,0.27 x Jupiter (estimate),0.1916 AU,31.2 days,0.07,Radial Velocity
575,Gas Giant,2024,0.513 Jupiters,1.27 x Jupiter (estimate),4.81 AU,17.4 years,,Microlensing
576,Neptune-like,2024,10.17050902 Earths,0.283 x Jupiter (estimate),2.3 AU,7.8 years,,Microlensing
577,Gas Giant,2024,0.28 Jupiters,0.762 x Jupiter,0.1515 AU,21.5 days,0.32,Transit
578,Super Earth,2024,2.08 Earths,1.32 x Earth,0.0322 AU,3.3 days,0.03,Transit
579,Neptune-like,2024,10.22 Earths,0.283 x Jupiter (estimate),0.129 AU,16.6 days,0.29,Radial Velocity
580,Gas Giant,2024,0.254 Jupiters,0.958 x Jupiter,0.077 AU,8.8 days,,Transit
581,Gas Giant,2024,3.63 Jupiters,1.64 x Jupiter,0.048 AU,2.8 days,0.0,Transit
582,Neptune-like,2024,9.3 Earths,0.25158398 x Jupiter,0.1079 AU,12.6 days,0.33,Transit
583,Super Earth,2024,12.5 Earths,2.64 x Earth,0.0763 AU,7.5 days,0.16,Transit
584,Neptune-like,2024,7.05 Earths,0.22785301 x Jupiter,0.062186 AU,5.5 days,,Transit
585,Neptune-like,2024,8.92 Earths,0.26166518 x Jupiter,0.093013 AU,10.3 days,,Transit
586,Super Earth,2024,13.31 Earths,2.83 x Earth,0.0482 AU,3.7 days,0.09,Transit
587,Super Earth,2024,3.06 Earths,1.561 x Earth,0.04011 AU,3.1 days,,Transit
588,Super Earth,2024,4.04 Earths,1.839 x Earth,0.025739 AU,1.8 days,,Transit
589,Neptune-like,2024,6.2 Earths,0.21125917 x Jupiter,0.05024 AU,5 days,,Transit
590,Neptune-like,2024,5.67 Earths,0.20037504 x Jupiter,0.119466 AU,14.7 days,,Transit
591,Neptune-like,2024,8.78 Earths,0.25916719 x Jupiter,0.078375 AU,8.1 days,,Transit
592,Neptune-like,2024,11.8 Earths,0.30805656 x Jupiter,0.076381 AU,7.3 days,,Transit
593,Neptune-like,2024,7.65 Earths,0.239094 x Jupiter,0.164086 AU,22.3 days,,Transit
594,Neptune-like,2024,10 Earths,0.28040016 x Jupiter,0.080496 AU,8.1 days,,Transit
595,Neptune-like,2024,5.71 Earths,0.20117797 x Jupiter,0.065757 AU,5.9 days,,Transit
596,Neptune-like,2024,6.42 Earths,0.21563067 x Jupiter,0.101151 AU,12.1 days,,Transit
597,Neptune-like,2024,6.7 Earths,0.22098352 x Jupiter,0.059866 AU,6.1 days,,Transit
598,Gas Giant,2024,0.19192746 Jupiters,0.45410017 x Jupiter,0.0633 AU,5.1 days,0.09,Transit
599,Super Earth,2024,3.36 Earths,1.65 x Earth,0.05722 AU,10.9 days,0.15,Transit
600,Super Earth,2024,3.78 Earths,1.77 x Earth,0.06008 AU,10.4 days,0.24,Transit
601,Neptune-like,2024,8.4 Earths,0.25247612 x Jupiter,0.0506 AU,4.1 days,,Transit
602,Neptune-like,2024,7.41 Earths,0.23463329 x Jupiter,0.027 AU,1.5 days,,Transit
603,Neptune-like,2024,6.57 Earths,0.21857474 x Jupiter,0.05 AU,2.7 days,,Transit
604,Neptune-like,2024,13.7 Earths,0.50406011 x Jupiter,0.0423 AU,4.5 days,0.0,Transit
605,Neptune-like,2024,5.4 Earths,2.18 x Earth (estimate),Unknown,264.3 days,0.02,Transit Timing Variations
606,Neptune-like,2024,32.7 Earths,0.558 x Jupiter,0.06614 AU,6.3 days,,Transit
607,Super Earth,2024,2.63 Earths,1.43 x Earth (estimate),2.63 AU,6 years,,Microlensing
608,Gas Giant,2024,0.95 Jupiters,1.23 x Jupiter (estimate),3.58 AU,7.9 years,,Microlensing
609,Neptune-like,2024,14.93793513 Earths,0.354 x Jupiter (estimate),2.07 AU,4.9 years,,Microlensing
610,Gas Giant,2024,2.59 Jupiters,1.18 x Jupiter (estimate),1.88 AU,4 years,,Microlensing
611,Gas Giant,2024,0.38 Jupiters,1.21 x Jupiter (estimate),2.5 AU,5.3 years,,Microlensing
612,Terrestrial,2024,0.271 Earths,0.7 x Earth,Unknown,0.9 days,,Transit
613,Gas Giant,2024,8.49 Jupiters,1.12 x Jupiter (estimate),7.39 AU,18.4 years,0.08,Radial Velocity
614,Terrestrial,2024,0.087 Earths,0.51 x Earth,Unknown,0.7 days,,Transit
615,Terrestrial,2024,0.0364 Earths,0.4 x Earth,Unknown,0.6 days,,Transit
616,Terrestrial,2024,0.156 Earths,0.6 x Earth,Unknown,0.9 days,,Transit
617,Terrestrial,2024,0.0472 Earths,0.43 x Earth,Unknown,0.6 days,,Transit
618,Gas Giant,2024,2.412 Jupiters,1.083 x Jupiter,0.1093 AU,11.2 days,0.03,Transit
619,Gas Giant,2024,0.927 Jupiters,1.34 x Jupiter,0.0684 AU,5.8 days,0.06,Transit
620,Terrestrial,2024,0.299 Earths,0.72 x Earth (estimate),0.0229 AU,3.2 days,0.03,Radial Velocity
621,Gas Giant,2024,5.19 Jupiters,1.15 x Jupiter (estimate),10.8 AU,40.8 years,0.56,Radial Velocity
622,Gas Giant,2024,0.152 Jupiters,0.708 x Jupiter,0.1228 AU,14.3 days,0.08,Transit
623,Gas Giant,2024,5.77 Jupiters,1.14 x Jupiter (estimate),5.219 AU,10.9 years,0.12,Transit Timing Variations
624,Gas Giant,2024,0.71422187 Jupiters,1.14818647 x Jupiter,0.098 AU,10.6 days,0.41,Transit
625,Gas Giant,2024,2.00737249 Jupiters,1.19546999 x Jupiter,0.048 AU,3.6 days,< 0.035,Transit
626,Gas Giant,2024,0.71736822 Jupiters,1.22401852 x Jupiter,0.036 AU,2.5 days,< 0.164,Transit
627,Neptune-like,2024,17.7 Earths,0.24061064 x Jupiter,0.1726 AU,25.1 days,0.0,Transit
628,Neptune-like,2024,26.4 Earths,0.483 x Jupiter,0.0485 AU,4.4 days,0.04,Transit
629,Gas Giant,2024,1.966 Jupiters,1.025 x Jupiter,0.02793 AU,2.1 days,0.0,Transit
630,Gas Giant,2024,5.76 Jupiters,1.046 x Jupiter,0.05263 AU,5.5 days,0.34,Transit
631,Gas Giant,2024,0.798 Jupiters,1.063 x Jupiter,0.02949 AU,2.6 days,0.04,Transit
632,Gas Giant,2024,12.74 Jupiters,1.026 x Jupiter,0.33 AU,69 days,0.02,Transit
633,Neptune-like,2024,15.6 Earths,0.364 x Jupiter (estimate),5.75 AU,19.5 years,,Microlensing
634,Gas Giant,2024,2.06715317 Jupiters,0.879 x Jupiter,0.0469 AU,4.3 days,0.0,Transit
635,Gas Giant,2024,2.34 Jupiters,1.03 x Jupiter,0.327 AU,64.6 days,0.02,Transit
636,Super Earth,2024,3.72 Earths,1.88 x Earth,0.213 AU,39.4 days,0.0,Transit
637,Super Earth,2024,4.53 Earths,1.42 x Earth,0.0503 AU,4.5 days,0.0,Transit
638,Gas Giant,2024,1.96332356 Jupiters,0.961 x Jupiter,0.0272 AU,2 days,0.0,Transit
639,Gas Giant,2024,0.617 Jupiters,0.941 x Jupiter,0.1208 AU,20.4 days,0.04,Transit
640,Gas Giant,2024,1.85005489 Jupiters,0.923 x Jupiter,0.0272 AU,2.2 days,0.0,Transit
641,Super Earth,2024,1.44 Earths,1.079 x Earth,Unknown,0.2 days,0.0,Transit
642,Gas Giant,2024,11.79 Jupiters,1.1 x Jupiter (estimate),6.28 AU,14 years,0.26,Radial Velocity
643,Gas Giant,2024,1.113 Jupiters,1.489 x Jupiter,Unknown,3.3 days,0.02,Transit
644,Gas Giant,2024,1.635 Jupiters,1.284 x Jupiter,Unknown,5.8 days,0.09,Transit
645,Terrestrial,2024,0.126 Earths,0.566 x Earth,0.02123 AU,1.7 days,,Transit
646,Super Earth,2024,7.6 Earths,2.22 x Earth,0.03587 AU,2.2 days,0.14,Transit Timing Variations
647,Gas Giant,2024,0.591 Jupiters,1.26 x Jupiter (estimate),1.4 AU,1.5 years,,Microlensing
648,Super Earth,2024,5.6 Earths,1.464 x Earth,0.010789 AU,0.4 days,0.0,Transit
649,Neptune-like,2024,10.9 Earths,0.25840541 x Jupiter,0.073 AU,6.5 days,0.21,Transit
650,Super Earth,2023,10 Earths,2.42763557 x Earth,0.06 AU,5.3 days,0.0,Transit
651,Neptune-like,2023,6.1 Earths,0.25488491 x Jupiter,0.124695 AU,15.9 days,0.0,Transit
652,Super Earth,2024,10.5 Earths,2.5 x Earth,0.122 AU,17.5 days,0.39,Transit
653,Super Earth,2023,4.3 Earths,1.36354953 x Earth,0.0443 AU,3 days,0.0,Transit
654,Neptune-like,2023,8.7 Earths,0.22708203 x Jupiter,0.076 AU,7 days,0.0,Transit
655,Super Earth,2023,10.7 Earths,2.52442508 x Earth,0.139 AU,19.6 days,0.2,Transit
656,Neptune-like,2023,8.9 Earths,0.22627021 x Jupiter,0.093 AU,10.8 days,0.0,Transit
657,Gas Giant,2017,0.13214678 Jupiters,0.5486672 x Jupiter,0.046 AU,3.8 days,< 0.16,Transit
658,Neptune-like,2024,27 Earths,0.502 x Jupiter (estimate),0.239 AU,47.6 days,0.0,Radial Velocity
659,Gas Giant,2024,0.46251372 Jupiters,1.27 x Jupiter (estimate),0.61 AU,159.9 days,0.0,Radial Velocity
660,Gas Giant,2024,3.2 Jupiters,1.188 x Jupiter,0.02065 AU,1.4 days,< 0.009,Transit
661,Gas Giant,2024,4.98 Jupiters,1.186 x Jupiter,0.641 AU,165.8 days,0.94,Transit
662,Neptune-like,2024,30.3 Earths,0.34079816 x Jupiter,0.01714 AU,0.9 days,0.0,Transit
663,Neptune-like,2024,4.5 Earths,2.08874836 x Earth,0.127 AU,16.3 days,0.0,Transit
664,Neptune-like,2024,37 Earths,0.32858634 x Jupiter,0.472 AU,124.7 days,0.0,Transit
665,Neptune-like,2024,8 Earths,0.23194578 x Jupiter,0.03089 AU,1.8 days,0.0,Transit
666,Gas Giant,2024,38.45723725 Earths,0.714 x Jupiter,0.1597 AU,20.4 days,0.0,Transit
667,Super Earth,2024,16 Earths,2.7438269 x Earth,0.151 AU,22.8 days,0.0,Transit
668,Super Earth,2024,4 Earths,1.642 x Earth,0.072502 AU,7.1 days,0.0,Transit
669,Neptune-like,2024,8.7 Earths,0.29414028 x Jupiter,0.082 AU,8.8 days,0.0,Transit
670,Super Earth,2024,1.4 Earths,1.21612741 x Earth,0.0378 AU,2.8 days,0.0,Transit
671,Gas Giant,2024,0.30204978 Jupiters,0.71793227 x Jupiter,0.08 AU,10.2 days,0.0,Transit
672,Neptune-like,2024,6.9 Earths,0.32295532 x Jupiter,0.141409 AU,20.7 days,0.0,Transit
673,Super Earth,2024,16.6 Earths,2.47852533 x Earth,0.059 AU,5.4 days,0.0,Transit
674,Neptune-like,2024,10.4 Earths,0.3064507 x Jupiter,0.113496 AU,13.7 days,0.0,Transit
675,Neptune-like,2024,14.6 Earths,0.32652389 x Jupiter,0.129365 AU,16.7 days,0.0,Transit
676,Super Earth,2024,13 Earths,2.2963977 x Earth,0.0376 AU,2.7 days,0.0,Transit
677,Neptune-like,2024,18.05 Earths,0.362 x Jupiter,0.064 AU,6.4 days,0.04,Transit
678,Super Earth,2024,15.2 Earths,2.61143902 x Earth,0.127 AU,16.5 days,0.0,Transit
679,Super Earth,2024,30 Earths,2.30381001 x Earth,0.147 AU,23.5 days,0.0,Transit
680,Super Earth,2024,9.6 Earths,2.24 x Earth,0.14 AU,18.8 days,0.17,Transit
681,Gas Giant,2024,0.20105188 Jupiters,0.90317747 x Jupiter,0.051 AU,3.9 days,0.0,Transit
682,Super Earth,2024,10.6 Earths,2.66146528 x Earth,0.085 AU,9.6 days,0.0,Transit
683,Neptune-like,2024,6.4 Earths,0.21424275 x Jupiter,0.0496 AU,4.3 days,0.0,Transit
684,Neptune-like,2024,11.9 Earths,0.29182226 x Jupiter,0.109 AU,13.1 days,0.0,Transit
685,Neptune-like,2024,27.4 Earths,0.60741347 x Jupiter,0.051 AU,4.4 days,0.0,Transit
686,Neptune-like,2024,6.6 Earths,0.22009138 x Jupiter,0.060694 AU,6.4 days,0.0,Transit
687,Neptune-like,2024,6.8 Earths,0.21322189 x Jupiter,0.056027 AU,5.7 days,0.0,Transit
688,Neptune-like,2024,10 Earths,0.27406595 x Jupiter,0.080799 AU,9.7 days,0.0,Transit
689,Neptune-like,2024,32 Earths,0.22856672 x Jupiter,0.07994 AU,9 days,0.0,Transit
690,Neptune-like,2024,28.28672822 Earths,0.783 x Jupiter,0.071 AU,7.1 days,< 0.037,Transit
691,Gas Giant,2024,0.251 Jupiters,0.744 x Jupiter,0.03418 AU,3.5 days,< 0.083,Transit
692,Neptune-like,2024,20.8 Earths,0.2545923 x Jupiter,0.077 AU,6.9 days,0.0,Transit
693,Super Earth,2024,4.23 Earths,1.71 x Earth,0.0943 AU,13.5 days,0.0,Transit
694,Gas Giant,2024,3.72 Jupiters,1.168 x Jupiter,0.073 AU,5.9 days,0.33,Transit
695,Gas Giant,2024,2.34 Jupiters,1.14 x Jupiter,0.05593 AU,4.1 days,0.04,Transit
696,Gas Giant,2024,1.15 Jupiters,1.438 x Jupiter,0.06311 AU,4.6 days,0.04,Transit
697,Gas Giant,2024,3.88 Jupiters,1.099 x Jupiter,0.0795 AU,7.4 days,0.26,Transit
698,Gas Giant,2024,0.82 Jupiters,1.363 x Jupiter,0.05354 AU,4.3 days,0.05,Transit
699,Gas Giant,2024,0.554 Jupiters,1.388 x Jupiter,0.047 AU,3.7 days,0.05,Transit
700,Gas Giant,2024,0.65 Jupiters,0.967 x Jupiter,0.05649 AU,5.2 days,0.06,Transit
701,Gas Giant,2024,0.83 Jupiters,1.211 x Jupiter,0.03515 AU,2.5 days,0.03,Transit
702,Neptune-like,2024,34.4 Earths,0.47575721 x Jupiter,0.128 AU,15.3 days,0.0,Transit
703,Gas Giant,2024,0.40587939 Jupiters,0.83821469 x Jupiter,0.269 AU,45.5 days,0.48,Transit
704,Gas Giant,2024,1.133 Jupiters,1.65 x Jupiter,0.02398 AU,1.4 days,0.03,Transit
705,Gas Giant,2024,0.21206412 Jupiters,0.67273058 x Jupiter,0.212 AU,38.8 days,0.0,Transit
706,Super Earth,2024,9.7 Earths,2.36507598 x Earth,0.154 AU,21.3 days,0.3,Transit
707,Gas Giant,2024,38.5 Earths,0.37851667 x Jupiter,0.192 AU,27.6 days,0.16,Transit
708,Gas Giant,2024,0.12711262 Jupiters,0.44076962 x Jupiter,0.0638 AU,5.7 days,0.39,Transit
709,Neptune-like,2024,6.5 Earths,0.21839631 x Jupiter,0.074984 AU,8 days,0.0,Transit
710,Neptune-like,2024,10.59 Earths,0.289 x Jupiter (estimate),0.4894 AU,151.9 days,0.06,Radial Velocity
711,Neptune-like,2024,7.27 Earths,0.232 x Jupiter (estimate),0.1951 AU,38.1 days,0.55,Radial Velocity
712,Super Earth,2024,4.88 Earths,2.06 x Earth (estimate),0.0652 AU,7.3 days,0.06,Radial Velocity
713,Gas Giant,2024,4.35 Jupiters,1.15 x Jupiter (estimate),3.76 AU,8.8 years,,Microlensing
714,Neptune-like,2024,8.67 Earths,0.25729369 x Jupiter,Unknown,17.9 days,0.0,Transit
715,Neptune-like,2024,5.08 Earths,2.104 x Earth,0.0355 AU,4.2 days,,Transit
716,Super Earth,2023,10 Earths,2.58606487 x Earth,0.048 AU,3.9 days,0.0,Transit
717,Super Earth,2024,5.2 Earths,1.92 x Earth,0.0576 AU,7.1 days,,Transit
718,Neptune-like,2024,3.65 Earths,0.20162404 x Jupiter,0.0437 AU,4.7 days,,Transit
719,Neptune-like,2024,4.45 Earths,0.20251618 x Jupiter,0.0295 AU,2.6 days,,Transit
720,Neptune-like,2024,13.6 Earths,0.335 x Jupiter (estimate),3.2 AU,7.6 years,,Microlensing
721,Neptune-like,2024,19.2 Earths,0.55402005 x Jupiter,0.0622 AU,4.2 days,< 0.406,Transit
722,Gas Giant,2024,12.37 Jupiters,1.926 x Jupiter,0.0656 AU,4.3 days,0.07,Transit
723,Gas Giant,2024,0.2145812 Jupiters,0.63877351 x Jupiter,0.0249 AU,1.3 days,< 0.09,Transit
724,Gas Giant,2024,0.194 Jupiters,0.668 x Jupiter,0.04818 AU,4.3 days,< 0.13,Transit
725,Gas Giant,2017,26.28 Jupiters,1.07 x Jupiter (estimate),431.16 AU,8426.9 years,,Imaging
726,Neptune-like,2024,16.14568308 Earths,0.3113 x Jupiter,0.1481 AU,23.4 days,0.0,Transit
727,Gas Giant,2024,38.77506565 Earths,0.622 x Jupiter (estimate),2.96 AU,6.5 years,,Microlensing
728,Gas Giant,2024,39.41072247 Earths,0.628 x Jupiter (estimate),2.31 AU,5.1 years,,Microlensing
729,Gas Giant,2024,0.4 Jupiters,1.25 x Jupiter (estimate),2.15 AU,4.6 years,,Microlensing
730,Gas Giant,2024,0.292 Jupiters,1.328 x Jupiter,0.049 AU,4.5 days,0.0,Transit
731,Gas Giant,2024,0.593 Jupiters,1.396 x Jupiter,0.0446 AU,3.4 days,0.0,Transit
732,Neptune-like,2024,6.8 Earths,2.122 x Earth,0.0377 AU,5.8 days,0.32,Transit
733,Neptune-like,2024,19.5 Earths,0.24524978 x Jupiter,0.0567 AU,8.1 days,< 0.36,Transit
734,Neptune-like,2024,19.1 Earths,0.24391156 x Jupiter,0.0578 AU,8 days,0.19,Transit
735,Terrestrial,2024,0.689 Earths,0.9086617 x Earth,0.008332353 AU,0.4 days,,Transit
736,Super Earth,2024,2.2 Earths,0.99 x Earth,0.024335855 AU,2.6 days,,Transit
737,Neptune-like,2024,7.03 Earths,0.22708083 x Jupiter,0.051204842 AU,4.2 days,,Transit
738,Neptune-like,2024,5.53 Earths,0.219 x Jupiter,0.04747 AU,4 days,0.0,Transit
739,Super Earth,2024,3.6 Earths,1.7193265 x Earth,0.029962645 AU,1.8 days,,Transit
740,Neptune-like,2024,7.59 Earths,0.23765421 x Jupiter,0.060118218 AU,4.7 days,,Transit
741,Neptune-like,2024,11.5 Earths,0.30384891 x Jupiter,0.087735044 AU,15.1 days,,Transit
742,Neptune-like,2024,7.45 Earths,0.23510942 x Jupiter,0.036507593 AU,3.1 days,,Transit
743,Neptune-like,2024,12.5 Earths,0.27663801 x Jupiter,0.0207 AU,1.2 days,0.0,Transit
744,Gas Giant,2024,0.211 Jupiters,0.85694229 x Jupiter,0.055225481 AU,4.6 days,,Transit
745,Neptune-like,2024,5.43 Earths,2.19 x Earth,0.0349 AU,2.6 days,,Transit
746,Neptune-like,2021,9.51 Earths,0.27136114 x Jupiter,0.034792189 AU,3.4 days,,Transit
747,Neptune-like,2024,5.56 Earths,2.21898 x Earth,0.05381019 AU,4.9 days,,Transit
748,Super Earth,2024,8.71 Earths,2.378 x Earth,0.01944 AU,1.5 days,0.0,Transit
749,Super Earth,2024,6.57 Earths,2.08 x Earth,0.0809 AU,13.2 days,0.06,Transit
750,Gas Giant,2024,4.36 Jupiters,1.15 x Jupiter (estimate),3.7 AU,8.5 years,,Microlensing
751,Super Earth,2024,1.527 Earths,1.13 x Earth (estimate),Unknown,5.1 days,,Transit
752,Gas Giant,2024,4.34 Jupiters,1.087 x Jupiter,0.1291 AU,16.2 days,0.61,Transit
753,Gas Giant,2024,0.393 Jupiters,0.857 x Jupiter,0.347 AU,69.3 days,0.17,Transit
754,Super Earth,2024,1.258 Earths,1.13 x Earth,Unknown,2 days,,Transit
755,Neptune-like,2024,10.48 Earths,0.25729369 x Jupiter,0.131 AU,15.6 days,0.03,Transit
756,Neptune-like,2023,9.2 Earths,0.29520972 x Jupiter,0.029322 AU,3.3 days,0.08,Transit
757,Super Earth,2024,1.76 Earths,1.18 x Earth,0.01541 AU,1.4 days,,Transit
758,Super Earth,2024,4 Earths,1.03 x Earth,0.010777 AU,0.9 days,,Transit
759,Super Earth,2024,4.3 Earths,1.09 x Earth,0.018288 AU,1.4 days,,Transit
760,Gas Giant,2024,11 Jupiters,1.11 x Jupiter (estimate),12000 AU,1265634.4 years,,Imaging
761,Gas Giant,2024,21 Jupiters,1.08 x Jupiter (estimate),19000 AU,2402178.1 years,,Imaging
762,Gas Giant,2024,21 Jupiters,1.08 x Jupiter (estimate),6100 AU,610348.8 years,,Imaging
763,Terrestrial,2024,0.95 Earths,0.93 x Earth,0.067 AU,12.8 days,0.24,Transit
764,Terrestrial,2024,0.894 Earths,0.977 x Earth,0.00733 AU,0.7 days,,Transit
765,Gas Giant,2024,0.38700128 Jupiters,0.28548537 x Jupiter,0.847 AU,271.9 days,0.12,Transit
766,Gas Giant,2018,11.38 Jupiters,1.55 x Jupiter,1950 AU,401718 years,,Imaging
767,Neptune-like,2024,23.5 Earths,0.23374115 x Jupiter,0.193 AU,35 days,< 0.22,Transit
768,Neptune-like,2024,7.6 Earths,0.26228968 x Jupiter,0.0903 AU,11.2 days,< 0.2,Transit
769,Super Earth,2024,2.59 Earths,1.415 x Earth,0.0359 AU,4 days,,Transit
770,Super Earth,2024,4.45 Earths,1.946 x Earth,0.073872 AU,8.3 days,,Transit
771,Gas Giant,2023,4.992 Jupiters,1.15 x Jupiter (estimate),0.8 AU,239.5 days,0.06,Eclipse Timing Variations
772,Gas Giant,2024,21 Jupiters,1.08 x Jupiter (estimate),435 AU,365 days,,Imaging
773,Gas Giant,2024,4.89 Jupiters,1.15 x Jupiter (estimate),2 AU,2.8 years,0.57,Radial Velocity
774,Gas Giant,2024,0.463 Jupiters,0.645 x Jupiter,0.163 AU,23.6 days,0.1,Transit
775,Gas Giant,2024,21 Jupiters,1.08 x Jupiter (estimate),3319 AU,365 days,,Imaging
776,Gas Giant,2024,28 Jupiters,1.06 x Jupiter (estimate),266 AU,365 days,,Imaging
777,Gas Giant,2024,26 Jupiters,1.07 x Jupiter (estimate),350 AU,9087.4 years,,Imaging
778,Gas Giant,2024,18 Jupiters,1.08 x Jupiter (estimate),572 AU,26590.3 years,,Imaging
779,Gas Giant,2024,12 Jupiters,1.1 x Jupiter (estimate),7493 AU,808717.2 years,,Imaging
780,Gas Giant,2024,20 Jupiters,1.08 x Jupiter (estimate),587 AU,18550.1 years,,Imaging
781,Neptune-like,2024,3.33 Earths,2.137 x Earth,0.0849 AU,16.3 days,0.0,Transit
782,Super Earth,2024,3.41 Earths,1.664 x Earth,0.1054 AU,14.4 days,,Transit
783,Gas Giant,2024,1.08 Jupiters,1.23 x Jupiter (estimate),1.41 AU,4.1 years,,Microlensing
784,Gas Giant,2024,0.63 Jupiters,1.26 x Jupiter (estimate),1.18 AU,3.1 years,,Microlensing
785,Neptune-like,2024,13.03096469 Earths,0.327 x Jupiter (estimate),2.96 AU,6.4 years,,Microlensing
786,Gas Giant,2024,23.6 Jupiters,1.07 x Jupiter (estimate),22.1 AU,84.9 years,0.55,Imaging
787,Super Earth,2024,9 Earths,1.92 x Earth,0.050748 AU,6 days,0.0,Transit
788,Super Earth,2024,2.47 Earths,1.36 x Earth,0.0208 AU,2.3 days,0.06,Transit
789,Gas Giant,2024,0.96 Jupiters,0.928 x Jupiter,0.408 AU,98.3 days,0.29,Transit
790,Gas Giant,2023,23 Jupiters,0.25 x Jupiter,0.5 AU,19 days,0.36,Transit
791,Super Earth,2024,3.97 Earths,1.821 x Earth,0.0632 AU,7.8 days,,Transit
792,Super Earth,2024,3.65 Earths,1.733 x Earth,0.0348 AU,4.2 days,,Transit
793,Gas Giant,2023,0.88 Jupiters,1.24 x Jupiter (estimate),4.5 AU,11.2 years,,Microlensing
794,Gas Giant,2024,1.62 Jupiters,1.21 x Jupiter (estimate),1.14 AU,2.2 years,,Microlensing
795,Gas Giant,2024,5.9 Jupiters,1.14 x Jupiter (estimate),2.09 AU,3.8 years,,Microlensing
796,Gas Giant,2024,3.8 Jupiters,1.16 x Jupiter (estimate),2.53 AU,5.9 years,,Microlensing
797,Neptune-like,2024,13.2 Earths,0.33 x Jupiter (estimate),0.1058 AU,13.9 days,0.29,Radial Velocity
798,Gas Giant,2024,2.47 Jupiters,Unknown,Unknown,0.1 days,,Pulsar Timing
799,Gas Giant,2017,29.4 Jupiters,1.06 x Jupiter (estimate),3.52 AU,26.6 years,0.34,Imaging
800,Neptune-like,2024,4.11 Earths,0.21411403 x Jupiter,0.0523 AU,7.4 days,0.07,Transit
801,Gas Giant,2022,0.71 Jupiters,1.25 x Jupiter (estimate),2.13 AU,4.6 years,,Microlensing
802,Gas Giant,2024,1.8 Jupiters,1.2 x Jupiter (estimate),0.384 AU,77.5 days,0.0,Radial Velocity
803,Gas Giant,2024,3.6 Jupiters,1.16 x Jupiter (estimate),0.17 AU,25.2 days,0.58,Radial Velocity
804,Gas Giant,2024,1.46 Jupiters,1.21 x Jupiter (estimate),0.0435 AU,4 days,0.27,Radial Velocity
805,Gas Giant,2024,22.1 Jupiters,1.22 x Jupiter,0.0613 AU,4 days,0.34,Transit
806,Gas Giant,2024,2.005 Jupiters,1.086 x Jupiter,0.118 AU,15.3 days,0.46,Transit
807,Terrestrial,2024,0.907 Earths,0.981 x Earth,0.04 AU,5 days,0.04,Transit
808,Terrestrial,2024,0.82 Earths,0.954 x Earth (estimate),0.0791 AU,26.1 days,0.07,Radial Velocity
809,Gas Giant,2024,0.239 Jupiters,0.938 x Jupiter,0.04988 AU,3.7 days,0.03,Transit
810,Gas Giant,2024,0.222 Jupiters,0.99 x Jupiter,0.0549 AU,4.6 days,0.06,Transit
811,Super Earth,2024,11.1 Earths,1.8 x Earth,0.0171 AU,0.8 days,0.0,Transit
812,Super Earth,2024,6.4 Earths,1.6 x Earth,0.0546 AU,4.8 days,0.0,Transit
813,Gas Giant,2024,0.185 Jupiters,0.885 x Jupiter,0.0815 AU,8 days,0.06,Transit
814,Neptune-like,2023,6.46 Earths,0.2164336 x Jupiter,0.056 AU,10.9 days,,Transit
815,Neptune-like,2023,5.34 Earths,2.167 x Earth,0.312 AU,84 days,,Transit
816,Gas Giant,2024,0.14410292 Jupiters,0.55458981 x Jupiter,0.173 AU,25.8 days,0.0,Transit
817,Gas Giant,2024,0.23660566 Jupiters,0.918 x Jupiter (estimate),0.75 AU,232 days,0.38,Radial Velocity
818,Super Earth,2023,2 Earths,1.695 x Earth,0.0755533961 AU,7.3 days,0.0,Transit
819,Gas Giant,2023,0.93944088 Jupiters,1.23 x Jupiter (estimate),5.719187877 AU,14.3 years,0.02,Radial Velocity
820,Neptune-like,2023,24.14271827 Earths,0.47 x Jupiter (estimate),0.312391586 AU,60.9 days,0.03,Radial Velocity
821,Gas Giant,2023,1.189321 Jupiters,1.22 x Jupiter (estimate),3.23579639 AU,5.6 years,0.01,Radial Velocity
822,Neptune-like,2024,9.09 Earths,0.265 x Jupiter (estimate),0.1046 AU,12.1 days,0.09,Radial Velocity
823,Neptune-like,2024,5.63 Earths,2.24 x Earth (estimate),0.1784 AU,26.9 days,0.08,Radial Velocity
824,Neptune-like,2024,11.31 Earths,0.301 x Jupiter (estimate),0.3007 AU,58.9 days,0.06,Radial Velocity
825,Gas Giant,2024,0.14095656 Jupiters,0.677 x Jupiter (estimate),1.941 AU,2.6 years,0.09,Radial Velocity
826,Super Earth,2024,2.34 Earths,1.33 x Earth (estimate),0.0527 AU,4.3 days,0.2,Radial Velocity
827,Super Earth,2024,3.37 Earths,1.559 x Earth,0.0212 AU,1.3 days,< 0.18,Transit
828,Super Earth,2024,19.5 Earths,2.9507845 x Earth,0.215 AU,37.5 days,0.33,Transit
829,Neptune-like,2024,6.7 Earths,2.18 x Earth,0.0749 AU,8.5 days,< 0.36,Radial Velocity
830,Super Earth,2024,2.53 Earths,1.24 x Earth,0.01 AU,0.6 days,0.0,Transit
831,Super Earth,2024,2.99 Earths,1.54 x Earth,0.02 AU,2.3 days,,Transit
832,Gas Giant,2023,29 Jupiters,1.06 x Jupiter (estimate),1.07 AU,2.1 years,,Microlensing
833,Gas Giant,2023,19 Jupiters,1.08 x Jupiter (estimate),0.96 AU,2.1 years,,Microlensing
834,Gas Giant,2023,21 Jupiters,1.08 x Jupiter (estimate),1.64 AU,3.7 years,,Microlensing
835,Gas Giant,2023,1.747 Jupiters,1.2 x Jupiter (estimate),5.19 AU,16 years,,Microlensing
836,Super Earth,2023,1.25 Earths,1.073 x Earth,0.0503 AU,4.2 days,0.16,Transit
837,Gas Giant,2023,21 Jupiters,1.08 x Jupiter (estimate),0.9 AU,2.4 years,,Microlensing
838,Gas Giant,2023,3 Jupiters,0.88 x Jupiter,0.0831 AU,8.3 days,0.32,Transit
839,Gas Giant,2023,0.64 Jupiters,1.0 x Jupiter,0.073 AU,7.2 days,0.0,Transit
840,Neptune-like,2023,13.15 Earths,0.329 x Jupiter (estimate),0.02262 AU,3.7 days,0.08,Radial Velocity
841,Gas Giant,2023,9.3 Jupiters,0.93 x Jupiter,0.112 AU,13.3 days,0.11,Transit
842,Gas Giant,2023,3.87 Jupiters,0.73 x Jupiter,0.173 AU,22.1 days,< 0.074,Transit
843,Gas Giant,2023,3.42 Jupiters,1.17 x Jupiter (estimate),3.9 AU,7.2 years,0.2,Radial Velocity
844,Gas Giant,2023,9.1 Jupiters,1.12 x Jupiter (estimate),7.46 AU,14.1 years,0.2,Radial Velocity
845,Gas Giant,2023,1.47 Jupiters,1.21 x Jupiter (estimate),4.5 AU,11.3 years,,Microlensing
846,Neptune-like,2023,21.5 Earths,0.439 x Jupiter (estimate),Unknown,50.1 days,0.32,Radial Velocity
847,Super Earth,2023,17.2 Earths,2.49 x Earth,0.58 AU,146.1 days,0.24,Radial Velocity
848,Neptune-like,2023,5.69 Earths,2.2 x Earth,0.0793 AU,9.1 days,,Transit
849,Neptune-like,2023,6.3 Earths,0.21304346 x Jupiter,0.1039 AU,13.7 days,,Transit
850,Neptune-like,2023,8.52 Earths,0.25443884 x Jupiter,0.1362 AU,20.5 days,,Transit
851,Neptune-like,2023,3.9 Earths,1.94 x Earth,0.1785 AU,30.8 days,,Transit
852,Neptune-like,2023,5.04 Earths,0.23204608 x Jupiter,0.2163 AU,41.1 days,,Transit
853,Neptune-like,2023,8.4 Earths,0.23258136 x Jupiter,0.2621 AU,54.8 days,,Transit
854,Neptune-like,2023,9.37 Earths,0.24400078 x Jupiter,0.07803 AU,9.2 days,0.07,Transit
855,Gas Giant,2023,0.18343231 Jupiters,0.65572421 x Jupiter,0.3715 AU,95.9 days,0.31,Transit
856,Gas Giant,2023,0.957 Jupiters,1.348 x Jupiter,0.0579 AU,4.4 days,0.04,Transit
857,Neptune-like,2023,12.3 Earths,0.28385769 x Jupiter,0.073 AU,7.1 days,0.0,Transit
858,Gas Giant,2023,1.286 Jupiters,1.054 x Jupiter,0.5516 AU,141.8 days,0.21,Transit
859,Neptune-like,2023,20.1 Earths,0.28075702 x Jupiter,0.1322 AU,18.3 days,< 0.21,Transit
860,Gas Giant,2023,1.49 Jupiters,1.058 x Jupiter,0.0994 AU,10 days,0.1,Transit
861,Gas Giant,2023,8.7 Jupiters,1.12 x Jupiter (estimate),1.37 AU,1.6 years,0.37,Radial Velocity
862,Super Earth,2023,1.053 Earths,1.02 x Earth (estimate),Unknown,12.7 days,0.0,Transit Timing Variations
863,Super Earth,2023,1.9 Earths,1.331 x Earth,0.01406 AU,0.9 days,,Transit
864,Neptune-like,2023,5.8 Earths,0.203 x Jupiter (estimate),0.0523 AU,6.6 days,,Radial Velocity
865,Neptune-like,2023,25.1 Earths,1.06075658 x Jupiter,0.071 AU,7 days,< 0.17,Transit
866,Gas Giant,2023,0.37756222 Jupiters,0.77764833 x Jupiter,0.034 AU,2.3 days,0.0,Transit
867,Gas Giant,2023,0.412 Jupiters,0.946 x Jupiter,0.04041 AU,3.8 days,< 0.054,Transit
868,Neptune-like,2023,11.8 Earths,0.31403391 x Jupiter,0.057 AU,4.8 days,< 0.14,Transit
869,Neptune-like,2023,20.2 Earths,0.4228752 x Jupiter,0.06519 AU,5.5 days,0.0,Transit
870,Neptune-like,2023,14.2 Earths,0.34436673 x Jupiter,0.1439 AU,17.9 days,0.0,Transit
871,Gas Giant,2023,5 Jupiters,1.15 x Jupiter (estimate),0.799 AU,310.9 days,0.95,Astrometry
872,Gas Giant,2023,0.266 Jupiters,0.984 x Jupiter (estimate),Unknown,2.3 years,0.12,Transit Timing Variations
873,Neptune-like,2023,10.75 Earths,0.292 x Jupiter (estimate),0.04685 AU,5.1 days,0.58,Radial Velocity
874,Super Earth,2023,3.69 Earths,1.74 x Earth (estimate),0.0405 AU,6.9 days,0.0,Radial Velocity
875,Super Earth,2023,5.738 Earths,2.079 x Earth,0.075 AU,10.6 days,0.0,Transit
876,Gas Giant,2023,1.1 Jupiters,1.255 x Jupiter,0.04435 AU,3.3 days,< 0.15,Transit
877,Gas Giant,2023,10.7 Jupiters,1.11 x Jupiter (estimate),Unknown,23.3 years,0.37,Radial Velocity
878,Gas Giant,2023,0.28 Jupiters,1.01 x Jupiter (estimate),0.807 AU,273.7 days,0.1,Transit Timing Variations
879,Gas Giant,2023,0.17 Jupiters,0.81 x Jupiter,0.4254 AU,104.9 days,0.09,Transit
880,Gas Giant,2023,1.86578665 Jupiters,2.23035445 x Jupiter,0.05778 AU,4.4 days,0.0,Transit
881,Gas Giant,2023,9.27 Jupiters,0.841 x Jupiter,1.152 AU,482.8 days,0.21,Transit
882,Gas Giant,2023,3.02 Jupiters,0.607 x Jupiter,0.349 AU,82.7 days,0.25,Transit
883,Gas Giant,2023,2.48 Jupiters,1.22 x Jupiter,0.04 AU,3.6 days,0.04,Transit
884,Gas Giant,2023,0.23031296 Jupiters,0.30868106 x Jupiter,0.0213 AU,1.2 days,< 0.03,Transit
885,Terrestrial,2023,0.941 Earths,0.991 x Earth,0.02037 AU,2 days,0.0,Transit
886,Neptune-like,2023,6.35 Earths,0.21411403 x Jupiter,0.10479 AU,14.2 days,0.17,Transit
887,Super Earth,2023,4 Earths,1.829 x Earth,0.06899 AU,7.6 days,0.17,Transit
888,Neptune-like,2023,17.9 Earths,0.394 x Jupiter (estimate),Unknown,95.2 days,0.06,Radial Velocity
889,Gas Giant,2023,0.912 Jupiters,1.24 x Jupiter (estimate),3.929 AU,5.6 years,0.02,Radial Velocity
890,Gas Giant,2023,0.17997133 Jupiters,0.28548537 x Jupiter,0.0159 AU,0.8 days,0.0,Transit
891,Gas Giant,2023,0.31 Jupiters,1.08 x Jupiter (estimate),1.38 AU,3.8 years,,Microlensing
892,Gas Giant,2023,0.26 Jupiters,0.971 x Jupiter (estimate),3.02 AU,6.6 years,,Microlensing
893,Gas Giant,2023,1.07 Jupiters,1.23 x Jupiter (estimate),1.79 AU,3.9 years,,Microlensing
894,Super Earth,2023,5.14 Earths,1.538 x Earth,0.0673 AU,6.4 days,,Radial Velocity
895,Super Earth,2023,4.5 Earths,1.551 x Earth,0.04518 AU,3.5 days,,Radial Velocity
896,Gas Giant,2023,5.4 Jupiters,1.14 x Jupiter (estimate),5.3 AU,11.9 years,0.39,Radial Velocity
897,Gas Giant,2023,16 Jupiters,1.09 x Jupiter (estimate),3.8 AU,7.4 years,0.16,Radial Velocity
898,Gas Giant,2023,1.3 Jupiters,1.22 x Jupiter (estimate),4.6 AU,11.1 years,0.07,Radial Velocity
899,Gas Giant,2023,2.3 Jupiters,1.19 x Jupiter (estimate),5.4 AU,11.1 years,0.16,Radial Velocity
900,Gas Giant,2023,3 Jupiters,1.17 x Jupiter (estimate),3.7 AU,8.2 years,0.52,Radial Velocity
901,Neptune-like,2023,11.9 Earths,0.31 x Jupiter (estimate),0.0943 AU,13.5 days,0.49,Radial Velocity
902,Gas Giant,2023,0.273 Jupiters,0.77 x Jupiter,0.01808 AU,1.5 days,0.01,Transit
903,Super Earth,2023,7.4 Earths,1.33 x Earth,0.137 AU,28.2 days,0.0,Transit
904,Super Earth,2023,4.1 Earths,1.25 x Earth,0.101 AU,17.7 days,0.0,Transit
905,Super Earth,2023,3.17 Earths,1.36 x Earth,0.0675 AU,10.2 days,< 0.15,Transit
906,Unknown,2023,Unknown,Unknown,100 AU,817 years,,Imaging
907,Gas Giant,2023,6.6 Jupiters,1.13 x Jupiter (estimate),1.3 AU,490 days,0.2,Radial Velocity
908,Neptune-like,2023,34.3 Earths,0.578 x Jupiter (estimate),0.2263 AU,35.8 days,0.24,Radial Velocity
909,Super Earth,2023,16.9 Earths,2.87 x Earth,0.09103 AU,9.1 days,0.18,Transit
910,Neptune-like,2023,17.4 Earths,0.38718953 x Jupiter,0.119 AU,12.2 days,,Transit
911,Neptune-like,2023,8.1 Earths,0.24712327 x Jupiter,0.133 AU,18 days,,Transit
912,Super Earth,2023,4.94 Earths,2.07 x Earth,0.163 AU,11.1 days,,Transit
913,Neptune-like,2023,5.46 Earths,2.2 x Earth (estimate),0.1417 AU,36.1 days,0.08,Radial Velocity
914,Neptune-like,2023,7.24 Earths,0.22035902 x Jupiter,0.106 AU,18.1 days,< 0.5,Transit
915,Super Earth,2023,7.32 Earths,2.18 x Earth,0.0285 AU,2.5 days,< 0.3,Transit
916,Gas Giant,2023,28.26 Jupiters,1.06 x Jupiter (estimate),2.03 AU,1.8 years,0.28,Radial Velocity
917,Gas Giant,2023,15.83 Jupiters,1.09 x Jupiter (estimate),1.33 AU,466.6 days,0.36,Radial Velocity
918,Neptune-like,2023,6.03 Earths,0.208 x Jupiter (estimate),Unknown,34.4 days,0.14,Radial Velocity
919,Super Earth,2023,4.13 Earths,1.86 x Earth (estimate),Unknown,11.5 days,0.09,Radial Velocity
920,Neptune-like,2023,12.2 Earths,0.315 x Jupiter (estimate),0.04853 AU,3.5 days,< 0.063,Radial Velocity
921,Gas Giant,2023,0.435 Jupiters,1.693 x Jupiter,0.0678 AU,4.7 days,< 0.39,Transit
922,Neptune-like,2023,6.48 Earths,0.21679045 x Jupiter,0.0336 AU,4.9 days,,Transit
923,Gas Giant,2023,0.303 Jupiters,0.824 x Jupiter,0.0708 AU,6.4 days,< 0.42,Transit
924,Gas Giant,2023,0.54 Jupiters,1.06 x Jupiter,0.034 AU,2.9 days,< 0.38,Transit
925,Gas Giant,2023,0.14 Jupiters,0.71 x Jupiter,0.041 AU,4.4 days,< 0.23,Transit
926,Neptune-like,2023,14.95 Earths,0.45856088 x Jupiter,0.043 AU,4.7 days,0.11,Transit
927,Gas Giant,2023,0.386 Jupiters,1.615 x Jupiter,0.0607 AU,4.9 days,< 0.18,Transit
928,Neptune-like,2023,6.66 Earths,0.22035902 x Jupiter,0.05006 AU,6.1 days,,Transit
929,Gas Giant,2023,14.8 Jupiters,1.09 x Jupiter (estimate),23.04 AU,285.2 years,,Imaging
930,Neptune-like,2023,4.15 Earths,1.982 x Earth,0.0706 AU,7.4 days,0.0,Transit
931,Neptune-like,2023,35.59678158 Earths,1.319 x Jupiter,0.0668 AU,6.2 days,0.08,Transit
932,Super Earth,2023,2.75 Earths,1.466 x Earth,0.03144 AU,4.8 days,,Transit
933,Super Earth,2023,4.83 Earths,2.04 x Earth (estimate),1.63 AU,4.9 years,,Microlensing
934,Super Earth,2023,9.67 Earths,1.93 x Earth,0.038 AU,2.8 days,0.0,Transit
935,Super Earth,2023,15.2 Earths,1.95 x Earth,0.02359 AU,1.4 days,,Transit
936,Super Earth,2022,9.72 Earths,2.328 x Earth,0.1017 AU,9.6 days,0.16,Transit
937,Super Earth,2022,13.71 Earths,1.362 x Earth,0.05727 AU,4 days,0.13,Transit
938,Unknown,2022,Unknown,Unknown,Unknown,103 days,0.0,Radial Velocity
939,Super Earth,2023,3.71 Earths,1.75 x Earth (estimate),0.1061 AU,12.9 days,0.08,Radial Velocity
940,Neptune-like,2023,26.57 Earths,0.23258136 x Jupiter,0.2958 AU,47.4 days,,Transit
941,Gas Giant,2023,4.8 Jupiters,1.15 x Jupiter (estimate),5.9 AU,17.1 years,0.43,Radial Velocity
942,Gas Giant,2023,0.7 Jupiters,1.25 x Jupiter (estimate),2.63 AU,5.2 years,0.1,Radial Velocity
943,Neptune-like,2023,16.137 Earths,0.28423637 x Jupiter,0.041657 AU,3.2 days,0.13,Transit
944,Gas Giant,2023,2.17727549 Jupiters,1.19 x Jupiter (estimate),1.57 AU,2.1 years,0.26,Radial Velocity
945,Gas Giant,2023,38.15 Earths,0.55134362 x Jupiter,0.113 AU,14.7 days,0.07,Transit
946,Neptune-like,2023,20.31 Earths,0.52904008 x Jupiter,0.058 AU,5.4 days,0.03,Transit
947,Neptune-like,2023,11 Earths,0.26942682 x Jupiter,0.0229 AU,1.3 days,0.03,Transit
948,Gas Giant,2023,0.257 Jupiters,0.727 x Jupiter,0.0878 AU,9.1 days,0.06,Transit
949,Super Earth,2023,11 Earths,2.7 x Earth,0.04271 AU,3.1 days,0.0,Transit
950,Neptune-like,2023,7 Earths,0.3058761 x Jupiter,0.269 AU,52.6 days,0.0,Transit
951,Neptune-like,2023,8.3 Earths,0.34154589 x Jupiter,0.145 AU,20.8 days,0.0,Transit
952,Gas Giant,2023,2.4 Jupiters,1.18 x Jupiter (estimate),4 AU,9 years,0.03,Radial Velocity
953,Gas Giant,2023,0.53 Jupiters,1.27 x Jupiter (estimate),3.48 AU,5.9 years,0.39,Radial Velocity
954,Gas Giant,2023,0.4 Jupiters,1.24 x Jupiter (estimate),4.5 AU,9.4 years,0.2,Radial Velocity
955,Neptune-like,2023,23 Earths,0.457 x Jupiter (estimate),0.121 AU,15 days,0.1,Radial Velocity
956,Neptune-like,2023,8.91 Earths,0.26139754 x Jupiter,0.141 AU,21.6 days,0.04,Transit
957,Neptune-like,2023,5.65 Earths,2.24 x Earth,0.09 AU,10.9 days,0.11,Transit
958,Neptune-like,2023,21.4 Earths,0.438 x Jupiter (estimate),0.657 AU,241.8 days,,Radial Velocity
959,Super Earth,2023,9.2 Earths,2.268 x Earth,Unknown,7.4 days,0.0,Transit
960,Gas Giant,2023,0.14473219 Jupiters,0.688 x Jupiter (estimate),2.74 AU,6.9 years,,Microlensing
961,Gas Giant,2023,5.5 Jupiters,1.14 x Jupiter (estimate),4.713 AU,9.3 years,0.18,Radial Velocity
962,Gas Giant,2023,2.85 Jupiters,1.18 x Jupiter (estimate),2.877 AU,5 years,0.18,Radial Velocity
963,Gas Giant,2023,18.7 Jupiters,1.08 x Jupiter (estimate),3.54 AU,6.4 years,0.67,Radial Velocity
964,Gas Giant,2023,2.34 Jupiters,1.08 x Jupiter,0.303 AU,56.4 days,0.75,Transit
965,Super Earth,2023,3.48 Earths,1.62 x Earth,0.019 AU,1.1 days,0.0,Transit
966,Neptune-like,2023,20 Earths,0.43804161 x Jupiter,0.249 AU,47.7 days,0.14,Transit
967,Neptune-like,2023,2.2 Jupiters,0.29529893 x Jupiter,0.063 AU,6.5 days,,Transit
968,Gas Giant,2023,5.2 Jupiters,0.23730971 x Jupiter,0.088 AU,13.1 days,,Transit
969,Gas Giant,2023,0.216 Jupiters,0.87 x Jupiter,0.337 AU,63.5 days,0.57,Transit
970,Gas Giant,2023,3.34 Jupiters,1.17 x Jupiter (estimate),6.99 AU,22.8 years,,Microlensing
971,Gas Giant,2023,7.12 Jupiters,1.13 x Jupiter (estimate),1.84 AU,2.6 years,,Microlensing
972,Gas Giant,2023,1.16 Jupiters,1.22 x Jupiter (estimate),1.85 AU,4.3 years,,Microlensing
973,Neptune-like,2023,6.59 Earths,0.21882454 x Jupiter,Unknown,11.1 days,,Transit
974,Super Earth,2023,3.02 Earths,1.55 x Earth,0.083 AU,19.3 days,,Transit
975,Gas Giant,2023,0.16014931 Jupiters,0.47372729 x Jupiter,0.0376 AU,3.6 days,0.0,Transit
976,Neptune-like,2023,10.7 Earths,0.29201585 x Jupiter,Unknown,5.4 days,,Transit
977,Neptune-like,2023,10.5 Earths,0.28792984 x Jupiter,Unknown,3.8 days,,Transit
978,Neptune-like,2023,6.43 Earths,0.21580018 x Jupiter,Unknown,9.2 days,,Transit
979,Neptune-like,2023,13 Earths,0.32671124 x Jupiter,Unknown,1.9 days,,Transit
980,Neptune-like,2023,34.62 Earths,0.54063792 x Jupiter,0.0491 AU,3.7 days,0.09,Transit
981,Neptune-like,2023,9.03 Earths,0.26345839 x Jupiter,Unknown,19.1 days,,Transit
982,Neptune-like,2023,4.8 Earths,0.2108131 x Jupiter,0.105 AU,15.7 days,0.3,Transit
983,Super Earth,2023,4.61 Earths,1.9892 x Earth,Unknown,15.3 days,,Transit
984,Neptune-like,2023,6.6 Earths,0.21916355 x Jupiter,Unknown,11.1 days,,Transit
985,Neptune-like,2023,15.4 Earths,0.361 x Jupiter (estimate),1.9 AU,3.6 years,,Microlensing
986,Neptune-like,2023,29.87587026 Earths,0.533 x Jupiter (estimate),2.44 AU,6.1 years,,Microlensing
987,Gas Giant,2023,1.81 Jupiters,1.2 x Jupiter (estimate),5.67 AU,16.1 years,,Microlensing
988,Super Earth,2023,6.1 Earths,2.25 x Earth,0.0629 AU,6.4 days,0.23,Transit
989,Super Earth,2023,0.91 Earths,1.032 x Earth,0.01992 AU,2.8 days,0.0,Transit
990,Super Earth,2023,2.68 Earths,1.52 x Earth,0.0559 AU,7.4 days,,Transit
991,Neptune-like,2023,3.5 Jupiters,0.25961326 x Jupiter,0.387 AU,91.7 days,< 0.21,Transit
992,Super Earth,2023,3.97 Earths,1.82 x Earth,0.1084 AU,14.1 days,0.0,Transit
993,Super Earth,2023,1.12 Earths,1.04 x Earth,0.0197 AU,1.1 days,0.0,Transit
994,Super Earth,2023,3.09 Earths,1.57 x Earth,0.1228 AU,20.6 days,0.0,Transit
995,Neptune-like,2023,7.9 Earths,0.24355471 x Jupiter,0.0562 AU,6.4 days,0.0,Transit
996,Neptune-like,2023,10.8 Earths,0.29351465 x Jupiter,0.0713 AU,8.7 days,0.0,Transit
997,Terrestrial,2023,0.156 Earths,0.6 x Earth,0.0405 AU,3 days,0.0,Transit
998,Neptune-like,2023,5.82 Earths,0.20340833 x Jupiter,0.1815 AU,26.8 days,0.0,Transit
999,Neptune-like,2023,8.3 Earths,0.25069184 x Jupiter,0.3608 AU,92.7 days,0.0,Transit
1000,Neptune-like,2023,5.73 Earths,0.20162404 x Jupiter,0.1789 AU,32.4 days,0.0,Transit
1001,Neptune-like,2023,16.9 Earths,0.38183668 x Jupiter,0.3259 AU,73.8 days,0.0,Transit
1002,Terrestrial,2023,0.087 Earths,0.51 x Earth,0.053 AU,4.6 days,0.0,Transit
1003,Neptune-like,2023,16.1 Earths,0.37023884 x Jupiter,0.1943 AU,26.7 days,0.0,Transit
1004,Terrestrial,2023,0.693 Earths,0.91 x Earth,0.1169 AU,15.6 days,0.0,Transit
1005,Neptune-like,2023,7.13 Earths,0.22928044 x Jupiter,0.1528 AU,22.8 days,0.0,Transit
1006,Super Earth,2023,2.76 Earths,1.47 x Earth,0.1065 AU,13.3 days,0.0,Transit
1007,Terrestrial,2023,0.904 Earths,0.98 x Earth,0.0504 AU,4.1 days,0.0,Transit
1008,Neptune-like,2023,19.3 Earths,0.4121695 x Jupiter,0.0918 AU,10.2 days,0.0,Transit
1009,Super Earth,2023,2.96 Earths,1.53 x Earth,0.1038 AU,11.5 days,0.0,Transit
1010,Super Earth,2023,4.35 Earths,1.92 x Earth,0.0765 AU,8.7 days,0.0,Transit
1011,Neptune-like,2023,7.56 Earths,0.23730971 x Jupiter,0.0571 AU,5.6 days,0.0,Transit
1012,Super Earth,2023,2.33 Earths,1.33 x Earth,0.0427 AU,3.6 days,0.0,Transit
1013,Super Earth,2023,2.04 Earths,1.23 x Earth,0.0318 AU,2.3 days,0.0,Transit
1014,Super Earth,2023,4.23 Earths,1.89 x Earth,0.1307 AU,19.5 days,0.0,Transit
1015,Neptune-like,2023,5.77 Earths,0.20251618 x Jupiter,0.0426 AU,3.4 days,0.0,Transit
1016,Neptune-like,2023,37.3 Earths,0.60754855 x Jupiter,0.0238 AU,2 days,0.0,Transit
1017,Neptune-like,2023,6.04 Earths,0.20786903 x Jupiter,0.0689 AU,7.3 days,0.0,Transit
1018,Terrestrial,2023,0.381 Earths,0.77 x Earth,0.0511 AU,3.8 days,0.0,Transit
1019,Gas Giant,2023,0.197 Jupiters,0.82344686 x Jupiter,1.3292 AU,453.5 days,0.0,Transit
1020,Neptune-like,2023,5.52 Earths,2.21 x Earth,0.2049 AU,33 days,0.0,Transit
1021,Gas Giant,2023,Unknown,2.61665184 x Jupiter,0.1383 AU,18.5 days,0.0,Transit
1022,Neptune-like,2023,7.61 Earths,0.23820186 x Jupiter,0.0914 AU,10.8 days,0.0,Transit
1023,Super Earth,2023,3.39 Earths,1.66 x Earth,0.0486 AU,4.5 days,0.0,Transit
1024,Neptune-like,2023,10.7 Earths,0.29173036 x Jupiter,0.0286 AU,1.7 days,0.0,Transit
1025,Neptune-like,2023,16.2 Earths,0.37202312 x Jupiter,0.1021 AU,11.7 days,0.0,Transit
1026,Neptune-like,2023,8.6 Earths,0.25604469 x Jupiter,0.1216 AU,11.8 days,0.0,Transit
1027,Terrestrial,2023,0.64 Earths,0.89 x Earth,0.061 AU,6.2 days,0.0,Transit
1028,Super Earth,2023,3.26 Earths,1.62 x Earth,0.0382 AU,2.4 days,0.0,Transit
1029,Super Earth,2023,3.02 Earths,1.55 x Earth,0.1309 AU,17.2 days,0.0,Transit
1030,Super Earth,2023,2.6 Earths,1.42 x Earth,0.0466 AU,4.1 days,0.0,Transit
1031,Super Earth,2023,2.57 Earths,1.41 x Earth,0.0602 AU,5.3 days,0.0,Transit
1032,Super Earth,2023,1.88087656 Jupiters,1.61 x Earth,0.0533 AU,4.5 days,0.0,Transit
1033,Neptune-like,2023,16.4 Earths,0.37469955 x Jupiter,0.1575 AU,24.6 days,0.0,Transit
1034,Super Earth,2023,3.22 Earths,1.61 x Earth,0.0407 AU,3.1 days,0.0,Transit
1035,Neptune-like,2023,9.48 Earths,0.2712111 x Jupiter,0.3802 AU,85.5 days,0.0,Transit
1036,Super Earth,2023,4.86 Earths,2.05 x Earth,0.7326 AU,232 days,0.0,Transit
1037,Terrestrial,2023,0.566 Earths,0.86 x Earth,0.0154 AU,0.8 days,0.0,Transit
1038,Super Earth,2023,2.57 Earths,1.41 x Earth,0.0454 AU,3.2 days,0.0,Transit
1039,Super Earth,2023,1.92 Earths,1.21 x Earth,0.0576 AU,5.1 days,0.0,Transit
1040,Terrestrial,2023,0.33 Earths,0.74 x Earth,0.028 AU,1.7 days,0.0,Transit
1041,Super Earth,2023,3.39 Earths,1.66 x Earth,0.0473 AU,3.6 days,0.0,Transit
1042,Super Earth,2023,1.98 Earths,1.22 x Earth,0.015 AU,0.8 days,0.0,Transit
1043,Super Earth,2023,3.75 Earths,1.76 x Earth,0.0133 AU,0.6 days,0.0,Transit
1044,Neptune-like,2023,8.8 Earths,0.25961326 x Jupiter,0.4572 AU,116.6 days,0.0,Transit
1045,Super Earth,2023,1.98 Earths,1.22 x Earth,0.0468 AU,4.7 days,0.0,Transit
1046,Neptune-like,2023,16.7 Earths,0.37826811 x Jupiter,0.4025 AU,94.9 days,0.0,Transit
1047,Super Earth,2023,5.02 Earths,2.09 x Earth,0.2323 AU,45 days,0.0,Transit
1048,Neptune-like,2023,8.75 Earths,0.25872112 x Jupiter,0.0905 AU,9.6 days,0.0,Transit
1049,Neptune-like,2023,6.53 Earths,0.21768259 x Jupiter,0.3045 AU,61.6 days,0.0,Transit
1050,Gas Giant,2023,0.153 Jupiters,0.711037 x Jupiter,0.2588 AU,35.8 days,0.0,Transit
1051,Super Earth,2023,4.19 Earths,1.88 x Earth,0.0981 AU,11.6 days,0.0,Transit
1052,Super Earth,2023,4.01 Earths,1.83 x Earth,0.0928 AU,8.9 days,0.0,Transit
1053,Super Earth,2023,3.93 Earths,1.81 x Earth,0.2832 AU,59.3 days,0.0,Transit
1054,Super Earth,2023,2.7 Earths,1.45 x Earth,0.6193 AU,199.7 days,0.0,Transit
1055,Neptune-like,2023,5.9 Earths,0.20519261 x Jupiter,0.6135 AU,180.9 days,0.0,Transit
1056,Gas Giant,2023,Unknown,2.9083822 x Jupiter,0.523 AU,150 days,0.0,Transit
1057,Gas Giant,2023,0.252 Jupiters,0.95369956 x Jupiter,0.0567 AU,5.1 days,0.0,Transit
1058,Neptune-like,2023,9.11 Earths,0.26496611 x Jupiter,0.1394 AU,21 days,0.0,Transit
1059,Neptune-like,2023,10.1 Earths,0.28102466 x Jupiter,0.1792 AU,29.5 days,0.0,Transit
1060,Super Earth,2023,3.43 Earths,1.67 x Earth,0.0634 AU,6.5 days,0.0,Transit
1061,Gas Giant,2023,2.8 Jupiters,1.37 x Jupiter,0.06 AU,4.6 days,0.21,Transit
1062,Gas Giant,2022,0.97 Jupiters,1.23 x Jupiter (estimate),1.36 AU,5.2 years,,Microlensing
1063,Gas Giant,2022,0.95 Jupiters,1.23 x Jupiter (estimate),1.21 AU,2.5 years,,Microlensing
1064,Gas Giant,2022,0.2 Jupiters,0.832 x Jupiter (estimate),1.68 AU,5.4 years,,Microlensing
1065,Neptune-like,2022,17.79839079 Earths,0.393 x Jupiter (estimate),3.23 AU,7 years,,Microlensing
1066,Gas Giant,2022,0.89 Jupiters,1.24 x Jupiter (estimate),1.75 AU,2.7 years,,Microlensing
1067,Super Earth,2023,10.4 Earths,2.332 x Earth,0.1237 AU,16.1 days,< 0.23,Transit
1068,Gas Giant,2023,8.25 Jupiters,1.12 x Jupiter (estimate),0.97 AU,7 years,,Imaging
1069,Gas Giant,2023,1.1 Jupiters,1.23 x Jupiter (estimate),4.16 AU,12.9 years,,Microlensing
1070,Super Earth,2023,5.72 Earths,1.992 x Earth,0.0618 AU,4.9 days,0.05,Transit
1071,Gas Giant,2023,0.272 Jupiters,0.997 x Jupiter (estimate),4.6 AU,9.5 years,0.33,Radial Velocity
1072,Gas Giant,2023,2.31 Jupiters,1.19 x Jupiter (estimate),5.1 AU,11.2 years,0.09,Radial Velocity
1073,Neptune-like,2023,12 Earths,0.312 x Jupiter (estimate),0.5379 AU,151.1 days,0.19,Radial Velocity
1074,Gas Giant,2023,5.29 Jupiters,1.14 x Jupiter (estimate),1.882 AU,2.4 years,0.84,Radial Velocity
1075,Gas Giant,2023,17 Jupiters,1.09 x Jupiter (estimate),15.8 AU,51 years,0.31,Imaging
1076,Gas Giant,2023,0.3 Jupiters,1.0 x Jupiter,0.201 AU,30.1 days,0.15,Transit
1077,Gas Giant,2023,3.5 Jupiters,1.08 x Jupiter,0.3 AU,61.6 days,0.52,Transit
1078,Gas Giant,2023,5.98 Jupiters,1.0 x Jupiter,0.158 AU,22.7 days,0.68,Transit
1079,Gas Giant,2023,27 Jupiters,1.07 x Jupiter (estimate),27 AU,120.5 years,0.52,Imaging
1080,Gas Giant,2022,0.91 Jupiters,1.24 x Jupiter (estimate),4.06 AU,11.8 years,,Microlensing
1081,Gas Giant,2022,0.14 Jupiters,0.674 x Jupiter (estimate),2.86 AU,5.8 years,,Microlensing
1082,Gas Giant,2022,1.15 Jupiters,1.22 x Jupiter (estimate),3.81 AU,9.2 years,,Microlensing
1083,Gas Giant,2022,2.11 Jupiters,1.19 x Jupiter (estimate),2.46 AU,7.2 years,,Microlensing
1084,Gas Giant,2022,0.23 Jupiters,0.903 x Jupiter (estimate),0.87 AU,2.6 years,,Microlensing
1085,Gas Giant,2022,1.45 Jupiters,1.21 x Jupiter (estimate),4.39 AU,12.9 years,,Microlensing
1086,Gas Giant,2023,12.89 Jupiters,1.042 x Jupiter,0.0888 AU,7.2 days,0.33,Transit
1087,Gas Giant,2023,0.23723493 Jupiters,0.92 x Jupiter (estimate),0.794 AU,215.8 days,0.04,Radial Velocity
1088,Neptune-like,2020,11.3 Earths,0.6835 x Jupiter,0.4607 AU,95.4 days,0.03,Transit
1089,Gas Giant,2023,1.3 Jupiters,1.22 x Jupiter (estimate),3.54 AU,8.4 years,,Microlensing
1090,Super Earth,2023,7.5 Earths,1.015 x Earth,0.027 AU,4 days,,Transit
1091,Super Earth,2023,4.32 Earths,1.914 x Earth,0.04 AU,6.4 days,0.1,Transit
1092,Super Earth,2023,2.08 Earths,1.243 x Earth,0.025 AU,3.1 days,0.15,Transit
1093,Gas Giant,2023,0.9 Jupiters,1.24 x Jupiter (estimate),1.85 AU,5.6 years,,Microlensing
1094,Gas Giant,2023,1.26 Jupiters,1.22 x Jupiter (estimate),1.75 AU,3.8 years,,Microlensing
1095,Gas Giant,2023,38.19 Earths,0.616 x Jupiter (estimate),2.22 AU,7.1 years,,Microlensing
1096,Gas Giant,2023,21 Jupiters,1.08 x Jupiter (estimate),2.1 AU,2.2 years,0.1,Radial Velocity
1097,Gas Giant,2022,0.26 Jupiters,0.971 x Jupiter (estimate),1.28 AU,4.8 years,,Microlensing
1098,Gas Giant,2023,Unknown,1.08930511 x Jupiter,0.0565 AU,5 days,0.0,Transit
1099,Gas Giant,2023,3 Jupiters,1.17 x Jupiter (estimate),37.2 AU,166.9 years,,Imaging
1100,Gas Giant,2023,1.08 Jupiters,1.03 x Jupiter,0.0199 AU,1.6 days,0.02,Transit
1101,Gas Giant,2023,4.82 Jupiters,0.994 x Jupiter,0.1166 AU,10.7 days,0.2,Transit
1102,Gas Giant,2023,0.92 Jupiters,1.453 x Jupiter,0.0513 AU,3.8 days,0.12,Transit
1103,Gas Giant,2023,2.83 Jupiters,1.281 x Jupiter,0.05064 AU,3.4 days,0.06,Transit
1104,Gas Giant,2023,5.68 Jupiters,1.092 x Jupiter,0.1117 AU,10.3 days,0.21,Transit
1105,Gas Giant,2023,0.1452 Jupiters,0.6339 x Jupiter,0.0539 AU,4.5 days,0.15,Transit
1106,Gas Giant,2023,0.972 Jupiters,0.994 x Jupiter,0.04389 AU,3.7 days,0.05,Transit
1107,Gas Giant,2023,8.02 Jupiters,1.12 x Jupiter (estimate),0.591 AU,155.3 days,0.25,Transit
1108,Gas Giant,2023,6.14 Jupiters,1.0 x Jupiter,0.369 AU,76.8 days,0.45,Transit
1109,Gas Giant,2022,3.4 Jupiters,1.17 x Jupiter (estimate),3.53 AU,9.5 years,0.15,Radial Velocity
1110,Gas Giant,2023,2.31 Jupiters,1.11 x Jupiter,0.0555 AU,4.3 days,0.0,Transit
1111,Gas Giant,2023,0.794 Jupiters,1.183 x Jupiter,0.04036 AU,2.9 days,0.0,Transit
1112,Gas Giant,2023,0.43 Jupiters,1.187 x Jupiter,0.04823 AU,4.1 days,0.0,Transit
1113,Gas Giant,2023,0.73 Jupiters,1.164 x Jupiter,0.04469 AU,3.2 days,0.0,Transit
1114,Gas Giant,2023,0.175 Jupiters,1.095 x Jupiter,0.0743 AU,6.6 days,0.0,Transit
1115,Gas Giant,2023,0.406 Jupiters,1.274 x Jupiter,0.0463 AU,3.5 days,0.0,Transit
1116,Gas Giant,2023,1.11 Jupiters,1.172 x Jupiter,0.04611 AU,3.2 days,0.0,Transit
1117,Gas Giant,2023,1.04 Jupiters,1.65 x Jupiter,0.0421 AU,2.9 days,0.0,Transit
1118,Gas Giant,2023,0.98 Jupiters,1.167 x Jupiter,0.0456 AU,3.2 days,0.0,Transit
1119,Gas Giant,2023,1.67 Jupiters,1.091 x Jupiter,0.0675 AU,5.9 days,0.0,Transit
1120,Gas Giant,2023,0.62 Jupiters,1.466 x Jupiter,0.0505 AU,3.9 days,0.0,Transit
1121,Gas Giant,2023,1.68 Jupiters,1.174 x Jupiter,0.03386 AU,2.4 days,0.0,Transit
1122,Gas Giant,2023,0.37 Jupiters,1.146 x Jupiter,0.0475 AU,3.6 days,0.0,Transit
1123,Gas Giant,2023,0.71 Jupiters,1.363 x Jupiter,0.0493 AU,4 days,0.0,Transit
1124,Gas Giant,2023,0.975 Jupiters,1.616 x Jupiter,0.03185 AU,2 days,0.0,Transit
1125,Super Earth,2023,4.67 Earths,2.0 x Earth (estimate),0.048 AU,8.8 days,,Radial Velocity
1126,Super Earth,2023,4.53 Earths,1.704 x Earth,0.0422 AU,3.8 days,0.05,Transit
1127,Gas Giant,2023,0.44 Jupiters,1.54 x Jupiter,0.0569 AU,4.8 days,0.0,Transit
1128,Gas Giant,2023,0.218 Jupiters,1.077 x Jupiter,0.0635 AU,5.5 days,0.0,Transit
1129,Gas Giant,2023,0.25 Jupiters,1.29 x Jupiter,0.0571 AU,4.5 days,0.0,Transit
1130,Gas Giant,2023,0.225 Jupiters,0.768 x Jupiter,0.04871 AU,4 days,0.0,Transit
1131,Gas Giant,2023,2.01 Jupiters,1.247 x Jupiter,0.01932 AU,0.9 days,0.0,Transit
1132,Super Earth,2023,1.26 Earths,1.08 x Earth (estimate),0.0672 AU,15.6 days,,Radial Velocity
1133,Gas Giant,2023,0.665 Jupiters,1.017 x Jupiter,0.02709 AU,2.6 days,< 0.029,Transit
1134,Gas Giant,2023,0.657 Jupiters,0.904 x Jupiter,0.249 AU,49.3 days,0.16,Transit
1135,Neptune-like,2023,26.69758619 Earths,0.774 x Jupiter,0.1511 AU,23.3 days,0.17,Transit
1136,Gas Giant,2023,3.61 Jupiters,1.16 x Jupiter (estimate),8.996 AU,24.4 years,0.01,Imaging
1137,Neptune-like,2022,37.1 Earths,0.606 x Jupiter (estimate),2.7 AU,5.4 years,,Microlensing
1138,Super Earth,2021,2.48 Earths,1.38 x Earth (estimate),3.4 AU,8 years,,Microlensing
1139,Neptune-like,2022,6.4 Earths,0.215 x Jupiter (estimate),2 AU,4.1 years,,Microlensing
1140,Neptune-like,2022,20.1 Earths,0.422 x Jupiter (estimate),2.2 AU,4.8 years,,Microlensing
1141,Neptune-like,2022,16.3 Earths,0.373 x Jupiter (estimate),3 AU,6.6 years,,Microlensing
1142,Neptune-like,2023,5.27 Earths,2.15 x Earth (estimate),1.75 AU,3.8 years,,Microlensing
1143,Super Earth,2022,4.55 Earths,1.97 x Earth (estimate),2.29 AU,5.7 years,,Microlensing
1144,Gas Giant,2022,0.19277698 Jupiters,0.814 x Jupiter (estimate),2.37 AU,5.6 years,,Microlensing
1145,Neptune-like,2022,19.05 Earths,0.409 x Jupiter (estimate),1.52 AU,3.8 years,,Microlensing
1146,Gas Giant,2022,0.45 Jupiters,1.28 x Jupiter (estimate),2.43 AU,6.3 years,,Microlensing
1147,Gas Giant,2022,0.28 Jupiters,1.01 x Jupiter (estimate),2 AU,4.1 years,,Microlensing
1148,Super Earth,2023,4.67 Earths,2.0 x Earth (estimate),3.02 AU,6.1 years,,Microlensing
1149,Gas Giant,2022,4.05 Jupiters,1.16 x Jupiter (estimate),2.6 AU,4.7 years,,Microlensing
1150,Super Earth,2023,4.08 Earths,1.85 x Earth (estimate),1.7 AU,4.4 years,,Microlensing
1151,Gas Giant,2022,0.19 Jupiters,0.807 x Jupiter (estimate),1.7 AU,4 years,,Microlensing
1152,Neptune-like,2022,15.5 Earths,0.362 x Jupiter (estimate),1.1 AU,2.2 years,,Microlensing
1153,Neptune-like,2022,9.2 Earths,0.266 x Jupiter (estimate),3.1 AU,6.5 years,,Microlensing
1154,Super Earth,2023,3.54 Earths,1.7 x Earth (estimate),1.78 AU,3.7 years,,Microlensing
1155,Neptune-like,2023,5.19 Earths,2.13 x Earth (estimate),1.38 AU,2.9 years,,Microlensing
1156,Neptune-like,2023,5.59 Earths,2.23 x Earth (estimate),1.81 AU,4.2 years,,Microlensing
1157,Super Earth,2023,2.32 Earths,1.33 x Earth (estimate),2.44 AU,6 years,,Microlensing
1158,Gas Giant,2023,0.996 Jupiters,1.23 x Jupiter (estimate),0.974 AU,386.3 days,0.11,Radial Velocity
1159,Gas Giant,2023,0.60095321 Jupiters,1.26 x Jupiter (estimate),1.27 AU,500 days,0.0,Radial Velocity
1160,Gas Giant,2022,10.22 Jupiters,1.11 x Jupiter (estimate),2.77 AU,4.8 years,,Microlensing
1161,Gas Giant,2023,2.3 Jupiters,1.118 x Jupiter,0.768 AU,225.1 days,0.76,Transit
1162,Neptune-like,2023,4.8 Earths,0.2095641 x Jupiter,0.0804 AU,10.7 days,0.0,Transit
1163,Super Earth,2023,7.3 Earths,2.329 x Earth,0.0519 AU,5.5 days,0.0,Transit
1164,Neptune-like,2023,28.24 Earths,0.47015872 x Jupiter,0.0445 AU,3.8 days,0.12,Transit
1165,Gas Giant,2022,3.43 Jupiters,1.17 x Jupiter (estimate),3.29 AU,6.2 years,,Microlensing
1166,Gas Giant,2023,0.53 Jupiters,0.94 x Jupiter,Unknown,31 days,0.51,Transit
1167,Neptune-like,2023,10.62 Earths,0.29 x Jupiter (estimate),0.5714 AU,389.7 days,,Radial Velocity
1168,Gas Giant,2016,2.19 Jupiters,1.19 x Jupiter (estimate),1.24 AU,402.4 days,0.2,Radial Velocity
1169,Terrestrial,2023,0.818 Earths,0.953 x Earth,0.134 AU,27.8 days,0.06,Transit
1170,Gas Giant,2020,0.45307467 Jupiters,1.27 x Jupiter (estimate),2.17 AU,5.4 years,,Microlensing
1171,Neptune-like,2022,11.3 Earths,0.301 x Jupiter (estimate),1.11 AU,2.4 years,,Microlensing
1172,Gas Giant,2022,0.25 Jupiters,0.949 x Jupiter (estimate),0.93 AU,2.4 years,,Microlensing
1173,Gas Giant,2022,0.22 Jupiters,0.88 x Jupiter (estimate),1.26 AU,3.8 years,,Microlensing
1174,Gas Giant,2022,0.26964235 Jupiters,0.992 x Jupiter (estimate),1.07 AU,416 days,0.0,Radial Velocity
1175,Terrestrial,2022,0.43 Earths,0.797 x Earth (estimate),0.1803 AU,38.2 days,0.11,Transit Timing Variations
1176,Gas Giant,2022,0.21 Jupiters,0.856 x Jupiter (estimate),2.8 AU,6.3 years,,Microlensing
1177,Gas Giant,2022,3.67 Jupiters,1.16 x Jupiter (estimate),2.34 AU,4.5 years,,Microlensing
1178,Super Earth,2022,1.36 Earths,1.1 x Earth (estimate),0.0738 AU,21.2 days,,Radial Velocity
1179,Super Earth,2022,1.08 Earths,1.03 x Earth (estimate),0.0457 AU,10.3 days,,Radial Velocity
1180,Neptune-like,2022,11.84 Earths,0.27834824 x Jupiter,0.1116 AU,16.6 days,0.0,Transit
1181,Gas Giant,2022,4.57 Jupiters,1.15 x Jupiter (estimate),1.16 AU,1.5 years,,Microlensing
1182,Neptune-like,2022,7.22 Earths,0.23106472 x Jupiter,Unknown,13.9 days,0.3,Transit
1183,Neptune-like,2022,8.69 Earths,0.25765055 x Jupiter,Unknown,9.2 days,0.18,Transit
1184,Neptune-like,2022,5.6 Earths,0.22571187 x Jupiter,0.229 AU,39.5 days,0.04,Transit
1185,Neptune-like,2022,9.7 Earths,0.33329657 x Jupiter,0.174 AU,26.3 days,0.0,Transit
1186,Neptune-like,2022,6.07 Earths,0.23543622 x Jupiter,0.14 AU,18.8 days,0.04,Transit
1187,Neptune-like,2022,8.35 Earths,0.412794 x Jupiter,0.1062 AU,12.5 days,0.04,Transit
1188,Neptune-like,2022,6.32 Earths,0.25684762 x Jupiter,0.0669 AU,6.3 days,0.11,Transit
1189,Neptune-like,2022,3.5 Earths,1.9 x Earth,0.05106 AU,4.2 days,0.03,Transit
1190,Gas Giant,2022,11.1 Jupiters,1.46 x Jupiter,3.74 AU,6.3 years,0.28,Imaging
1191,Neptune-like,2022,22.24798849 Earths,0.448 x Jupiter (estimate),1.15 AU,3.3 years,,Microlensing
1192,Neptune-like,2022,34.96112477 Earths,0.585 x Jupiter (estimate),1.62 AU,4 years,,Microlensing
1193,Gas Giant,2022,5.52 Jupiters,1.14 x Jupiter (estimate),2.92 AU,6.7 years,,Microlensing
1194,Gas Giant,2022,18 Jupiters,1.08 x Jupiter (estimate),Unknown,365 days,,Microlensing
1195,Super Earth,2022,6.36 Earths,1.9 x Earth,0.033548 AU,3.1 days,< 0.097,Transit
1196,Gas Giant,2022,0.85 Jupiters,1.24 x Jupiter (estimate),0.1512 AU,20.7 days,0.15,Radial Velocity
1197,Gas Giant,2022,1.6 Jupiters,1.046 x Jupiter,0.791 AU,225.6 days,0.0,Transit
1198,Neptune-like,2022,7.51 Earths,0.23641757 x Jupiter,0.0269 AU,4 days,,Transit
1199,Gas Giant,2022,0.13875412 Jupiters,0.44325757 x Jupiter,0.0374 AU,2.7 days,0.0,Transit
1200,Super Earth,2022,7.42 Earths,1.72 x Earth,0.018 AU,0.9 days,0.0,Transit
1201,Gas Giant,2022,0.639 Jupiters,1.023 x Jupiter,0.0388 AU,2.8 days,0.0,Transit
1202,Gas Giant,2022,0.52 Jupiters,1.214 x Jupiter,0.0479 AU,3.5 days,0.0,Transit
1203,Gas Giant,2022,0.613 Jupiters,1.267 x Jupiter,0.0504 AU,4.1 days,0.0,Transit
1204,Neptune-like,2022,13.5 Earths,0.334 x Jupiter (estimate),0.812 AU,284 days,0.03,Radial Velocity
1205,Neptune-like,2022,4.1 Earths,2.126 x Earth,0.08608 AU,15.5 days,0.11,Transit
1206,Super Earth,2022,3.04 Earths,1.401 x Earth,0.02107 AU,1.9 days,0.01,Transit
1207,Neptune-like,2022,5.13 Earths,2.116 x Earth,0.0586 AU,5.9 days,,Transit
1208,Super Earth,2022,4.38 Earths,1.9287 x Earth,0.0552 AU,6.7 days,,Transit
1209,Super Earth,2022,1.98 Earths,1.219 x Earth,0.0487 AU,4.4 days,,Transit
1210,Super Earth,2022,2.05 Earths,1.2327 x Earth,0.0426 AU,5.3 days,,Transit
1211,Terrestrial,2022,0.363 Earths,0.7599 x Earth,0.0117 AU,0.8 days,,Transit
1212,Terrestrial,2022,0.937 Earths,0.9898 x Earth,0.0511 AU,3.2 days,,Transit
1213,Neptune-like,2022,24.1 Earths,0.23195686 x Jupiter,0.048 AU,4.1 days,0.34,Transit
1214,Gas Giant,2022,11.3 Jupiters,1.11 x Jupiter (estimate),2.52 AU,4.7 years,0.63,Radial Velocity
1215,Neptune-like,2022,9.1 Earths,0.2466772 x Jupiter,0.02636 AU,1.8 days,,Transit
1216,Gas Giant,2021,19.5 Jupiters,1.25 x Jupiter,10.75 AU,30.4 years,0.07,Imaging
1217,Neptune-like,2022,14.62010672 Earths,0.35 x Jupiter (estimate),2.41 AU,5.6 years,,Microlensing
1218,Gas Giant,2022,38.13940884 Earths,0.616 x Jupiter (estimate),0.72 AU,2.2 years,,Microlensing
1219,Neptune-like,2022,32.59 Earths,0.57364716 x Jupiter,0.0361 AU,4.5 days,0.06,Transit
1220,Gas Giant,2022,0.38 Jupiters,1.21 x Jupiter (estimate),2.89 AU,6.5 years,,Microlensing
1221,Neptune-like,2022,31.7828407 Earths,0.553 x Jupiter (estimate),1.54 AU,3.4 years,,Microlensing
1222,Gas Giant,2022,2.36 Jupiters,1.33 x Jupiter,0.0236 AU,1.5 days,0.0,Transit
1223,Gas Giant,2022,14.4 Jupiters,1.09 x Jupiter (estimate),242.4 AU,1251.8 years,0.56,Imaging
1224,Gas Giant,2009,8.78 Jupiters,1.12 x Jupiter (estimate),1.19 AU,428.5 days,0.14,Radial Velocity
1225,Gas Giant,2015,1.53 Jupiters,1.21 x Jupiter (estimate),4.43 AU,8.5 years,0.4,Radial Velocity
1226,Gas Giant,2022,0.73 Jupiters,1.25 x Jupiter (estimate),1.9 AU,3.8 years,,Microlensing
1227,Neptune-like,2022,14.9 Earths,0.354 x Jupiter (estimate),0.3797 AU,91.9 days,0.13,Radial Velocity
1228,Gas Giant,2022,1.32 Jupiters,1.009 x Jupiter,0.332 AU,75.1 days,0.02,Transit
1229,Neptune-like,2022,6.08 Earths,0.209 x Jupiter,0.1456 AU,24.3 days,0.0,Transit
1230,Neptune-like,2022,5.56 Earths,2.22 x Earth,0.0678 AU,6.8 days,0.0,Transit
1231,Gas Giant,2022,18.15 Jupiters,1.08 x Jupiter (estimate),5.14 AU,9.7 years,0.85,Radial Velocity
1232,Gas Giant,2022,0.45 Jupiters,1.28 x Jupiter (estimate),1.92 AU,2.3 years,0.0,Radial Velocity
1233,Gas Giant,2022,0.3 Jupiters,1.06 x Jupiter (estimate),1.334 AU,484.3 days,0.0,Radial Velocity
1234,Gas Giant,2022,0.31 Jupiters,1.08 x Jupiter (estimate),0.94 AU,286.6 days,0.0,Radial Velocity
1235,Gas Giant,2022,0.18469085 Jupiters,0.91890603 x Jupiter,0.098 AU,10.6 days,< 0.13,Transit
1236,Neptune-like,2022,23.7 Earths,0.46569801 x Jupiter,Unknown,4.9 days,,Transit
1237,Neptune-like,2022,24.8 Earths,0.47738507 x Jupiter,Unknown,12.2 days,,Transit
1238,Neptune-like,2022,8 Earths,0.24533899 x Jupiter,Unknown,8 days,,Transit
1239,Super Earth,2022,0.77 Earths,1.137 x Earth,0.0906 AU,12.2 days,0.07,Transit
1240,Terrestrial,2022,0.72 Earths,0.818 x Earth,0.068 AU,7.9 days,0.07,Transit
1241,Terrestrial,2022,0.55 Earths,0.75 x Earth,0.04298 AU,4 days,0.07,Transit
1242,Gas Giant,2022,2.2 Jupiters,1.19 x Jupiter (estimate),3.2 AU,7.6 years,,Microlensing
1243,Neptune-like,2022,21.61233168 Earths,0.441 x Jupiter (estimate),0.234 AU,50.7 days,0.3,Radial Velocity
1244,Gas Giant,2022,13.07 Jupiters,1.1 x Jupiter (estimate),11.154 AU,38.4 years,0.11,Radial Velocity
1245,Gas Giant,2022,15.317 Jupiters,1.09 x Jupiter (estimate),7.457 AU,20.1 years,0.25,Radial Velocity
1246,Gas Giant,2022,7.485 Jupiters,1.13 x Jupiter (estimate),5.067 AU,6.8 years,0.2,Radial Velocity
1247,Gas Giant,2022,3.48 Jupiters,1.17 x Jupiter (estimate),1.771 AU,1.4 years,0.73,Radial Velocity
1248,Gas Giant,2022,9.866 Jupiters,1.11 x Jupiter (estimate),22.21 AU,99.6 years,0.17,Radial Velocity
1249,Neptune-like,2022,10.48833743 Earths,0.288 x Jupiter (estimate),0.054 AU,4.4 days,0.38,Radial Velocity
1250,Gas Giant,2022,12.8 Jupiters,1.1 x Jupiter (estimate),18.2 AU,72.6 years,0.29,Radial Velocity
1251,Gas Giant,2022,0.804 Jupiters,1.24 x Jupiter (estimate),0.923 AU,228.5 days,0.17,Radial Velocity
1252,Gas Giant,2020,19.821 Jupiters,1.08 x Jupiter (estimate),6.805 AU,14.9 years,0.16,Radial Velocity
1253,Gas Giant,2022,12.803 Jupiters,1.1 x Jupiter (estimate),16.761 AU,70 years,0.04,Radial Velocity
1254,Super Earth,2022,4.76742611 Earths,2.03 x Earth (estimate),0.034 AU,2.4 days,0.24,Radial Velocity
1255,Super Earth,2022,3.49611248 Earths,1.69 x Earth (estimate),0.035 AU,2.5 days,0.55,Radial Velocity
1256,Gas Giant,2022,0.314 Jupiters,1.08 x Jupiter (estimate),0.118 AU,14.2 days,0.1,Radial Velocity
1257,Gas Giant,2022,16.527 Jupiters,1.09 x Jupiter (estimate),17.848 AU,72.1 years,0.05,Radial Velocity
1258,Gas Giant,2022,38.13940884 Earths,0.616 x Jupiter (estimate),0.242 AU,41.8 days,0.05,Radial Velocity
1259,Neptune-like,2022,9.2170238 Earths,0.267 x Jupiter (estimate),0.099 AU,11.1 days,0.41,Radial Velocity
1260,Gas Giant,2022,0.392 Jupiters,1.24 x Jupiter (estimate),0.177 AU,25.3 days,0.14,Radial Velocity
1261,Gas Giant,2022,5.228 Jupiters,1.14 x Jupiter (estimate),8.415 AU,21.5 years,0.39,Radial Velocity
1262,Neptune-like,2022,15.89142035 Earths,0.368 x Jupiter (estimate),0.167 AU,21.9 days,0.11,Radial Velocity
1263,Gas Giant,2022,5.148 Jupiters,1.15 x Jupiter (estimate),14.131 AU,49.7 years,0.14,Radial Velocity
1264,Gas Giant,2022,38.45723725 Earths,0.619 x Jupiter (estimate),0.16 AU,21.9 days,0.5,Radial Velocity
1265,Neptune-like,2022,20.34101805 Earths,0.425 x Jupiter (estimate),0.242 AU,40.4 days,0.82,Radial Velocity
1266,Gas Giant,2022,18.063 Jupiters,1.08 x Jupiter (estimate),17.25 AU,72.5 years,0.56,Radial Velocity
1267,Gas Giant,2022,0.16 Jupiters,0.729 x Jupiter (estimate),0.534 AU,142.2 days,0.65,Radial Velocity
1268,Gas Giant,2022,0.23 Jupiters,0.903 x Jupiter (estimate),0.406 AU,85 days,0.23,Radial Velocity
1269,Gas Giant,2022,26.491 Jupiters,1.07 x Jupiter (estimate),35.731 AU,211.3 years,0.13,Radial Velocity
1270,Neptune-like,2022,25.42627256 Earths,0.485 x Jupiter (estimate),0.091 AU,10 days,0.46,Radial Velocity
1271,Gas Giant,2022,22.609 Jupiters,1.07 x Jupiter (estimate),2.325 AU,1.7 years,0.1,Radial Velocity
1272,Gas Giant,2022,5.131 Jupiters,1.15 x Jupiter (estimate),12.688 AU,46.8 years,0.09,Radial Velocity
1273,Gas Giant,2022,19.4 Jupiters,1.08 x Jupiter (estimate),21.5 AU,97.3 years,0.11,Radial Velocity
1274,Gas Giant,2022,7.868 Jupiters,1.12 x Jupiter (estimate),8.54 AU,25.5 years,0.15,Radial Velocity
1275,Gas Giant,2022,6 Jupiters,1.14 x Jupiter (estimate),8.5 AU,24.9 years,0.15,Radial Velocity
1276,Neptune-like,2022,7.31005336 Earths,0.233 x Jupiter (estimate),0.038 AU,2.5 days,0.4,Radial Velocity
1277,Gas Giant,2022,8.135 Jupiters,1.12 x Jupiter (estimate),5.062 AU,14.1 years,0.36,Radial Velocity
1278,Gas Giant,2022,10.319 Jupiters,1.11 x Jupiter (estimate),11.364 AU,42 years,0.21,Radial Velocity
1279,Neptune-like,2022,30.82935548 Earths,0.543 x Jupiter (estimate),0.088 AU,10.5 days,0.23,Radial Velocity
1280,Gas Giant,2022,9.403 Jupiters,1.12 x Jupiter (estimate),12.319 AU,52.7 years,0.15,Radial Velocity
1281,Gas Giant,2022,0.136 Jupiters,0.663 x Jupiter (estimate),0.426 AU,99.6 days,0.37,Radial Velocity
1282,Gas Giant,2022,9.998 Jupiters,1.11 x Jupiter (estimate),17.53 AU,79.4 years,0.19,Radial Velocity
1283,Neptune-like,2022,10.80616584 Earths,0.293 x Jupiter (estimate),0.088 AU,10.3 days,0.22,Radial Velocity
1284,Gas Giant,2022,5.909 Jupiters,1.14 x Jupiter (estimate),13.183 AU,47.1 years,0.07,Radial Velocity
1285,Neptune-like,2022,7.62788177 Earths,0.239 x Jupiter (estimate),0.03 AU,1.9 days,0.19,Radial Velocity
1286,Gas Giant,2022,27.454 Jupiters,1.06 x Jupiter (estimate),21.449 AU,111.4 years,0.15,Radial Velocity
1287,Neptune-like,2022,17.48056238 Earths,0.389 x Jupiter (estimate),0.111 AU,15.3 days,0.51,Radial Velocity
1288,Neptune-like,2022,20.34101805 Earths,0.425 x Jupiter (estimate),0.068 AU,7.3 days,0.07,Radial Velocity
1289,Gas Giant,2022,25.1 Jupiters,1.07 x Jupiter (estimate),10.138 AU,47.3 years,0.38,Radial Velocity
1290,Neptune-like,2022,11.44182265 Earths,0.303 x Jupiter (estimate),0.091 AU,10.7 days,0.93,Radial Velocity
1291,Gas Giant,2022,12.597 Jupiters,1.1 x Jupiter (estimate),12.404 AU,45.3 years,0.36,Radial Velocity
1292,Gas Giant,2022,0.26 Jupiters,0.971 x Jupiter (estimate),0.474 AU,108.5 days,0.13,Radial Velocity
1293,Gas Giant,2022,1.8 Jupiters,1.2 x Jupiter (estimate),11.8 AU,39.4 years,0.77,Radial Velocity
1294,Neptune-like,2022,15.57359194 Earths,0.363 x Jupiter (estimate),0.085 AU,9 days,0.47,Radial Velocity
1295,Neptune-like,2022,27.333243 Earths,0.506 x Jupiter (estimate),0.287 AU,65.8 days,0.24,Radial Velocity
1296,Gas Giant,2022,27.099 Jupiters,1.06 x Jupiter (estimate),16.714 AU,67 years,0.4,Radial Velocity
1297,Gas Giant,2022,20.6 Jupiters,1.08 x Jupiter (estimate),15.037 AU,68.4 years,0.23,Radial Velocity
1298,Gas Giant,2022,8.149 Jupiters,1.12 x Jupiter (estimate),15.898 AU,71.6 years,0.14,Radial Velocity
1299,Gas Giant,2022,21.105 Jupiters,1.08 x Jupiter (estimate),6.925 AU,17.7 years,0.36,Radial Velocity
1300,Gas Giant,2022,7.903 Jupiters,1.12 x Jupiter (estimate),13.895 AU,50.8 years,0.16,Radial Velocity
1301,Gas Giant,2022,9.053 Jupiters,1.12 x Jupiter (estimate),15.947 AU,70.6 years,0.22,Radial Velocity
1302,Gas Giant,2022,23.614 Jupiters,1.07 x Jupiter (estimate),9.95 AU,29.7 years,0.31,Radial Velocity
1303,Gas Giant,2022,5.5 Jupiters,1.14 x Jupiter (estimate),6.462 AU,17.5 years,0.2,Radial Velocity
1304,Gas Giant,2022,8.519 Jupiters,1.12 x Jupiter (estimate),11.842 AU,39.2 years,0.15,Radial Velocity
1305,Gas Giant,2022,24.93 Jupiters,1.07 x Jupiter (estimate),36.984 AU,205 years,0.77,Radial Velocity
1306,Gas Giant,2022,18.77 Jupiters,1.08 x Jupiter (estimate),6.15 AU,14.1 years,0.61,Radial Velocity
1307,Gas Giant,2022,5.918 Jupiters,1.14 x Jupiter (estimate),6.426 AU,16.1 years,0.27,Radial Velocity
1308,Gas Giant,2022,26.572 Jupiters,1.07 x Jupiter (estimate),15.369 AU,55.7 years,0.56,Radial Velocity
1309,Gas Giant,2022,0.82 Jupiters,0.96 x Jupiter,0.075 AU,8.6 days,< 0.07,Transit
1310,Gas Giant,2022,3.6 Jupiters,1.061 x Jupiter,0.0892 AU,8.9 days,0.39,Transit
1311,Gas Giant,2022,2.3 Jupiters,1.14 x Jupiter,0.061 AU,4.9 days,0.04,Transit
1312,Gas Giant,2022,5.473 Jupiters,1.14 x Jupiter (estimate),13.39 AU,56.5 years,0.26,Radial Velocity
1313,Gas Giant,2022,0.524 Jupiters,1.27 x Jupiter (estimate),3.758 AU,7 years,0.16,Radial Velocity
1314,Gas Giant,2022,11.207 Jupiters,1.11 x Jupiter (estimate),11.116 AU,35.9 years,0.25,Radial Velocity
1315,Gas Giant,2022,5.03 Jupiters,1.15 x Jupiter (estimate),2.406 AU,3.1 years,0.56,Radial Velocity
1316,Gas Giant,2022,29.365 Jupiters,1.06 x Jupiter (estimate),12.027 AU,40 years,0.03,Radial Velocity
1317,Gas Giant,2022,11.3 Jupiters,1.11 x Jupiter (estimate),8.8 AU,28.1 years,0.68,Radial Velocity
1318,Gas Giant,2022,6.78 Jupiters,1.13 x Jupiter (estimate),10.961 AU,40.5 years,0.19,Radial Velocity
1319,Gas Giant,2022,13.102 Jupiters,1.1 x Jupiter (estimate),2.327 AU,3.3 years,0.34,Radial Velocity
1320,Gas Giant,2022,5.489 Jupiters,1.14 x Jupiter (estimate),4.172 AU,6.6 years,0.16,Radial Velocity
1321,Gas Giant,2022,10.904 Jupiters,1.11 x Jupiter (estimate),10.817 AU,40.8 years,0.17,Radial Velocity
1322,Gas Giant,2022,7.899 Jupiters,1.12 x Jupiter (estimate),20.247 AU,89.5 years,0.14,Radial Velocity
1323,Gas Giant,2022,8.176 Jupiters,1.12 x Jupiter (estimate),13.38 AU,47.2 years,0.28,Radial Velocity
1324,Gas Giant,2022,21.821 Jupiters,1.08 x Jupiter (estimate),12.518 AU,46.9 years,0.06,Radial Velocity
1325,Neptune-like,2022,7.32 Earths,0.232849 x Jupiter,Unknown,13.8 days,0.13,Transit
1326,Super Earth,2022,25.3 Earths,1.367 x Earth,0.03984 AU,8.5 days,,Transit
1327,Super Earth,2022,13.2 Earths,1.32 x Earth,0.01875 AU,2.7 days,,Transit
1328,Neptune-like,2022,13.3 Earths,0.3309846 x Jupiter,0.229 AU,29 days,< 0.68,Transit
1329,Gas Giant,2022,2.26 Jupiters,1.19 x Jupiter (estimate),0.63965 AU,284.4 days,0.35,Astrometry
1330,Neptune-like,2022,4.52 Earths,2.18 x Earth,0.0316 AU,2.9 days,< 0.25,Transit
1331,Super Earth,2022,4.82 Earths,1.672 x Earth,0.061 AU,11.1 days,0.0,Transit
1332,Neptune-like,2022,11.2 Earths,0.299 x Jupiter (estimate),3.5 AU,7.4 years,,Microlensing
1333,Neptune-like,2022,6.68 Earths,0.22071588 x Jupiter,0.3405 AU,84.8 days,0.07,Transit
1334,Neptune-like,2022,7.76 Earths,0.24096749 x Jupiter,0.2447 AU,51.7 days,0.09,Transit
1335,Super Earth,2022,4.85 Earths,2.049 x Earth,0.07928 AU,9.5 days,0.54,Transit
1336,Gas Giant,2022,0.26838381 Jupiters,1.07057014 x Jupiter,0.03845 AU,3.4 days,0.14,Transit
1337,Gas Giant,2022,1.18 Jupiters,2.1 x Jupiter,0.04289 AU,3.1 days,0.0,Transit
1338,Gas Giant,2022,0.14473219 Jupiters,0.688 x Jupiter (estimate),2.5 AU,5.2 years,,Microlensing
1339,Gas Giant,2022,1.44 Jupiters,1.211 x Jupiter,0.05222 AU,3.8 days,0.0,Transit
1340,Gas Giant,2022,1.02 Jupiters,1.124 x Jupiter,0.0813 AU,9.1 days,0.0,Transit
1341,Gas Giant,2022,2.27 Jupiters,1.158 x Jupiter,0.03144 AU,2 days,0.0,Transit
1342,Gas Giant,2022,0.82 Jupiters,1.217 x Jupiter,0.04145 AU,3 days,0.0,Transit
1343,Gas Giant,2022,0.201 Jupiters,0.975 x Jupiter,0.0672 AU,6 days,0.0,Transit
1344,Gas Giant,2022,0.333 Jupiters,0.925 x Jupiter,0.0543 AU,4.3 days,0.0,Transit
1345,Gas Giant,2022,1.58 Jupiters,1.282 x Jupiter,0.05009 AU,3.5 days,0.0,Transit
1346,Gas Giant,2022,0.64 Jupiters,0.995 x Jupiter,0.0854 AU,8 days,0.17,Transit
1347,Gas Giant,2022,0.94 Jupiters,1.77 x Jupiter,0.03319 AU,2.1 days,0.0,Transit
1348,Neptune-like,2022,26 Earths,0.31314176 x Jupiter,0.02234 AU,1.2 days,0.0,Transit
1349,Gas Giant,2022,3.26 Jupiters,1.17 x Jupiter (estimate),2.18 AU,5 years,,Microlensing
1350,Gas Giant,2021,27 Jupiters,1.07 x Jupiter (estimate),22.3 AU,150.5 years,,Microlensing
1351,Super Earth,2021,1.87 Earths,1.2 x Earth (estimate),2.07 AU,4.3 years,,Microlensing
1352,Gas Giant,2022,0.68 Jupiters,1.41 x Jupiter,0.066 AU,5.6 days,0.0,Transit
1353,Super Earth,2022,18.4 Earths,3.11976057 x Earth,0.04726 AU,3.6 days,0.0,Transit
1354,Super Earth,2022,2.8 Earths,1.46954368 x Earth,0.02061 AU,1 days,0.0,Transit
1355,Neptune-like,2022,5.71 Earths,0.201 x Jupiter (estimate),0.081 AU,15 days,0.0,Radial Velocity
1356,Gas Giant,2022,1.1 Jupiters,1.68 x Jupiter,0.0429 AU,3.2 days,0.0,Transit
1357,Neptune-like,2022,17.142 Earths,0.384 x Jupiter (estimate),Unknown,9 days,,Radial Velocity
1358,Gas Giant,2020,0.453 Jupiters,1.27 x Jupiter (estimate),1.731 AU,6.4 years,0.09,Radial Velocity
1359,Neptune-like,2022,9.5 Earths,0.3416903 x Jupiter,0.107 AU,13 days,< 0.2,Transit
1360,Neptune-like,2022,24.1 Earths,0.3800524 x Jupiter,0.041 AU,3.3 days,0.34,Transit
1361,Gas Giant,2022,3.26 Jupiters,1.06 x Jupiter,0.158 AU,20.3 days,0.09,Transit
1362,Gas Giant,2022,2.98 Jupiters,1.07 x Jupiter,0.313 AU,54.2 days,0.43,Transit
1363,Gas Giant,2022,0.66010462 Jupiters,1.25 x Jupiter (estimate),0.1467 AU,21.5 days,0.38,Transit Timing Variations
1364,Neptune-like,2022,17.1 Earths,0.38362097 x Jupiter,0.0504 AU,4.3 days,0.12,Transit
1365,Gas Giant,2022,24 Jupiters,1.07 x Jupiter (estimate),17 AU,60.3 years,0.36,Imaging
1366,Neptune-like,2022,8.35 Earths,0.25158398 x Jupiter,0.0164 AU,1.2 days,,Transit
1367,Gas Giant,2022,0.26 Jupiters,0.74 x Jupiter,0.043 AU,3.9 days,0.05,Transit
1368,Super Earth,2022,4.82 Earths,2.04 x Earth,0.0752 AU,10.5 days,,Transit
1369,Gas Giant,2022,0.7 Jupiters,1.01 x Jupiter,0.027 AU,2.2 days,0.03,Transit
1370,Gas Giant,2022,0.2 Jupiters,0.832 x Jupiter (estimate),0.452 AU,89.9 days,0.19,Radial Velocity
1371,Super Earth,2022,3.09 Earths,1.533 x Earth,0.04749 AU,5.7 days,0.04,Transit
1372,Super Earth,2022,2.14 Earths,1.24 x Earth,0.02933 AU,2.8 days,0.04,Transit
1373,Gas Giant,2022,8.5 Jupiters,1.12 x Jupiter (estimate),1.1 AU,402 days,0.2,Radial Velocity
1374,Gas Giant,2022,4.2 Jupiters,1.16 x Jupiter (estimate),1.7 AU,1.6 years,0.4,Radial Velocity
1375,Gas Giant,2022,2.4 Jupiters,1.18 x Jupiter (estimate),1.4 AU,1.5 years,0.2,Radial Velocity
1376,Gas Giant,2022,3.35 Jupiters,1.3 x Jupiter,0.0561 AU,4.1 days,0.03,Transit
1377,Super Earth,2022,4 Earths,1.83 x Earth (estimate),0.05366 AU,10.8 days,0.33,Radial Velocity
1378,Gas Giant,2022,1.5 Jupiters,1.21 x Jupiter (estimate),8 AU,22.6 years,0.76,Radial Velocity
1379,Neptune-like,2022,5.8 Earths,0.27745609 x Jupiter,0.411 AU,84.3 days,0.01,Transit
1380,Neptune-like,2022,9.2 Earths,0.36845456 x Jupiter,0.308 AU,56 days,0.0,Transit
1381,Neptune-like,2022,6.2 Earths,0.23998614 x Jupiter,0.1357 AU,22.9 days,0.01,Transit
1382,Gas Giant,2022,0.817 Jupiters,1.322 x Jupiter,0.0467 AU,3.7 days,,Transit
1383,Gas Giant,2022,1.68 Jupiters,1.229 x Jupiter,0.04047 AU,3.1 days,,Transit
1384,Super Earth,2022,6.26 Earths,1.841 x Earth,0.01833 AU,1 days,0.0,Transit
1385,Gas Giant,2022,2.3 Jupiters,1.44 x Jupiter,Unknown,1.5 days,,Transit
1386,Gas Giant,2022,3.16 Jupiters,1.36 x Jupiter,Unknown,2.1 days,,Transit
1387,Gas Giant,2022,1.179 Jupiters,1.519 x Jupiter,0.0364 AU,2.1 days,0.01,Transit
1388,Gas Giant,2022,0.4 Jupiters,1.25 x Jupiter (estimate),3.053 AU,5.3 years,0.53,Radial Velocity
1389,Neptune-like,2022,15.05 Earths,0.356 x Jupiter (estimate),Unknown,61.3 days,0.07,Radial Velocity
1390,Neptune-like,2022,33.12 Earths,0.567 x Jupiter (estimate),Unknown,26.2 days,0.02,Radial Velocity
1391,Super Earth,2022,5.03 Earths,2.09 x Earth (estimate),Unknown,6.6 days,0.07,Radial Velocity
1392,Neptune-like,2022,19.1 Earths,0.45142374 x Jupiter,0.1652 AU,24.3 days,0.05,Transit
1393,Gas Giant,2022,0.64 Jupiters,1.26 x Jupiter (estimate),3.38 AU,6.6 years,0.0,Radial Velocity
1394,Gas Giant,2022,2.89 Jupiters,1.18 x Jupiter (estimate),3.27 AU,5.3 years,0.31,Radial Velocity
1395,Super Earth,2022,6.37 Earths,2.19 x Earth,0.057 AU,7.9 days,0.0,Transit
1396,Gas Giant,2022,0.15354197 Jupiters,0.27567181 x Jupiter,0.0229 AU,2.5 days,0.0,Transit
1397,Neptune-like,2022,1.19246736 Jupiters,0.26764253 x Jupiter,0.0787 AU,7.7 days,0.32,Transit
1398,Gas Giant,2022,0.33 Jupiters,1.12 x Jupiter (estimate),1.22 AU,1.9 years,0.05,Radial Velocity
1399,Neptune-like,2022,14.5 Earths,0.31351535 x Jupiter,0.212 AU,37.9 days,0.0,Transit
1400,Neptune-like,2022,5.4 Earths,0.3061293 x Jupiter,0.132 AU,18.7 days,0.0,Transit
1401,Super Earth,2022,9.1 Earths,2.45109846 x Earth,0.061 AU,5.9 days,0.0,Transit
1402,Neptune-like,2022,8.1 Earths,0.26853468 x Jupiter,0.049 AU,4.3 days,,Transit
1403,Neptune-like,2022,13.38 Earths,0.332 x Jupiter (estimate),0.506 AU,124.6 days,0.22,Radial Velocity
1404,Gas Giant,2021,15.6 Jupiters,1.09 x Jupiter (estimate),19.4 AU,68.5 years,0.46,Radial Velocity
1405,Gas Giant,2022,1.76 Jupiters,1.2 x Jupiter (estimate),Unknown,43 days,0.0,Eclipse Timing Variations
1406,Gas Giant,2022,1.61 Jupiters,1.21 x Jupiter (estimate),Unknown,4 years,0.29,Eclipse Timing Variations
1407,Neptune-like,2022,5.2 Earths,2.13 x Earth (estimate),0.422 AU,140.4 days,0.45,Radial Velocity
1408,Neptune-like,2022,13.6 Earths,0.33544531 x Jupiter,0.04825 AU,5.1 days,0.22,Transit
1409,Gas Giant,2022,9 Jupiters,1.12 x Jupiter (estimate),93.9 AU,587.7 years,0.4,Imaging
1410,Gas Giant,2022,0.209 Jupiters,0.854 x Jupiter,0.0886 AU,27.4 days,,Transit
1411,Gas Giant,2022,0.57 Jupiters,1.26 x Jupiter (estimate),3.49 AU,9 years,,Microlensing
1412,Gas Giant,2022,2.88 Jupiters,1.18 x Jupiter (estimate),3.71 AU,7.9 years,0.0,Radial Velocity
1413,Gas Giant,2022,0.35302068 Jupiters,1.16 x Jupiter (estimate),0.407 AU,101.1 days,0.03,Radial Velocity
1414,Gas Giant,2020,1.99 Jupiters,1.619 x Jupiter,0.05053 AU,2.7 days,0.0,Transit
1415,Gas Giant,2022,0.63 Jupiters,0.987 x Jupiter,0.249 AU,40.7 days,0.09,Transit
1416,Super Earth,2022,0.13 Jupiters,2.06 x Earth,0.103 AU,11 days,0.59,Transit
1417,Neptune-like,2022,6.72 Earths,0.22142959 x Jupiter,Unknown,1.9 days,,Transit
1418,Neptune-like,2022,9.93 Earths,0.27870509 x Jupiter,Unknown,25.8 days,,Transit
1419,Super Earth,2022,1.26 Earths,1.076 x Earth,Unknown,2.2 days,,Transit
1420,Neptune-like,2022,8.65 Earths,0.25693683 x Jupiter,Unknown,2.1 days,,Transit
1421,Super Earth,2022,3.51 Earths,1.693 x Earth,Unknown,12.8 days,,Transit
1422,Super Earth,2022,3.66 Earths,1.736 x Earth,Unknown,5.8 days,,Transit
1423,Neptune-like,2022,5.66 Earths,0.2001074 x Jupiter,Unknown,14.5 days,,Transit
1424,Neptune-like,2022,5.53 Earths,2.213 x Earth,Unknown,16.4 days,,Transit
1425,Super Earth,2022,3.16 Earths,1.593 x Earth,Unknown,4.5 days,,Transit
1426,Neptune-like,2022,8.98 Earths,0.26273575 x Jupiter,Unknown,9.8 days,,Transit
1427,Gas Giant,2022,Unknown,1.16192546 x Jupiter,Unknown,3.1 days,,Transit
1428,Super Earth,2022,2.28 Earths,1.313 x Earth,Unknown,5.8 days,,Transit
1429,Super Earth,2022,2.34 Earths,1.332 x Earth,Unknown,5 days,,Transit
1430,Neptune-like,2022,6.41 Earths,0.21527381 x Jupiter,Unknown,20.6 days,,Transit
1431,Neptune-like,2022,6.16 Earths,0.21045625 x Jupiter,Unknown,15.9 days,,Transit
1432,Neptune-like,2022,8.78 Earths,0.2592564 x Jupiter,Unknown,23.4 days,,Transit
1433,Super Earth,2022,9.7 Earths,2.39 x Earth,0.1242 AU,18.9 days,0.08,Transit
1434,Neptune-like,2022,10.2 Earths,0.24890756 x Jupiter,0.0604 AU,6.4 days,0.09,Transit
1435,Super Earth,2022,5.03 Earths,2.094 x Earth,Unknown,17.5 days,,Transit
1436,Super Earth,2022,3.45 Earths,1.677 x Earth,Unknown,21 days,,Transit
1437,Super Earth,2022,2.42 Earths,1.36 x Earth,Unknown,9.2 days,,Transit
1438,Super Earth,2022,2.19 Earths,1.283 x Earth,Unknown,4.9 days,,Transit
1439,Neptune-like,2022,19.2 Earths,0.41056365 x Jupiter,Unknown,22.5 days,,Transit
1440,Neptune-like,2022,18.9 Earths,0.40761958 x Jupiter,Unknown,3.4 days,,Transit
1441,Neptune-like,2022,6.94 Earths,0.22571187 x Jupiter,Unknown,13.1 days,,Transit
1442,Neptune-like,2022,24.6 Earths,0.47577921 x Jupiter,Unknown,33.6 days,,Transit
1443,Neptune-like,2022,7.65 Earths,0.23891557 x Jupiter,Unknown,17.3 days,,Transit
1444,Neptune-like,2022,5.74 Earths,0.20180247 x Jupiter,Unknown,6.3 days,,Transit
1445,Super Earth,2022,1.67 Earths,1.163 x Earth,Unknown,3.9 days,,Transit
1446,Neptune-like,2022,22.8 Earths,0.45481388 x Jupiter,Unknown,18.8 days,,Transit
1447,Neptune-like,2022,5.79 Earths,0.20287304 x Jupiter,Unknown,6.4 days,,Transit
1448,Neptune-like,2022,6.42 Earths,0.21563067 x Jupiter,Unknown,3.6 days,,Transit
1449,Super Earth,2022,3.12 Earths,1.579 x Earth,Unknown,0.7 days,,Transit
1450,Neptune-like,2022,11.4 Earths,0.30288213 x Jupiter,Unknown,8.5 days,,Transit
1451,Neptune-like,2022,7.26 Earths,0.23168922 x Jupiter,Unknown,4.8 days,,Transit
1452,Super Earth,2022,3.51 Earths,1.692 x Earth,Unknown,5.1 days,,Transit
1453,Neptune-like,2022,6.13 Earths,0.20983175 x Jupiter,Unknown,10.4 days,,Transit
1454,Super Earth,2022,4.08 Earths,1.85 x Earth,Unknown,15.4 days,,Transit
1455,Super Earth,2022,2.45 Earths,1.371 x Earth,Unknown,4.6 days,,Transit
1456,Neptune-like,2022,19.6 Earths,0.4159165 x Jupiter,Unknown,3.3 days,,Transit
1457,Super Earth,2022,4.82 Earths,2.04 x Earth,Unknown,20.9 days,,Transit
1458,Neptune-like,2022,6.04 Earths,0.20786903 x Jupiter,Unknown,8.6 days,,Transit
1459,Neptune-like,2022,14.5 Earths,0.34793529 x Jupiter,Unknown,6.3 days,,Transit
1460,Neptune-like,2022,5.99 Earths,0.20697689 x Jupiter,Unknown,7.5 days,,Transit
1461,Super Earth,2022,2.98 Earths,1.539 x Earth,Unknown,2.4 days,,Transit
1462,Neptune-like,2022,5.57 Earths,2.222 x Earth,Unknown,13.6 days,,Transit
1463,Super Earth,2022,2.37 Earths,1.345 x Earth,Unknown,9.7 days,,Transit
1464,Super Earth,2022,2.52 Earths,1.392 x Earth,Unknown,6.7 days,,Transit
1465,Super Earth,2022,1.82 Earths,1.191 x Earth,Unknown,4.2 days,,Transit
1466,Neptune-like,2022,7.89 Earths,0.24346549 x Jupiter,Unknown,9.4 days,,Transit
1467,Neptune-like,2022,5.4 Earths,2.181 x Earth,Unknown,8.8 days,,Transit
1468,Super Earth,2022,4.9 Earths,2.061 x Earth,Unknown,11 days,,Transit
1469,Super Earth,2022,11.1 Earths,2.67 x Earth,0.0321 AU,2.1 days,0.0,Transit
1470,Gas Giant,2022,0.133 Jupiters,0.65322621 x Jupiter,Unknown,28.7 days,,Transit
1471,Super Earth,2022,3.07 Earths,1.564 x Earth,Unknown,1.9 days,,Transit
1472,Super Earth,2022,4.95 Earths,2.072 x Earth,Unknown,21.7 days,,Transit
1473,Super Earth,2022,3.5 Earths,1.689 x Earth,Unknown,26.8 days,,Transit
1474,Super Earth,2022,4.66 Earths,2.0 x Earth,Unknown,16 days,,Transit
1475,Super Earth,2022,1.26 Earths,1.075 x Earth,Unknown,7.9 days,,Transit
1476,Super Earth,2022,4.45 Earths,1.948 x Earth,Unknown,20.2 days,,Transit
1477,Super Earth,2022,2.42 Earths,1.361 x Earth,Unknown,9.7 days,,Transit
1478,Gas Giant,2021,6.22 Jupiters,1.14 x Jupiter (estimate),2.8 AU,6.1 years,,Microlensing
1479,Gas Giant,2021,3.02 Jupiters,1.17 x Jupiter (estimate),2.73 AU,6.7 years,,Microlensing
1480,Super Earth,2022,2.81 Earths,1.49 x Earth (estimate),3.14 AU,6.2 years,,Microlensing
1481,Neptune-like,2022,5.56 Earths,2.22 x Earth (estimate),3.09 AU,7.9 years,,Microlensing
1482,Gas Giant,2021,2.09 Jupiters,1.19 x Jupiter (estimate),2.14 AU,4.6 years,,Microlensing
1483,Neptune-like,2022,10.8 Earths,0.28013252 x Jupiter,0.1177 AU,18.9 days,0.0,Transit
1484,Super Earth,2022,1.75 Earths,1.09 x Earth,0.0252 AU,2.6 days,0.0,Transit
1485,Gas Giant,2021,4 Jupiters,1.16 x Jupiter (estimate),118 AU,3110.6 years,,Imaging
1486,Super Earth,2022,2.15 Earths,1.27 x Earth,0.0171 AU,1 days,,Transit
1487,Neptune-like,2022,2.89 Earths,2.018 x Earth,0.0225 AU,1.5 days,0.0,Transit
1488,Super Earth,2022,1.42 Earths,1.166 x Earth,0.01189 AU,0.5 days,0.06,Transit
1489,Super Earth,2022,2.1 Earths,1.25 x Earth,0.0064 AU,0.4 days,,Transit
1490,Super Earth,2022,3.89 Earths,1.8 x Earth,0.0202 AU,1.3 days,,Transit
1491,Super Earth,2022,3.46 Earths,1.68 x Earth,0.0144 AU,0.8 days,,Transit
1492,Super Earth,2022,3.26 Earths,1.62 x Earth,0.0097 AU,0.4 days,,Transit
1493,Super Earth,2022,2.24 Earths,1.3 x Earth,0.0112 AU,0.7 days,,Transit
1494,Super Earth,2022,2.27 Earths,1.31 x Earth,0.0204 AU,1.1 days,,Transit
1495,Super Earth,2022,2.57 Earths,1.41 x Earth,0.0226 AU,1.8 days,,Transit
1496,Super Earth,2022,1.71 Earths,1.17 x Earth,0.0071 AU,0.4 days,,Transit
1497,Super Earth,2022,2 Earths,1.19880592 x Earth,0.02122 AU,1.5 days,0.0,Transit
1498,Super Earth,2022,9.95 Earths,1.791 x Earth,0.01159 AU,0.6 days,0.0,Transit
1499,Super Earth,2022,2.11 Earths,0.868 x Earth,0.10493 AU,11.3 days,0.04,Transit
1500,Super Earth,2022,2.02 Earths,0.802 x Earth,0.08006 AU,7.5 days,0.07,Transit
1501,Gas Giant,2022,0.45 Jupiters,1.5 x Jupiter,Unknown,2.9 days,0.07,Transit
1502,Gas Giant,2022,0.61 Jupiters,1.76 x Jupiter,Unknown,6.2 days,0.09,Transit
1503,Gas Giant,2022,1.6 Jupiters,0.9 x Jupiter,Unknown,3 days,0.02,Transit
1504,Gas Giant,2022,0.30330832 Jupiters,0.81184902 x Jupiter,0.0711 AU,8.2 days,0.1,Transit
1505,Gas Giant,2022,0.65 Jupiters,1.017 x Jupiter,Unknown,6.9 days,0.08,Transit
1506,Neptune-like,2022,2.5 Earths,0.23650679 x Jupiter,0.09429 AU,12.2 days,0.09,Transit
1507,Super Earth,2022,13.5 Earths,2.587 x Earth,0.06152 AU,6.4 days,0.05,Transit
1508,Gas Giant,2022,3.09 Jupiters,1.17 x Jupiter (estimate),2.482 AU,3.3 years,0.19,Radial Velocity
1509,Gas Giant,2022,2.56 Jupiters,1.18 x Jupiter (estimate),1.51 AU,1.7 years,0.11,Radial Velocity
1510,Gas Giant,2022,2.12 Jupiters,1.19 x Jupiter (estimate),1.9 AU,2.4 years,0.03,Radial Velocity
1511,Gas Giant,2021,10.9 Jupiters,1.11 x Jupiter (estimate),556 AU,4904.1 years,< 0.4,Imaging
1512,Neptune-like,2020,6.228 Earths,0.212 x Jupiter (estimate),1.064 AU,2.5 years,,Microlensing
1513,Neptune-like,2022,6.4 Earths,0.215 x Jupiter (estimate),1.8 AU,7.6 years,,Microlensing
1514,Super Earth,2022,1.54 Earths,1.147 x Earth,0.02661 AU,3.1 days,< 0.223,Transit
1515,Gas Giant,2021,6.4 Jupiters,1.13 x Jupiter (estimate),Unknown,365 days,,Microlensing
1516,Gas Giant,2021,0.51 Jupiters,1.27 x Jupiter (estimate),1.18 AU,385.2 days,0.32,Radial Velocity
1517,Gas Giant,2022,2.755 Jupiters,1.01 x Jupiter,0.828 AU,260.8 days,0.37,Transit
1518,Super Earth,2021,2.5 Earths,1.39 x Earth (estimate),1.9 AU,3.7 years,,Microlensing
1519,Gas Giant,2022,0.3121181 Jupiters,0.51 x Earth,0.008 AU,0.4 days,0.0,Transit
1520,Gas Giant,2021,4.6 Jupiters,0.88857321 x Jupiter,1.64 AU,2 years,< 0.4,Transit
1521,Super Earth,2021,5.42 Earths,2.05 x Earth,Unknown,11.3 days,0.03,Transit
1522,Neptune-like,2021,4.47 Earths,2.03 x Earth,0.08 AU,9 days,0.03,Transit
1523,Gas Giant,2021,0.71 Jupiters,1.25 x Jupiter (estimate),0.031 AU,2.2 days,0.09,Radial Velocity
1524,Gas Giant,2021,0.51 Jupiters,1.27 x Jupiter (estimate),0.17 AU,30 days,0.05,Radial Velocity
1525,Gas Giant,2021,0.83 Jupiters,1.24 x Jupiter (estimate),0.492 AU,160 days,0.3,Radial Velocity
1526,Gas Giant,2021,0.97 Jupiters,1.23 x Jupiter (estimate),1.08 AU,310.4 days,0.2,Radial Velocity
1527,Gas Giant,2021,0.64 Jupiters,1.26 x Jupiter (estimate),0.9 AU,273.1 days,0.26,Radial Velocity
1528,Gas Giant,2021,0.75 Jupiters,1.25 x Jupiter (estimate),0.98 AU,273.1 days,0.14,Radial Velocity
1529,Gas Giant,2021,0.78 Jupiters,1.24 x Jupiter (estimate),0.94 AU,275.5 days,0.11,Radial Velocity
1530,Gas Giant,2021,0.57 Jupiters,1.26 x Jupiter (estimate),0.85 AU,279.3 days,0.04,Radial Velocity
1531,Gas Giant,2021,0.45 Jupiters,1.28 x Jupiter (estimate),0.95 AU,283.8 days,0.44,Radial Velocity
1532,Gas Giant,2021,1.34 Jupiters,1.22 x Jupiter (estimate),1.32 AU,1.5 years,0.2,Radial Velocity
1533,Gas Giant,2021,15 Jupiters,1.31 x Jupiter,1662 AU,67794.6 years,,Imaging
1534,Gas Giant,2021,5.02 Jupiters,1.347 x Jupiter,0.01791 AU,0.7 days,,Transit
1535,Gas Giant,2021,0.28128386 Jupiters,1.10166148 x Jupiter,0.1 AU,9.6 days,0.28,Transit
1536,Gas Giant,2021,1.374 Jupiters,1.165 x Jupiter,0.03607 AU,3.1 days,< 0.045,Transit
1537,Gas Giant,2021,2.629 Jupiters,1.079 x Jupiter,0.02658 AU,1.9 days,< 0.062,Transit
1538,Gas Giant,2021,0.491 Jupiters,0.884 x Jupiter,0.032742 AU,2.8 days,< 0.064,Transit
1539,Gas Giant,2021,1.46 Jupiters,1.032 x Jupiter,0.02384 AU,1.7 days,< 0.044,Transit
1540,Neptune-like,2021,5.89 Earths,0.20483575 x Jupiter,0.16246 AU,23.8 days,0.0,Transit
1541,Neptune-like,2021,2.05771412 Jupiters,0.52970723 x Jupiter,0.5456 AU,148.3 days,0.0,Transit
1542,Super Earth,2021,3.01 Earths,1.54732469 x Earth,0.0525 AU,5 days,0.0,Transit
1543,Super Earth,2021,4 Earths,1.82828927 x Earth,0.0938 AU,13.1 days,0.0,Transit
1544,Terrestrial,2021,0.702 Earths,0.91307734 x Earth,0.02466 AU,1.4 days,0.0,Transit
1545,Super Earth,2021,1.63 Earths,1.15547044 x Earth,0.10371 AU,14.9 days,0.0,Transit
1546,Super Earth,2021,3.55 Earths,1.70557445 x Earth,0.0504 AU,4.2 days,0.0,Transit
1547,Neptune-like,2021,8.98 Earths,0.26261147 x Jupiter,0.2082 AU,37.3 days,0.0,Transit
1548,Neptune-like,2021,8.88 Earths,0.26091075 x Jupiter,0.1421 AU,19.9 days,0.0,Transit
1549,Super Earth,2021,1.46 Earths,1.11955354 x Earth,0.07976 AU,8.2 days,0.0,Transit
1550,Super Earth,2021,2.82 Earths,1.48912557 x Earth,0.1606 AU,25.9 days,0.0,Transit
1551,Super Earth,2021,4.54 Earths,1.97019818 x Earth,0.0655 AU,5.8 days,0.0,Transit
1552,Neptune-like,2021,7.5 Earths,0.23619984 x Jupiter,0.1416 AU,22.1 days,0.0,Transit
1553,Neptune-like,2021,8 Earths,0.24538169 x Jupiter,0.1879 AU,29.5 days,0.0,Transit
1554,Super Earth,2021,3.87 Earths,1.79426276 x Earth,0.0821 AU,9.8 days,0.0,Transit
1555,Super Earth,2021,3.18 Earths,1.59887007 x Earth,0.084 AU,7.6 days,0.0,Transit
1556,Neptune-like,2021,10.4 Earths,0.28689968 x Jupiter,0.1043 AU,12.7 days,0.0,Transit
1557,Terrestrial,2021,0.894 Earths,0.97698289 x Earth,0.0588 AU,5.4 days,0.0,Transit
1558,Super Earth,2021,4.27 Earths,1.90120972 x Earth,0.0228 AU,1.6 days,0.0,Transit
1559,Super Earth,2021,2.86 Earths,1.50066814 x Earth,0.05904 AU,5.6 days,0.0,Transit
1560,Super Earth,2021,2.2 Earths,1.28574667 x Earth,0.0607 AU,6.2 days,0.0,Transit
1561,Neptune-like,2021,9.28 Earths,0.26780127 x Jupiter,0.2588 AU,46.7 days,0.0,Transit
1562,Neptune-like,2021,9.03 Earths,0.26355282 x Jupiter,0.2043 AU,30.3 days,0.0,Transit
1563,Super Earth,2021,1.01 Earths,1.011 x Earth,0.0636 AU,6 days,0.0,Transit
1564,Neptune-like,2021,9.8 Earths,0.27650685 x Jupiter,0.2529 AU,44.9 days,0.0,Transit
1565,Terrestrial,2021,0.587 Earths,0.86867375 x Earth,0.05712 AU,4.8 days,0.0,Transit
1566,Super Earth,2021,1.65 Earths,1.15985997 x Earth,0.0872 AU,9.9 days,0.0,Transit
1567,Neptune-like,2021,7.21 Earths,0.23083821 x Jupiter,0.20894 AU,39.8 days,0.0,Transit
1568,Neptune-like,2021,14.5 Earths,0.34794603 x Jupiter,0.1016 AU,12 days,0.0,Transit
1569,Neptune-like,2021,9.9 Earths,0.27824391 x Jupiter,0.1964 AU,31 days,0.0,Transit
1570,Neptune-like,2021,6.21 Earths,0.21140313 x Jupiter,0.03765 AU,2.9 days,0.0,Transit
1571,Super Earth,2021,3.18 Earths,1.59615726 x Earth,0.1017 AU,12.3 days,0.0,Transit
1572,Neptune-like,2021,6.89 Earths,0.22481167 x Jupiter,0.0488 AU,4.2 days,0.0,Transit
1573,Neptune-like,2021,6.25 Earths,0.21219633 x Jupiter,0.0343 AU,2.8 days,0.0,Transit
1574,Neptune-like,2021,12.1 Earths,0.31266848 x Jupiter,0.24831 AU,40.8 days,0.0,Transit
1575,Neptune-like,2021,18.8 Earths,0.40639545 x Jupiter,0.3512 AU,70.5 days,0.0,Transit
1576,Neptune-like,2021,5.86 Earths,0.20429649 x Jupiter,0.2084 AU,38.3 days,0.0,Transit
1577,Super Earth,2021,2.77 Earths,1.47199944 x Earth,0.0319 AU,2.4 days,0.0,Transit
1578,Neptune-like,2021,6.53 Earths,0.21767948 x Jupiter,0.0718 AU,8.2 days,0.0,Transit
1579,Gas Giant,2021,0.186 Jupiters,0.79713267 x Jupiter,0.94082 AU,321.2 days,0.0,Transit
1580,Super Earth,2021,4.38 Earths,1.92872921 x Earth,0.0408 AU,3 days,0.0,Transit
1581,Neptune-like,2021,9.74 Earths,0.27553896 x Jupiter,0.0714 AU,6.8 days,0.0,Transit
1582,Neptune-like,2021,8.92 Earths,0.26166131 x Jupiter,0.1399 AU,21.8 days,0.0,Transit
1583,Neptune-like,2021,9.04 Earths,0.26362957 x Jupiter,0.0535 AU,4.8 days,0.0,Transit
1584,Neptune-like,2021,8.58 Earths,0.25579424 x Jupiter,0.0819 AU,9.2 days,0.0,Transit
1585,Super Earth,2021,4.36 Earths,1.923 x Earth,0.1463 AU,21.1 days,0.0,Transit
1586,Terrestrial,2021,0.422 Earths,0.79239584 x Earth,0.04238 AU,3.3 days,0.0,Transit
1587,Neptune-like,2021,8.22 Earths,0.24935595 x Jupiter,0.2134 AU,35.9 days,0.0,Transit
1588,Neptune-like,2021,16.5 Earths,0.37555986 x Jupiter,0.17177 AU,26.6 days,0.0,Transit
1589,Super Earth,2021,1.23 Earths,1.0667865 x Earth,0.08364 AU,8.3 days,0.0,Transit
1590,Terrestrial,2021,0.79 Earths,0.94374867 x Earth,0.0299 AU,2.2 days,0.0,Transit
1591,Super Earth,2021,2.91 Earths,1.51482218 x Earth,0.0123 AU,0.5 days,0.0,Transit
1592,Neptune-like,2021,10.4 Earths,0.28708981 x Jupiter,0.114 AU,13.8 days,0.0,Transit
1593,Super Earth,2021,2.77 Earths,1.47418907 x Earth,0.0453 AU,3.5 days,0.0,Transit
1594,Terrestrial,2021,0.76 Earths,0.93353523 x Earth,0.05063 AU,4.8 days,0.0,Transit
1595,Super Earth,2021,3.28 Earths,1.62573811 x Earth,0.0128 AU,0.6 days,0.0,Transit
1596,Neptune-like,2021,6.28 Earths,0.21270546 x Jupiter,0.0465 AU,3.8 days,0.0,Transit
1597,Super Earth,2021,1.96 Earths,1.216205 x Earth,0.0115 AU,0.7 days,0.0,Transit
1598,Neptune-like,2021,6.29 Earths,0.21294117 x Jupiter,0.2597 AU,57.3 days,0.0,Transit
1599,Super Earth,2021,3.4 Earths,1.66049425 x Earth,0.11082 AU,12.1 days,0.0,Transit
1600,Super Earth,2021,4.92 Earths,2.06673842 x Earth,0.065 AU,5.9 days,0.0,Transit
1601,Neptune-like,2021,6.15 Earths,0.21015309 x Jupiter,0.0813 AU,9 days,0.0,Transit
1602,Neptune-like,2021,9.91 Earths,0.27844041 x Jupiter,0.0761 AU,7.7 days,0.0,Transit
1603,Neptune-like,2021,10 Earths,0.2805442 x Jupiter,0.20989 AU,31.6 days,0.0,Transit
1604,Neptune-like,2021,15.5 Earths,0.36179673 x Jupiter,0.3815 AU,88.6 days,0.0,Transit
1605,Neptune-like,2021,6.78 Earths,0.22259728 x Jupiter,0.0917 AU,10.4 days,0.0,Transit
1606,Neptune-like,2021,29.4 Earths,0.52786987 x Jupiter,0.1668 AU,24.8 days,0.0,Transit
1607,Neptune-like,2021,18.7 Earths,0.40508631 x Jupiter,0.2698 AU,56.4 days,0.0,Transit
1608,Neptune-like,2021,6.48 Earths,0.21684115 x Jupiter,0.0697 AU,7.3 days,0.0,Transit
1609,Neptune-like,2021,14.4 Earths,0.34740374 x Jupiter,0.0418 AU,4.2 days,0.0,Transit
1610,Neptune-like,2021,10.7 Earths,0.29122836 x Jupiter,0.10549 AU,10.3 days,0.0,Transit
1611,Neptune-like,2021,14.2 Earths,0.34419462 x Jupiter,0.0699 AU,5.9 days,0.0,Transit
1612,Neptune-like,2021,8.15 Earths,0.24807657 x Jupiter,0.1214 AU,15.2 days,0.0,Transit
1613,Neptune-like,2021,0.73943674 Jupiters,2.03862444 x Earth,0.10972 AU,14 days,0.0,Transit
1614,Neptune-like,2021,9.39 Earths,0.26968673 x Jupiter,0.0915 AU,9.7 days,0.0,Transit
1615,Neptune-like,2021,6.82 Earths,0.22327784 x Jupiter,0.0463 AU,4 days,0.0,Transit
1616,Neptune-like,2021,7.53 Earths,0.23681598 x Jupiter,0.1216 AU,15.3 days,0.0,Transit
1617,Neptune-like,2021,5.14 Earths,2.11934728 x Earth,0.0615 AU,6.1 days,0.0,Transit
1618,Super Earth,2021,2.93 Earths,1.52139156 x Earth,0.0473 AU,4 days,0.0,Transit
1619,Super Earth,2021,4.92 Earths,2.06512018 x Earth,0.0957 AU,10.6 days,0.0,Transit
1620,Super Earth,2021,2.4 Earths,0.853 x Earth,0.0758 AU,7 days,< 0.098,Transit
1621,Neptune-like,2021,10.5 Earths,0.28788228 x Jupiter,0.2039 AU,34.5 days,0.0,Transit
1622,Super Earth,2021,3.13 Earths,1.58313575 x Earth,0.0394 AU,2.7 days,0.0,Transit
1623,Super Earth,2021,4.22 Earths,1.88610592 x Earth,0.0762 AU,8 days,0.0,Transit
1624,Neptune-like,2021,7.97 Earths,0.24490801 x Jupiter,0.0989 AU,11.1 days,0.0,Transit
1625,Super Earth,2021,3.76 Earths,1.76378826 x Earth,0.11054 AU,14.8 days,0.0,Transit
1626,Super Earth,2021,2.78 Earths,1.47519116 x Earth,0.0213 AU,1.6 days,0.0,Transit
1627,Super Earth,2021,2.58 Earths,1.413 x Earth,0.0364 AU,2.8 days,0.0,Transit
1628,Neptune-like,2021,9.4 Earths,0.26988297 x Jupiter,0.1467 AU,23.3 days,0.0,Transit
1629,Neptune-like,2021,7.77 Earths,0.24125516 x Jupiter,0.13917 AU,19.6 days,0.0,Transit
1630,Neptune-like,2021,9.44 Earths,0.27058275 x Jupiter,0.1264 AU,16.3 days,0.0,Transit
1631,Neptune-like,2021,7.33 Earths,0.23298909 x Jupiter,0.2093 AU,35 days,0.0,Transit
1632,Neptune-like,2021,8.45 Earths,0.25349473 x Jupiter,0.1261 AU,16.8 days,0.0,Transit
1633,Neptune-like,2021,9.34 Earths,0.26880149 x Jupiter,0.2873 AU,59.7 days,0.0,Transit
1634,Neptune-like,2021,8.37 Earths,0.25200586 x Jupiter,0.0781 AU,7.7 days,0.0,Transit
1635,Super Earth,2021,4.43 Earths,1.94206512 x Earth,0.06961 AU,7.3 days,0.0,Transit
1636,Super Earth,2021,4.06 Earths,1.84398883 x Earth,0.0635 AU,6.6 days,0.0,Transit
1637,Neptune-like,2021,10.9 Earths,0.29375176 x Jupiter,0.22622 AU,42.4 days,0.0,Transit
1638,Super Earth,2021,2.02 Earths,1.227 x Earth,0.0761 AU,7.4 days,0.0,Transit
1639,Super Earth,2021,1.39 Earths,1.10479327 x Earth,0.0763 AU,8.6 days,0.0,Transit
1640,Super Earth,2021,2.26 Earths,1.30749704 x Earth,0.0354 AU,2.3 days,0.0,Transit
1641,Neptune-like,2021,5.13 Earths,2.1170287 x Earth,0.0516 AU,4.6 days,0.0,Transit
1642,Super Earth,2021,1.76 Earths,1.17984089 x Earth,0.05605 AU,4.9 days,0.0,Transit
1643,Neptune-like,2021,9.65 Earths,0.27411124 x Jupiter,0.30883 AU,59.4 days,0.0,Transit
1644,Neptune-like,2021,5.86 Earths,0.20435837 x Jupiter,0.1077 AU,13.2 days,0.0,Transit
1645,Neptune-like,2021,8.97 Earths,0.26255557 x Jupiter,0.1954 AU,30.8 days,0.0,Transit
1646,Super Earth,2021,3.27 Earths,1.62314676 x Earth,0.042 AU,3 days,0.0,Transit
1647,Super Earth,2021,3.02 Earths,1.55098292 x Earth,0.0457 AU,4.1 days,0.0,Transit
1648,Super Earth,2021,4.99 Earths,2.08215108 x Earth,0.1016 AU,11.7 days,0.0,Transit
1649,Super Earth,2021,3.11 Earths,1.57686072 x Earth,0.0344 AU,2.5 days,0.0,Transit
1650,Neptune-like,2021,5.74 Earths,0.20189994 x Jupiter,0.23678 AU,45 days,0.0,Transit
1651,Super Earth,2021,2.57 Earths,1.4088539 x Earth,0.05835 AU,5.6 days,0.0,Transit
1652,Neptune-like,2021,12.2 Earths,0.315272 x Jupiter,0.0997 AU,12 days,0.0,Transit
1653,Super Earth,2021,3.58 Earths,1.71360684 x Earth,0.055 AU,4.6 days,0.0,Transit
1654,Neptune-like,2021,14.1 Earths,0.34332281 x Jupiter,0.3462 AU,76.4 days,0.0,Transit
1655,Super Earth,2021,2.9 Earths,1.513 x Earth,0.04444 AU,3.8 days,0.0,Transit
1656,Neptune-like,2021,7.77 Earths,0.24122908 x Jupiter,0.0988 AU,10.9 days,0.0,Transit
1657,Super Earth,2021,3 Earths,1.54502915 x Earth,0.0699 AU,8.8 days,0.0,Transit
1658,Neptune-like,2021,8.4 Earths,0.2525988 x Jupiter,0.3543 AU,80.2 days,0.0,Transit
1659,Neptune-like,2021,6.26 Earths,0.21241095 x Jupiter,0.0574 AU,4.9 days,0.0,Transit
1660,Neptune-like,2021,10.2 Earths,0.28386127 x Jupiter,0.29496 AU,59.8 days,0.0,Transit
1661,Neptune-like,2021,5.62 Earths,2.23346338 x Earth,0.1286 AU,15.1 days,0.0,Transit
1662,Super Earth,2021,3.98 Earths,1.82417378 x Earth,0.0712 AU,7 days,0.0,Transit
1663,Neptune-like,2021,10.2 Earths,0.28309588 x Jupiter,0.0796 AU,9 days,0.0,Transit
1664,Gas Giant,2021,0.212 Jupiters,0.86166408 x Jupiter,0.68434 AU,197.5 days,0.0,Transit
1665,Super Earth,2021,2.82 Earths,1.48770949 x Earth,0.0352 AU,2.5 days,0.0,Transit
1666,Super Earth,2021,1.98 Earths,1.21936414 x Earth,0.0614 AU,5.9 days,0.0,Transit
1667,Neptune-like,2021,8.12 Earths,0.24758145 x Jupiter,0.03445 AU,2.4 days,0.0,Transit
1668,Neptune-like,2021,23.7 Earths,0.46579494 x Jupiter,0.10632 AU,12.2 days,0.0,Transit
1669,Super Earth,2021,3.83 Earths,1.7810587 x Earth,0.0322 AU,2.4 days,0.0,Transit
1670,Neptune-like,2021,6 Earths,0.20707252 x Jupiter,0.1435 AU,20.7 days,0.0,Transit
1671,Neptune-like,2021,7.51 Earths,0.23639701 x Jupiter,0.2054 AU,31.3 days,0.0,Transit
1672,Super Earth,2021,4.5 Earths,1.95958179 x Earth,0.2846 AU,52.6 days,0.0,Transit
1673,Neptune-like,2021,5.89 Earths,0.20498119 x Jupiter,0.2524 AU,47.1 days,0.0,Transit
1674,Neptune-like,2021,7.35 Earths,0.23352457 x Jupiter,0.2053 AU,31.3 days,0.0,Transit
1675,Super Earth,2021,2.92 Earths,1.51852059 x Earth,0.1209 AU,14.2 days,0.0,Transit
1676,Terrestrial,2021,0.589 Earths,0.86973029 x Earth,0.05444 AU,5.7 days,0.0,Transit
1677,Neptune-like,2021,8.13 Earths,0.24767261 x Jupiter,0.0738 AU,7.4 days,0.0,Transit
1678,Super Earth,2021,2.32 Earths,1.32578716 x Earth,0.0956 AU,11.4 days,0.0,Transit
1679,Super Earth,2021,3.95 Earths,1.81406781 x Earth,0.0845 AU,9 days,0.0,Transit
1680,Neptune-like,2021,10.6 Earths,0.29004189 x Jupiter,0.4438 AU,103.4 days,0.0,Transit
1681,Terrestrial,2021,0.179 Earths,0.624086 x Earth,0.03472 AU,2.4 days,0.0,Transit
1682,Neptune-like,2021,5.52 Earths,2.21110724 x Earth,0.2633 AU,56.6 days,0.0,Transit
1683,Super Earth,2021,3.66 Earths,1.73447868 x Earth,0.0215 AU,1.3 days,0.0,Transit
1684,Super Earth,2021,2.92 Earths,1.51862272 x Earth,0.2395 AU,48.9 days,0.0,Transit
1685,Neptune-like,2021,9.46 Earths,0.27089724 x Jupiter,0.0478 AU,3.9 days,0.0,Transit
1686,Neptune-like,2021,8.13 Earths,0.24781123 x Jupiter,0.46206 AU,131.2 days,0.0,Transit
1687,Super Earth,2021,2.24 Earths,1.30027362 x Earth,0.07545 AU,6.9 days,0.0,Transit
1688,Neptune-like,2021,14.5 Earths,0.34824866 x Jupiter,0.1337 AU,16.5 days,0.0,Transit
1689,Neptune-like,2021,15.9 Earths,0.36827719 x Jupiter,0.1028 AU,11.9 days,0.0,Transit
1690,Neptune-like,2021,5.94 Earths,0.20600557 x Jupiter,0.1082 AU,16.9 days,0.0,Transit
1691,Super Earth,2021,3.4 Earths,1.66301611 x Earth,0.1002 AU,13.4 days,0.0,Transit
1692,Neptune-like,2021,5.81 Earths,0.20332313 x Jupiter,0.4161 AU,105 days,0.0,Transit
1693,Neptune-like,2021,8.99 Earths,0.26287872 x Jupiter,0.1335 AU,19.7 days,0.0,Transit
1694,Super Earth,2021,3.47 Earths,1.68119739 x Earth,0.0467 AU,3.6 days,0.0,Transit
1695,Neptune-like,2021,7.56 Earths,0.2373683 x Jupiter,0.4545 AU,122.1 days,0.0,Transit
1696,Super Earth,2021,1.32 Earths,1.08940238 x Earth,0.0563 AU,5.9 days,0.0,Transit
1697,Super Earth,2021,3.9 Earths,1.80235934 x Earth,0.0625 AU,5.9 days,0.0,Transit
1698,Neptune-like,2021,5.56 Earths,2.21964541 x Earth,0.0352 AU,2.2 days,0.0,Transit
1699,Neptune-like,2021,6.75 Earths,0.2219762 x Jupiter,0.0394 AU,3 days,0.0,Transit
1700,Neptune-like,2021,8.72 Earths,0.25823888 x Jupiter,0.15865 AU,20 days,0.0,Transit
1701,Super Earth,2021,1.78 Earths,1.184 x Earth,0.0536 AU,5.7 days,0.0,Transit
1702,Super Earth,2021,2.51 Earths,1.3904994 x Earth,0.0436 AU,4.6 days,0.0,Transit
1703,Neptune-like,2021,5.85 Earths,0.20398143 x Jupiter,0.1321 AU,17.1 days,0.0,Transit
1704,Super Earth,2021,2.89 Earths,1.51110555 x Earth,0.036 AU,2.5 days,0.0,Transit
1705,Neptune-like,2021,5.5 Earths,2.20677414 x Earth,0.24082 AU,40 days,0.0,Transit
1706,Super Earth,2021,1.55 Earths,1.13863767 x Earth,0.10625 AU,12.7 days,0.0,Transit
1707,Neptune-like,2021,11.1 Earths,0.29707691 x Jupiter,0.31769 AU,56.5 days,0.0,Transit
1708,Super Earth,2021,5 Earths,2.0861268 x Earth,0.15332 AU,21.1 days,0.0,Transit
1709,Neptune-like,2021,7.99 Earths,0.24524319 x Jupiter,0.0984 AU,12.2 days,0.0,Transit
1710,Neptune-like,2021,6.01 Earths,0.20741783 x Jupiter,0.0765 AU,7.2 days,0.0,Transit
1711,Neptune-like,2021,14.6 Earths,0.34955482 x Jupiter,0.4137 AU,101.1 days,0.0,Transit
1712,Neptune-like,2021,5.6 Earths,2.22927435 x Earth,0.05825 AU,5.8 days,0.0,Transit
1713,Super Earth,2021,2.51 Earths,1.39109603 x Earth,0.0413 AU,4 days,0.0,Transit
1714,Neptune-like,2021,16.8 Earths,0.38050561 x Jupiter,0.066 AU,6.2 days,0.0,Transit
1715,Neptune-like,2021,13.6 Earths,0.33611799 x Jupiter,0.20945 AU,37.1 days,0.0,Transit
1716,Neptune-like,2021,5.38 Earths,2.1782413 x Earth,0.2587 AU,49.5 days,0.0,Transit
1717,Neptune-like,2021,25.1 Earths,0.48131049 x Jupiter,0.297 AU,64.6 days,0.0,Transit
1718,Neptune-like,2021,14.3 Earths,0.3458464 x Jupiter,0.2188 AU,37.8 days,0.0,Transit
1719,Neptune-like,2021,16 Earths,0.36938441 x Jupiter,0.22429 AU,35.6 days,0.0,Transit
1720,Neptune-like,2021,3.49494179 Earths,0.28525707 x Jupiter,0.11583 AU,14.9 days,0.0,Transit
1721,Neptune-like,2021,9.93 Earths,0.27872728 x Jupiter,0.32704 AU,65.7 days,0.0,Transit
1722,Neptune-like,2021,7.41 Earths,0.23449392 x Jupiter,0.0501 AU,5.7 days,0.0,Transit
1723,Terrestrial,2021,0.315 Earths,0.73022577 x Earth,0.06686 AU,7.3 days,0.0,Transit
1724,Super Earth,2021,1.01 Earths,1.0101666 x Earth,0.07375 AU,7 days,0.0,Transit
1725,Neptune-like,2021,8.05 Earths,0.2462054 x Jupiter,0.0918 AU,9.8 days,0.0,Transit
1726,Neptune-like,2021,7.53 Earths,0.23670619 x Jupiter,0.23329 AU,38.6 days,0.0,Transit
1727,Neptune-like,2021,5.97 Earths,0.20652722 x Jupiter,0.2197 AU,42.9 days,0.0,Transit
1728,Super Earth,2021,4.03 Earths,1.83707938 x Earth,0.0633 AU,6.3 days,0.0,Transit
1729,Neptune-like,2021,5.13 Earths,2.11686218 x Earth,0.054 AU,6.3 days,0.0,Transit
1730,Neptune-like,2021,5.07 Earths,2.10143764 x Earth,0.0452 AU,3.6 days,0.0,Transit
1731,Neptune-like,2021,6.44 Earths,0.21604841 x Jupiter,0.3575 AU,88.1 days,0.0,Transit
1732,Super Earth,2021,4.5 Earths,1.96065412 x Earth,0.08308 AU,8.9 days,0.0,Transit
1733,Neptune-like,2021,6.52 Earths,0.21753691 x Jupiter,0.0885 AU,11.6 days,0.0,Transit
1734,Neptune-like,2021,7.05 Earths,0.22776668 x Jupiter,0.0602 AU,5.3 days,0.0,Transit
1735,Neptune-like,2021,5.13 Earths,2.11598626 x Earth,0.0924 AU,10.3 days,0.0,Transit
1736,Super Earth,2021,4.1 Earths,1.85644292 x Earth,0.04647 AU,3.7 days,0.0,Transit
1737,Neptune-like,2021,6 Earths,0.20715532 x Jupiter,0.1748 AU,33.1 days,0.0,Transit
1738,Terrestrial,2021,0.961 Earths,0.99679734 x Earth,0.05098 AU,4.6 days,0.0,Transit
1739,Neptune-like,2021,13.8 Earths,0.33815521 x Jupiter,0.0787 AU,8.8 days,0.0,Transit
1740,Neptune-like,2021,8.05 Earths,0.24625157 x Jupiter,0.204 AU,29.5 days,0.0,Transit
1741,Terrestrial,2021,0.676 Earths,0.9037791 x Earth,0.0429 AU,3.7 days,0.0,Transit
1742,Neptune-like,2021,7.13 Earths,0.22933382 x Jupiter,0.0919 AU,10 days,0.0,Transit
1743,Neptune-like,2021,5.59 Earths,2.22678077 x Earth,0.1179 AU,16 days,0.0,Transit
1744,Super Earth,2021,3.23 Earths,1.61301783 x Earth,0.0956 AU,14.5 days,0.0,Transit
1745,Neptune-like,2021,7.81 Earths,0.24201578 x Jupiter,0.0615 AU,5.8 days,0.0,Transit
1746,Neptune-like,2021,12.8 Earths,0.32436701 x Jupiter,0.0933 AU,9.2 days,0.0,Transit
1747,Neptune-like,2021,8.31 Earths,0.25091645 x Jupiter,0.13263 AU,16.7 days,0.0,Transit
1748,Neptune-like,2021,7.12 Earths,0.22914846 x Jupiter,0.48418 AU,135.2 days,0.0,Transit
1749,Terrestrial,2021,0.202 Earths,0.64472273 x Earth,0.05068 AU,4.3 days,0.0,Transit
1750,Super Earth,2021,3.7 Earths,1.74682428 x Earth,0.06069 AU,5.4 days,0.0,Transit
1751,Neptune-like,2021,7.52 Earths,0.23668521 x Jupiter,0.2749 AU,51.1 days,0.0,Transit
1752,Super Earth,2021,1.45 Earths,1.11727238 x Earth,0.0426 AU,3.5 days,0.0,Transit
1753,Terrestrial,2021,0.449 Earths,0.80628032 x Earth,0.06574 AU,6.9 days,0.0,Transit
1754,Super Earth,2021,4.86 Earths,2.05124311 x Earth,0.0856 AU,9.3 days,0.0,Transit
1755,Super Earth,2021,2.95 Earths,1.52696349 x Earth,0.0871 AU,10.8 days,0.0,Transit
1756,Super Earth,2021,1.09 Earths,1.03283226 x Earth,0.1022 AU,15.6 days,0.0,Transit
1757,Super Earth,2021,4.63 Earths,1.992 x Earth,0.194 AU,19.6 days,0.43,Transit
1758,Neptune-like,2021,7.38 Earths,0.23408967 x Jupiter,0.2107 AU,37.9 days,0.0,Transit
1759,Super Earth,2021,1.74 Earths,1.17563613 x Earth,0.0385 AU,3.8 days,0.0,Transit
1760,Super Earth,2021,2.81 Earths,1.48674404 x Earth,0.11636 AU,13.8 days,0.0,Transit
1761,Neptune-like,2021,9.17 Earths,0.26595138 x Jupiter,0.53325 AU,159.4 days,0.0,Transit
1762,Neptune-like,2021,8.86 Earths,0.26052305 x Jupiter,0.0521 AU,4.4 days,0.0,Transit
1763,Neptune-like,2021,6.44 Earths,0.21605255 x Jupiter,0.0308 AU,2 days,0.0,Transit
1764,Terrestrial,2021,0.313 Earths,0.72909663 x Earth,0.0206 AU,1.4 days,0.0,Transit
1765,Neptune-like,2021,6.14 Earths,0.21000008 x Jupiter,0.116 AU,14 days,0.0,Transit
1766,Neptune-like,2021,7.8 Earths,0.24170454 x Jupiter,0.0915 AU,10.4 days,0.0,Transit
1767,Neptune-like,2021,8.24 Earths,0.24974304 x Jupiter,0.1072 AU,13.6 days,0.0,Transit
1768,Neptune-like,2021,9.36 Earths,0.26912881 x Jupiter,0.0956 AU,10.1 days,0.0,Transit
1769,Super Earth,2021,1.84 Earths,1.19429134 x Earth,0.0621 AU,7.7 days,0.0,Transit
1770,Neptune-like,2021,15.7 Earths,0.36569184 x Jupiter,0.2015 AU,32.3 days,0.0,Transit
1771,Neptune-like,2021,8.43 Earths,0.25308032 x Jupiter,0.0683 AU,6.5 days,0.0,Transit
1772,Neptune-like,2021,9.9 Earths,0.27822044 x Jupiter,0.0519 AU,4.6 days,0.0,Transit
1773,Neptune-like,2021,14.8 Earths,0.35239656 x Jupiter,0.06868 AU,6.1 days,0.0,Transit
1774,Neptune-like,2021,6.46 Earths,0.21632373 x Jupiter,0.18836 AU,35.6 days,0.0,Transit
1775,Super Earth,2021,3.37 Earths,1.65156749 x Earth,0.06959 AU,6.2 days,0.0,Transit
1776,Super Earth,2021,1.07 Earths,1.02732734 x Earth,0.02103 AU,1.1 days,0.0,Transit
1777,Super Earth,2021,3.46 Earths,1.68023962 x Earth,0.0506 AU,4.9 days,0.0,Transit
1778,Super Earth,2021,2.59 Earths,1.4162338 x Earth,0.0692 AU,7.1 days,0.0,Transit
1779,Neptune-like,2021,8.05 Earths,0.2462322 x Jupiter,0.21507 AU,39.7 days,0.0,Transit
1780,Super Earth,2021,2.86 Earths,1.50004034 x Earth,0.0696 AU,7.3 days,0.0,Transit
1781,Super Earth,2021,3.25 Earths,1.6187808 x Earth,0.0588 AU,5.6 days,0.0,Transit
1782,Super Earth,2021,2.07 Earths,1.23923346 x Earth,0.1724 AU,27.2 days,0.0,Transit
1783,Super Earth,2021,2.21 Earths,1.289 x Earth,0.0597 AU,6.1 days,0.0,Transit
1784,Super Earth,2021,1.68 Earths,1.16480773 x Earth,0.0334 AU,2.8 days,0.0,Transit
1785,Super Earth,2021,2.69 Earths,1.4460734 x Earth,0.0451 AU,3.4 days,0.0,Transit
1786,Neptune-like,2021,7.18 Earths,0.23031392 x Jupiter,0.16 AU,24.3 days,0.0,Transit
1787,Terrestrial,2021,0.353 Earths,0.75408365 x Earth,0.049 AU,3.9 days,0.0,Transit
1788,Neptune-like,2021,5.49 Earths,2.203 x Earth,0.1199 AU,16.1 days,0.0,Transit
1789,Neptune-like,2021,7.8 Earths,0.24168996 x Jupiter,0.17871 AU,25.5 days,0.0,Transit
1790,Super Earth,2021,4.46 Earths,1.9493759 x Earth,0.0583 AU,5.1 days,0.0,Transit
1791,Super Earth,2021,2.02 Earths,1.22719556 x Earth,0.037 AU,3.1 days,0.0,Transit
1792,Neptune-like,2021,6.71 Earths,0.22115035 x Jupiter,0.0559 AU,5.2 days,0.0,Transit
1793,Neptune-like,2021,6.26 Earths,0.21244358 x Jupiter,0.4267 AU,95.6 days,0.0,Transit
1794,Neptune-like,2021,7.24 Earths,0.23128608 x Jupiter,0.1244 AU,16.5 days,0.0,Transit
1795,Neptune-like,2021,5.99 Earths,0.20688606 x Jupiter,0.227 AU,39.3 days,0.0,Transit
1796,Neptune-like,2021,5.19 Earths,2.13189678 x Earth,0.10301 AU,12.2 days,0.0,Transit
1797,Neptune-like,2021,12.9 Earths,0.32541956 x Jupiter,0.39565 AU,85.7 days,0.0,Transit
1798,Super Earth,2021,1.59 Earths,1.14651332 x Earth,0.0257 AU,1.5 days,0.0,Transit
1799,Neptune-like,2021,30.1 Earths,0.53567283 x Jupiter,0.6785 AU,205.9 days,0.0,Transit
1800,Super Earth,2021,2.16 Earths,1.273 x Earth,0.0296 AU,2.8 days,0.0,Transit
1801,Neptune-like,2021,11 Earths,0.29647782 x Jupiter,0.0779 AU,8.2 days,0.0,Transit
1802,Neptune-like,2021,18.4 Earths,0.40014746 x Jupiter,0.1131 AU,13.8 days,0.0,Transit
1803,Super Earth,2021,3.59 Earths,1.71673535 x Earth,0.14185 AU,18 days,0.0,Transit
1804,Neptune-like,2021,5.83 Earths,0.2037407 x Jupiter,0.0903 AU,13.8 days,0.0,Transit
1805,Neptune-like,2021,10.8 Earths,0.29250663 x Jupiter,0.08276 AU,9.2 days,0.0,Transit
1806,Neptune-like,2021,5.29 Earths,2.15492527 x Earth,0.0652 AU,6.5 days,0.0,Transit
1807,Neptune-like,2021,11.2 Earths,0.29984295 x Jupiter,0.1969 AU,30 days,0.0,Transit
1808,Neptune-like,2021,9.19 Earths,0.26627511 x Jupiter,0.0996 AU,10.7 days,0.0,Transit
1809,Neptune-like,2021,7.78 Earths,0.24143093 x Jupiter,0.06578 AU,6.5 days,0.0,Transit
1810,Super Earth,2021,2.4 Earths,1.35415138 x Earth,0.22971 AU,41.9 days,0.0,Transit
1811,Terrestrial,2021,0.337 Earths,0.74437023 x Earth,0.02915 AU,2 days,0.0,Transit
1812,Super Earth,2021,1.95 Earths,1.21463929 x Earth,0.0783 AU,8 days,0.0,Transit
1813,Super Earth,2021,1.57 Earths,1.14315727 x Earth,0.0617 AU,6.4 days,0.0,Transit
1814,Super Earth,2021,1.69 Earths,1.16654878 x Earth,0.11959 AU,14.3 days,0.0,Transit
1815,Super Earth,2021,3.02 Earths,1.54869189 x Earth,0.05975 AU,4.9 days,0.0,Transit
1816,Neptune-like,2021,10.2 Earths,0.282466 x Jupiter,0.52662 AU,126.6 days,0.0,Transit
1817,Super Earth,2021,2.95 Earths,1.52955541 x Earth,0.10233 AU,13 days,0.0,Transit
1818,Neptune-like,2021,11.5 Earths,0.30388764 x Jupiter,0.38733 AU,73.8 days,0.0,Transit
1819,Super Earth,2021,2.41 Earths,1.35670508 x Earth,0.06489 AU,6.1 days,0.0,Transit
1820,Super Earth,2021,1.33 Earths,1.09217411 x Earth,0.0306 AU,2.4 days,0.0,Transit
1821,Neptune-like,2021,8.32 Earths,0.25105579 x Jupiter,0.1546 AU,24.2 days,0.0,Transit
1822,Neptune-like,2021,10.1 Earths,0.28098015 x Jupiter,0.62348 AU,211 days,0.0,Transit
1823,Super Earth,2021,2.73 Earths,1.4593834 x Earth,0.04911 AU,4.6 days,0.0,Transit
1824,Super Earth,2021,2.61 Earths,1.42200732 x Earth,0.0187 AU,1 days,0.0,Transit
1825,Super Earth,2021,4.53 Earths,1.9679397 x Earth,0.35647 AU,91.5 days,0.0,Transit
1826,Super Earth,2021,3.43 Earths,1.671 x Earth,0.0662 AU,15.5 days,0.0,Transit
1827,Super Earth,2021,2.3 Earths,1.31946731 x Earth,0.07595 AU,8.3 days,0.0,Transit
1828,Neptune-like,2021,7.68 Earths,0.23963819 x Jupiter,0.04391 AU,3.2 days,0.0,Transit
1829,Neptune-like,2021,18.2 Earths,0.39834131 x Jupiter,0.40598 AU,89.2 days,0.0,Transit
1830,Neptune-like,2021,6.84 Earths,0.22380443 x Jupiter,0.12794 AU,18.4 days,0.0,Transit
1831,Neptune-like,2021,8.65 Earths,0.25697838 x Jupiter,0.2249 AU,39.8 days,0.0,Transit
1832,Neptune-like,2021,9.21 Earths,0.26668773 x Jupiter,0.2014 AU,30.7 days,0.0,Transit
1833,Neptune-like,2021,11.1 Earths,0.29725017 x Jupiter,0.1456 AU,19.6 days,0.0,Transit
1834,Super Earth,2021,3.47 Earths,1.68161001 x Earth,0.0717 AU,6.6 days,0.0,Transit
1835,Super Earth,2021,4.23 Earths,1.88971288 x Earth,0.103 AU,12.9 days,0.0,Transit
1836,Super Earth,2021,1.87 Earths,1.20117759 x Earth,0.0385 AU,2.8 days,0.0,Transit
1837,Neptune-like,2021,5.79 Earths,0.20282765 x Jupiter,0.2348 AU,44.3 days,0.0,Transit
1838,Neptune-like,2021,9.58 Earths,0.27279416 x Jupiter,0.1637 AU,23.4 days,0.0,Transit
1839,Neptune-like,2021,10.1 Earths,0.28218964 x Jupiter,0.35722 AU,78.5 days,0.0,Transit
1840,Neptune-like,2021,12.7 Earths,0.32170692 x Jupiter,0.4276 AU,109.4 days,0.0,Transit
1841,Terrestrial,2021,0.503 Earths,0.736 x Earth,0.0071 AU,0.3 days,0.0,Transit
1842,Gas Giant,2021,0.51 Jupiters,1.27 x Jupiter (estimate),1.23 AU,2.6 years,,Microlensing
1843,Gas Giant,2021,0.771 Jupiters,1.25 x Jupiter (estimate),0.681 AU,2.2 years,,Microlensing
1844,Gas Giant,2022,1.57 Jupiters,1.21 x Jupiter (estimate),1.913 AU,2.4 years,0.05,Radial Velocity
1845,Super Earth,2021,14.8 Earths,2.34302132 x Earth,0.117 AU,16.2 days,0.0,Transit
1846,Gas Giant,2021,7.66 Jupiters,1.13 x Jupiter (estimate),1.2163 AU,479.9 days,0.48,Radial Velocity
1847,Super Earth,2021,4.04 Earths,1.31 x Earth,0.02732 AU,1.6 days,0.0,Transit
1848,Neptune-like,2021,5.45 Earths,2.194 x Earth,0.145 AU,35.2 days,0.5,Transit
1849,Neptune-like,2021,8 Earths,0.245 x Jupiter (estimate),0.124 AU,16.4 days,0.0,Radial Velocity
1850,Super Earth,2021,19.1 Earths,2.4801338 x Earth,0.091 AU,10.3 days,0.29,Transit
1851,Super Earth,2021,1.4 Earths,0.941 x Earth,0.0327 AU,3.7 days,0.04,Transit
1852,Neptune-like,2021,12.7 Earths,0.322 x Jupiter (estimate),0.424 AU,103.5 days,0.27,Radial Velocity
1853,Super Earth,2021,3.5 Earths,1.69 x Earth (estimate),0.141 AU,19.9 days,< 0.293,Radial Velocity
1854,Neptune-like,2021,8.9 Earths,0.261 x Jupiter (estimate),0.0777 AU,8.1 days,< 0.138,Radial Velocity
1855,Neptune-like,2021,8.7 Earths,0.258 x Jupiter (estimate),0.2565 AU,45.9 days,0.09,Radial Velocity
1856,Neptune-like,2021,7.1 Earths,0.229 x Jupiter (estimate),0.112 AU,13.2 days,< 0.2,Radial Velocity
1857,Super Earth,2021,4.2 Earths,1.88 x Earth (estimate),0.0756 AU,7.3 days,< 0.295,Radial Velocity
1858,Neptune-like,2021,5.16 Earths,2.12 x Earth (estimate),0.1949 AU,33.9 days,< 0.159,Radial Velocity
1859,Neptune-like,2021,7.49 Earths,0.236 x Jupiter (estimate),0.1083 AU,14 days,< 0.078,Radial Velocity
1860,Super Earth,2021,4.62 Earths,1.99 x Earth (estimate),0.05895 AU,5.6 days,< 0.101,Radial Velocity
1861,Neptune-like,2021,7 Earths,0.227 x Jupiter (estimate),0.197 AU,33.7 days,0.16,Radial Velocity
1862,Neptune-like,2021,8.5 Earths,0.254 x Jupiter (estimate),0.111 AU,14.3 days,< 0.189,Radial Velocity
1863,Neptune-like,2021,6.6 Earths,0.219 x Jupiter (estimate),0.134 AU,18.6 days,< 0.344,Radial Velocity
1864,Terrestrial,2021,0.35 Earths,0.685 x Earth,0.01239 AU,0.9 days,0.03,Transit
1865,Super Earth,2020,3.95 Earths,1.82 x Earth (estimate),0.0185 AU,2.3 days,,Radial Velocity
1866,Super Earth,2021,1.87 Earths,1.2 x Earth,Unknown,0.4 days,,Transit
1867,Super Earth,2021,2.54 Earths,1.4 x Earth,Unknown,0.9 days,,Transit
1868,Neptune-like,2021,19.5 Earths,1.77 x Earth,0.1363 AU,13.6 days,0.3,Transit
1869,Gas Giant,2020,2.5 Jupiters,1.18 x Jupiter (estimate),1.49 AU,457 days,0.04,Radial Velocity
1870,Neptune-like,2020,9.65 Earths,0.274 x Jupiter (estimate),0.1139 AU,18.3 days,0.29,Radial Velocity
1871,Super Earth,2021,1.37 Earths,1.1 x Earth,Unknown,0.7 days,,Transit
1872,Terrestrial,2021,0.937 Earths,0.99 x Earth,Unknown,0.8 days,,Transit
1873,Neptune-like,2021,5.9 Earths,0.20519261 x Jupiter,Unknown,11.8 days,,Transit
1874,Super Earth,2021,1.87 Earths,1.2 x Earth,Unknown,0.6 days,,Transit
1875,Neptune-like,2021,7.27 Earths,0.23195686 x Jupiter,Unknown,14.6 days,,Transit
1876,Super Earth,2021,7.67 Earths,1.565 x Earth,0.0177 AU,0.9 days,0.0,Transit
1877,Super Earth,2021,2.86 Earths,1.5 x Earth,Unknown,0.7 days,,Transit
1878,Gas Giant,2020,4.32 Jupiters,1.15 x Jupiter (estimate),1.45 AU,1.6 years,0.06,Radial Velocity
1879,Gas Giant,2021,5.029 Jupiters,1.142 x Jupiter,0.153 AU,18.1 days,0.81,Transit
1880,Gas Giant,2021,0.7 Jupiters,1.44 x Jupiter,0.04882 AU,3.2 days,,Transit
1881,Gas Giant,2021,0.31148883 Jupiters,0.86163681 x Jupiter,0.057 AU,4.5 days,0.0,Transit
1882,Gas Giant,2021,0.29984733 Jupiters,1.2593883 x Jupiter,0.051 AU,3.9 days,0.0,Transit
1883,Neptune-like,2021,8.4 Earths,0.253 x Jupiter (estimate),1.54 AU,3.1 years,,Microlensing
1884,Neptune-like,2021,11.1 Earths,0.273398 x Jupiter,0.148 AU,21.4 days,0.0,Radial Velocity
1885,Neptune-like,2021,10.5 Earths,0.26012646 x Jupiter,0.083 AU,9.1 days,0.0,Transit
1886,Gas Giant,2021,0.4 Jupiters,0.83 x Jupiter,0.052 AU,6.4 days,0.0,Transit
1887,Gas Giant,2021,3.12 Jupiters,1.49 x Jupiter,0.046 AU,2.7 days,0.0,Transit
1888,Gas Giant,2021,0.245 Jupiters,0.937 x Jupiter (estimate),1.449 AU,4 years,,Microlensing
1889,Gas Giant,2021,6.01 Jupiters,1.091 x Jupiter,0.0723 AU,7 days,0.15,Transit
1890,Gas Giant,2021,3.61 Jupiters,1.086 x Jupiter,0.1291 AU,14.6 days,0.3,Transit
1891,Gas Giant,2021,0.634 Jupiters,1.54 x Jupiter,0.04922 AU,3.7 days,0.04,Transit
1892,Gas Giant,2021,19.7 Jupiters,1.47 x Jupiter,0.0338 AU,1.7 days,0.0,Transit
1893,Neptune-like,2021,6.28 Earths,0.21545224 x Jupiter,0.0287 AU,2.5 days,0.0,Transit
1894,Gas Giant,2021,1.34 Jupiters,1.22 x Jupiter (estimate),3.59 AU,9.3 years,,Microlensing
1895,Gas Giant,2021,0.32 Jupiters,1.1 x Jupiter (estimate),2.72 AU,9 years,,Microlensing
1896,Neptune-like,2021,13.4 Earths,0.33187674 x Jupiter,0.145 AU,16.3 days,,Transit
1897,Neptune-like,2021,5.86 Earths,0.20430047 x Jupiter,0.1599 AU,21 days,,Transit
1898,Neptune-like,2021,5.69 Earths,0.2007319 x Jupiter,0.0632 AU,5.7 days,,Transit
1899,Neptune-like,2021,7.65 Earths,0.239094 x Jupiter,0.0863 AU,11.3 days,,Transit
1900,Neptune-like,2021,5.57 Earths,2.22 x Earth (estimate),0.051 AU,5.1 days,,Radial Velocity
1901,Gas Giant,2021,1.83 Jupiters,1.878 x Jupiter,0.03712 AU,1.9 days,< 0.01,Transit
1902,Gas Giant,2021,2.96386345 Jupiters,1.0036595 x Jupiter,0.90281 AU,200.5 days,0.03,Transit
1903,Gas Giant,2021,2.56 Jupiters,1.18 x Jupiter (estimate),3.32 AU,7.7 years,,Microlensing
1904,Neptune-like,2021,6.059 Earths,0.208 x Jupiter (estimate),1.305 AU,3.2 years,,Microlensing
1905,Neptune-like,2021,6.99 Earths,0.22660401 x Jupiter,Unknown,7.8 days,,Transit
1906,Neptune-like,2016,7.95 Earths,0.24444685 x Jupiter,Unknown,20 days,,Transit
1907,Super Earth,2021,2.48 Earths,1.38 x Earth,Unknown,9 days,,Transit
1908,Neptune-like,2021,6.39 Earths,0.21500617 x Jupiter,Unknown,7.2 days,,Transit
1909,Neptune-like,2021,5.73 Earths,0.20162404 x Jupiter,Unknown,26.2 days,,Transit
1910,Neptune-like,2021,5.1 Earths,2.11 x Earth,Unknown,10.4 days,,Transit
1911,Neptune-like,2021,11.2 Earths,0.29975964 x Jupiter,Unknown,29.7 days,,Transit
1912,Super Earth,2021,1.08 Earths,1.03 x Earth,Unknown,3.9 days,,Transit
1913,Neptune-like,2021,7.37 Earths,0.23374115 x Jupiter,Unknown,16.3 days,,Transit
1914,Super Earth,2021,1.98 Earths,1.22 x Earth,Unknown,21.2 days,,Transit
1915,Neptune-like,2021,5.52 Earths,2.21 x Earth,Unknown,12.3 days,,Transit
1916,Neptune-like,2021,5.48 Earths,2.2 x Earth,Unknown,17.7 days,,Transit
1917,Neptune-like,2021,8.1 Earths,0.24712327 x Jupiter,Unknown,13.8 days,,Transit
1918,Neptune-like,2021,5.99 Earths,0.20697689 x Jupiter,Unknown,23.2 days,,Transit
1919,Neptune-like,2021,5.77 Earths,0.20251618 x Jupiter,Unknown,5.2 days,,Transit
1920,Gas Giant,2021,0.369 Jupiters,1.19 x Jupiter (estimate),0.15544 AU,24.7 days,0.06,Transit Timing Variations
1921,Gas Giant,2021,0.904 Jupiters,0.977 x Jupiter,0.09564 AU,11.9 days,0.02,Transit
1922,Super Earth,2021,2.82 Earths,1.49 x Earth (estimate),0.0712 AU,12.8 days,0.01,Radial Velocity
1923,Super Earth,2021,3.05 Earths,1.56 x Earth,Unknown,3.8 days,,Transit
1924,Neptune-like,2021,26.3 Earths,0.49513869 x Jupiter,Unknown,15.5 days,,Transit
1925,Neptune-like,2021,5.6 Earths,2.23 x Earth,Unknown,14.9 days,,Transit
1926,Super Earth,2021,4.35 Earths,1.92 x Earth,Unknown,8.2 days,,Transit
1927,Super Earth,2021,2.45 Earths,1.37 x Earth,Unknown,3.7 days,,Transit
1928,Super Earth,2021,2.99 Earths,1.54 x Earth,Unknown,4.2 days,,Transit
1929,Neptune-like,2021,7.61 Earths,0.23820186 x Jupiter,Unknown,12.6 days,,Transit
1930,Neptune-like,2021,10.7 Earths,0.29083822 x Jupiter,Unknown,4.7 days,,Transit
1931,Super Earth,2021,3.15 Earths,1.59 x Earth,Unknown,3.4 days,,Transit
1932,Super Earth,2021,4.74 Earths,2.02 x Earth,Unknown,7.7 days,,Transit
1933,Super Earth,2021,3.36 Earths,1.65 x Earth,Unknown,2.8 days,,Transit
1934,Super Earth,2021,4.78 Earths,2.03 x Earth,Unknown,11.6 days,,Transit
1935,Neptune-like,2021,10.4 Earths,0.28637751 x Jupiter,Unknown,36.6 days,,Transit
1936,Super Earth,2021,4.35 Earths,1.92 x Earth,Unknown,19.5 days,,Transit
1937,Neptune-like,2021,27.2 Earths,0.50406011 x Jupiter,Unknown,5.1 days,,Transit
1938,Neptune-like,2021,31.6 Earths,0.55134362 x Jupiter,Unknown,14.8 days,,Transit
1939,Neptune-like,2021,7.85 Earths,0.24266256 x Jupiter,Unknown,23 days,,Transit
1940,Super Earth,2021,3.86 Earths,1.79 x Earth,Unknown,9.4 days,,Transit
1941,Neptune-like,2021,5.6 Earths,2.23 x Earth,Unknown,26.3 days,,Transit
1942,Super Earth,2021,2.33 Earths,1.33 x Earth,Unknown,6.1 days,,Transit
1943,Super Earth,2021,2.83 Earths,1.49 x Earth,Unknown,4.5 days,,Transit
1944,Neptune-like,2018,6.3 Earths,0.21322189 x Jupiter,Unknown,52.7 days,,Transit
1945,Gas Giant,2021,0.19350064 Jupiters,0.51922652 x Jupiter,0.0296 AU,2.3 days,0.0,Transit
1946,Neptune-like,2021,9.9 Earths,0.29351465 x Jupiter,0.098 AU,12.5 days,0.0,Transit
1947,Super Earth,2021,2.83 Earths,1.49 x Earth (estimate),0.052 AU,4.8 days,0.0,Radial Velocity
1948,Super Earth,2021,3.07 Earths,1.28 x Earth,0.0113 AU,0.5 days,0.0,Transit
1949,Neptune-like,2021,15.6 Earths,0.25515255 x Jupiter,0.02267 AU,3.1 days,0.17,Transit
1950,Gas Giant,2021,7.5 Jupiters,1.122 x Jupiter,7506 AU,1101369.9 years,,Imaging
1951,Gas Giant,2021,7.7 Jupiters,1.13 x Jupiter (estimate),0.79 AU,2.3 years,,Microlensing
1952,Gas Giant,2021,2.1 Jupiters,1.19 x Jupiter (estimate),Unknown,3.3 days,,Orbital Brightness Modulation
1953,Gas Giant,2021,0.5 Jupiters,1.27 x Jupiter (estimate),Unknown,1.7 days,,Orbital Brightness Modulation
1954,Gas Giant,2021,2 Jupiters,1.19 x Jupiter (estimate),Unknown,2.1 days,,Orbital Brightness Modulation
1955,Super Earth,2021,14.46 Earths,2.79 x Earth,0.119 AU,18.9 days,0.18,Transit
1956,Gas Giant,2021,18.5 Jupiters,1.09 x Jupiter,0.095 AU,14.5 days,0.01,Transit
1957,Neptune-like,2021,9.78 Earths,0.276 x Jupiter (estimate),0.08 AU,8 days,0.14,Radial Velocity
1958,Super Earth,2021,10.15 Earths,2.265 x Earth,0.052 AU,4.1 days,0.18,Transit
1959,Gas Giant,2021,14.2 Jupiters,1.1 x Jupiter (estimate),2.65 AU,4.8 years,,Microlensing
1960,Gas Giant,2021,1.09 Jupiters,1.23 x Jupiter (estimate),4.27 AU,10.6 years,,Microlensing
1961,Gas Giant,2021,2.22 Jupiters,1.19 x Jupiter (estimate),3.54 AU,8.3 years,,Microlensing
1962,Neptune-like,2021,15 Earths,0.22481973 x Jupiter,0.0707 AU,9 days,< 0.062,Transit
1963,Neptune-like,2021,14 Earths,2.12 x Earth,0.0443 AU,4.5 days,< 0.019,Transit
1964,Super Earth,2021,0.17934206 Jupiters,1.39 x Earth,0.0291 AU,2.4 days,< 0.14,Transit
1965,Gas Giant,2021,4.16 Jupiters,1.066 x Jupiter,2.027 AU,2.7 years,0.92,Transit
1966,Gas Giant,2021,6.021 Jupiters,1.14 x Jupiter (estimate),3.166 AU,5.6 years,0.05,Radial Velocity
1967,Gas Giant,2021,5.065 Jupiters,1.15 x Jupiter (estimate),2.905 AU,4.8 years,0.92,Radial Velocity
1968,Gas Giant,2021,4.8 Jupiters,1.15 x Jupiter (estimate),1.552 AU,1.8 years,0.18,Radial Velocity
1969,Gas Giant,2021,5.54 Jupiters,1.14 x Jupiter (estimate),0.768 AU,223.8 days,0.08,Radial Velocity
1970,Gas Giant,2021,8.45 Jupiters,1.12 x Jupiter (estimate),5 AU,10.1 years,0.49,Radial Velocity
1971,Gas Giant,2021,2.99 Jupiters,1.17 x Jupiter (estimate),1.259 AU,1.4 years,0.34,Radial Velocity
1972,Gas Giant,2021,0.58 Jupiters,1.703 x Jupiter,0.05387 AU,4 days,< 0.101,Transit
1973,Gas Giant,2021,0.614 Jupiters,1.119 x Jupiter,0.04294 AU,3.4 days,< 0.069,Transit
1974,Gas Giant,2021,0.761 Jupiters,1.073 x Jupiter,0.03772 AU,2.6 days,< 0.101,Transit
1975,Gas Giant,2021,1.057 Jupiters,0.899 x Jupiter,0.0301 AU,1.9 days,< 0.113,Transit
1976,Gas Giant,2021,0.574 Jupiters,1.631 x Jupiter,0.06277 AU,4.8 days,< 0.25,Transit
1977,Gas Giant,2021,1.54 Jupiters,1.123 x Jupiter,0.05064 AU,4.1 days,< 0.03,Transit
1978,Gas Giant,2021,0.372 Jupiters,1.332 x Jupiter,0.04994 AU,4 days,< 0.073,Transit
1979,Neptune-like,2021,7.3 Earths,0.29173036 x Jupiter,0.1982 AU,35.1 days,< 0.027,Transit
1980,Neptune-like,2021,7.2 Earths,0.31581819 x Jupiter,0.1407 AU,21 days,< 0.036,Transit
1981,Neptune-like,2021,6.7 Earths,0.23106472 x Jupiter,0.08781 AU,10.4 days,0.01,Transit
1982,Super Earth,2021,2.44 Earths,1.49681583 x Earth,0.0122 AU,0.5 days,0.0,Transit
1983,Gas Giant,2021,0.44363561 Jupiters,1.03488447 x Jupiter,0.0408 AU,3.5 days,0.0,Transit
1984,Neptune-like,2021,23.6 Earths,0.46837443 x Jupiter,0.025 AU,2 days,0.0,Transit
1985,Super Earth,2021,3.07 Earths,1.421 x Earth,0.01164 AU,0.7 days,0.0,Transit
1986,Super Earth,2021,4.9 Earths,1.759 x Earth,0.01544 AU,1 days,0.0,Transit
1987,Super Earth,2021,13.2 Earths,2.76 x Earth,0.0657 AU,7.5 days,0.0,Transit
1988,Super Earth,2021,8.56 Earths,2.41 x Earth,0.0367 AU,3.1 days,0.0,Transit
1989,Neptune-like,2021,13.64 Earths,0.336 x Jupiter (estimate),0.119 AU,19.5 days,0.12,Radial Velocity
1990,Super Earth,2021,1.71 Earths,1.17 x Earth (estimate),0.05402 AU,7 days,,Radial Velocity
1991,Super Earth,2021,3.75 Earths,1.76 x Earth (estimate),0.0525 AU,8.1 days,,Radial Velocity
1992,Super Earth,2021,2.5 Earths,1.39 x Earth (estimate),0.02279 AU,2.3 days,,Radial Velocity
1993,Gas Giant,2021,8.3 Jupiters,1.12 x Jupiter (estimate),4 AU,7.2 years,0.15,Radial Velocity
1994,Gas Giant,2014,0.99 Jupiters,1.23 x Jupiter (estimate),4.95 AU,16.4 years,0.09,Radial Velocity
1995,Gas Giant,2021,0.487 Jupiters,1.177 x Jupiter,Unknown,3.8 days,0.0,Transit
1996,Super Earth,2021,10.36 Earths,1.21 x Earth,0.18688 AU,31.8 days,0.0,Transit
1997,Super Earth,2021,9.2 Earths,1.19 x Earth,0.14247 AU,21.2 days,0.0,Transit
1998,Super Earth,2021,11.02 Earths,2.58 x Earth,0.0634 AU,7.7 days,0.0,Transit
1999,Super Earth,2018,2.23 Earths,1.13 x Earth,0.19924 AU,34.2 days,0.0,Transit
2000,Neptune-like,2021,13.6 Earths,0.335 x Jupiter (estimate),2.94 AU,8.1 years,0.13,Radial Velocity
2001,Gas Giant,2021,15.03 Jupiters,1.09 x Jupiter (estimate),13.2 AU,43.8 years,0.45,Radial Velocity
2002,Gas Giant,2021,1.764 Jupiters,1.2 x Jupiter (estimate),9.408 AU,28.7 years,0.21,Radial Velocity
2003,Gas Giant,2021,0.173 Jupiters,0.764 x Jupiter (estimate),2.108 AU,3.3 years,0.3,Radial Velocity
2004,Gas Giant,2021,28.46 Jupiters,1.06 x Jupiter (estimate),10.087 AU,30 years,0.92,Radial Velocity
2005,Gas Giant,2021,0.201 Jupiters,0.834 x Jupiter (estimate),1.3 AU,1.4 years,0.11,Radial Velocity
2006,Gas Giant,2021,3.5 Jupiters,1.17 x Jupiter (estimate),13 AU,46.6 years,0.53,Radial Velocity
2007,Neptune-like,2021,9.53485221 Earths,0.272 x Jupiter (estimate),0.1192 AU,15.1 days,0.12,Radial Velocity
2008,Neptune-like,2021,10.52012027 Earths,0.288 x Jupiter (estimate),0.2292 AU,41.8 days,0.09,Radial Velocity
2009,Neptune-like,2021,31.49679513 Earths,0.55 x Jupiter (estimate),1.57 AU,2.2 years,0.09,Radial Velocity
2010,Neptune-like,2021,9.67 Earths,0.52993222 x Jupiter,0.1482 AU,19.5 days,0.07,Transit
2011,Neptune-like,2021,9.82 Earths,0.27210324 x Jupiter,0.1049 AU,11.6 days,0.05,Transit
2012,Gas Giant,2021,7.9 Jupiters,1.12 x Jupiter (estimate),20 AU,43.1 years,0.52,Radial Velocity
2013,Neptune-like,2021,13.63483866 Earths,0.336 x Jupiter (estimate),0.1238 AU,15.5 days,0.16,Radial Velocity
2014,Gas Giant,2021,0.84 Jupiters,1.24 x Jupiter (estimate),5.13 AU,12.4 years,0.1,Radial Velocity
2015,Neptune-like,2021,19.89605828 Earths,0.42 x Jupiter (estimate),0.1407 AU,18.3 days,0.34,Radial Velocity
2016,Neptune-like,2021,13.8 Earths,0.27031896 x Jupiter,0.08911 AU,10.7 days,0.03,Transit
2017,Super Earth,2021,3.58 Earths,1.41792246 x Earth,0.0116 AU,0.5 days,0.0,Transit
2018,Neptune-like,2021,15.4 Earths,0.32563175 x Jupiter,0.1288 AU,24.2 days,0.09,Transit
2019,Gas Giant,2021,1.5 Jupiters,1.21 x Jupiter (estimate),1.44 AU,1.7 years,0.59,Radial Velocity
2020,Gas Giant,2021,0.75 Jupiters,1.25 x Jupiter (estimate),1.04 AU,352.7 days,0.21,Radial Velocity
2021,Gas Giant,2021,0.75 Jupiters,1.25 x Jupiter (estimate),0.86 AU,270.7 days,0.34,Radial Velocity
2022,Gas Giant,2021,10.4 Jupiters,1.11 x Jupiter (estimate),2.06 AU,3.3 years,0.88,Radial Velocity
2023,Gas Giant,2021,0.72 Jupiters,1.25 x Jupiter (estimate),0.78 AU,265.6 days,0.27,Radial Velocity
2024,Gas Giant,2021,1.36 Jupiters,1.21 x Jupiter (estimate),0.83 AU,307.9 days,0.12,Radial Velocity
2025,Neptune-like,2021,8.8 Earths,0.24712327 x Jupiter,0.0345 AU,3.7 days,0.42,Transit
2026,Gas Giant,2021,2.102 Jupiters,1.19 x Jupiter (estimate),1.36 AU,455.7 days,0.08,Radial Velocity
2027,Gas Giant,2021,1.79 Jupiters,1.2 x Jupiter (estimate),2.02 AU,2.5 years,0.42,Radial Velocity
2028,Gas Giant,2021,6.77 Jupiters,1.13 x Jupiter (estimate),4.55 AU,7.3 years,0.12,Radial Velocity
2029,Gas Giant,2021,1.94 Jupiters,1.2 x Jupiter (estimate),2.84 AU,4.1 years,0.21,Radial Velocity
2030,Gas Giant,2020,7.8 Jupiters,1.86 x Jupiter,200 AU,22027.4 years,,Imaging
2031,Gas Giant,2021,0.138 Jupiters,0.639 x Jupiter,0.1528 AU,18.4 days,0.0,Transit
2032,Gas Giant,2021,0.409 Jupiters,1.21 x Jupiter,0.0448 AU,3.1 days,0.0,Transit
2033,Gas Giant,2021,0.764 Jupiters,1.24 x Jupiter,0.0391 AU,3.2 days,0.0,Transit
2034,Gas Giant,2021,0.667 Jupiters,1.3 x Jupiter,0.0523 AU,4.8 days,0.0,Transit
2035,Gas Giant,2021,0.751 Jupiters,1.1 x Jupiter,0.0441 AU,3.3 days,0.0,Transit
2036,Super Earth,2021,2.33 Earths,1.242 x Earth,0.01848 AU,1.9 days,,Transit
2037,Neptune-like,2021,18.4 Earths,0.401 x Jupiter (estimate),0.2416 AU,40.9 days,0.07,Radial Velocity
2038,Neptune-like,2021,7.8 Earths,0.21857474 x Jupiter,0.1202 AU,14.3 days,0.08,Transit
2039,Gas Giant,2021,0.463 Jupiters,1.03 x Jupiter,0.0159 AU,1.3 days,< 0.33,Transit
2040,Gas Giant,2021,0.51600171 Jupiters,1.01704163 x Jupiter,0.303 AU,53 days,0.28,Transit
2041,Gas Giant,2020,6.5 Jupiters,1.13 x Jupiter (estimate),1.5 AU,495.4 days,0.27,Radial Velocity
2042,Gas Giant,2020,5 Jupiters,1.15 x Jupiter (estimate),1.7 AU,1.7 years,0.24,Radial Velocity
2043,Gas Giant,2021,0.77 Jupiters,1.25 x Jupiter (estimate),3.3 AU,9.1 years,,Microlensing
2044,Gas Giant,2020,5.53 Jupiters,1.14 x Jupiter (estimate),3.92 AU,10.5 years,,Microlensing
2045,Super Earth,2021,2.96 Earths,1.53 x Earth (estimate),0.029 AU,2.4 days,0.24,Radial Velocity
2046,Super Earth,2021,2.77 Earths,1.289 x Earth,0.01714 AU,1.5 days,0.0,Radial Velocity
2047,Gas Giant,2021,0.16936727 Jupiters,0.74939781 x Jupiter,1.4 AU,2.1 years,0.1,Radial Velocity
2048,Neptune-like,2021,7.6 Earths,0.23463288 x Jupiter,0.2324 AU,50.8 days,0.45,Radial Velocity
2049,Gas Giant,2021,0.57 Jupiters,1.72 x Jupiter,0.06608 AU,5 days,< 0.013,Transit
2050,Gas Giant,2021,6.33 Jupiters,1.06 x Jupiter,0.0486 AU,3.4 days,0.07,Transit
2051,Gas Giant,2021,1.21763817 Jupiters,1.2667542 x Jupiter,0.069 AU,5.3 days,0.0,Transit
2052,Gas Giant,2021,0.88 Jupiters,1.07 x Jupiter,0.0818 AU,10.2 days,0.06,Transit
2053,Gas Giant,2021,2.37 Jupiters,1.396 x Jupiter,0.0626 AU,4.7 days,0.07,Transit
2054,Neptune-like,2021,29.24036 Earths,0.444 x Jupiter,0.0403 AU,3.5 days,0.0,Transit
2055,Neptune-like,2020,6.89 Earths,0.225 x Jupiter (estimate),0.0932 AU,13.7 days,0.3,Radial Velocity
2056,Super Earth,2020,3.85 Earths,1.79 x Earth (estimate),0.0808 AU,14.2 days,0.0,Radial Velocity
2057,Neptune-like,2021,20.4 Earths,0.31135748 x Jupiter,0.1322 AU,17.5 days,0.06,Transit
2058,Neptune-like,2021,4.32 Earths,0.26880186 x Jupiter,0.23109 AU,42 days,0.06,Transit
2059,Neptune-like,2021,9.96 Earths,0.279 x Jupiter (estimate),0.2554 AU,53.8 days,0.16,Radial Velocity
2060,Neptune-like,2021,11.2 Earths,0.299 x Jupiter (estimate),0.10519 AU,14.2 days,0.07,Radial Velocity
2061,Neptune-like,2021,10.3 Earths,0.28548488 x Jupiter,0.113 AU,10.2 days,0.2,Transit
2062,Gas Giant,2021,6.1 Jupiters,1.14 x Jupiter (estimate),0.66 AU,193.2 days,0.08,Radial Velocity
2063,Gas Giant,2021,1.14 Jupiters,1.22 x Jupiter (estimate),1.24 AU,1.4 years,0.41,Radial Velocity
2064,Gas Giant,2021,13.9 Jupiters,1.1 x Jupiter (estimate),1.14 AU,434 days,0.23,Radial Velocity
2065,Neptune-like,2021,4.4 Earths,0.26220047 x Jupiter,0.1275 AU,20.7 days,0.0,Transit
2066,Neptune-like,2021,5.63 Earths,0.21563067 x Jupiter,0.1039 AU,15.2 days,0.0,Transit
2067,Neptune-like,2021,3.48 Earths,0.20528182 x Jupiter,0.0783 AU,10 days,0.0,Transit
2068,Neptune-like,2021,5.2 Earths,0.24043221 x Jupiter,0.0592 AU,6.6 days,0.01,Transit
2069,Super Earth,2021,4.64 Earths,1.754 x Earth,0.037 AU,3.2 days,0.0,Transit
2070,Super Earth,2021,0.96 Earths,1.2 x Earth,0.02607 AU,1.9 days,,Transit
2071,Gas Giant,2021,4.84 Jupiters,1.142 x Jupiter,0.0549 AU,4.1 days,0.09,Transit
2072,Super Earth,2021,10.5 Earths,2.11384817 x Earth,0.068 AU,6.7 days,0.04,Radial Velocity
2073,Neptune-like,2021,4.55 Earths,2.05 x Earth,0.035 AU,2.5 days,0.09,Transit
2074,Gas Giant,2020,0.667 Jupiters,1.171 x Jupiter,0.04666 AU,3.7 days,0.02,Transit
2075,Gas Giant,2020,1.463 Jupiters,1.02 x Jupiter,0.02734 AU,1.7 days,0.07,Transit
2076,Gas Giant,2020,0.26 Jupiters,0.774 x Jupiter,0.1016 AU,12.5 days,0.07,Transit
2077,Neptune-like,2020,10.2 Earths,0.35061172 x Jupiter,0.1168 AU,16.4 days,0.0,Transit
2078,Neptune-like,2020,3.7 Earths,0.26139754 x Jupiter,0.0795 AU,9.2 days,0.0,Transit
2079,Super Earth,2020,4.7 Earths,1.84 x Earth,0.0274 AU,1.9 days,0.0,Transit
2080,Super Earth,2021,4.72 Earths,2.017 x Earth,0.1758 AU,29.5 days,0.05,Transit
2081,Neptune-like,2020,9.71 Earths,0.27504684 x Jupiter,0.1367 AU,19.6 days,0.06,Transit
2082,Super Earth,2020,4.94 Earths,2.071 x Earth,0.062 AU,6.2 days,0.03,Transit
2083,Super Earth,2020,3.24 Earths,1.615 x Earth,0.04527 AU,3.8 days,0.04,Transit
2084,Super Earth,2020,6.9 Earths,2.047 x Earth,0.1001 AU,15.7 days,0.09,Transit
2085,Super Earth,2020,5 Earths,1.798 x Earth,0.0653 AU,8.2 days,0.05,Transit
2086,Super Earth,2020,12.4 Earths,2.517 x Earth,0.33 AU,77.1 days,0.07,Transit
2087,Super Earth,2020,13.33 Earths,2.615 x Earth,0.1587 AU,25.7 days,0.11,Transit
2088,Neptune-like,2020,5.93 Earths,0.25559862 x Jupiter,0.0889 AU,10.8 days,0.02,Transit
2089,Super Earth,2020,2.02 Earths,1.397 x Earth,0.01064 AU,0.4 days,0.0,Transit
2090,Gas Giant,2020,0.724 Jupiters,1.072 x Jupiter,0.02996 AU,2.3 days,< 0.041,Transit
2091,Gas Giant,2020,0.8 Jupiters,1.64 x Jupiter,0.0653 AU,5.1 days,0.0,Transit
2092,Gas Giant,2020,4.22 Jupiters,1.11 x Jupiter,0.06 AU,5 days,0.33,Transit
2093,Gas Giant,2020,0.35 Jupiters,1.16 x Jupiter (estimate),Unknown,3 years,0.32,Radial Velocity
2094,Neptune-like,2020,37 Earths,0.41663021 x Jupiter,0.08598 AU,10.2 days,0.32,Transit
2095,Neptune-like,2020,2.6 Jupiters,0.34704315 x Jupiter,0.04866 AU,4.3 days,0.34,Transit
2096,Gas Giant,2020,0.95 Jupiters,1.07 x Jupiter,0.092 AU,10.6 days,< 0.125,Transit
2097,Gas Giant,2020,1.53 Jupiters,0.99 x Jupiter,0.097 AU,10.3 days,0.15,Transit
2098,Neptune-like,2021,1 Jupiter,0.24444643 x Jupiter,0.05741 AU,4.9 days,0.0,Transit
2099,Super Earth,2020,2.67 Earths,1.44 x Earth,0.0341 AU,5.4 days,0.0,Transit
2100,Neptune-like,2020,7.85 Earths,0.24266215 x Jupiter,0.0392 AU,5.1 days,0.0,Transit
2101,Gas Giant,2020,1.942 Jupiters,1.117 x Jupiter,0.1207 AU,15.2 days,0.57,Transit
2102,Gas Giant,2014,2.74 Jupiters,1.18 x Jupiter (estimate),3.03 AU,5.6 years,,Microlensing
2103,Neptune-like,2020,28.38 Earths,0.37916026 x Jupiter,0.04056 AU,4.1 days,0.02,Transit
2104,Neptune-like,2020,11.1 Earths,0.298 x Jupiter (estimate),0.11565 AU,15.7 days,0.07,Radial Velocity
2105,Neptune-like,2020,9.44 Earths,0.271 x Jupiter (estimate),0.528 AU,154.4 days,0.12,Radial Velocity
2106,Neptune-like,2020,10.26 Earths,0.284 x Jupiter (estimate),0.198 AU,35.5 days,0.09,Radial Velocity
2107,Neptune-like,2020,15.5 Earths,0.362 x Jupiter (estimate),0.092 AU,11.7 days,0.14,Radial Velocity
2108,Gas Giant,2020,0.174 Jupiters,0.852 x Jupiter,0.04963 AU,3.7 days,0.14,Transit
2109,Super Earth,2020,3.3 Earths,1.009 x Earth,0.0983 AU,12.4 days,0.0,Transit
2110,Terrestrial,2020,0.688 Earths,0.90819 x Earth,0.0296 AU,2 days,0.0,Transit
2111,Super Earth,2020,1.15 Earths,1.047 x Earth,0.0349 AU,6.8 days,0.0,Transit
2112,Gas Giant,2020,11.28 Jupiters,1.11 x Jupiter (estimate),3.04 AU,5.9 years,,Microlensing
2113,Gas Giant,2020,0.51 Jupiters,1.27 x Jupiter (estimate),4.06 AU,9.8 years,,Microlensing
2114,Gas Giant,2020,2.63 Jupiters,1.18 x Jupiter (estimate),3.64 AU,8.7 years,,Microlensing
2115,Gas Giant,2020,3.93 Jupiters,1.16 x Jupiter (estimate),2.63 AU,6 years,,Microlensing
2116,Neptune-like,2018,6 Earths,0.3568561 x Jupiter,0.7584 AU,207.6 days,0.11,Transit
2117,Gas Giant,2020,0.379 Jupiters,0.818 x Jupiter,0.0888 AU,8.3 days,0.0,Transit
2118,Gas Giant,2020,0.208 Jupiters,1.048 x Jupiter,0.0757 AU,7.5 days,0.0,Transit
2119,Neptune-like,2020,7.41 Earths,0.235 x Jupiter (estimate),0.0876 AU,15.5 days,0.0,Radial Velocity
2120,Super Earth,2020,1.86 Earths,1.264 x Earth,0.01589 AU,1.2 days,0.0,Transit
2121,Terrestrial,2020,0.674 Earths,0.903 x Earth,0.01223 AU,1.2 days,0.0,Transit
2122,Gas Giant,2020,0.67 Jupiters,1.25 x Jupiter (estimate),4.51 AU,9.1 years,,Microlensing
2123,Neptune-like,2020,10.28 Earths,0.284 x Jupiter (estimate),3.31 AU,6.9 years,,Microlensing
2124,Neptune-like,2020,14.1 Earths,0.45410017 x Jupiter,0.117 AU,16.1 days,0.19,Transit
2125,Neptune-like,2020,6.7 Earths,0.23552543 x Jupiter,0.0554 AU,5.2 days,0.13,Transit
2126,Neptune-like,2020,3.17 Earths,1.98 x Earth,0.105 AU,18.8 days,< 0.071,Transit
2127,Neptune-like,2020,4.46 Earths,0.22481973 x Jupiter,0.073 AU,10.9 days,0.04,Transit
2128,Gas Giant,2020,0.19 Jupiters,0.804 x Jupiter (estimate),0.62 AU,1.7 years,,Microlensing
2129,Super Earth,2020,18.467 Earths,2.926 x Earth,0.02177 AU,1.4 days,,Transit
2130,Neptune-like,2020,9.32 Earths,0.23463288 x Jupiter,0.1011 AU,12.3 days,0.04,Transit
2131,Super Earth,2020,9.79 Earths,2.28 x Earth,0.06 AU,5.6 days,0.04,Transit
2132,Neptune-like,2020,29.32 Earths,0.4210902 x Jupiter,0.01679 AU,0.8 days,0.0,Transit
2133,Super Earth,2020,15.539 Earths,2.692 x Earth,0.146 AU,20.5 days,0.21,Transit
2134,Super Earth,2020,21.755 Earths,2.14 x Earth,0.072 AU,7.1 days,0.24,Transit
2135,Gas Giant,2020,0.37 Jupiters,1.024 x Jupiter,0.03745 AU,3.8 days,0.0,Transit
2136,Gas Giant,2020,0.21 Jupiters,0.856 x Jupiter (estimate),0.88 AU,2.1 years,0.46,Radial Velocity
2137,Gas Giant,2020,13.8 Jupiters,0.92782585 x Jupiter,0.0204 AU,1.4 days,0.0,Transit
2138,Super Earth,2020,3.2 Earths,1.60190793 x Earth,0.1275 AU,18.5 days,0.0,Transit
2139,Neptune-like,2020,5.57 Earths,2.22186207 x Earth,0.5738 AU,169.1 days,0.0,Transit
2140,Neptune-like,2020,8.76 Earths,0.2588366 x Jupiter,0.76094 AU,234.2 days,0.0,Transit
2141,Super Earth,2020,3.08 Earths,1.56671124 x Earth,0.0418 AU,3.5 days,0.0,Transit
2142,Super Earth,2020,1.25 Earths,1.07315686 x Earth,0.02065 AU,1.2 days,0.0,Transit
2143,Super Earth,2020,2.12 Earths,1.25954761 x Earth,0.2008 AU,33.5 days,0.0,Transit
2144,Neptune-like,2020,8.29 Earths,0.25067537 x Jupiter,0.3244 AU,65.9 days,0.0,Transit
2145,Super Earth,2020,1.46 Earths,1.11948901 x Earth,0.0529 AU,4.7 days,0.0,Transit
2146,Super Earth,2020,1.74 Earths,1.1758241 x Earth,0.0997 AU,10.5 days,0.32,Transit
2147,Neptune-like,2020,6.04 Earths,0.20800582 x Jupiter,0.06903 AU,7.1 days,0.0,Transit
2148,Neptune-like,2020,7.36 Earths,0.23361984 x Jupiter,0.2872 AU,56.4 days,0.0,Transit
2149,Super Earth,2020,3.87 Earths,1.7938153 x Earth,0.04017 AU,3.2 days,0.0,Transit
2150,Super Earth,2020,1.76 Earths,1.17986031 x Earth,0.0449 AU,3.9 days,0.0,Transit
2151,Super Earth,2020,2.21 Earths,1.28938413 x Earth,0.1011 AU,12.1 days,0.0,Transit
2152,Super Earth,2020,1.42 Earths,1.11177184 x Earth,0.0646 AU,6 days,0.0,Transit
2153,Super Earth,2020,4.02 Earths,1.83470985 x Earth,0.0495 AU,3.8 days,0.0,Transit
2154,Neptune-like,2020,8.3 Earths,0.25078885 x Jupiter,0.7097 AU,234.6 days,0.0,Transit
2155,Terrestrial,2020,0.799 Earths,0.94678642 x Earth,0.0784 AU,8.5 days,0.0,Transit
2156,Super Earth,2020,2.13 Earths,1.26174569 x Earth,0.0577 AU,5.6 days,0.0,Transit
2157,Super Earth,2020,3.38 Earths,1.65623882 x Earth,0.0532 AU,5.8 days,0.0,Transit
2158,Super Earth,2020,2.62 Earths,1.42553017 x Earth,0.08827 AU,9.3 days,0.0,Transit
2159,Neptune-like,2020,7.16 Earths,0.22988133 x Jupiter,0.1485 AU,20.5 days,0.0,Transit
2160,Neptune-like,2020,8.6 Earths,0.2561199 x Jupiter,0.2253 AU,47.7 days,0.0,Transit
2161,Super Earth,2020,4.17 Earths,1.87477762 x Earth,0.1182 AU,15 days,0.0,Transit
2162,Neptune-like,2020,8.7 Earths,0.25777575 x Jupiter,0.1134 AU,14.8 days,0.0,Transit
2163,Neptune-like,2020,7.05 Earths,0.22778283 x Jupiter,0.32 AU,69.9 days,0.0,Transit
2164,Super Earth,2020,2.42 Earths,1.35954736 x Earth,0.07642 AU,8.8 days,0.0,Transit
2165,Super Earth,2020,4.93 Earths,2.0692036 x Earth,0.0892 AU,9.8 days,0.0,Transit
2166,Neptune-like,2020,10.9 Earths,0.29478299 x Jupiter,0.5302 AU,148 days,0.0,Transit
2167,Neptune-like,2020,7.76 Earths,0.24107073 x Jupiter,0.1599 AU,22.1 days,0.0,Transit
2168,Neptune-like,2020,11.3 Earths,0.30127216 x Jupiter,0.1954 AU,29.9 days,0.0,Transit
2169,Neptune-like,2020,9.93 Earths,0.27877897 x Jupiter,0.32185 AU,63 days,0.0,Transit
2170,Neptune-like,2020,10.4 Earths,0.28600008 x Jupiter,0.3017 AU,62.6 days,0.0,Transit
2171,Neptune-like,2020,8.93 Earths,0.2618895 x Jupiter,0.21363 AU,33.8 days,0.0,Transit
2172,Neptune-like,2020,9.11 Earths,0.26498596 x Jupiter,0.55374 AU,150.9 days,0.0,Transit
2173,Super Earth,2020,2.32 Earths,1.32557381 x Earth,0.04946 AU,4.2 days,0.0,Transit
2174,Neptune-like,2020,11.2 Earths,0.2994451 x Jupiter,0.1528 AU,20.5 days,0.0,Transit
2175,Neptune-like,2020,8.15 Earths,0.24805408 x Jupiter,0.0745 AU,9.5 days,0.0,Transit
2176,Neptune-like,2020,17.4 Earths,0.38787082 x Jupiter,0.124 AU,15.4 days,0.0,Transit
2177,Neptune-like,2020,9.19 Earths,0.2662015 x Jupiter,0.35905 AU,83.6 days,0.0,Transit
2178,Neptune-like,2020,10.5 Earths,0.28866513 x Jupiter,0.2383 AU,40.7 days,0.0,Transit
2179,Neptune-like,2020,10.7 Earths,0.29156726 x Jupiter,0.29798 AU,56.8 days,0.0,Transit
2180,Super Earth,2020,3.11 Earths,1.57799279 x Earth,0.08296 AU,9.2 days,0.0,Transit
2181,Super Earth,2020,2.52 Earths,1.39281536 x Earth,0.04548 AU,4 days,0.0,Transit
2182,Neptune-like,2020,15.1 Earths,0.35697654 x Jupiter,0.18291 AU,29.7 days,0.0,Transit
2183,Neptune-like,2020,9.4 Earths,0.26980189 x Jupiter,0.36672 AU,86.5 days,0.0,Transit
2184,Neptune-like,2020,8.66 Earths,0.25718064 x Jupiter,0.1761 AU,25.8 days,0.0,Transit
2185,Neptune-like,2020,8.44 Earths,0.25328824 x Jupiter,0.096 AU,12 days,0.0,Transit
2186,Neptune-like,2020,9.45 Earths,0.27060456 x Jupiter,0.1137 AU,14.4 days,0.0,Transit
2187,Neptune-like,2020,10.9 Earths,0.29475948 x Jupiter,0.1072 AU,17.6 days,0.0,Transit
2188,Neptune-like,2020,5.82 Earths,0.20340798 x Jupiter,0.0198 AU,1.3 days,,Transit
2189,Neptune-like,2020,5.48 Earths,2.2 x Earth,0.0419 AU,6.9 days,,Transit
2190,Neptune-like,2020,6.48 Earths,0.21679008 x Jupiter,0.0331 AU,3.3 days,,Transit
2191,Neptune-like,2020,5.06 Earths,2.1 x Earth,0.1275 AU,24.9 days,,Transit
2192,Super Earth,2020,4.35 Earths,1.92 x Earth,0.0594 AU,8.2 days,,Transit
2193,Super Earth,2020,4.86 Earths,2.05124347 x Earth,0.02839 AU,2.3 days,0.44,Transit
2194,Neptune-like,2020,7.37 Earths,0.23374074 x Jupiter,0.0142 AU,2 days,,Transit
2195,Neptune-like,2020,8.2 Earths,0.24890713 x Jupiter,0.1516 AU,26.7 days,,Transit
2196,Super Earth,2020,3.39 Earths,1.66 x Earth,0.0911 AU,7 days,,Transit
2197,Neptune-like,2020,8.91 Earths,0.26139709 x Jupiter,0.0542 AU,6.2 days,,Transit
2198,Super Earth,2020,4.01 Earths,1.83 x Earth,0.0582 AU,5.3 days,,Transit
2199,Super Earth,2020,2.33 Earths,1.33 x Earth,0.0147 AU,1.1 days,,Transit
2200,Neptune-like,2020,22.9 Earths,0.456 x Jupiter (estimate),0.112 AU,17.8 days,0.5,Radial Velocity
2201,Neptune-like,2020,14.4 Earths,0.347 x Jupiter (estimate),0.176 AU,34.2 days,0.25,Radial Velocity
2202,Gas Giant,2020,0.15228267 Jupiters,0.708 x Jupiter (estimate),3.805 AU,9.5 years,0.16,Radial Velocity
2203,Neptune-like,2020,8.1 Earths,0.247 x Jupiter (estimate),0.256 AU,60.7 days,0.17,Radial Velocity
2204,Neptune-like,2020,12.9 Earths,0.325 x Jupiter (estimate),0.243 AU,55.2 days,0.18,Radial Velocity
2205,Neptune-like,2020,16 Earths,0.369 x Jupiter (estimate),1.165 AU,2 years,0.4,Radial Velocity
2206,Neptune-like,2020,8.8 Earths,0.26 x Jupiter (estimate),0.068 AU,9.6 days,0.0,Radial Velocity
2207,Neptune-like,2020,16.2 Earths,0.372 x Jupiter (estimate),0.283 AU,70 days,0.72,Radial Velocity
2208,Gas Giant,2013,13 Jupiters,1.1 x Jupiter (estimate),84 AU,1767.2 years,,Imaging
2209,Gas Giant,2020,0.64 Jupiters,1.26 x Jupiter (estimate),Unknown,365 days,,Microlensing
2210,Gas Giant,2020,1.25 Jupiters,1.22 x Jupiter (estimate),2.15 AU,4.6 years,,Microlensing
2211,Terrestrial,2020,0.809 Earths,0.95 x Earth,Unknown,3.1 days,,Transit
2212,Neptune-like,2020,23.51942 Earths,0.614 x Jupiter,0.05036 AU,4.4 days,0.0,Transit
2213,Neptune-like,2020,31.46517 Earths,0.606 x Jupiter,0.04913 AU,4.3 days,0.0,Transit
2214,Super Earth,2020,7.25 Earths,2.16 x Earth,0.049 AU,4 days,0.07,Transit
2215,Neptune-like,2020,15.37 Earths,0.36 x Jupiter (estimate),0.3 AU,74.2 days,0.4,Radial Velocity
2216,Super Earth,2020,1.25 Earths,1.073 x Earth,0.1633 AU,37.4 days,0.04,Transit
2217,Neptune-like,2020,7.27 Earths,0.23195686 x Jupiter,0.0929 AU,16.1 days,0.07,Transit
2218,Terrestrial,2020,0.704 Earths,0.914 x Earth,0.0677 AU,10 days,0.07,Transit
2219,Gas Giant,2020,0.67 Jupiters,0.99 x Jupiter,0.1525 AU,29.1 days,0.04,Transit
2220,Gas Giant,2020,0.791 Jupiters,1.086 x Jupiter,0.03524 AU,2.3 days,0.0,Transit
2221,Gas Giant,2020,1.18 Jupiters,1.286 x Jupiter,0.03138 AU,2.1 days,0.0,Transit
2222,Gas Giant,2020,0.225 Jupiters,0.891 x Jupiter,0.0748 AU,7 days,0.06,Transit
2223,Gas Giant,2020,3.213 Jupiters,2.03 x Jupiter,0.01782 AU,1 days,0.0,Transit
2224,Gas Giant,2020,0.135 Jupiters,0.3811 x Jupiter,0.262 AU,55.1 days,0.2,Radial Velocity
2225,Neptune-like,2020,2.8 Earths,0.26719646 x Jupiter,0.2132 AU,38.4 days,0.03,Transit
2226,Neptune-like,2020,8 Earths,0.2850393 x Jupiter,0.1752 AU,28.6 days,0.03,Transit
2227,Neptune-like,2020,10 Earths,0.30422035 x Jupiter,0.0804 AU,8.9 days,0.03,Transit
2228,Gas Giant,2020,6 Jupiters,1.1 x Jupiter,320 AU,5727.6 years,,Imaging
2229,Gas Giant,2020,0.392 Jupiters,1.24 x Jupiter (estimate),0.2044 AU,34.5 days,0.18,Radial Velocity
2230,Gas Giant,2020,0.287 Jupiters,0.756 x Jupiter,0.08215 AU,8.8 days,0.21,Transit
2231,Gas Giant,2020,0.731 Jupiters,1.1592 x Jupiter,0.0234 AU,1.8 days,< 0.057,Transit
2232,Gas Giant,2020,0.592 Jupiters,1.0314 x Jupiter,0.0282 AU,2.7 days,< 0.012,Transit
2233,Neptune-like,2020,26.78 Earths,0.45053082 x Jupiter,0.0391 AU,3.5 days,0.06,Transit
2234,Neptune-like,2020,10.6 Earths,0.29 x Jupiter (estimate),0.142 AU,24.4 days,0.11,Radial Velocity
2235,Gas Giant,2020,0.41 Jupiters,1.27 x Jupiter (estimate),3.5 AU,8.8 years,,Microlensing
2236,Gas Giant,2020,0.13151751 Jupiters,0.32473961 x Jupiter,0.0155 AU,0.8 days,0.0,Transit
2237,Gas Giant,2020,0.344 Jupiters,0.817 x Jupiter,0.201 AU,35.5 days,0.13,Transit
2238,Gas Giant,2020,0.31463361 Jupiters,Unknown,0.17 AU,30 days,,Transit Timing Variations
2239,Neptune-like,2020,6.5 Earths,0.217 x Jupiter (estimate),0.121 AU,21.8 days,0.17,Radial Velocity
2240,Super Earth,2020,3.9 Earths,1.8 x Earth (estimate),0.0683 AU,9.3 days,0.14,Radial Velocity
2241,Gas Giant,2020,4.4 Jupiters,1.15 x Jupiter (estimate),2.8 AU,7.2 years,,Microlensing
2242,Gas Giant,2020,4.42 Jupiters,1.15 x Jupiter (estimate),6.03 AU,14.2 years,,Microlensing
2243,Neptune-like,2020,7.59 Earths,0.238 x Jupiter (estimate),4.27 AU,8.3 years,,Microlensing
2244,Super Earth,2020,3.96 Earths,1.82 x Earth (estimate),0.63 AU,1.4 years,,Microlensing
2245,Gas Giant,2020,0.433 Jupiters,1.28 x Jupiter (estimate),0.85 AU,2.8 years,,Microlensing
2246,Gas Giant,2020,0.167 Jupiters,0.748 x Jupiter (estimate),4.43 AU,14.8 years,,Microlensing
2247,Neptune-like,2020,8.99 Earths,0.42733591 x Jupiter,0.07 AU,8.5 days,0.07,Transit
2248,Gas Giant,2020,24.128 Jupiters,1.07 x Jupiter (estimate),3.233 AU,2.8 years,0.1,Radial Velocity
2249,Super Earth,2020,6.69 Earths,1.69 x Earth,0.03845 AU,3.4 days,0.05,Transit
2250,Super Earth,2020,8.04 Earths,2.39 x Earth,0.0757 AU,12.3 days,0.02,Transit
2251,Super Earth,2020,2.46 Earths,1.325 x Earth,0.01195 AU,0.8 days,0.0,Transit
2252,Gas Giant,2020,3.0504646 Jupiters,1.17 x Jupiter (estimate),2.466329866 AU,3.8 years,0.41,Radial Velocity
2253,Gas Giant,2020,0.855 Jupiters,1.505 x Jupiter,0.0535 AU,3.9 days,0.0,Transit
2254,Gas Giant,2020,8.46 Jupiters,1.07 x Jupiter,0.0694 AU,5.6 days,0.38,Transit
2255,Gas Giant,2020,0.23314467 Jupiters,0.80944319 x Jupiter,0.145 AU,18.7 days,0.0,Transit
2256,Super Earth,2020,4 Earths,1.83 x Earth (estimate),0.103 AU,12.5 days,0.12,Radial Velocity
2257,Neptune-like,2019,24.5 Earths,0.23463288 x Jupiter,0.13 AU,17 days,0.04,Transit
2258,Gas Giant,2020,1.234 Jupiters,1.17 x Jupiter,0.1041 AU,11.2 days,0.46,Transit
2259,Gas Giant,2020,0.22338986 Jupiters,0.79043626 x Jupiter,0.52661 AU,134.5 days,0.0,Transit
2260,Neptune-like,2020,15 Earths,0.48532429 x Jupiter,0.86695 AU,284.2 days,0.0,Transit
2261,Gas Giant,2002,1.39 Jupiters,1.36301421 x Jupiter,0.02383 AU,1.2 days,0.0,Transit
2262,Super Earth,2020,1.2 Earths,1.06 x Earth,0.0649 AU,19.5 days,0.0,Transit
2263,Neptune-like,2020,6.14 Earths,0.21 x Jupiter (estimate),Unknown,12 days,,Radial Velocity
2264,Neptune-like,2020,6.08 Earths,0.209 x Jupiter (estimate),Unknown,8 days,,Radial Velocity
2265,Neptune-like,2020,5.41 Earths,2.18 x Earth (estimate),Unknown,5.2 days,,Radial Velocity
2266,Neptune-like,2020,5.6 Earths,2.23 x Earth (estimate),Unknown,3.4 days,,Radial Velocity
2267,Super Earth,2020,2.22 Earths,1.28228 x Earth,Unknown,2.2 days,,Radial Velocity
2268,Gas Giant,2020,0.84 Jupiters,1.46 x Jupiter,0.0586 AU,4.6 days,0.02,Transit
2269,Gas Giant,2020,2.9 Jupiters,1.009 x Jupiter,0.0844 AU,9.1 days,0.01,Transit
2270,Gas Giant,2020,21.8 Jupiters,1.89 x Jupiter,146 AU,1765.1 years,0.44,Imaging
2271,Gas Giant,2020,1.05717423 Jupiters,1.15978431 x Jupiter,0.0731 AU,8.4 days,0.04,Transit
2272,Neptune-like,2020,19.8 Earths,0.32652389 x Jupiter,0.0453 AU,4.1 days,0.05,Transit
2273,Gas Giant,2020,0.79 Jupiters,1.24 x Jupiter (estimate),3.4 AU,19.8 years,,Microlensing
2274,Gas Giant,2020,2.162 Jupiters,1.24 x Jupiter,0.0143 AU,0.8 days,0.0,Transit
2275,Gas Giant,2019,2.2 Jupiters,1.19 x Jupiter (estimate),3.5 AU,9.4 years,,Microlensing
2276,Gas Giant,2019,9.51 Jupiters,1.12 x Jupiter (estimate),0.39 AU,165.2 days,,Microlensing
2277,Gas Giant,2020,1.675 Jupiters,1.515 x Jupiter,0.0474 AU,2.8 days,0.0,Transit
2278,Super Earth,2020,1.58 Earths,1.088 x Earth,0.0404 AU,3.8 days,0.0,Transit
2279,Neptune-like,2020,22.4 Earths,0.30511196 x Jupiter,0.026 AU,2.1 days,0.06,Transit
2280,Neptune-like,2020,17 Earths,0.34525827 x Jupiter,0.633 AU,175.1 days,0.06,Transit
2281,Gas Giant,2020,39.855882 Earths,0.7224 x Jupiter,0.066517 AU,7.3 days,< 0.013,Transit
2282,Gas Giant,2020,0.353 Jupiters,0.765 x Jupiter,0.04515 AU,4.1 days,< 0.071,Transit
2283,Gas Giant,2020,0.243 Jupiters,0.8 x Jupiter,0.03769 AU,3.1 days,< 0.162,Transit
2284,Gas Giant,2020,0.369 Jupiters,1.117 x Jupiter,0.04269 AU,3.9 days,< 0.088,Transit
2285,Super Earth,2020,1.67 Earths,1.16 x Earth (estimate),0.054 AU,13.1 days,0.04,Radial Velocity
2286,Super Earth,2020,1.81 Earths,1.19 x Earth (estimate),0.0342 AU,6.7 days,0.02,Radial Velocity
2287,Super Earth,2020,1.11 Earths,1.04 x Earth (estimate),0.021 AU,3.2 days,0.05,Radial Velocity
2288,Neptune-like,2020,10.18 Earths,0.35150326 x Jupiter,0.22 AU,35.7 days,0.15,Transit
2289,Neptune-like,2020,14.67 Earths,0.32741547 x Jupiter,0.13 AU,15.6 days,0.07,Transit
2290,Super Earth,2020,8.75 Earths,1.95 x Earth,0.047 AU,3.6 days,0.06,Transit
2291,Neptune-like,2020,13.6 Earths,0.26139709 x Jupiter,0.137 AU,20 days,0.17,Transit
2292,Super Earth,2020,4.07 Earths,1.63 x Earth,0.0208 AU,1.4 days,0.0,Transit
2293,Neptune-like,2020,5.223 Earths,2.14 x Earth (estimate),0.178 AU,36.1 days,0.07,Radial Velocity
2294,Neptune-like,2020,8.2 Earths,0.249 x Jupiter (estimate),0.079 AU,11.9 days,0.22,Radial Velocity
2295,Neptune-like,2020,8.58136699 Earths,0.256 x Jupiter (estimate),0.384 AU,121.9 days,0.37,Radial Velocity
2296,Neptune-like,2020,7.56 Earths,0.237 x Jupiter (estimate),0.309 AU,106.3 days,0.14,Radial Velocity
2297,Super Earth,2020,1.32 Earths,1.193 x Earth,0.00915 AU,0.5 days,0.0,Transit
2298,Neptune-like,2019,18.75187601 Earths,0.71371342 x Jupiter,0.1293 AU,17.2 days,0.16,Transit
2299,Gas Giant,2019,0.56 Jupiters,0.9010632 x Jupiter,0.2069 AU,34.5 days,0.0,Transit
2300,Gas Giant,2019,2.51 Jupiters,1.255 x Jupiter,0.07037 AU,5.9 days,0.26,Transit
2301,Super Earth,2019,2.67 Earths,1.44 x Earth (estimate),0.05958 AU,5.6 days,0.42,Radial Velocity
2302,Neptune-like,2019,4.2 Earths,2.0 x Earth,0.0721 AU,11.4 days,0.01,Transit
2303,Neptune-like,2019,6.2 Earths,0.20786903 x Jupiter,0.04526 AU,5.7 days,0.0,Transit
2304,Super Earth,2019,1.48 Earths,1.28 x Earth,0.03197 AU,3.4 days,0.02,Transit
2305,Gas Giant,2019,5.42 Jupiters,0.965 x Jupiter,0.0914 AU,9.5 days,0.38,Transit
2306,Gas Giant,2019,1.22 Jupiters,1.489 x Jupiter,0.058 AU,4.2 days,0.0,Transit
2307,Neptune-like,2019,6.63 Earths,0.24614149 x Jupiter,0.0814 AU,9.2 days,0.07,Transit
2308,Neptune-like,2019,9.5 Earths,0.24319743 x Jupiter,0.05186 AU,4.7 days,0.19,Transit
2309,Neptune-like,2020,36.4 Earths,0.5986261 x Jupiter,0.423 AU,83.9 days,0.0,Transit
2310,Super Earth,2020,5.61 Earths,1.621 x Earth,0.01657 AU,0.7 days,0.0,Transit
2311,Gas Giant,2019,0.53953642 Jupiters,1.27 x Jupiter (estimate),0.06638 AU,5.2 days,< 0.06,Radial Velocity
2312,Super Earth,2019,4.13 Earths,1.86 x Earth (estimate),0.0651 AU,5.5 days,< 0.07,Radial Velocity
2313,Super Earth,2019,4.72 Earths,2.02 x Earth (estimate),0.04467 AU,3.1 days,< 0.36,Radial Velocity
2314,Neptune-like,2019,10.94 Earths,0.295 x Jupiter (estimate),0.0973 AU,10 days,< 0.22,Radial Velocity
2315,Neptune-like,2019,16.8 Earths,0.38 x Jupiter (estimate),0.1423 AU,17.8 days,< 0.2,Radial Velocity
2316,Gas Giant,2019,0.709 Jupiters,1.373 x Jupiter,0.04421 AU,2.9 days,0.04,Transit
2317,Super Earth,2019,4 Earths,1.9 x Earth,0.0418 AU,5.7 days,0.0,Transit
2318,Gas Giant,2019,16 Jupiters,1.09 x Jupiter (estimate),2880 AU,257742.3 years,,Imaging
2319,Gas Giant,2019,15 Jupiters,1.09 x Jupiter (estimate),3500 AU,360656.2 years,,Imaging
2320,Neptune-like,2019,19.95 Earths,0.42 x Jupiter (estimate),0.056798 AU,4.8 days,0.0,Radial Velocity
2321,Super Earth,2019,8.83 Earths,1.745 x Earth,0.02012 AU,1 days,0.0,Transit
2322,Gas Giant,2017,0.668 Jupiters,1.062 x Jupiter,0.0423 AU,3.5 days,0.0,Transit
2323,Super Earth,2017,1.97 Earths,1.22 x Earth (estimate),10.26 AU,27.8 years,0.24,Pulsar Timing
2324,Gas Giant,2019,2.9 Jupiters,1.07 x Jupiter,0.058 AU,4.4 days,0.06,Transit
2325,Gas Giant,2019,0.93 Jupiters,1.09 x Jupiter,0.035 AU,2.5 days,0.01,Transit
2326,Gas Giant,2018,1.78 Jupiters,1.2 x Jupiter (estimate),2.827 AU,5.6 years,0.36,Radial Velocity
2327,Gas Giant,2018,0.2 Jupiters,0.832 x Jupiter (estimate),2.729 AU,4.7 years,0.19,Radial Velocity
2328,Gas Giant,2007,2.58 Jupiters,1.18 x Jupiter (estimate),2.37 AU,3.7 years,0.48,Radial Velocity
2329,Gas Giant,2017,22 Jupiters,1.07 x Jupiter (estimate),4.2 AU,6.8 years,0.65,Transit Timing Variations
2330,Neptune-like,2019,7.16 Earths,0.22196488 x Jupiter,0.02961 AU,5 days,0.0,Transit
2331,Super Earth,2019,1.94 Earths,1.212 x Earth,0.00978 AU,0.9 days,0.0,Transit
2332,Gas Giant,2019,27.204 Jupiters,1.06 x Jupiter (estimate),3.496 AU,4.8 years,0.6,Radial Velocity
2333,Gas Giant,2019,0.6 Jupiters,1.26 x Jupiter (estimate),0.48 AU,1.9 years,,Microlensing
2334,Gas Giant,2019,0.348 Jupiters,1.16 x Jupiter (estimate),0.763 AU,2.2 years,,Microlensing
2335,Neptune-like,2019,15.3 Earths,0.90730819 x Jupiter,0.2689 AU,48.7 days,< 0.0124,Transit
2336,Neptune-like,2019,6 Earths,0.58256858 x Jupiter,0.1081 AU,12.4 days,< 0.0087,Transit
2337,Neptune-like,2019,4.7 Earths,0.45320802 x Jupiter,0.0824 AU,8.2 days,< 0.0094,Transit
2338,Gas Giant,2019,2.54 Jupiters,1.18 x Jupiter (estimate),2.07 AU,5.1 years,,Microlensing
2339,Gas Giant,2019,5.54 Jupiters,1.14 x Jupiter (estimate),Unknown,24.1 years,0.15,Eclipse Timing Variations
2340,Gas Giant,2019,6.5 Jupiters,1.13 x Jupiter (estimate),15.76 AU,69.7 years,0.25,Radial Velocity
2341,Gas Giant,2011,4.5 Jupiters,1.15 x Jupiter (estimate),5.4 AU,12 years,0.51,Eclipse Timing Variations
2342,Gas Giant,2011,5.9 Jupiters,1.14 x Jupiter (estimate),3.6 AU,6.5 years,0.0,Eclipse Timing Variations
2343,Gas Giant,2019,2.5 Jupiters,1.18 x Jupiter (estimate),130 AU,957.3 years,,Disk Kinematics
2344,Gas Giant,2019,0.87 Jupiters,1.24 x Jupiter (estimate),2.153 AU,2.7 years,0.08,Radial Velocity
2345,Neptune-like,2018,36 Earths,0.595 x Jupiter (estimate),5.4 AU,20.8 years,0.27,Radial Velocity
2346,Super Earth,2014,3.03 Earths,1.55 x Earth (estimate),0.072 AU,11.4 days,0.09,Radial Velocity
2347,Gas Giant,2019,2.3 Jupiters,1.23 x Jupiter,0.0408 AU,2.9 days,0.0,Transit
2348,Gas Giant,2019,0.98 Jupiters,1.25 x Jupiter,0.0904 AU,9.4 days,0.24,Transit
2349,Gas Giant,2019,0.57 Jupiters,1.33 x Jupiter,0.0627 AU,5.2 days,0.0,Transit
2350,Gas Giant,2019,1.66 Jupiters,1.81 x Jupiter,0.0558 AU,3.3 days,0.0,Transit
2351,Neptune-like,2014,8.7 Earths,0.258 x Jupiter (estimate),0.176 AU,57.3 days,0.1,Radial Velocity
2352,Super Earth,2014,4.4 Earths,1.93 x Earth (estimate),0.08 AU,17.5 days,0.08,Radial Velocity
2353,Neptune-like,2014,32.422 Earths,0.56 x Jupiter (estimate),4.819 AU,14 years,0.12,Radial Velocity
2354,Neptune-like,2014,11.07 Earths,0.297 x Jupiter (estimate),0.111 AU,20.1 days,0.11,Radial Velocity
2355,Neptune-like,2014,13 Earths,0.327 x Jupiter (estimate),0.101 AU,15.8 days,0.08,Radial Velocity
2356,Neptune-like,2014,14.93793513 Earths,0.354 x Jupiter (estimate),1.086 AU,1.6 years,0.4,Radial Velocity
2357,Neptune-like,2014,6.4 Earths,0.215 x Jupiter (estimate),0.129 AU,24.3 days,0.09,Radial Velocity
2358,Neptune-like,2014,6.49 Earths,0.217 x Jupiter (estimate),0.092 AU,17.1 days,0.07,Radial Velocity
2359,Neptune-like,2014,10.2 Earths,0.283 x Jupiter (estimate),0.053 AU,5.2 days,0.06,Radial Velocity
2360,Gas Giant,2019,0.461 Jupiters,1.27 x Jupiter (estimate),0.3376 AU,203.1 days,0.43,Radial Velocity
2361,Gas Giant,2019,0.9 Jupiters,1.24 x Jupiter,0.048 AU,3.4 days,0.0,Transit
2362,Gas Giant,2019,1.339 Jupiters,1.326 x Jupiter,0.01677 AU,0.9 days,0.0,Transit
2363,Gas Giant,2019,0.148 Jupiters,0.85 x Jupiter,0.0451 AU,3.4 days,0.0,Transit
2364,Gas Giant,2019,0.99 Jupiters,1.208 x Jupiter,0.04403 AU,3.1 days,0.0,Transit
2365,Gas Giant,2019,1.084 Jupiters,0.98 x Jupiter,0.0504 AU,3.8 days,0.0,Transit
2366,Gas Giant,2019,0.561 Jupiters,1.304 x Jupiter,0.0681 AU,5.6 days,0.0,Transit
2367,Gas Giant,2019,4.8 Jupiters,1.15 x Jupiter (estimate),5 AU,15 years,0.0,Microlensing
2368,Gas Giant,2019,4.59 Jupiters,1.134 x Jupiter,0.0665 AU,5.6 days,0.03,Transit
2369,Gas Giant,2019,0.222 Jupiters,0.884 x Jupiter,Unknown,3.4 days,,Transit
2370,Gas Giant,2019,2.8 Jupiters,1.18 x Jupiter (estimate),0.8 AU,1.7 years,,Microlensing
2371,Gas Giant,2019,1.8 Jupiters,1.2 x Jupiter (estimate),1.8 AU,5.7 years,,Microlensing
2372,Gas Giant,2019,0.43 Jupiters,1.28 x Jupiter (estimate),1.7 AU,4 years,,Microlensing
2373,Gas Giant,2018,18 Jupiters,1.08 x Jupiter (estimate),2.2 AU,4.7 years,,Microlensing
2374,Gas Giant,2019,3.31 Jupiters,1.17 x Jupiter (estimate),18 AU,74 years,0.84,Radial Velocity
2375,Gas Giant,2019,8.7 Jupiters,1.12 x Jupiter (estimate),2.7 AU,3.3 years,0.31,Radial Velocity
2376,Gas Giant,2019,1.03 Jupiters,1.095 x Jupiter,0.05798 AU,4.2 days,< 0.168,Transit
2377,Gas Giant,2019,3.147 Jupiters,1.139 x Jupiter,0.03493 AU,2.4 days,< 0.028,Transit
2378,Gas Giant,2019,0.602 Jupiters,1.688 x Jupiter,0.06043 AU,4.3 days,< 0.019,Transit
2379,Super Earth,2019,2.73 Earths,1.34 x Earth,0.0381 AU,5.4 days,0.18,Transit
2380,Neptune-like,2019,6.44 Earths,0.21589794 x Jupiter,Unknown,2.2 days,,Transit
2381,Neptune-like,2019,6.52 Earths,0.21750379 x Jupiter,Unknown,7.5 days,,Transit
2382,Super Earth,2019,2.61 Earths,1.423 x Earth,Unknown,3.4 days,,Transit
2383,Gas Giant,2019,0.921 Jupiters,1.251 x Jupiter,0.05412 AU,4.2 days,< 0.092,Transit
2384,Gas Giant,2019,0.753 Jupiters,1.015 x Jupiter,0.037 AU,2.5 days,0.0,Transit
2385,Gas Giant,2019,6.78 Jupiters,1.87 x Jupiter,0.04739 AU,2.7 days,0.0,Transit
2386,Gas Giant,2019,3.58 Jupiters,1.676 x Jupiter,0.06555 AU,4.8 days,0.0,Transit
2387,Super Earth,2019,7.49 Earths,2.19 x Earth,0.0327 AU,4 days,0.07,Transit
2388,Neptune-like,2019,6.1 Earths,0.209 x Jupiter (estimate),0.204 AU,55.7 days,,Radial Velocity
2389,Super Earth,2019,3.4 Earths,1.66 x Earth (estimate),0.061 AU,9.1 days,,Radial Velocity
2390,Super Earth,2019,1.83 Earths,1.2 x Earth,0.036 AU,3.9 days,,Transit
2391,Neptune-like,2018,34 Earths,0.575 x Jupiter (estimate),3.45 AU,7.4 years,,Microlensing
2392,Neptune-like,2019,7.7 Earths,0.23998573 x Jupiter,0.28 AU,65.6 days,0.2,Transit
2393,Neptune-like,2019,7.2 Earths,0.23070747 x Jupiter,0.098 AU,13.6 days,0.2,Transit
2394,Neptune-like,2019,32.10083 Earths,0.63 x Jupiter,0.0641 AU,5.4 days,0.0,Transit
2395,Super Earth,2019,7.1 Earths,2.001 x Earth,0.1046 AU,11.2 days,0.0,Transit
2396,Neptune-like,2019,3.8 Earths,1.979 x Earth,0.0687 AU,6 days,0.0,Transit
2397,Neptune-like,2019,3.55 Earths,2.004 x Earth,0.04888 AU,3.6 days,0.0,Transit
2398,Gas Giant,2018,13 Jupiters,1.11 x Jupiter,4.5 AU,10 years,0.0,Transit
2399,Neptune-like,2019,20.9 Earths,0.432 x Jupiter (estimate),0.3395 AU,75.7 days,0.0,Transit Timing Variations
2400,Neptune-like,2019,17.9 Earths,0.394 x Jupiter (estimate),2.62 AU,5.7 years,,Microlensing
2401,Neptune-like,2018,10.8 Earths,0.293 x Jupiter (estimate),0.186 AU,31.5 days,0.02,Transit Timing Variations
2402,Neptune-like,2018,15.2 Earths,0.29610135 x Jupiter,0.279 AU,58 days,0.13,Transit
2403,Gas Giant,2019,20.5 Jupiters,1.08 x Jupiter (estimate),345 AU,3311 years,,Imaging
2404,Gas Giant,2018,12.02930278 Jupiters,1.1 x Jupiter (estimate),5.75 AU,11.2 years,0.0,Eclipse Timing Variations
2405,Neptune-like,2019,13.93 Earths,0.34 x Jupiter (estimate),0.97 AU,2 years,,Microlensing
2406,Neptune-like,2019,1.3 Jupiters,0.50851994 x Jupiter,Unknown,8.1 days,0.0,Transit
2407,Neptune-like,2019,13.1 Earths,0.83950542 x Jupiter,0.1685 AU,24.1 days,0.01,Transit
2408,Gas Giant,2016,2.18 Jupiters,1.385 x Jupiter,0.02946 AU,1.7 days,0.0,Transit
2409,Super Earth,2019,1.05 Earths,1.02 x Earth (estimate),0.0455 AU,11.4 days,0.04,Radial Velocity
2410,Super Earth,2019,1.16 Earths,1.05 x Earth (estimate),0.0259 AU,4.9 days,0.03,Radial Velocity
2411,Gas Giant,2018,0.237 Jupiters,0.919 x Jupiter (estimate),1.837 AU,2.6 years,0.04,Radial Velocity
2412,Gas Giant,2019,7.5 Jupiters,1.98 x Jupiter,34.3 AU,202.8 years,0.04,Imaging
2413,Super Earth,2019,1.64 Earths,1.627 x Earth,0.0494 AU,7.5 days,0.01,Transit
2414,Super Earth,2019,2 Earths,1.329 x Earth,0.0309 AU,3.7 days,0.0,Transit
2415,Terrestrial,2019,0.46 Earths,0.837 x Earth,0.0223 AU,2.3 days,0.03,Transit
2416,Gas Giant,2019,0.82 Jupiters,1.24 x Jupiter (estimate),0.8539307544 AU,258.8 days,0.28,Radial Velocity
2417,Gas Giant,2019,0.938 Jupiters,1.323 x Jupiter,0.03302 AU,2.3 days,0.0,Transit
2418,Super Earth,2019,2.1 Earths,1.212 x Earth,0.04899 AU,4.3 days,0.04,Transit
2419,Gas Giant,2019,1.17 Jupiters,1.44 x Jupiter,0.0568 AU,4.1 days,0.09,Transit
2420,Neptune-like,2019,5.63 Earths,2.24 x Earth (estimate),0.0905 AU,13.9 days,0.36,Radial Velocity
2421,Gas Giant,2019,14.15 Jupiters,1.1 x Jupiter (estimate),3.12 AU,8.8 years,0.12,Eclipse Timing Variations
2422,Neptune-like,2019,13.3 Earths,0.331 x Jupiter (estimate),0.0876 AU,14.4 days,0.18,Radial Velocity
2423,Neptune-like,2018,12.214 Earths,0.315 x Jupiter (estimate),0.343 AU,105.9 days,0.1,Radial Velocity
2424,Super Earth,2019,3.19 Earths,1.6 x Earth,Unknown,0.7 days,,Transit
2425,Super Earth,2019,2.13 Earths,1.26 x Earth,Unknown,15.3 days,,Transit
2426,Super Earth,2019,3.19 Earths,1.6 x Earth,Unknown,34.9 days,,Transit
2427,Neptune-like,2019,5.35 Earths,2.17 x Earth,Unknown,18.1 days,,Transit
2428,Super Earth,2019,2.79 Earths,1.48 x Earth,Unknown,2.3 days,,Transit
2429,Terrestrial,2019,0.84 Earths,0.96 x Earth,Unknown,1.6 days,,Transit
2430,Terrestrial,2019,0.972 Earths,1.0 x Earth,Unknown,2.3 days,,Transit
2431,Super Earth,2019,3.53 Earths,1.7 x Earth,Unknown,5.3 days,,Transit
2432,Super Earth,2019,1.01 Earths,1.01 x Earth,Unknown,2.9 days,,Transit
2433,Super Earth,2019,3.53 Earths,1.7 x Earth,Unknown,4.5 days,,Transit
2434,Super Earth,2019,2.27 Earths,1.31 x Earth,Unknown,8.1 days,,Transit
2435,Super Earth,2019,1.12 Earths,1.04 x Earth,0.035 AU,4.2 days,,Transit
2436,Terrestrial,2019,0.972 Earths,1.0 x Earth,Unknown,4 days,,Transit
2437,Super Earth,2019,1.08 Earths,1.03 x Earth,Unknown,2.7 days,,Transit
2438,Super Earth,2019,1.98 Earths,1.22 x Earth,Unknown,3.8 days,,Transit
2439,Terrestrial,2019,0.26 Earths,0.692 x Earth,Unknown,2.1 days,,Transit
2440,Super Earth,2019,4.16 Earths,1.87 x Earth,Unknown,28.2 days,,Transit
2441,Gas Giant,2018,0.335 Jupiters,0.897 x Jupiter,0.0451 AU,4 days,0.0,Transit
2442,Super Earth,2019,3.64 Earths,1.73 x Earth,0.1346 AU,26.6 days,,Transit
2443,Neptune-like,2019,6.792 Earths,0.22535501 x Jupiter,0.1235 AU,17.2 days,0.1,Transit
2444,Super Earth,2019,6.519 Earths,1.77 x Earth,0.05245 AU,4.8 days,0.06,Transit
2445,Neptune-like,2019,20.6 Earths,0.2837006 x Jupiter,0.019 AU,1.3 days,0.0,Transit
2446,Neptune-like,2019,18.8 Earths,0.406 x Jupiter (estimate),0.335 AU,87.2 days,0.21,Radial Velocity
2447,Neptune-like,2019,12.44 Earths,0.318 x Jupiter (estimate),0.099 AU,15.1 days,0.2,Radial Velocity
2448,Neptune-like,2019,11.8 Earths,0.309 x Jupiter (estimate),0.034 AU,2 days,0.22,Radial Velocity
2449,Gas Giant,2019,0.229 Jupiters,1.136 x Jupiter,0.0382 AU,3.4 days,0.0,Transit
2450,Neptune-like,2019,8.62 Earths,0.256 x Jupiter (estimate),0.063 AU,7.8 days,0.2,Radial Velocity
2451,Neptune-like,2019,12.7 Earths,0.322 x Jupiter (estimate),0.217 AU,41.5 days,0.16,Radial Velocity
2452,Gas Giant,2019,0.20954598 Jupiters,0.855 x Jupiter (estimate),0.533 AU,159 days,0.2,Radial Velocity
2453,Neptune-like,2019,17.8 Earths,0.393 x Jupiter (estimate),0.246 AU,45.8 days,0.12,Radial Velocity
2454,Neptune-like,2019,8.5 Earths,0.254 x Jupiter (estimate),0.041 AU,3.2 days,0.14,Radial Velocity
2455,Gas Giant,2019,0.20734355 Jupiters,0.85 x Jupiter (estimate),0.362 AU,84.3 days,0.4,Radial Velocity
2456,Neptune-like,2019,13 Earths,0.327 x Jupiter (estimate),0.143 AU,25.2 days,0.15,Radial Velocity
2457,Gas Giant,2019,0.48170406 Jupiters,1.27 x Jupiter (estimate),1.487 AU,1.8 years,0.24,Radial Velocity
2458,Neptune-like,2019,34.2 Earths,0.577 x Jupiter (estimate),0.461 AU,96 days,0.23,Radial Velocity
2459,Neptune-like,2019,11.2 Earths,0.299 x Jupiter (estimate),0.439 AU,120.9 days,0.19,Radial Velocity
2460,Gas Giant,2019,0.35836768 Jupiters,1.17 x Jupiter (estimate),4.074 AU,8.5 years,0.11,Radial Velocity
2461,Gas Giant,2019,22.9 Jupiters,1.07 x Jupiter (estimate),10.15 AU,27.6 years,0.14,Radial Velocity
2462,Gas Giant,2019,1.19 Jupiters,1.009 x Jupiter,0.0234 AU,1.5 days,0.0,Transit
2463,Gas Giant,2019,0.371 Jupiters,1.285 x Jupiter,0.0474 AU,3.7 days,0.0,Transit
2464,Gas Giant,2019,0.736 Jupiters,1.543 x Jupiter,0.0286 AU,1.6 days,0.0,Transit
2465,Neptune-like,2019,19.02 Earths,0.62806673 x Jupiter,0.6992 AU,187.4 days,0.02,Transit
2466,Super Earth,2019,3.7 Earths,0.892 x Earth,0.0695 AU,7.8 days,,Transit
2467,Super Earth,2019,2.37 Earths,1.286 x Earth,0.00624 AU,0.5 days,0.0,Transit
2468,Super Earth,2018,1.91 Earths,1.272 x Earth,0.027 AU,3.8 days,< 0.05,Transit
2469,Gas Giant,2018,1.26 Jupiters,1.22 x Jupiter (estimate),2.74 AU,4.3 years,0.14,Radial Velocity
2470,Gas Giant,2019,3.67 Jupiters,1.16 x Jupiter (estimate),10.5 AU,31.8 years,0.46,Radial Velocity
2471,Gas Giant,2018,1.768 Jupiters,1.2 x Jupiter (estimate),1.88 AU,2.4 years,0.12,Radial Velocity
2472,Gas Giant,2019,2.93 Jupiters,1.17 x Jupiter (estimate),9.02 AU,23.6 years,0.0,Radial Velocity
2473,Gas Giant,2018,1.615 Jupiters,1.21 x Jupiter (estimate),1.167 AU,400.5 days,0.07,Radial Velocity
2474,Gas Giant,2019,9.077 Jupiters,1.12 x Jupiter (estimate),6.248 AU,16.8 years,0.34,Radial Velocity
2475,Super Earth,2019,3.41 Earths,1.87 x Earth,0.1646 AU,29.8 days,0.06,Transit
2476,Super Earth,2019,8.32 Earths,2.0 x Earth,0.1162 AU,17.7 days,0.07,Transit
2477,Gas Giant,2019,0.19 Jupiters,0.836 x Jupiter,0.1228 AU,14.3 days,0.12,Transit
2478,Gas Giant,2019,1.864 Jupiters,Unknown,2.342 AU,2.6 years,0.03,Radial Velocity
2479,Gas Giant,2019,1.996 Jupiters,Unknown,1.566 AU,1.4 years,0.01,Radial Velocity
2480,Gas Giant,2019,9.379 Jupiters,1.12 x Jupiter (estimate),7.427 AU,20.8 years,0.73,Radial Velocity
2481,Gas Giant,2018,3.3 Jupiters,1.17 x Jupiter (estimate),3.87 AU,6.2 years,0.15,Radial Velocity
2482,Gas Giant,2018,2.194 Jupiters,1.19 x Jupiter (estimate),0.843 AU,213.7 days,0.08,Radial Velocity
2483,Gas Giant,2018,1.121 Jupiters,1.23 x Jupiter (estimate),1.7 AU,1.9 years,0.15,Radial Velocity
2484,Gas Giant,2018,3.31 Jupiters,1.17 x Jupiter (estimate),4.1 AU,7.2 years,0.56,Radial Velocity
2485,Neptune-like,2018,6.624 Earths,0.22 x Jupiter (estimate),0.091 AU,15.5 days,0.05,Radial Velocity
2486,Neptune-like,2019,16.57 Earths,0.377 x Jupiter (estimate),0.082 AU,13.4 days,0.37,Radial Velocity
2487,Neptune-like,2018,8 Earths,0.245 x Jupiter (estimate),0.026 AU,3 days,0.07,Radial Velocity
2488,Neptune-like,2019,22.7 Earths,0.2328486 x Jupiter,0.1915 AU,35.6 days,0.19,Transit
2489,Neptune-like,2018,7.4 Earths,0.234 x Jupiter (estimate),0.026 AU,3.7 days,0.04,Radial Velocity
2490,Gas Giant,2018,3.42 Jupiters,1.17 x Jupiter (estimate),1.414 AU,1.5 years,0.1,Radial Velocity
2491,Neptune-like,2018,20 Earths,0.421 x Jupiter (estimate),0.94 AU,434.8 days,,Microlensing
2492,Gas Giant,2017,23.7 Jupiters,1.07 x Jupiter (estimate),1.613 AU,2.1 years,,Eclipse Timing Variations
2493,Neptune-like,2019,14.31 Earths,0.346 x Jupiter (estimate),0.3809 AU,95.9 days,0.14,Radial Velocity
2494,Neptune-like,2019,12.77 Earths,0.323 x Jupiter (estimate),0.1059 AU,14.1 days,0.09,Radial Velocity
2495,Neptune-like,2019,8.81 Earths,0.26 x Jupiter (estimate),0.11 AU,13.1 days,0.07,Radial Velocity
2496,Neptune-like,2019,12.19 Earths,0.314 x Jupiter (estimate),0.0644 AU,5.9 days,0.07,Radial Velocity
2497,Gas Giant,2017,0.168 Jupiters,0.752 x Jupiter (estimate),0.7181 AU,214.7 days,0.04,Radial Velocity
2498,Neptune-like,2017,7.3 Earths,0.233 x Jupiter (estimate),0.077 AU,8.4 days,0.35,Radial Velocity
2499,Neptune-like,2019,11.82 Earths,0.309 x Jupiter (estimate),0.8098 AU,271.7 days,0.24,Radial Velocity
2500,Neptune-like,2019,14.16 Earths,0.343 x Jupiter (estimate),0.2663 AU,51.2 days,0.04,Radial Velocity
2501,Neptune-like,2019,10.47 Earths,0.288 x Jupiter (estimate),0.1254 AU,16.6 days,0.1,Radial Velocity
2502,Gas Giant,2018,6 Jupiters,1.14 x Jupiter (estimate),5.7 AU,11.2 years,0.56,Radial Velocity
2503,Neptune-like,2019,17.37 Earths,0.387 x Jupiter (estimate),0.2586 AU,53.7 days,0.07,Radial Velocity
2504,Neptune-like,2019,8.23 Earths,0.25 x Jupiter (estimate),0.1455 AU,22.7 days,0.12,Radial Velocity
2505,Neptune-like,2019,14.03 Earths,0.342 x Jupiter (estimate),0.3374 AU,85.5 days,0.06,Radial Velocity
2506,Neptune-like,2019,10.61 Earths,0.29 x Jupiter (estimate),0.1647 AU,29.2 days,0.11,Radial Velocity
2507,Neptune-like,2019,5.33 Earths,2.17 x Earth (estimate),0.1004 AU,13.9 days,0.09,Radial Velocity
2508,Super Earth,2019,1.93 Earths,1.21 x Earth (estimate),0.0529 AU,5.3 days,0.1,Radial Velocity
2509,Neptune-like,2019,14.44 Earths,0.347 x Jupiter (estimate),0.1964 AU,33.9 days,0.1,Radial Velocity
2510,Neptune-like,2019,11.66 Earths,0.306 x Jupiter (estimate),0.0974 AU,11.8 days,0.36,Radial Velocity
2511,Gas Giant,2017,6.601 Jupiters,Unknown,0.11873 AU,16.8 days,0.11,Radial Velocity
2512,Gas Giant,2017,4.681 Jupiters,Unknown,0.062956 AU,6.5 days,0.07,Radial Velocity
2513,Neptune-like,2017,21.6 Earths,0.44 x Jupiter (estimate),0.3193 AU,86.6 days,0.06,Radial Velocity
2514,Neptune-like,2019,8.82 Earths,0.22856672 x Jupiter,0.425 AU,107.2 days,0.0,Radial Velocity
2515,Neptune-like,2019,11.24 Earths,0.26014854 x Jupiter,0.1721 AU,27.6 days,0.0,Radial Velocity
2516,Super Earth,2019,4.72 Earths,1.664 x Earth,0.0964 AU,11.6 days,0.0,Radial Velocity
2517,Neptune-like,2019,29.29 Earths,0.527 x Jupiter (estimate),2.3928 AU,3.5 years,0.11,Radial Velocity
2518,Neptune-like,2019,10.1 Earths,0.282 x Jupiter (estimate),0.0444 AU,3.3 days,0.45,Radial Velocity
2519,Neptune-like,2017,15.2 Earths,0.38808101 x Jupiter,0.1536 AU,21.1 days,0.22,Transit
2520,Super Earth,2017,12.6 Earths,2.44 x Earth,0.0907 AU,9.6 days,0.09,Transit
2521,Neptune-like,2016,7.9 Earths,0.24194885 x Jupiter,0.1078 AU,13.3 days,0.18,Transit
2522,Super Earth,2016,7.54 Earths,1.606 x Earth,0.0132 AU,0.6 days,0.0,Transit
2523,Neptune-like,2018,6.26 Earths,2.043 x Earth,0.05706 AU,6 days,0.41,Transit
2524,Gas Giant,2018,3.69 Jupiters,1.2 x Jupiter,0.0248 AU,1.4 days,0.0,Transit
2525,Gas Giant,2018,0.89 Jupiters,0.9 x Jupiter,0.0261 AU,1.8 days,0.0,Transit
2526,Gas Giant,2018,3.2 Jupiters,1.96 x Jupiter,20.8 AU,119.2 years,0.17,Imaging
2527,Super Earth,2018,4.27 Earths,1.9 x Earth,0.164 AU,31.4 days,,Transit
2528,Gas Giant,2018,6.3 Jupiters,1.14 x Jupiter (estimate),2.038 AU,2 years,0.18,Radial Velocity
2529,Gas Giant,2016,5.69 Jupiters,1.14 x Jupiter (estimate),Unknown,3.5 years,0.41,Radial Velocity
2530,Gas Giant,2016,3.45 Jupiters,1.17 x Jupiter (estimate),3.33 AU,4.9 years,0.28,Radial Velocity
2531,Gas Giant,2016,0.89 Jupiters,1.24 x Jupiter (estimate),1.955 AU,2.2 years,0.08,Radial Velocity
2532,Neptune-like,2018,17.6 Earths,0.437 x Jupiter,0.06356 AU,6 days,0.05,Transit
2533,Gas Giant,2019,1.018 Jupiters,1.627 x Jupiter,0.05208 AU,3.3 days,0.03,Transit
2534,Gas Giant,2016,9.75 Jupiters,1.11 x Jupiter (estimate),5.486 AU,13.2 years,0.26,Radial Velocity
2535,Gas Giant,2018,0.415 Jupiters,1.026 x Jupiter,0.1097 AU,11.5 days,0.25,Transit
2536,Gas Giant,2016,1.27 Jupiters,1.22 x Jupiter (estimate),Unknown,2.5 years,0.04,Radial Velocity
2537,Gas Giant,2016,1.9 Jupiters,1.2 x Jupiter (estimate),5 AU,11.9 years,0.05,Radial Velocity
2538,Gas Giant,2016,1.52 Jupiters,1.21 x Jupiter (estimate),Unknown,3.1 years,0.21,Radial Velocity
2539,Neptune-like,2019,13.02 Earths,0.327 x Jupiter (estimate),0.039435 AU,3.8 days,0.11,Radial Velocity
2540,Neptune-like,2019,9 Earths,0.263 x Jupiter (estimate),0.1344 AU,24.2 days,0.0,Radial Velocity
2541,Super Earth,2019,2.69 Earths,1.45 x Earth (estimate),0.07879 AU,12.9 days,0.06,Radial Velocity
2542,Gas Giant,2016,1.43 Jupiters,1.21 x Jupiter (estimate),5.04 AU,17.8 years,0.22,Radial Velocity
2543,Neptune-like,2018,3.63 Earths,2.0189 x Earth,0.06839 AU,6.3 days,0.0,Transit
2544,Gas Giant,2018,2.38 Jupiters,1.48 x Jupiter,0.023 AU,1.7 days,,Transit
2545,Gas Giant,2018,2.33 Jupiters,1.19 x Jupiter (estimate),1.864 AU,2.7 years,0.23,Radial Velocity
2546,Neptune-like,2018,34.9613 Earths,0.66 x Jupiter,0.1066 AU,11.8 days,0.22,Transit
2547,Gas Giant,2018,5.64 Jupiters,1.14 x Jupiter (estimate),8.4 AU,21.6 years,0.49,Radial Velocity
2548,Gas Giant,2018,4.27 Jupiters,1.16 x Jupiter (estimate),3.18 AU,5 years,0.7,Radial Velocity
2549,Gas Giant,2016,1.522 Jupiters,1.21 x Jupiter (estimate),1.84 AU,1.9 years,0.16,Radial Velocity
2550,Gas Giant,2016,2.082 Jupiters,1.19 x Jupiter (estimate),1.207 AU,360.1 days,0.07,Radial Velocity
2551,Gas Giant,2018,0.67 Jupiters,1.25 x Jupiter (estimate),2.656 AU,4.3 years,0.68,Radial Velocity
2552,Gas Giant,2018,5.16 Jupiters,1.15 x Jupiter (estimate),6.15 AU,13.9 years,0.12,Radial Velocity
2553,Gas Giant,2018,1.23 Jupiters,1.22 x Jupiter (estimate),0.993 AU,328.6 days,0.59,Radial Velocity
2554,Gas Giant,2018,5.231 Jupiters,1.14 x Jupiter (estimate),2.318 AU,2.6 years,0.07,Radial Velocity
2555,Gas Giant,2018,1.126 Jupiters,1.22 x Jupiter (estimate),1.319 AU,414.9 days,0.16,Radial Velocity
2556,Neptune-like,2018,11 Earths,0.51387278 x Jupiter,0.1493 AU,19.5 days,0.0,Transit
2557,Gas Giant,2018,0.883 Jupiters,1.24 x Jupiter (estimate),0.194 AU,30.3 days,0.03,Radial Velocity
2558,Gas Giant,2018,0.278 Jupiters,1.09 x Jupiter,0.0452 AU,3.8 days,0.0,Transit
2559,Gas Giant,2017,1.6 Jupiters,1.21 x Jupiter (estimate),1.67 AU,2.3 years,< 0.2,Radial Velocity
2560,Gas Giant,2017,4.47 Jupiters,1.15 x Jupiter (estimate),2.294 AU,3.7 years,0.45,Radial Velocity
2561,Gas Giant,2018,3.069 Jupiters,Unknown,0.15417 AU,25.2 days,0.0,Radial Velocity
2562,Gas Giant,2018,2.424 Jupiters,Unknown,0.08799 AU,10.9 days,0.0,Radial Velocity
2563,Gas Giant,2018,1.475 Jupiters,Unknown,0.067393 AU,7.3 days,0.0,Radial Velocity
2564,Gas Giant,2018,1.779 Jupiters,Unknown,0.057638 AU,5.8 days,0.0,Radial Velocity
2565,Gas Giant,2017,0.87 Jupiters,1.24 x Jupiter (estimate),1.42 AU,1.7 years,< 0.13,Radial Velocity
2566,Gas Giant,2018,14 Jupiters,1.1 x Jupiter (estimate),2.1 AU,2.2 years,0.13,Radial Velocity
2567,Neptune-like,2018,19.66 Earths,0.417 x Jupiter (estimate),0.291 AU,73.9 days,0.44,Radial Velocity
2568,Super Earth,2018,2.91 Earths,1.52 x Earth (estimate),0.0476 AU,8.9 days,< 0.19,Radial Velocity
2569,Gas Giant,2018,3 Jupiters,1.051 x Jupiter,0.07229 AU,6.2 days,,Transit
2570,Gas Giant,2016,1.265 Jupiters,1.24 x Jupiter,0.039 AU,2.7 days,0.0,Transit
2571,Super Earth,2017,1.4 Earths,1.11 x Earth (estimate),0.0496 AU,9.9 days,0.12,Radial Velocity
2572,Neptune-like,2016,27.442 Earths,0.507 x Jupiter (estimate),0.4206 AU,102 days,0.05,Radial Velocity
2573,Gas Giant,1997,1.09491472 Jupiters,1.23 x Jupiter (estimate),0.2245 AU,39.8 days,0.05,Radial Velocity
2574,Gas Giant,2016,11.8 Jupiters,1.1 x Jupiter (estimate),Unknown,2.3 years,0.15,Pulsation Timing Variations
2575,Gas Giant,2016,22 Jupiters,1.11 x Jupiter,22.2 AU,91.8 years,0.34,Imaging
2576,Gas Giant,2016,1.11 Jupiters,1.23 x Jupiter (estimate),2.2 AU,3.2 years,0.12,Radial Velocity
2577,Gas Giant,2016,12.4 Jupiters,1.1 x Jupiter (estimate),0.117 AU,13.5 days,0.05,Radial Velocity
2578,Gas Giant,2016,3.6 Jupiters,1.16 x Jupiter (estimate),2.72 AU,3.5 years,0.17,Radial Velocity
2579,Gas Giant,2016,5.468 Jupiters,1.14 x Jupiter (estimate),0.228 AU,39.4 days,0.42,Radial Velocity
2580,Gas Giant,2016,7.9 Jupiters,1.12 x Jupiter (estimate),2.18 AU,3 years,0.03,Radial Velocity
2581,Gas Giant,2016,6.92 Jupiters,1.13 x Jupiter (estimate),1.086 AU,299.4 days,0.05,Radial Velocity
2582,Neptune-like,2016,14.4 Earths,0.347 x Jupiter (estimate),0.554 AU,149.6 days,0.19,Radial Velocity
2583,Neptune-like,2016,11.41 Earths,0.26612589 x Jupiter,0.1794 AU,29.8 days,0.04,Transit
2584,Super Earth,2016,4.844 Earths,1.601 x Earth,0.01814 AU,1 days,0.0,Transit
2585,Gas Giant,2016,6.531 Jupiters,1.13 x Jupiter (estimate),2.375 AU,3.3 years,0.48,Radial Velocity
2586,Gas Giant,2016,1.56 Jupiters,1.21 x Jupiter (estimate),1.83 AU,2.4 years,0.08,Radial Velocity
2587,Gas Giant,2016,2.89 Jupiters,1.18 x Jupiter (estimate),1.13 AU,434.5 days,0.2,Radial Velocity
2588,Neptune-like,2016,13 Earths,0.327 x Jupiter (estimate),0.341 AU,75.7 days,0.12,Radial Velocity
2589,Gas Giant,2016,2.3 Jupiters,1.19 x Jupiter (estimate),1.36 AU,491.5 days,0.23,Radial Velocity
2590,Gas Giant,2016,5.14 Jupiters,1.15 x Jupiter (estimate),0.522 AU,116.6 days,0.21,Radial Velocity
2591,Gas Giant,2016,2.5 Jupiters,1.18 x Jupiter (estimate),6.15 AU,15.8 years,0.61,Radial Velocity
2592,Gas Giant,2016,0.42 Jupiters,1.28 x Jupiter (estimate),4.49 AU,9.8 years,0.49,Radial Velocity
2593,Gas Giant,2016,1.42 Jupiters,1.21 x Jupiter (estimate),1.44 AU,1.8 years,0.33,Radial Velocity
2594,Gas Giant,2016,0.89 Jupiters,1.24 x Jupiter (estimate),0.87 AU,298.2 days,0.57,Radial Velocity
2595,Gas Giant,2016,4.8 Jupiters,1.15 x Jupiter (estimate),1.91 AU,2.2 years,0.13,Radial Velocity
2596,Neptune-like,2016,6.37 Earths,0.215 x Jupiter (estimate),0.0668 AU,8.7 days,0.0,Radial Velocity
2597,Gas Giant,2016,12.5 Jupiters,1.1 x Jupiter (estimate),230 AU,4505.7 years,,Imaging
2598,Gas Giant,2017,10.78 Jupiters,1.11 x Jupiter (estimate),0.422 AU,101.5 days,0.28,Radial Velocity
2599,Gas Giant,2017,1.66 Jupiters,1.2 x Jupiter (estimate),0.0968 AU,10.8 days,,Radial Velocity
2600,Gas Giant,2017,2.18 Jupiters,1.19 x Jupiter (estimate),Unknown,1.4 years,0.16,Radial Velocity
2601,Super Earth,2017,5.6 Earths,1.73 x Earth,0.0946 AU,24.7 days,< 0.043,Transit
2602,Gas Giant,2017,13.558 Jupiters,1.1 x Jupiter (estimate),4.807 AU,6.9 years,0.59,Radial Velocity
2603,Gas Giant,2017,9 Jupiters,1.5 x Jupiter,92 AU,630.7 years,,Imaging
2604,Gas Giant,2017,6.493 Jupiters,1.13 x Jupiter (estimate),5.362 AU,13.8 years,0.34,Radial Velocity
2605,Gas Giant,2017,0.162 Jupiters,0.735 x Jupiter (estimate),0.198 AU,36.1 days,0.01,Radial Velocity
2606,Super Earth,2017,2.31 Earths,1.32 x Earth (estimate),0.1264 AU,40.5 days,0.17,Radial Velocity
2607,Super Earth,2017,2.02 Earths,1.23 x Earth (estimate),0.03282 AU,5.4 days,0.23,Radial Velocity
2608,Super Earth,2017,3.28 Earths,1.63 x Earth (estimate),0.08208 AU,13.3 days,0.21,Radial Velocity
2609,Neptune-like,2017,7.6 Earths,0.238 x Jupiter (estimate),0.19394 AU,48.1 days,0.12,Radial Velocity
2610,Neptune-like,2017,10.5 Earths,0.288 x Jupiter (estimate),0.698 AU,257.8 days,0.32,Radial Velocity
2611,Super Earth,2017,4.18 Earths,1.88 x Earth (estimate),0.057 AU,6 days,0.11,Radial Velocity
2612,Super Earth,2017,1.78 Earths,1.18 x Earth (estimate),0.0197 AU,1.2 days,0.19,Radial Velocity
2613,Super Earth,2017,1.18 Earths,1.06 x Earth (estimate),0.036467 AU,4.7 days,0.17,Radial Velocity
2614,Super Earth,2017,2.89 Earths,1.51 x Earth (estimate),0.091101 AU,18.6 days,0.1,Radial Velocity
2615,Gas Giant,2017,0.21413963 Jupiters,0.866 x Jupiter (estimate),0.912 AU,1.5 years,0.34,Radial Velocity
2616,Gas Giant,2017,2.7 Jupiters,1.18 x Jupiter (estimate),1.4 AU,1.6 years,0.24,Radial Velocity
2617,Super Earth,2017,4.77 Earths,2.03 x Earth (estimate),0.509 AU,147 days,0.29,Radial Velocity
2618,Neptune-like,2017,15.1 Earths,0.357 x Jupiter (estimate),0.246 AU,44.5 days,0.06,Radial Velocity
2619,Gas Giant,2017,6.3 Jupiters,1.14 x Jupiter (estimate),1.6 AU,1.7 years,0.28,Radial Velocity
2620,Gas Giant,2017,4.4 Jupiters,1.15 x Jupiter (estimate),2.5 AU,2.9 years,0.26,Radial Velocity
2621,Super Earth,2017,1.09 Earths,1.03 x Earth (estimate),0.02851 AU,4.7 days,0.07,Radial Velocity
2622,Super Earth,2017,1.14 Earths,1.05 x Earth (estimate),0.02156 AU,3.1 days,0.0,Radial Velocity
2623,Terrestrial,2017,0.7 Earths,0.913 x Earth (estimate),0.01634 AU,2 days,0.06,Radial Velocity
2624,Super Earth,2017,1.83 Earths,1.19 x Earth (estimate),0.243 AU,49.4 days,0.23,Radial Velocity
2625,Super Earth,2017,1.75 Earths,1.18 x Earth (estimate),0.133 AU,20 days,0.06,Radial Velocity
2626,Super Earth,2017,3.93 Earths,1.81 x Earth (estimate),1.334 AU,1.7 years,0.16,Radial Velocity
2627,Gas Giant,2017,0.7949 Jupiters,1.24 x Jupiter (estimate),0.0102 AU,0.3 days,< 0.0017,Pulsar Timing
2628,Gas Giant,2017,4.18 Jupiters,1.16 x Jupiter (estimate),6.4 AU,19.1 years,,Microlensing
2629,Gas Giant,2017,4.07 Jupiters,1.91 x Jupiter,0.0637 AU,4.6 days,,Transit
2630,Gas Giant,2017,3.13 Jupiters,1.17 x Jupiter (estimate),1.091 AU,415.9 days,0.88,Radial Velocity
2631,Gas Giant,2017,0.38 Jupiters,1.21 x Jupiter (estimate),6.36 AU,15.6 years,0.03,Radial Velocity
2632,Neptune-like,2017,37.9 Earths,0.613 x Jupiter (estimate),1.543 AU,1.9 years,0.03,Radial Velocity
2633,Neptune-like,2017,16.8 Earths,0.38 x Jupiter (estimate),0.2687 AU,49.2 days,0.09,Radial Velocity
2634,Neptune-like,2017,30.7 Earths,0.542 x Jupiter (estimate),0.4817 AU,117.9 days,0.03,Radial Velocity
2635,Gas Giant,2017,1.194 Jupiters,1.22 x Jupiter (estimate),1.063 AU,358.3 days,0.02,Radial Velocity
2636,Neptune-like,2017,3.02 Earths,1.98 x Earth,0.053 AU,6.2 days,0.0,Transit
2637,Super Earth,2017,1.86 Earths,1.13 x Earth,0.0395 AU,3.6 days,0.0,Transit
2638,Super Earth,2017,4.28 Earths,1.44 x Earth,0.0189 AU,1.2 days,0.0,Transit
2639,Super Earth,2017,2.82 Earths,1.49 x Earth (estimate),0.078361 AU,14.6 days,0.13,Radial Velocity
2640,Neptune-like,2017,7.14 Earths,0.229 x Jupiter (estimate),0.0608 AU,6.9 days,0.12,Radial Velocity
2641,Gas Giant,2018,1.7 Jupiters,1.2 x Jupiter (estimate),1.7 AU,2 years,0.76,Radial Velocity
2642,Gas Giant,2017,6.4 Jupiters,1.13 x Jupiter (estimate),1.3 AU,481.9 days,0.2,Radial Velocity
2643,Neptune-like,2016,26.1 Earths,0.49246141 x Jupiter,0.75318 AU,220.1 days,0.0,Transit
2644,Gas Giant,2016,0.46 Jupiters,1.27 x Jupiter (estimate),Unknown,4.1 days,0.15,Radial Velocity
2645,Neptune-like,2016,25 Earths,0.84485827 x Jupiter,1.394 AU,1.5 years,0.05,Transit
2646,Neptune-like,2016,7.62 Earths,0.46302158 x Jupiter,0.68 AU,393 days,0.07,Transit
2647,Gas Giant,2016,4.67 Jupiters,1.15 x Jupiter (estimate),9.9 AU,31 years,0.21,Radial Velocity
2648,Gas Giant,2016,13.492 Jupiters,1.1 x Jupiter (estimate),9.726 AU,38.1 years,0.29,Radial Velocity
2649,Super Earth,2016,4.35 Earths,1.92 x Earth,0.1195 AU,21.2 days,0.06,Transit
2650,Gas Giant,2016,0.7 Jupiters,1.25 x Jupiter (estimate),0.057 AU,4.9 days,0.0,Radial Velocity
2651,Super Earth,2016,1.055 Earths,1.02 x Earth (estimate),0.04848 AU,11.2 days,0.0,Radial Velocity
2652,Gas Giant,2016,0.25170815 Jupiters,0.952 x Jupiter (estimate),2.59 AU,7 years,,Microlensing
2653,Neptune-like,2016,6.53 Earths,0.32563175 x Jupiter,1.17 AU,278.4 days,0.06,Transit
2654,Neptune-like,2016,5.97 Earths,0.24444685 x Jupiter,0.2093 AU,31.7 days,0.04,Transit
2655,Neptune-like,2016,6.9 Earths,0.23552543 x Jupiter,0.1303 AU,15.6 days,0.05,Transit
2656,Gas Giant,2016,1.61 Jupiters,1.21 x Jupiter (estimate),2.306 AU,3.2 years,0.12,Radial Velocity
2657,Gas Giant,2016,16.054 Jupiters,1.09 x Jupiter (estimate),5.657 AU,13.1 years,0.81,Radial Velocity
2658,Gas Giant,2016,18.61 Jupiters,1.08 x Jupiter (estimate),3.08 AU,5.1 years,0.16,Radial Velocity
2659,Gas Giant,2016,9.334 Jupiters,1.12 x Jupiter (estimate),2.749 AU,4.4 years,0.21,Radial Velocity
2660,Neptune-like,2016,6.82 Earths,0.223 x Jupiter (estimate),0.09 AU,13.7 days,0.0,Radial Velocity
2661,Super Earth,2016,2.5 Earths,1.39 x Earth (estimate),0.03 AU,2.7 days,0.0,Radial Velocity
2662,Neptune-like,2016,22.2481 Earths,0.23 x Jupiter,0.241 AU,41.7 days,0.0,Transit
2663,Gas Giant,2014,1.38 Jupiters,1.21 x Jupiter (estimate),0.4737 AU,120.1 days,0.15,Radial Velocity
2664,Gas Giant,2014,0.26 Jupiters,0.971 x Jupiter (estimate),0.1347 AU,18.2 days,0.15,Radial Velocity
2665,Gas Giant,2007,0.629 Jupiters,0.993 x Jupiter,0.03666 AU,2.6 days,0.0,Transit
2666,Gas Giant,2012,22 Jupiters,0.934 x Jupiter,8 AU,132.9 years,,Imaging
2667,Gas Giant,2011,7 Jupiters,1.08 x Jupiter,2500 AU,160798 years,,Imaging
2668,Gas Giant,2014,0.618 Jupiters,1.26 x Jupiter (estimate),0.0335 AU,2 days,0.0,Radial Velocity
2669,Gas Giant,2014,0.5 Jupiters,1.58 x Jupiter,0.055 AU,4 days,0.0,Transit
2670,Gas Giant,2012,1.6654 Jupiters,1.21 x Jupiter,0.023233633 AU,1.4 days,0.01,Transit
2671,Gas Giant,2014,0.59 Jupiters,1.164 x Jupiter,0.04853 AU,3.7 days,0.0,Transit
2672,Gas Giant,2015,16 Jupiters,1.22 x Jupiter,350 AU,15890.4 years,0.68,Imaging
2673,Gas Giant,2007,3.2 Jupiters,1.17 x Jupiter (estimate),1.7 AU,3.2 years,0.0,Pulsation Timing Variations
2674,Gas Giant,2008,14 Jupiters,1.1 x Jupiter (estimate),670 AU,70841 years,,Imaging
2675,Gas Giant,2014,10 Jupiters,1.11 x Jupiter (estimate),1.37 AU,1.5 years,0.05,Radial Velocity
2676,Gas Giant,2014,2.5 Jupiters,1.18 x Jupiter (estimate),0.69 AU,198.4 days,0.06,Radial Velocity
2677,Gas Giant,2010,13 Jupiters,1.1 x Jupiter (estimate),Unknown,365 days,,Imaging
2678,Gas Giant,2013,9 Jupiters,1.12 x Jupiter (estimate),157 AU,1968.3 years,< 0.58,Imaging
2679,Gas Giant,2013,16 Jupiters,1.09 x Jupiter (estimate),210 AU,3264.5 years,< 0.83,Imaging
2680,Gas Giant,2011,1.2 Jupiters,Unknown,0.0044 AU,0.1 days,< 0.06,Pulsar Timing
2681,Gas Giant,2003,2.5 Jupiters,1.18 x Jupiter (estimate),23 AU,95 years,,Pulsar Timing
2682,Super Earth,1992,3.9 Earths,1.8 x Earth (estimate),0.46 AU,98.2 days,0.03,Pulsar Timing
2683,Super Earth,1992,4.3 Earths,1.91 x Earth (estimate),0.36 AU,66.5 days,0.02,Pulsar Timing
2684,Terrestrial,1994,0.02 Earths,0.338 x Earth (estimate),0.19 AU,25.3 days,0.0,Pulsar Timing
2685,Gas Giant,2006,14 Jupiters,1.1 x Jupiter (estimate),243 AU,20000 years,,Imaging
2686,Super Earth,2014,1.66 Earths,1.16 x Earth (estimate),0.702 AU,1.8 years,,Microlensing
2687,Gas Giant,2014,0.4 Jupiters,1.25 x Jupiter (estimate),Unknown,5.1 days,0.28,Radial Velocity
2688,Gas Giant,2014,0.32 Jupiters,1.1 x Jupiter (estimate),Unknown,7 days,0.3,Radial Velocity
2689,Unknown,2014,Unknown,Unknown,Unknown,0.8 days,,Orbital Brightness Modulation
2690,Unknown,2014,Unknown,Unknown,Unknown,0.3 days,,Orbital Brightness Modulation
2691,Unknown,2014,Unknown,Unknown,Unknown,0.2 days,,Orbital Brightness Modulation
2692,Neptune-like,2013,8.44 Earths,0.253 x Jupiter,0.1226 AU,17.8 days,0.17,Transit
2693,Gas Giant,2015,6.1 Jupiters,1.14 x Jupiter (estimate),2.82 AU,3 years,0.09,Radial Velocity
2694,Gas Giant,2015,1.98 Jupiters,1.19 x Jupiter (estimate),0.72 AU,144.3 days,0.09,Radial Velocity
2695,Gas Giant,2016,0.902 Jupiters,1.699 x Jupiter,0.04317 AU,3 days,0.0,Transit
2696,Gas Giant,2016,0.784 Jupiters,1.24 x Jupiter (estimate),0.316 AU,67.3 days,0.12,Radial Velocity
2697,Gas Giant,2016,0.428 Jupiters,1.28 x Jupiter (estimate),0.177 AU,28.1 days,0.14,Radial Velocity
2698,Gas Giant,2016,2.68 Jupiters,1.18 x Jupiter (estimate),0.706 AU,232.1 days,0.16,Radial Velocity
2699,Gas Giant,2016,1.56 Jupiters,1.21 x Jupiter (estimate),1.134 AU,499.5 days,0.55,Radial Velocity
2700,Gas Giant,2016,3.76 Jupiters,1.16 x Jupiter (estimate),0.389 AU,82.5 days,0.39,Radial Velocity
2701,Gas Giant,2016,3.18 Jupiters,1.17 x Jupiter (estimate),0.74 AU,218.5 days,0.4,Radial Velocity
2702,Gas Giant,2016,1.21 Jupiters,1.22 x Jupiter (estimate),0.0379 AU,2.2 days,< 0.07,Radial Velocity
2703,Gas Giant,2014,0.66 Jupiters,1.25 x Jupiter (estimate),5 AU,13.7 years,0.26,Radial Velocity
2704,Gas Giant,2014,1.18 Jupiters,1.22 x Jupiter (estimate),2.09 AU,2.9 years,0.07,Radial Velocity
2705,Gas Giant,2014,1.33 Jupiters,1.22 x Jupiter (estimate),0.689 AU,202 days,0.05,Radial Velocity
2706,Gas Giant,2014,0.451 Jupiters,1.28 x Jupiter (estimate),0.415 AU,94.4 days,0.04,Radial Velocity
2707,Gas Giant,2016,2.98 Jupiters,1.17 x Jupiter (estimate),0.297 AU,58.8 days,0.07,Radial Velocity
2708,Gas Giant,2015,6.47 Jupiters,1.13 x Jupiter (estimate),1.46 AU,1.7 years,0.1,Radial Velocity
2709,Gas Giant,2015,10.9 Jupiters,Unknown,10.4 AU,24.9 years,0.57,Imaging
2710,Gas Giant,2015,1.9 Jupiters,1.2 x Jupiter (estimate),0.92 AU,406 days,0.33,Eclipse Timing Variations
2711,Super Earth,2015,16.17 Earths,1.61 x Earth,0.237 AU,46.9 days,0.14,Radial Velocity
2712,Super Earth,2015,4.36 Earths,1.511 x Earth,0.0653 AU,6.8 days,0.06,Radial Velocity
2713,Super Earth,2015,4.74 Earths,1.602 x Earth,0.03876 AU,3.1 days,0.0,Radial Velocity
2714,Super Earth,2015,1.83704819 Earths,1.19151465 x Earth,0.0157 AU,1.6 days,0.01,Transit
2715,Neptune-like,2016,16.4 Earths,0.3746989 x Jupiter,0.17012 AU,20.7 days,0.0,Transit
2716,Gas Giant,2015,12.89 Jupiters,1.1 x Jupiter (estimate),1.29 AU,1.5 years,0.35,Radial Velocity
2717,Gas Giant,2015,1.96 Jupiters,1.2 x Jupiter (estimate),0.54 AU,133.6 days,0.04,Radial Velocity
2718,Gas Giant,2015,5.63 Jupiters,1.14 x Jupiter (estimate),1.09 AU,433.7 days,0.19,Radial Velocity
2719,Gas Giant,2015,1.65 Jupiters,1.2 x Jupiter (estimate),0.462 AU,93.3 days,0.06,Radial Velocity
2720,Unknown,2015,Unknown,Unknown,18.6 AU,365 days,,Imaging
2721,Unknown,2015,Unknown,Unknown,14.7 AU,365 days,,Imaging
2722,Gas Giant,2015,1.75 Jupiters,1.2 x Jupiter (estimate),2.24 AU,2.5 years,0.13,Radial Velocity
2723,Gas Giant,2015,2.01 Jupiters,1.19 x Jupiter (estimate),1.6 AU,1.5 years,0.15,Radial Velocity
2724,Neptune-like,2015,7.7 Earths,0.24 x Jupiter (estimate),0.47 AU,217.2 days,0.55,Radial Velocity
2725,Super Earth,2015,3.41 Earths,1.66 x Earth (estimate),0.089 AU,17.9 days,0.11,Radial Velocity
2726,Super Earth,2015,1.91 Earths,1.21 x Earth (estimate),0.0375 AU,4.9 days,0.15,Radial Velocity
2727,Gas Giant,2015,0.34 Jupiters,1.14 x Jupiter (estimate),3.11 AU,6.2 years,0.06,Radial Velocity
2728,Neptune-like,2015,10.80622 Earths,0.293 x Jupiter (estimate),0.3753 AU,94.2 days,0.0,Radial Velocity
2729,Super Earth,2015,7.3 Earths,1.31 x Earth,0.1463 AU,22.7 days,0.15,Radial Velocity
2730,Gas Giant,2015,7.728 Jupiters,Unknown,Unknown,29 days,0.11,Radial Velocity
2731,Neptune-like,2015,19.2 Earths,0.41038451 x Jupiter,1.55346 AU,1.6 years,0.0,Transit
2732,Neptune-like,2015,38.1 Earths,0.61557677 x Jupiter,Unknown,3.6 years,,Transit
2733,Neptune-like,2015,17.16273398 Earths,0.385 x Jupiter (estimate),0.211 AU,35 days,0.06,Radial Velocity
2734,Neptune-like,2015,16.14 Earths,0.371 x Jupiter (estimate),0.23 AU,40 days,0.09,Radial Velocity
2735,Neptune-like,2015,5.59 Earths,2.23 x Earth (estimate),0.1117 AU,13.5 days,< 0.305,Radial Velocity
2736,Gas Giant,2012,4.2 Jupiters,1.16 x Jupiter (estimate),1.3 AU,1.6 years,0.21,Radial Velocity
2737,Gas Giant,2009,12.47 Jupiters,1.1 x Jupiter (estimate),2.01 AU,1.7 years,0.18,Radial Velocity
2738,Gas Giant,2009,21.42 Jupiters,1.08 x Jupiter (estimate),1.45 AU,379.6 days,0.15,Radial Velocity
2739,Gas Giant,2008,5.16 Jupiters,1.15 x Jupiter (estimate),1.34 AU,1.8 years,0.54,Radial Velocity
2740,Gas Giant,2013,1.11 Jupiters,1.23 x Jupiter (estimate),0.539 AU,137.5 days,0.26,Radial Velocity
2741,Gas Giant,2009,1.04 Jupiters,1.23 x Jupiter (estimate),0.78 AU,268.9 days,0.29,Radial Velocity
2742,Gas Giant,2007,9.78 Jupiters,1.11 x Jupiter (estimate),1.66 AU,2 years,0.21,Radial Velocity
2743,Gas Giant,2014,0.65 Jupiters,1.25 x Jupiter (estimate),2.36 AU,4.5 years,0.05,Radial Velocity
2744,Gas Giant,2000,0.59 Jupiters,1.26 x Jupiter (estimate),0.04 AU,3.5 days,0.02,Radial Velocity
2745,Gas Giant,2009,0.33 Jupiters,1.11 x Jupiter (estimate),0.68 AU,237.6 days,0.19,Radial Velocity
2746,Gas Giant,2009,9.277 Jupiters,Unknown,0.06 AU,5.6 days,0.15,Radial Velocity
2747,Gas Giant,2013,0.17 Jupiters,0.747 x Jupiter (estimate),0.435 AU,125.9 days,0.31,Radial Velocity
2748,Gas Giant,2013,4.792 Jupiters,Unknown,0.0428 AU,3.9 days,0.0,Radial Velocity
2749,Gas Giant,2004,5.2 Jupiters,1.4 x Jupiter,46 AU,720 years,,Imaging
2750,Gas Giant,2007,1.941 Jupiters,1.2 x Jupiter (estimate),0.625 AU,137 days,0.06,Radial Velocity
2751,Gas Giant,2011,7.7 Jupiters,Unknown,2.8 AU,5.3 years,0.05,Eclipse Timing Variations
2752,Gas Giant,2011,6.3 Jupiters,Unknown,5.9 AU,16 years,0.04,Eclipse Timing Variations
2753,Gas Giant,1999,10.25 Jupiters,1.11 x Jupiter (estimate),2.51329 AU,3.5 years,0.3,Radial Velocity
2754,Gas Giant,1999,13.98 Jupiters,1.1 x Jupiter (estimate),0.827774 AU,241.3 days,0.26,Radial Velocity
2755,Gas Giant,1996,0.6876 Jupiters,1.25 x Jupiter (estimate),0.05922166 AU,4.6 days,0.02,Radial Velocity
2756,Gas Giant,2013,20.6 Jupiters,1.08 x Jupiter (estimate),1.17 AU,305.5 days,0.03,Radial Velocity
2757,Gas Giant,1996,5.95 Jupiters,1.14 x Jupiter (estimate),0.049 AU,3.3 days,0.01,Radial Velocity
2758,Gas Giant,2012,4.2 Jupiters,1.16 x Jupiter (estimate),5.3 AU,11.9 years,0.0,Eclipse Timing Variations
2759,Gas Giant,2012,3.651 Jupiters,1.16 x Jupiter (estimate),3.691 AU,4.3 years,0.15,Radial Velocity
2760,Gas Giant,2012,1.12 Jupiters,1.23 x Jupiter (estimate),0.699 AU,187 days,0.1,Radial Velocity
2761,Gas Giant,2013,0.736 Jupiters,1.25 x Jupiter (estimate),0.838 AU,278.6 days,0.18,Radial Velocity
2762,Gas Giant,2011,2.3 Jupiters,1.19 x Jupiter (estimate),3.3 AU,8.7 years,0.15,Eclipse Timing Variations
2763,Gas Giant,2012,24.662 Jupiters,1.07 x Jupiter (estimate),5.829 AU,8.7 years,0.18,Radial Velocity
2764,Gas Giant,2012,22.206 Jupiters,1.07 x Jupiter (estimate),1.765 AU,1.5 years,0.13,Radial Velocity
2765,Gas Giant,2010,2.28 Jupiters,1.19 x Jupiter (estimate),3.39 AU,7.9 years,0.24,Eclipse Timing Variations
2766,Gas Giant,2010,7.33 Jupiters,1.13 x Jupiter (estimate),5.35 AU,19.1 years,0.09,Eclipse Timing Variations
2767,Gas Giant,2014,2.4 Jupiters,1.18 x Jupiter (estimate),1.1 AU,357.8 days,0.09,Radial Velocity
2768,Gas Giant,2007,2.17 Jupiters,1.19 x Jupiter (estimate),2.5 AU,3.4 years,0.04,Radial Velocity
2769,Gas Giant,2012,17.3 Jupiters,1.42 x Jupiter,55 AU,245.3 years,,Imaging
2770,Gas Giant,2006,21.9987 Jupiters,1.05066 x Jupiter,773 AU,20692.2 years,,Imaging
2771,Gas Giant,2014,11.3 Jupiters,1.265 x Jupiter,2000 AU,156982.6 years,,Imaging
2772,Gas Giant,2004,20 Jupiters,3.0 x Jupiter,100 AU,1195.9 years,,Imaging
2773,Gas Giant,2003,6.6 Jupiters,1.13 x Jupiter (estimate),2.13 AU,2.5 years,0.15,Radial Velocity
2774,Gas Giant,2008,16 Jupiters,1.09 x Jupiter (estimate),800 AU,101250.8 years,,Imaging
2775,Gas Giant,2006,7.19 Jupiters,1.13 x Jupiter (estimate),1.878 AU,1.6 years,0.08,Radial Velocity
2776,Gas Giant,2000,1 Jupiter,1.23 x Jupiter (estimate),3.53 AU,7.3 years,0.06,Radial Velocity
2777,Gas Giant,2012,6.7 Jupiters,1.13 x Jupiter (estimate),1.3 AU,417.9 days,0.11,Radial Velocity
2778,Gas Giant,2014,6.1 Jupiters,1.14 x Jupiter (estimate),1.4 AU,1.4 years,0.19,Radial Velocity
2779,Gas Giant,2008,8.7 Jupiters,1.65 x Jupiter,10.07 AU,23.8 years,0.1,Imaging
2780,Gas Giant,2014,7.8 Jupiters,1.12 x Jupiter (estimate),1.7 AU,1.7 years,0.08,Radial Velocity
2781,Gas Giant,2010,1.8 Jupiters,1.2 x Jupiter (estimate),1.2 AU,380.8 days,0.25,Radial Velocity
2782,Gas Giant,2010,7.5 Jupiters,1.13 x Jupiter (estimate),15 AU,421.7 years,,Imaging
2783,Gas Giant,2015,13.9 Jupiters,1.44 x Jupiter,156 AU,5932.3 years,,Imaging
2784,Gas Giant,2013,24.5 Jupiters,1.0 x Jupiter,52 AU,593.2 years,,Imaging
2785,Gas Giant,2008,8 Jupiters,1.664 x Jupiter,330 AU,6505.9 years,,Imaging
2786,Gas Giant,2016,7.714 Jupiters,1.13 x Jupiter (estimate),3.729 AU,5.1 years,0.36,Radial Velocity
2787,Gas Giant,2016,2.4 Jupiters,1.18 x Jupiter (estimate),2.1 AU,2.3 years,0.07,Radial Velocity
2788,Gas Giant,2015,3.74 Jupiters,1.16 x Jupiter (estimate),5.15 AU,12 years,0.06,Radial Velocity
2789,Gas Giant,2016,5.78 Jupiters,1.14 x Jupiter (estimate),0.53 AU,139.4 days,0.08,Radial Velocity
2790,Gas Giant,2016,1.061 Jupiters,1.23 x Jupiter (estimate),0.576 AU,153.2 days,0.0,Radial Velocity
2791,Gas Giant,2016,5.4 Jupiters,1.14 x Jupiter (estimate),0.21 AU,26.5 days,0.04,Radial Velocity
2792,Neptune-like,2015,33.6 Earths,0.57096976 x Jupiter,1.19671 AU,440.8 days,0.0,Transit
2793,Neptune-like,2015,25.9 Earths,0.49067713 x Jupiter,Unknown,2.3 years,,Transit
2794,Gas Giant,2015,2.07 Jupiters,1.19 x Jupiter (estimate),3.41 AU,6.5 years,0.07,Radial Velocity
2795,Gas Giant,2009,6.28 Jupiters,1.14 x Jupiter (estimate),8.19 AU,28 years,0.39,Eclipse Timing Variations
2796,Gas Giant,2004,11 Jupiters,2.7 x Jupiter,330 AU,10441.5 years,,Imaging
2797,Gas Giant,2007,17 Jupiters,2.2 x Jupiter,440 AU,365 days,,Imaging
2798,Gas Giant,2005,13.5 Jupiters,1.1 x Jupiter (estimate),260 AU,4421.7 years,,Imaging
2799,Gas Giant,2013,3.2 Jupiters,1.17 x Jupiter (estimate),0.7 AU,181.4 days,0.03,Radial Velocity
2800,Gas Giant,2008,3.307 Jupiters,1.17 x Jupiter (estimate),2.104 AU,2.8 years,0.04,Radial Velocity
2801,Gas Giant,2011,1.85 Jupiters,1.2 x Jupiter (estimate),1.758 AU,2 years,0.06,Radial Velocity
2802,Gas Giant,2012,2.479 Jupiters,1.18 x Jupiter (estimate),1.912 AU,1.9 years,0.09,Radial Velocity
2803,Gas Giant,1996,7.49 Jupiters,1.13 x Jupiter (estimate),0.481 AU,116.7 days,0.4,Radial Velocity
2804,Gas Giant,2008,1.881 Jupiters,1.2 x Jupiter (estimate),2.028 AU,2.5 years,0.04,Radial Velocity
2805,Neptune-like,2009,22.9 Earths,0.456 x Jupiter (estimate),0.476 AU,123 days,0.35,Radial Velocity
2806,Neptune-like,2009,18.2 Earths,0.398 x Jupiter (estimate),0.2175 AU,38 days,0.14,Radial Velocity
2807,Neptune-like,2009,5.1 Earths,2.11 x Earth (estimate),0.050201 AU,4.2 days,0.12,Radial Velocity
2808,Gas Giant,2007,0.141 Jupiters,0.677 x Jupiter (estimate),0.802 AU,260.6 days,0.06,Radial Velocity
2809,Super Earth,2004,7.99 Earths,1.875 x Earth,0.01544 AU,0.7 days,0.05,Radial Velocity
2810,Gas Giant,2002,3.878 Jupiters,1.16 x Jupiter (estimate),5.6 AU,13.1 years,0.09,Radial Velocity
2811,Gas Giant,2004,0.1714 Jupiters,0.76 x Jupiter (estimate),0.247 AU,44.4 days,0.09,Radial Velocity
2812,Gas Giant,1996,0.8306 Jupiters,1.24 x Jupiter (estimate),0.118 AU,14.7 days,0.0,Radial Velocity
2813,Gas Giant,1995,0.61 Jupiters,1.26 x Jupiter (estimate),0.052 AU,4.2 days,< 0.0063,Radial Velocity
2814,Gas Giant,2006,7.902 Jupiters,1.12 x Jupiter (estimate),0.877 AU,270.3 days,0.45,Radial Velocity
2815,Gas Giant,2009,1.64 Jupiters,1.2 x Jupiter (estimate),11.6 AU,38.4 years,0.16,Radial Velocity
2816,Gas Giant,2001,0.54 Jupiters,1.27 x Jupiter (estimate),3.6 AU,6.6 years,0.1,Radial Velocity
2817,Gas Giant,1996,2.53 Jupiters,1.18 x Jupiter (estimate),2.1 AU,3 years,0.03,Radial Velocity
2818,Gas Giant,2010,0.86 Jupiters,1.24 x Jupiter (estimate),2.08 AU,2.4 years,0.29,Radial Velocity
2819,Gas Giant,2010,1.99 Jupiters,1.19 x Jupiter (estimate),1.333 AU,452.8 days,0.09,Radial Velocity
2820,Gas Giant,2008,9.207 Jupiters,1.12 x Jupiter (estimate),2.476 AU,2.7 years,0.02,Radial Velocity
2821,Gas Giant,1996,1.78 Jupiters,1.2 x Jupiter (estimate),1.66 AU,2.2 years,0.68,Radial Velocity
2822,Gas Giant,2002,8.9 Jupiters,1.12 x Jupiter (estimate),2.839 AU,4.8 years,0.37,Radial Velocity
2823,Gas Giant,2008,3.559 Jupiters,1.16 x Jupiter (estimate),0.775 AU,186.8 days,0.0,Radial Velocity
2824,Gas Giant,2009,14.74 Jupiters,1.09 x Jupiter (estimate),1.53 AU,1.4 years,0.08,Radial Velocity
2825,Gas Giant,2007,15.464 Jupiters,1.09 x Jupiter (estimate),1.178 AU,323.2 days,0.24,Radial Velocity
2826,Gas Giant,2010,0.15 Jupiters,0.702 x Jupiter (estimate),0.5137 AU,110.9 days,0.3,Radial Velocity
2827,Gas Giant,1999,1.69 Jupiters,1.2 x Jupiter (estimate),1.14 AU,410.1 days,0.1,Radial Velocity
2828,Gas Giant,2007,0.598 Jupiters,1.26 x Jupiter (estimate),0.975 AU,298.4 days,0.11,Radial Velocity
2829,Gas Giant,2009,14.8 Jupiters,1.09 x Jupiter (estimate),2.4 AU,3.2 years,0.51,Radial Velocity
2830,Gas Giant,2008,1.841 Jupiters,1.2 x Jupiter (estimate),1.158 AU,322 days,0.21,Radial Velocity
2831,Gas Giant,2009,8.8 Jupiters,1.12 x Jupiter (estimate),2.518 AU,4.2 years,0.36,Radial Velocity
2832,Gas Giant,2007,2.62 Jupiters,1.18 x Jupiter (estimate),1.32 AU,1.5 years,0.59,Radial Velocity
2833,Gas Giant,2007,0.66 Jupiters,1.25 x Jupiter (estimate),2.24 AU,3.1 years,0.11,Radial Velocity
2834,Gas Giant,2003,7.669 Jupiters,1.13 x Jupiter (estimate),3.075 AU,5 years,0.25,Radial Velocity
2835,Gas Giant,2000,2.531 Jupiters,1.18 x Jupiter (estimate),0.765 AU,225.7 days,0.29,Radial Velocity
2836,Gas Giant,2002,0.27 Jupiters,0.993 x Jupiter (estimate),0.07 AU,6.4 days,0.11,Radial Velocity
2837,Gas Giant,2000,17.306 Jupiters,1.09 x Jupiter (estimate),2.842 AU,4.8 years,0.21,Radial Velocity
2838,Gas Giant,1998,7.628 Jupiters,1.13 x Jupiter (estimate),0.292 AU,58.1 days,0.53,Radial Velocity
2839,Gas Giant,2007,1.397 Jupiters,1.21 x Jupiter (estimate),1.22 AU,417.7 days,0.01,Radial Velocity
2840,Gas Giant,2012,3.8 Jupiters,1.16 x Jupiter (estimate),5.42 AU,14.1 years,0.73,Radial Velocity
2841,Gas Giant,2005,0.36497499 Jupiters,1.19 x Jupiter (estimate),2.16 AU,3.3 years,0.08,Radial Velocity
2842,Gas Giant,2009,13.2 Jupiters,1.1 x Jupiter (estimate),1.362 AU,1.8 years,0.48,Radial Velocity
2843,Gas Giant,2012,0.443 Jupiters,1.28 x Jupiter (estimate),0.87 AU,280.2 days,0.24,Radial Velocity
2844,Gas Giant,2012,2.201 Jupiters,1.19 x Jupiter (estimate),2.39 AU,3.5 years,0.08,Radial Velocity
2845,Gas Giant,2012,0.7836 Jupiters,1.24 x Jupiter (estimate),0.362 AU,75.2 days,0.74,Radial Velocity
2846,Gas Giant,2002,9.84 Jupiters,1.11 x Jupiter (estimate),0.08 AU,8.4 days,0.28,Radial Velocity
2847,Gas Giant,2006,7 Jupiters,Unknown,0.96 AU,307.9 days,0.07,Radial Velocity
2848,Neptune-like,2004,10.49 Earths,0.288 x Jupiter (estimate),0.0952 AU,9.6 days,0.0,Radial Velocity
2849,Gas Giant,2004,4.4 Jupiters,Unknown,4.17 AU,10.8 years,0.04,Radial Velocity
2850,Gas Giant,2000,4.3 Jupiters,Unknown,1.5 AU,1.8 years,0.05,Radial Velocity
2851,Gas Giant,2012,0.768 Jupiters,1.25 x Jupiter (estimate),1.032 AU,351 days,0.18,Radial Velocity
2852,Gas Giant,2006,2.218 Jupiters,1.19 x Jupiter (estimate),2.32 AU,3.2 years,0.02,Radial Velocity
2853,Gas Giant,2013,1.9 Jupiters,1.2 x Jupiter (estimate),0.8 AU,248.4 days,0.07,Radial Velocity
2854,Gas Giant,2013,1.13 Jupiters,1.22 x Jupiter (estimate),0.11 AU,12.6 days,0.02,Radial Velocity
2855,Gas Giant,2011,1.53 Jupiters,1.21 x Jupiter (estimate),1.5 AU,1.4 years,0.29,Radial Velocity
2856,Gas Giant,2007,10.67 Jupiters,1.11 x Jupiter (estimate),1.12 AU,359.5 days,0.85,Radial Velocity
2857,Super Earth,2010,4.15 Earths,1.87 x Earth (estimate),0.05 AU,4.6 days,0.0,Radial Velocity
2858,Gas Giant,2009,0.74 Jupiters,1.25 x Jupiter (estimate),1.88 AU,2.3 years,0.22,Radial Velocity
2859,Gas Giant,2011,9.432 Jupiters,1.12 x Jupiter (estimate),0.502 AU,133.4 days,0.65,Radial Velocity
2860,Gas Giant,2007,0.82 Jupiters,1.24 x Jupiter (estimate),1.02 AU,391.9 days,0.16,Radial Velocity
2861,Gas Giant,2007,0.99 Jupiters,1.23 x Jupiter (estimate),0.63 AU,194.3 days,0.17,Radial Velocity
2862,Gas Giant,2014,2.58 Jupiters,1.18 x Jupiter (estimate),5.36 AU,9.5 years,0.06,Radial Velocity
2863,Gas Giant,2004,2.45 Jupiters,1.18 x Jupiter (estimate),1.29 AU,408.6 days,0.46,Radial Velocity
2864,Gas Giant,2008,5.37 Jupiters,1.14 x Jupiter (estimate),0.6 AU,163.9 days,0.61,Radial Velocity
2865,Gas Giant,2006,1.186 Jupiters,1.22 x Jupiter (estimate),4.158 AU,9 years,0.06,Radial Velocity
2866,Gas Giant,2008,2.95 Jupiters,1.17 x Jupiter (estimate),1.28 AU,499.4 days,0.34,Radial Velocity
2867,Gas Giant,2011,1.869 Jupiters,1.2 x Jupiter (estimate),1.66 AU,1.9 years,0.04,Radial Velocity
2868,Gas Giant,2009,2.661 Jupiters,1.18 x Jupiter (estimate),4.187 AU,8 years,0.53,Radial Velocity
2869,Gas Giant,2012,2.43 Jupiters,1.18 x Jupiter (estimate),6.7 AU,16.1 years,0.38,Radial Velocity
2870,Gas Giant,2005,1.33 Jupiters,1.22 x Jupiter (estimate),0.053 AU,4.1 days,0.02,Radial Velocity
2871,Gas Giant,2005,0.38 Jupiters,0.74 x Jupiter,0.04364 AU,2.9 days,0.0,Radial Velocity
2872,Gas Giant,2009,0.85 Jupiters,1.24 x Jupiter (estimate),2.45 AU,2.8 years,0.52,Radial Velocity
2873,Gas Giant,2003,1.21 Jupiters,1.22 x Jupiter (estimate),1.32 AU,1.4 years,0.26,Radial Velocity
2874,Gas Giant,2009,6.56 Jupiters,1.13 x Jupiter (estimate),1.922 AU,2.8 years,0.13,Radial Velocity
2875,Gas Giant,2012,1.7 Jupiters,1.35 x Jupiter,0.05497 AU,4.1 days,0.0,Transit
2876,Gas Giant,2010,10 Jupiters,1.17 x Jupiter,16.4 AU,57 years,0.15,Imaging
2877,Gas Giant,2009,2.12 Jupiters,1.19 x Jupiter (estimate),0.2388 AU,44.2 days,0.47,Radial Velocity
2878,Gas Giant,2015,2.072 Jupiters,1.19 x Jupiter (estimate),4.89 AU,7.5 years,0.08,Radial Velocity
2879,Gas Giant,2010,2.794 Jupiters,1.18 x Jupiter (estimate),0.762 AU,176.1 days,0.11,Radial Velocity
2880,Gas Giant,2008,6.02 Jupiters,1.14 x Jupiter (estimate),0.45 AU,104 days,0.31,Radial Velocity
2881,Gas Giant,2008,4.35 Jupiters,1.15 x Jupiter (estimate),1.988 AU,2.8 years,0.2,Radial Velocity
2882,Gas Giant,2003,1.67 Jupiters,1.2 x Jupiter (estimate),1.06 AU,386.3 days,0.5,Radial Velocity
2883,Gas Giant,2011,3.07 Jupiters,1.17 x Jupiter (estimate),2.78 AU,3.6 years,0.0,Radial Velocity
2884,Gas Giant,2005,4.51 Jupiters,1.15 x Jupiter (estimate),2.93 AU,5.3 years,0.53,Radial Velocity
2885,Gas Giant,2002,11.3 Jupiters,1.11 x Jupiter (estimate),1.54 AU,1.8 years,0.46,Radial Velocity
2886,Gas Giant,2008,19.871 Jupiters,1.08 x Jupiter (estimate),2.949 AU,3.1 years,0.1,Radial Velocity
2887,Gas Giant,2011,0.2 Jupiters,0.832 x Jupiter (estimate),0.89 AU,330 days,0.36,Radial Velocity
2888,Gas Giant,2009,2.14 Jupiters,1.19 x Jupiter (estimate),1.29 AU,464.3 days,0.25,Radial Velocity
2889,Gas Giant,2009,0.82 Jupiters,1.24 x Jupiter (estimate),5.8 AU,13.7 years,0.12,Radial Velocity
2890,Gas Giant,1999,1.61 Jupiters,1.21 x Jupiter (estimate),0.81 AU,258.2 days,0.23,Radial Velocity
2891,Gas Giant,2011,1.49 Jupiters,1.21 x Jupiter (estimate),2.62 AU,4.2 years,0.22,Radial Velocity
2892,Gas Giant,2002,11.82 Jupiters,1.1 x Jupiter (estimate),1.453 AU,1.4 years,0.7,Radial Velocity
2893,Gas Giant,2008,10 Jupiters,1.2 x Jupiter,24 AU,101.4 years,< 0.6,Imaging
2894,Gas Giant,2008,10 Jupiters,1.2 x Jupiter,38 AU,189 years,< 0.5,Imaging
2895,Gas Giant,2008,7 Jupiters,1.2 x Jupiter,68 AU,465.8 years,,Imaging
2896,Gas Giant,1999,6.2 Jupiters,1.14 x Jupiter (estimate),0.92 AU,302.8 days,0.14,Radial Velocity
2897,Gas Giant,2014,19.187 Jupiters,1.08 x Jupiter (estimate),2.491 AU,2.9 years,0.63,Radial Velocity
2898,Gas Giant,2013,1.09 Jupiters,1.23 x Jupiter (estimate),0.06 AU,5.1 days,0.02,Radial Velocity
2899,Gas Giant,2009,2.1 Jupiters,1.19 x Jupiter (estimate),0.36 AU,111.7 days,0.29,Radial Velocity
2900,Gas Giant,2010,23 Jupiters,1.07 x Jupiter (estimate),740 AU,12738.7 years,,Imaging
2901,Super Earth,2014,9.7 Earths,2.469 x Earth,0.0792 AU,9.1 days,0.21,Transit
2902,Gas Giant,2014,8.2 Jupiters,1.12 x Jupiter (estimate),0.81 AU,184.2 days,0.02,Radial Velocity
2903,Gas Giant,2009,2.39 Jupiters,1.18 x Jupiter (estimate),1.19 AU,380.7 days,0.08,Radial Velocity
2904,Gas Giant,2007,1.515 Jupiters,1.21 x Jupiter (estimate),1.079 AU,355.5 days,0.07,Radial Velocity
2905,Gas Giant,1998,1.29 Jupiters,1.22 x Jupiter (estimate),1.13 AU,442.2 days,0.48,Radial Velocity
2906,Gas Giant,1999,0.73 Jupiters,1.39 x Jupiter,0.04707 AU,3.5 days,0.0,Radial Velocity
2907,Gas Giant,2012,9.9 Jupiters,1.11 x Jupiter (estimate),2.1 AU,2.4 years,0.08,Radial Velocity
2908,Gas Giant,2004,0.46 Jupiters,1.27 x Jupiter (estimate),0.53 AU,129.4 days,0.37,Radial Velocity
2909,Gas Giant,2012,0.73 Jupiters,1.25 x Jupiter (estimate),2.112 AU,3.2 years,0.27,Radial Velocity
2910,Gas Giant,2012,0.56 Jupiters,1.26 x Jupiter (estimate),0.586 AU,160.1 days,0.2,Radial Velocity
2911,Gas Giant,2009,2.036 Jupiters,1.19 x Jupiter (estimate),1.74 AU,1.8 years,0.1,Radial Velocity
2912,Gas Giant,2008,1.37 Jupiters,1.21 x Jupiter (estimate),0.896 AU,279.8 days,0.27,Radial Velocity
2913,Gas Giant,2011,0.23 Jupiters,0.903 x Jupiter (estimate),2.55 AU,4.7 years,0.37,Radial Velocity
2914,Gas Giant,2010,4.615 Jupiters,1.15 x Jupiter (estimate),3.185 AU,5.6 years,0.1,Radial Velocity
2915,Gas Giant,2006,11 Jupiters,1.29 x Jupiter,487.1 AU,11094.6 years,,Imaging
2916,Gas Giant,2004,3.09 Jupiters,1.17 x Jupiter (estimate),2.39 AU,3.6 years,0.17,Radial Velocity
2917,Gas Giant,2010,1.214 Jupiters,1.22 x Jupiter (estimate),1.96 AU,2.3 years,0.24,Radial Velocity
2918,Gas Giant,2010,1.599 Jupiters,1.21 x Jupiter (estimate),1.565 AU,1.7 years,0.09,Radial Velocity
2919,Gas Giant,2012,0.79 Jupiters,1.24 x Jupiter (estimate),2.07 AU,2.8 years,0.22,Radial Velocity
2920,Gas Giant,2010,6 Jupiters,1.25 x Jupiter,1100 AU,48936.9 years,,Imaging
2921,Gas Giant,2011,4.5 Jupiters,1.15 x Jupiter (estimate),3.99 AU,10 years,0.65,Radial Velocity
2922,Gas Giant,2015,6.937 Jupiters,1.13 x Jupiter (estimate),4.55 AU,8.6 years,0.3,Radial Velocity
2923,Gas Giant,2015,1.15 Jupiters,1.22 x Jupiter (estimate),0.42 AU,89.2 days,0.13,Radial Velocity
2924,Gas Giant,2013,9.18 Jupiters,1.12 x Jupiter (estimate),0.565 AU,124.6 days,0.23,Radial Velocity
2925,Gas Giant,2011,0.5267 Jupiters,1.27 x Jupiter (estimate),1.01 AU,431.7 days,0.27,Radial Velocity
2926,Gas Giant,2011,0.40902369 Jupiters,1.27 x Jupiter (estimate),0.178 AU,32 days,0.05,Radial Velocity
2927,Gas Giant,2011,10.57 Jupiters,Unknown,0.07 AU,8.1 days,0.19,Radial Velocity
2928,Gas Giant,2011,15.04 Jupiters,1.09 x Jupiter (estimate),7.7 AU,24.7 years,0.14,Radial Velocity
2929,Gas Giant,2009,1.42 Jupiters,1.21 x Jupiter (estimate),0.89 AU,345.7 days,0.52,Radial Velocity
2930,Gas Giant,2009,0.59 Jupiters,1.26 x Jupiter (estimate),1.94 AU,2.7 years,0.18,Radial Velocity
2931,Gas Giant,2006,1.31 Jupiters,1.22 x Jupiter (estimate),0.549 AU,147.7 days,0.16,Radial Velocity
2932,Gas Giant,2005,3.9 Jupiters,1.16 x Jupiter (estimate),0.0696 AU,6.7 days,0.14,Radial Velocity
2933,Gas Giant,2010,0.36 Jupiters,1.18 x Jupiter (estimate),0.25 AU,57.4 days,0.17,Radial Velocity
2934,Gas Giant,2004,0.48 Jupiters,1.27 x Jupiter (estimate),0.04 AU,3.4 days,0.0,Radial Velocity
2935,Gas Giant,2009,2.43 Jupiters,1.18 x Jupiter (estimate),3.43 AU,6.7 years,0.08,Radial Velocity
2936,Neptune-like,2008,8.4 Earths,0.253 x Jupiter (estimate),0.066 AU,8.8 days,0.0,Radial Velocity
2937,Gas Giant,2013,0.98 Jupiters,1.23 x Jupiter (estimate),0.06 AU,6.1 days,0.09,Radial Velocity
2938,Gas Giant,2011,15.89 Jupiters,1.09 x Jupiter (estimate),1.92 AU,2 years,0.4,Radial Velocity
2939,Gas Giant,2009,5.21 Jupiters,1.14 x Jupiter (estimate),1.16 AU,1.4 years,0.15,Radial Velocity
2940,Gas Giant,2013,6.575 Jupiters,1.13 x Jupiter (estimate),0.747 AU,192 days,0.05,Radial Velocity
2941,Gas Giant,2007,1.13 Jupiters,1.22 x Jupiter (estimate),0.567 AU,141.6 days,0.13,Radial Velocity
2942,Gas Giant,2006,0.7 Jupiters,1.25 x Jupiter (estimate),0.191 AU,26.7 days,0.1,Radial Velocity
2943,Gas Giant,1999,8.37 Jupiters,1.12 x Jupiter (estimate),1.34 AU,1.6 years,0.73,Radial Velocity
2944,Gas Giant,2011,1.83 Jupiters,1.2 x Jupiter (estimate),5.14 AU,11 years,0.16,Radial Velocity
2945,Gas Giant,2007,3.09 Jupiters,1.17 x Jupiter (estimate),1.25 AU,456.1 days,0.08,Radial Velocity
2946,Gas Giant,2011,1.45 Jupiters,1.21 x Jupiter (estimate),4.94 AU,10.2 years,0.51,Radial Velocity
2947,Gas Giant,2012,1.2 Jupiters,1.22 x Jupiter (estimate),3.396 AU,6.2 years,0.05,Radial Velocity
2948,Gas Giant,2012,16.64 Jupiters,1.09 x Jupiter (estimate),1.6 AU,1.8 years,0.14,Radial Velocity
2949,Neptune-like,2007,19.06970442 Earths,0.409 x Jupiter (estimate),0.049 AU,3.8 days,0.09,Radial Velocity
2950,Gas Giant,2012,1 Jupiter,1.23 x Jupiter (estimate),3.2 AU,5.7 years,0.4,Radial Velocity
2951,Gas Giant,2012,9.62 Jupiters,1.11 x Jupiter (estimate),5.935 AU,15 years,0.77,Radial Velocity
2952,Gas Giant,2010,0.2 Jupiters,0.832 x Jupiter (estimate),0.69 AU,225.7 days,0.3,Radial Velocity
2953,Gas Giant,2011,13.852 Jupiters,1.1 x Jupiter (estimate),2.446 AU,3.6 years,0.31,Radial Velocity
2954,Gas Giant,2005,4.37 Jupiters,1.15 x Jupiter (estimate),5.922 AU,14.1 years,0.39,Radial Velocity
2955,Gas Giant,1998,1.446 Jupiters,1.21 x Jupiter (estimate),0.07359 AU,7.1 days,0.13,Radial Velocity
2956,Gas Giant,2003,0.57 Jupiters,1.26 x Jupiter (estimate),0.46 AU,118.5 days,0.37,Radial Velocity
2957,Gas Giant,2015,1.05 Jupiters,1.23 x Jupiter (estimate),0.61 AU,148.6 days,0.38,Radial Velocity
2958,Gas Giant,2002,4.2 Jupiters,1.16 x Jupiter (estimate),2.57 AU,3.7 years,0.31,Radial Velocity
2959,Gas Giant,2002,1.26 Jupiters,1.22 x Jupiter (estimate),2.56 AU,3.6 years,0.07,Radial Velocity
2960,Gas Giant,2009,0.35 Jupiters,1.16 x Jupiter (estimate),1.31 AU,1.6 years,0.47,Radial Velocity
2961,Gas Giant,2009,4.999 Jupiters,Unknown,0.05 AU,3.9 days,0.16,Radial Velocity
2962,Gas Giant,2001,5.21 Jupiters,1.14 x Jupiter (estimate),1.89 AU,2.4 years,0.42,Radial Velocity
2963,Gas Giant,2005,0.51 Jupiters,1.27 x Jupiter (estimate),0.03 AU,2.2 days,0.0,Radial Velocity
2964,Gas Giant,2012,11.4 Jupiters,1.11 x Jupiter (estimate),4.71 AU,9.4 years,0.56,Radial Velocity
2965,Gas Giant,2002,4.7 Jupiters,1.15 x Jupiter (estimate),2.65 AU,3.8 years,0.2,Radial Velocity
2966,Gas Giant,1998,3.98 Jupiters,1.16 x Jupiter (estimate),0.14 AU,18.2 days,0.01,Radial Velocity
2967,Gas Giant,2007,2.096 Jupiters,1.19 x Jupiter (estimate),1.063 AU,340.9 days,0.08,Radial Velocity
2968,Neptune-like,2011,24 Earths,0.469 x Jupiter (estimate),1.18 AU,1.4 years,0.32,Radial Velocity
2969,Neptune-like,2011,16.9 Earths,0.381 x Jupiter (estimate),0.32 AU,74.7 days,0.13,Radial Velocity
2970,Gas Giant,1999,0.56 Jupiters,1.26 x Jupiter (estimate),0.15 AU,24.4 days,0.05,Radial Velocity
2971,Gas Giant,2009,3.58 Jupiters,1.16 x Jupiter (estimate),5.5 AU,13.4 years,0.57,Radial Velocity
2972,Gas Giant,2007,1.985 Jupiters,1.19 x Jupiter (estimate),2.231 AU,3.2 years,0.22,Radial Velocity
2973,Neptune-like,2005,26.2 Earths,0.494 x Jupiter (estimate),0.1298 AU,17.1 days,0.16,Radial Velocity
2974,Gas Giant,2003,1.68959095 Jupiters,1.2 x Jupiter (estimate),3.965 AU,7.9 years,0.33,Radial Velocity
2975,Gas Giant,2005,1.13 Jupiters,1.13 x Jupiter,0.03126 AU,2.2 days,0.0,Radial Velocity
2976,Gas Giant,2004,1.5 Jupiters,1.21 x Jupiter (estimate),1.203 AU,461.2 days,0.14,Radial Velocity
2977,Gas Giant,2008,2.87 Jupiters,1.18 x Jupiter (estimate),4.89 AU,10.4 years,0.25,Radial Velocity
2978,Gas Giant,1998,0.523 Jupiters,1.27 x Jupiter (estimate),0.0426 AU,3.1 days,0.01,Radial Velocity
2979,Gas Giant,2006,0.836 Jupiters,1.24 x Jupiter (estimate),2.1 AU,2.8 years,0.25,Radial Velocity
2980,Gas Giant,2006,1.01 Jupiters,1.23 x Jupiter (estimate),0.077 AU,6.8 days,0.23,Radial Velocity
2981,Gas Giant,2008,9.31 Jupiters,1.12 x Jupiter (estimate),5.585 AU,12.8 years,0.05,Radial Velocity
2982,Gas Giant,2004,3.471 Jupiters,1.17 x Jupiter (estimate),1.46 AU,1.7 years,0.38,Radial Velocity
2983,Gas Giant,2009,0.4 Jupiters,1.25 x Jupiter (estimate),1.85 AU,2.6 years,0.26,Radial Velocity
2984,Gas Giant,2008,2.7 Jupiters,1.18 x Jupiter (estimate),6.74 AU,18.9 years,0.44,Radial Velocity
2985,Gas Giant,2008,6.944 Jupiters,Unknown,1.885 AU,2.8 years,0.24,Radial Velocity
2986,Gas Giant,2008,5.376 Jupiters,Unknown,0.0828 AU,9.4 days,0.4,Radial Velocity
2987,Gas Giant,2009,2.54 Jupiters,1.18 x Jupiter (estimate),1.592 AU,1.5 years,0.02,Radial Velocity
2988,Gas Giant,2009,1.685 Jupiters,1.2 x Jupiter (estimate),1.4 AU,1.4 years,0.11,Radial Velocity
2989,Gas Giant,2010,0.3042507 Jupiters,1.07 x Jupiter (estimate),0.166 AU,41.4 days,0.38,Radial Velocity
2990,Gas Giant,2009,1.82 Jupiters,1.2 x Jupiter (estimate),0.654 AU,192.9 days,0.06,Radial Velocity
2991,Gas Giant,2009,0.7 Jupiters,1.25 x Jupiter (estimate),0.189 AU,30.1 days,0.2,Radial Velocity
2992,Gas Giant,2009,13.248 Jupiters,1.1 x Jupiter (estimate),2.97 AU,4.5 years,0.73,Radial Velocity
2993,Gas Giant,2002,2.03 Jupiters,1.19 x Jupiter (estimate),0.76 AU,227 days,0.3,Radial Velocity
2994,Gas Giant,2010,0.68 Jupiters,1.25 x Jupiter (estimate),2.45 AU,3.6 years,0.15,Radial Velocity
2995,Gas Giant,2015,4.934 Jupiters,Unknown,0.1551 AU,24.5 days,0.21,Radial Velocity
2996,Gas Giant,2015,5.546 Jupiters,Unknown,0.1134 AU,15.3 days,0.1,Radial Velocity
2997,Gas Giant,2008,6.476 Jupiters,Unknown,0.06 AU,5.4 days,0.06,Radial Velocity
2998,Gas Giant,2011,8.174 Jupiters,1.12 x Jupiter (estimate),2.438 AU,3.5 years,0.75,Radial Velocity
2999,Gas Giant,2011,11.45 Jupiters,Unknown,1.36 AU,1.7 years,0.19,Radial Velocity
3000,Gas Giant,2003,0.49 Jupiters,1.27 x Jupiter (estimate),0.14 AU,22 days,0.17,Radial Velocity
3001,Gas Giant,2011,7.63 Jupiters,1.13 x Jupiter (estimate),0.64 AU,177.1 days,0.07,Radial Velocity
3002,Gas Giant,2014,0.33 Jupiters,1.12 x Jupiter (estimate),1.2 AU,492.3 days,0.1,Radial Velocity
3003,Gas Giant,2012,1.168 Jupiters,1.22 x Jupiter (estimate),1.79 AU,2.1 years,0.11,Radial Velocity
3004,Gas Giant,2014,1.053 Jupiters,1.23 x Jupiter (estimate),1.93 AU,2.4 years,0.18,Radial Velocity
3005,Gas Giant,2007,1.556 Jupiters,1.21 x Jupiter (estimate),1.57 AU,1.7 years,0.09,Radial Velocity
3006,Gas Giant,2012,3.365 Jupiters,1.17 x Jupiter (estimate),4.725 AU,8.7 years,0.19,Radial Velocity
3007,Gas Giant,2012,1.986 Jupiters,1.19 x Jupiter (estimate),1.129 AU,371.7 days,0.27,Radial Velocity
3008,Gas Giant,2009,1.927 Jupiters,1.2 x Jupiter (estimate),1.157 AU,356.2 days,0.15,Radial Velocity
3009,Neptune-like,2005,15.8915 Earths,0.368 x Jupiter (estimate),0.12 AU,15.6 days,0.0,Radial Velocity
3010,Gas Giant,2001,0.81 Jupiters,1.24 x Jupiter (estimate),1.662 AU,2.3 years,0.04,Radial Velocity
3011,Gas Giant,2014,2.17 Jupiters,1.19 x Jupiter (estimate),6.95 AU,18.4 years,0.24,Radial Velocity
3012,Gas Giant,2001,2.23 Jupiters,1.19 x Jupiter (estimate),1.17 AU,431.9 days,0.52,Radial Velocity
3013,Gas Giant,2007,1.703 Jupiters,1.2 x Jupiter (estimate),1.28 AU,1.4 years,0.9,Radial Velocity
3014,Gas Giant,2003,0.228 Jupiters,0.899 x Jupiter (estimate),0.295 AU,62.3 days,0.65,Radial Velocity
3015,Gas Giant,2013,0.896 Jupiters,1.24 x Jupiter (estimate),1.117 AU,312.1 days,0.27,Radial Velocity
3016,Gas Giant,2005,0.42 Jupiters,1.28 x Jupiter (estimate),0.04 AU,3.4 days,0.0,Radial Velocity
3017,Gas Giant,2002,6.29 Jupiters,1.14 x Jupiter (estimate),2.2 AU,3.1 years,0.71,Radial Velocity
3018,Gas Giant,2010,22.707 Jupiters,1.07 x Jupiter (estimate),1.448 AU,394.7 days,0.25,Radial Velocity
3019,Gas Giant,2000,0.916 Jupiters,1.24 x Jupiter (estimate),0.0443 AU,3.1 days,0.02,Radial Velocity
3020,Gas Giant,2008,13.2 Jupiters,Unknown,0.1214 AU,14.5 days,0.05,Radial Velocity
3021,Gas Giant,2001,8.03 Jupiters,1.12 x Jupiter (estimate),0.34 AU,71.5 days,0.11,Radial Velocity
3022,Gas Giant,2010,8.79 Jupiters,1.12 x Jupiter (estimate),1.36 AU,1.5 years,0.64,Radial Velocity
3023,Gas Giant,2015,6.43 Jupiters,1.13 x Jupiter (estimate),0.94 AU,270 days,0.63,Radial Velocity
3024,Gas Giant,2015,3.62 Jupiters,1.16 x Jupiter (estimate),3.584 AU,5.9 years,0.1,Radial Velocity
3025,Gas Giant,2015,0.934 Jupiters,1.23 x Jupiter (estimate),1.492 AU,1.6 years,0.1,Radial Velocity
3026,Gas Giant,2011,2.75 Jupiters,1.18 x Jupiter (estimate),1.262 AU,428.5 days,0.03,Radial Velocity
3027,Neptune-like,2010,6.44 Earths,0.216 x Jupiter (estimate),0.0634 AU,5.8 days,< 0.172,Radial Velocity
3028,Gas Giant,2012,10.901 Jupiters,1.11 x Jupiter (estimate),9.811 AU,27.8 years,0.28,Radial Velocity
3029,Gas Giant,2001,7.1 Jupiters,1.13 x Jupiter (estimate),1.039 AU,351.4 days,0.16,Radial Velocity
3030,Gas Giant,2007,5.94 Jupiters,1.14 x Jupiter (estimate),1.98 AU,2.5 years,0.25,Radial Velocity
3031,Gas Giant,2011,1.8 Jupiters,1.2 x Jupiter (estimate),2.01 AU,2.5 years,0.18,Radial Velocity
3032,Gas Giant,1999,1.15 Jupiters,1.22 x Jupiter (estimate),0.0925 AU,10.7 days,0.03,Radial Velocity
3033,Gas Giant,2006,0.94 Jupiters,1.23 x Jupiter (estimate),2.015 AU,2.7 years,0.15,Radial Velocity
3034,Gas Giant,2014,1.487 Jupiters,1.21 x Jupiter (estimate),2.01 AU,2.8 years,0.13,Radial Velocity
3035,Gas Giant,2010,0.203 Jupiters,0.838 x Jupiter (estimate),3.381 AU,6 years,0.1,Radial Velocity
3036,Gas Giant,2010,10.62 Jupiters,Unknown,1.427 AU,1.7 years,0.26,Radial Velocity
3037,Neptune-like,2010,23.9 Earths,0.468 x Jupiter (estimate),0.4929 AU,122.7 days,0.12,Radial Velocity
3038,Neptune-like,2010,25.1 Earths,0.481 x Jupiter (estimate),0.2699 AU,49.7 days,0.05,Radial Velocity
3039,Gas Giant,2010,10.37 Jupiters,Unknown,0.12859 AU,16.4 days,0.13,Radial Velocity
3040,Gas Giant,2010,8.626 Jupiters,Unknown,0.06412 AU,5.8 days,0.07,Radial Velocity
3041,Gas Giant,2011,1.23 Jupiters,1.22 x Jupiter (estimate),1.98 AU,2.3 years,0.25,Radial Velocity
3042,Neptune-like,2004,25.5 Earths,0.486 x Jupiter (estimate),0.12 AU,17.1 days,0.03,Radial Velocity
3043,Gas Giant,2005,0.44 Jupiters,1.28 x Jupiter (estimate),1.11 AU,439.3 days,0.09,Radial Velocity
3044,Gas Giant,2012,9.7 Jupiters,1.11 x Jupiter (estimate),5.97 AU,14.8 years,0.85,Radial Velocity
3045,Gas Giant,2011,1.964 Jupiters,1.2 x Jupiter (estimate),1.26 AU,433.8 days,0.08,Radial Velocity
3046,Super Earth,2010,8.3 Earths,2.12 x Earth,0.0805 AU,9.5 days,0.05,Radial Velocity
3047,Gas Giant,2009,0.717 Jupiters,1.25 x Jupiter (estimate),1.332 AU,498 days,0.69,Radial Velocity
3048,Gas Giant,2011,3.8 Jupiters,1.16 x Jupiter (estimate),1.41 AU,1.8 years,0.3,Radial Velocity
3049,Gas Giant,2011,1.27 Jupiters,1.22 x Jupiter (estimate),1.11 AU,362.5 days,0.17,Radial Velocity
3050,Gas Giant,2015,10.63 Jupiters,1.11 x Jupiter (estimate),1.28 AU,482 days,0.11,Radial Velocity
3051,Gas Giant,2009,1.26 Jupiters,1.22 x Jupiter (estimate),1.36 AU,464.4 days,0.12,Radial Velocity
3052,Gas Giant,2013,5 Jupiters,1.15 x Jupiter (estimate),55.7 AU,328.8 years,,Imaging
3053,Gas Giant,2009,2.51 Jupiters,1.18 x Jupiter (estimate),2.9 AU,5 years,0.7,Radial Velocity
3054,Gas Giant,2005,3.789 Jupiters,1.16 x Jupiter (estimate),1.74 AU,2.5 years,0.16,Radial Velocity
3055,Gas Giant,2002,1.769 Jupiters,1.2 x Jupiter (estimate),1.084 AU,453 days,0.3,Radial Velocity
3056,Gas Giant,2009,0.339 Jupiters,1.14 x Jupiter (estimate),2.249 AU,3.4 years,0.55,Radial Velocity
3057,Gas Giant,2009,7.178 Jupiters,1.13 x Jupiter (estimate),3.982 AU,7.7 years,0.12,Radial Velocity
3058,Neptune-like,2009,15.57359194 Earths,0.363 x Jupiter (estimate),0.051 AU,4.2 days,0.15,Radial Velocity
3059,Gas Giant,2007,2.974 Jupiters,1.17 x Jupiter (estimate),1.349 AU,1.5 years,0.45,Radial Velocity
3060,Gas Giant,2011,11.11 Jupiters,Unknown,0.08 AU,9.7 days,0.0,Radial Velocity
3061,Gas Giant,2003,1.51 Jupiters,1.21 x Jupiter (estimate),0.33 AU,63.3 days,0.03,Radial Velocity
3062,Gas Giant,2013,6.4 Jupiters,1.13 x Jupiter (estimate),4.21 AU,5.9 years,0.48,Radial Velocity
3063,Gas Giant,2005,2.14 Jupiters,1.14 x Jupiter,0.0713 AU,6.1 days,0.31,Radial Velocity
3064,Gas Giant,2004,0.174 Jupiters,0.766 x Jupiter (estimate),0.18 AU,25.8 days,0.15,Radial Velocity
3065,Gas Giant,2004,2.106 Jupiters,1.19 x Jupiter (estimate),3.787 AU,7.2 years,0.16,Radial Velocity
3066,Gas Giant,2011,1.4 Jupiters,1.21 x Jupiter (estimate),1.65 AU,1.8 years,0.0,Radial Velocity
3067,Gas Giant,2001,1.1 Jupiters,1.23 x Jupiter (estimate),1.16 AU,493.7 days,0.14,Radial Velocity
3068,Gas Giant,2002,0.825 Jupiters,1.24 x Jupiter (estimate),2.067 AU,3.1 years,0.08,Radial Velocity
3069,Gas Giant,2003,1.46 Jupiters,1.21 x Jupiter (estimate),1.73 AU,2.6 years,0.23,Radial Velocity
3070,Gas Giant,2010,0.93 Jupiters,1.24 x Jupiter (estimate),2.44 AU,5 years,0.2,Radial Velocity
3071,Gas Giant,2010,0.36 Jupiters,1.18 x Jupiter (estimate),1.24 AU,1.8 years,0.14,Radial Velocity
3072,Gas Giant,2013,3.259 Jupiters,1.17 x Jupiter (estimate),1.022 AU,317.6 days,0.28,Radial Velocity
3073,Gas Giant,2003,7.965 Jupiters,1.12 x Jupiter (estimate),2.148 AU,3.2 years,0.21,Radial Velocity
3074,Gas Giant,2009,11.09 Jupiters,1.11 x Jupiter (estimate),2.14 AU,2.3 years,0.46,Radial Velocity
3075,Gas Giant,2005,0.27 Jupiters,0.993 x Jupiter (estimate),0.0615 AU,5.2 days,0.0,Radial Velocity
3076,Neptune-like,2013,24.154 Earths,0.47 x Jupiter (estimate),0.196 AU,30.9 days,0.15,Radial Velocity
3077,Neptune-like,2013,17.162 Earths,0.385 x Jupiter (estimate),0.079 AU,7.9 days,0.25,Radial Velocity
3078,Gas Giant,2010,0.86 Jupiters,1.24 x Jupiter (estimate),0.33 AU,68.3 days,0.12,Radial Velocity
3079,Gas Giant,2005,0.99 Jupiters,1.23 x Jupiter (estimate),2.659 AU,4.4 years,0.24,Radial Velocity
3080,Gas Giant,2002,1.42 Jupiters,1.21 x Jupiter (estimate),1.04 AU,394.5 days,0.13,Radial Velocity
3081,Gas Giant,2011,2.414 Jupiters,1.18 x Jupiter (estimate),1.32 AU,437.7 days,0.03,Radial Velocity
3082,Gas Giant,2014,2.25 Jupiters,1.19 x Jupiter (estimate),2 AU,3.1 years,0.85,Radial Velocity
3083,Gas Giant,2002,0.261 Jupiters,0.973 x Jupiter (estimate),0.102 AU,10.9 days,0.53,Radial Velocity
3084,Gas Giant,2005,0.21 Jupiters,0.856 x Jupiter (estimate),0.269 AU,48.1 days,0.05,Radial Velocity
3085,Gas Giant,2013,11 Jupiters,1.11 x Jupiter (estimate),650 AU,13538.6 years,,Imaging
3086,Gas Giant,2012,18.9 Jupiters,1.08 x Jupiter (estimate),4.48 AU,9.9 years,0.57,Radial Velocity
3087,Gas Giant,2011,11.4 Jupiters,1.11 x Jupiter (estimate),3.34 AU,5.2 years,0.18,Radial Velocity
3088,Gas Giant,2002,10 Jupiters,1.11 x Jupiter (estimate),2.655 AU,4.2 years,0.48,Radial Velocity
3089,Gas Giant,2003,5.559 Jupiters,1.14 x Jupiter (estimate),0.715 AU,199.7 days,0.05,Radial Velocity
3090,Gas Giant,2011,0.19538845 Jupiters,0.82 x Jupiter (estimate),0.2674 AU,55.9 days,0.12,Radial Velocity
3091,Gas Giant,2013,0.367 Jupiters,1.19 x Jupiter (estimate),0.07 AU,5.9 days,0.09,Radial Velocity
3092,Gas Giant,2014,0.62 Jupiters,1.26 x Jupiter (estimate),0.0498 AU,4.6 days,0.09,Radial Velocity
3093,Neptune-like,2011,28.6047 Earths,0.52 x Jupiter (estimate),0.25 AU,47.8 days,0.0,Radial Velocity
3094,Gas Giant,2010,0.96 Jupiters,1.23 x Jupiter (estimate),0.0807 AU,6.5 days,0.04,Radial Velocity
3095,Gas Giant,2011,8.16 Jupiters,1.12 x Jupiter (estimate),1.81 AU,2.1 years,0.21,Radial Velocity
3096,Gas Giant,2008,4.94 Jupiters,1.15 x Jupiter (estimate),0.51 AU,127.6 days,0.05,Radial Velocity
3097,Gas Giant,2006,0.41 Jupiters,1.27 x Jupiter (estimate),0.05 AU,4.1 days,0.0,Radial Velocity
3098,Gas Giant,2005,0.17 Jupiters,0.756 x Jupiter (estimate),0.15 AU,20.8 days,0.12,Radial Velocity
3099,Gas Giant,2005,0.25 Jupiters,0.949 x Jupiter (estimate),0.3 AU,70.5 days,0.11,Radial Velocity
3100,Gas Giant,2007,1.23 Jupiters,1.22 x Jupiter (estimate),1.06 AU,383 days,0.38,Radial Velocity
3101,Gas Giant,2011,1.61 Jupiters,1.21 x Jupiter (estimate),0.68 AU,157.6 days,0.09,Radial Velocity
3102,Gas Giant,2014,8.5 Jupiters,6.9 x Jupiter,53 AU,249.2 years,,Imaging
3103,Gas Giant,2005,0.451 Jupiters,1.28 x Jupiter (estimate),0.508 AU,144.7 days,0.12,Radial Velocity
3104,Gas Giant,2000,3.76 Jupiters,1.16 x Jupiter (estimate),0.97 AU,325.8 days,0.35,Radial Velocity
3105,Neptune-like,2011,17.98 Earths,0.395 x Jupiter (estimate),0.25 AU,49.8 days,0.31,Radial Velocity
3106,Gas Giant,1999,8.35 Jupiters,1.12 x Jupiter (estimate),0.917 AU,256.8 days,0.68,Radial Velocity
3107,Gas Giant,2009,2.02 Jupiters,1.19 x Jupiter (estimate),3.27 AU,5.9 years,0.2,Radial Velocity
3108,Gas Giant,2004,1.02 Jupiters,1.23 x Jupiter (estimate),0.0479 AU,3.4 days,0.03,Radial Velocity
3109,Gas Giant,2009,6.31 Jupiters,1.14 x Jupiter (estimate),3.77 AU,8.2 years,0.72,Radial Velocity
3110,Gas Giant,2009,9.808 Jupiters,1.11 x Jupiter (estimate),2.763 AU,4.1 years,0.82,Radial Velocity
3111,Gas Giant,2009,0.45 Jupiters,1.28 x Jupiter (estimate),2.73 AU,4.5 years,0.06,Radial Velocity
3112,Gas Giant,2006,1.48 Jupiters,1.21 x Jupiter (estimate),0.0346 AU,2.1 days,0.01,Radial Velocity
3113,Neptune-like,2011,31.46517 Earths,0.55 x Jupiter (estimate),1.373 AU,2.2 years,0.5,Radial Velocity
3114,Gas Giant,2002,0.402 Jupiters,1.25 x Jupiter (estimate),0.0406 AU,3 days,0.01,Radial Velocity
3115,Gas Giant,2003,1.959 Jupiters,1.2 x Jupiter (estimate),0.74345 AU,220.1 days,0.37,Radial Velocity
3116,Gas Giant,2003,1.681 Jupiters,1.2 x Jupiter (estimate),1.18306 AU,441.5 days,0.16,Radial Velocity
3117,Gas Giant,2011,2.33 Jupiters,1.19 x Jupiter (estimate),1.58 AU,1.9 years,0.07,Radial Velocity
3118,Gas Giant,2007,1.654 Jupiters,1.2 x Jupiter (estimate),0.648 AU,183.9 days,0.04,Radial Velocity
3119,Gas Giant,2005,7.24 Jupiters,1.13 x Jupiter (estimate),1.946 AU,2.7 years,0.53,Radial Velocity
3120,Gas Giant,2001,4.1641 Jupiters,1.032 x Jupiter,0.4603 AU,111.4 days,0.93,Radial Velocity
3121,Gas Giant,2011,1.34 Jupiters,1.22 x Jupiter (estimate),2.98 AU,5 years,0.57,Radial Velocity
3122,Neptune-like,2012,15.9 Earths,0.368 x Jupiter (estimate),0.06 AU,5.7 days,0.09,Radial Velocity
3123,Gas Giant,2002,0.21 Jupiters,0.856 x Jupiter (estimate),0.05 AU,4 days,0.09,Radial Velocity
3124,Gas Giant,2007,2.55 Jupiters,1.18 x Jupiter (estimate),1.2025 AU,422.8 days,0.1,Radial Velocity
3125,Gas Giant,2014,1 Jupiter,1.23 x Jupiter (estimate),1.032 AU,341.2 days,0.1,Radial Velocity
3126,Gas Giant,1999,0.49 Jupiters,1.27 x Jupiter (estimate),0.05 AU,3.5 days,0.03,Radial Velocity
3127,Gas Giant,2003,8.665 Jupiters,1.12 x Jupiter (estimate),3.678 AU,6.7 years,0.38,Radial Velocity
3128,Gas Giant,2003,1.675 Jupiters,1.2 x Jupiter (estimate),0.28 AU,51.6 days,0.64,Radial Velocity
3129,Gas Giant,2008,1.112 Jupiters,1.23 x Jupiter (estimate),2.99 AU,4.8 years,0.13,Radial Velocity
3130,Gas Giant,2005,2.25 Jupiters,1.19 x Jupiter (estimate),1.03 AU,379.1 days,0.28,Radial Velocity
3131,Gas Giant,2002,3.08 Jupiters,1.17 x Jupiter (estimate),0.65 AU,188.3 days,0.19,Radial Velocity
3132,Gas Giant,2008,4.158 Jupiters,1.16 x Jupiter (estimate),2.229 AU,3.4 years,0.26,Radial Velocity
3133,Gas Giant,2002,2.988 Jupiters,1.17 x Jupiter (estimate),4.607 AU,9.7 years,0.24,Radial Velocity
3134,Gas Giant,2003,3.9 Jupiters,1.16 x Jupiter (estimate),3.318 AU,5.8 years,0.17,Radial Velocity
3135,Gas Giant,2007,6.1 Jupiters,1.14 x Jupiter (estimate),1.76 AU,2.3 years,0.4,Radial Velocity
3136,Neptune-like,2006,18.1 Earths,0.397 x Jupiter (estimate),0.63 AU,197 days,0.07,Radial Velocity
3137,Neptune-like,2006,11.8 Earths,0.309 x Jupiter (estimate),0.186 AU,31.6 days,0.13,Radial Velocity
3138,Neptune-like,2006,10.2 Earths,0.283 x Jupiter (estimate),0.0785 AU,8.7 days,0.1,Radial Velocity
3139,Gas Giant,2001,1.97 Jupiters,1.2 x Jupiter (estimate),0.07 AU,6.3 days,0.12,Radial Velocity
3140,Gas Giant,2015,4.85 Jupiters,1.15 x Jupiter (estimate),3.86 AU,6.5 years,0.76,Radial Velocity
3141,Gas Giant,2015,3.06 Jupiters,1.17 x Jupiter (estimate),1.08 AU,352.2 days,0.17,Radial Velocity
3142,Gas Giant,2005,10.946 Jupiters,1.11 x Jupiter (estimate),3.395 AU,6.2 years,0.47,Radial Velocity
3143,Gas Giant,2012,6 Jupiters,1.14 x Jupiter (estimate),1.2 AU,480.5 days,0.07,Radial Velocity
3144,Gas Giant,2013,2.03 Jupiters,1.19 x Jupiter (estimate),5.75 AU,14.7 years,0.17,Radial Velocity
3145,Gas Giant,2003,1.295 Jupiters,1.22 x Jupiter (estimate),1.301 AU,1.6 years,0.27,Radial Velocity
3146,Gas Giant,2011,0.53 Jupiters,1.27 x Jupiter (estimate),0.94 AU,358 days,0.24,Radial Velocity
3147,Gas Giant,2005,0.25 Jupiters,1.098 x Jupiter,0.04 AU,2.8 days,0.0,Radial Velocity
3148,Gas Giant,2006,2.3 Jupiters,1.19 x Jupiter (estimate),1.64 AU,1.6 years,0.02,Radial Velocity
3149,Gas Giant,2008,2.51 Jupiters,1.18 x Jupiter (estimate),1.6 AU,1.6 years,0.03,Radial Velocity
3150,Gas Giant,2008,1.06 Jupiters,1.23 x Jupiter (estimate),0.77 AU,201.9 days,0.26,Radial Velocity
3151,Gas Giant,2000,1.21 Jupiters,1.22 x Jupiter (estimate),0.52 AU,119.3 days,0.27,Radial Velocity
3152,Gas Giant,2002,5.85 Jupiters,1.14 x Jupiter (estimate),2.339 AU,3.4 years,0.48,Radial Velocity
3153,Gas Giant,2005,1.636 Jupiters,1.2 x Jupiter (estimate),3.833 AU,6.7 years,0.27,Radial Velocity
3154,Neptune-like,2002,31.783 Earths,0.553 x Jupiter (estimate),0.06 AU,4.9 days,0.09,Radial Velocity
3155,Gas Giant,2008,7.4 Jupiters,1.13 x Jupiter (estimate),1.814 AU,2.1 years,0.21,Radial Velocity
3156,Gas Giant,2002,7.32 Jupiters,1.13 x Jupiter (estimate),1.93 AU,2 years,0.2,Radial Velocity
3157,Gas Giant,2008,0.35061 Jupiters,1.16 x Jupiter (estimate),2.395 AU,3.7 years,0.25,Radial Velocity
3158,Neptune-like,2008,22.2481 Earths,0.448 x Jupiter (estimate),0.05 AU,4.1 days,0.04,Radial Velocity
3159,Gas Giant,2000,0.226 Jupiters,0.894 x Jupiter (estimate),0.0398 AU,3 days,0.06,Radial Velocity
3160,Gas Giant,2008,0.433 Jupiters,1.28 x Jupiter (estimate),0.237 AU,44.1 days,0.61,Radial Velocity
3161,Gas Giant,2008,0.549 Jupiters,1.26 x Jupiter (estimate),0.902 AU,345.4 days,0.02,Radial Velocity
3162,Gas Giant,2008,0.1893 Jupiters,0.805 x Jupiter (estimate),0.6793 AU,225.8 days,0.07,Radial Velocity
3163,Gas Giant,2004,1.79 Jupiters,1.2 x Jupiter (estimate),1.92 AU,2.6 years,0.78,Radial Velocity
3164,Gas Giant,2010,0.58 Jupiters,1.26 x Jupiter (estimate),1.26 AU,472 days,0.41,Radial Velocity
3165,Gas Giant,2007,2.55 Jupiters,1.18 x Jupiter (estimate),0.238 AU,37 days,0.08,Radial Velocity
3166,Gas Giant,2010,0.553 Jupiters,1.26 x Jupiter (estimate),0.882 AU,308.9 days,0.74,Radial Velocity
3167,Gas Giant,2003,18.37 Jupiters,1.08 x Jupiter (estimate),Unknown,1.3 days,0.08,Radial Velocity
3168,Gas Giant,2004,2.54 Jupiters,1.18 x Jupiter (estimate),Unknown,2.6 years,0.74,Radial Velocity
3169,Gas Giant,2002,4.67 Jupiters,1.15 x Jupiter (estimate),0.85 AU,264.1 days,0.25,Radial Velocity
3170,Neptune-like,2013,7.1 Earths,0.229 x Jupiter (estimate),0.6 AU,197.8 days,0.29,Radial Velocity
3171,Neptune-like,2013,5.2 Earths,2.13 x Earth (estimate),0.247 AU,51.8 days,0.02,Radial Velocity
3172,Gas Giant,2009,5.586 Jupiters,Unknown,0.1321 AU,20.4 days,0.07,Radial Velocity
3173,Gas Giant,2009,5.879 Jupiters,Unknown,0.0799 AU,9.6 days,0.06,Radial Velocity
3174,Gas Giant,2009,3.741 Jupiters,Unknown,0.0468 AU,4.3 days,0.2,Radial Velocity
3175,Gas Giant,2001,14.1 Jupiters,1.1 x Jupiter (estimate),3.28 AU,5.7 years,0.64,Radial Velocity
3176,Gas Giant,2009,9.698 Jupiters,1.11 x Jupiter (estimate),1.623 AU,1.9 years,0.02,Radial Velocity
3177,Gas Giant,2000,10.38 Jupiters,1.11 x Jupiter (estimate),3.226 AU,5.8 years,0.36,Radial Velocity
3178,Gas Giant,2000,0.65 Jupiters,1.25 x Jupiter (estimate),0.115 AU,14.3 days,0.26,Radial Velocity
3179,Gas Giant,2010,0.4 Jupiters,1.25 x Jupiter (estimate),1.02 AU,363.2 days,0.41,Radial Velocity
3180,Gas Giant,2012,3.19 Jupiters,1.17 x Jupiter (estimate),3.74 AU,7.5 years,0.03,Radial Velocity
3181,Gas Giant,2004,2.69 Jupiters,1.18 x Jupiter (estimate),0.277 AU,55 days,0.67,Radial Velocity
3182,Gas Giant,2005,0.696 Jupiters,1.25 x Jupiter (estimate),2.807 AU,5.1 years,0.16,Radial Velocity
3183,Gas Giant,2002,0.652 Jupiters,1.25 x Jupiter (estimate),1.71 AU,2.4 years,0.12,Radial Velocity
3184,Gas Giant,2002,0.675 Jupiters,1.25 x Jupiter (estimate),0.53364 AU,154.4 days,0.05,Radial Velocity
3185,Gas Giant,2009,0.82 Jupiters,1.24 x Jupiter (estimate),2.07 AU,2.9 years,0.27,Radial Velocity
3186,Gas Giant,2005,9.1 Jupiters,1.12 x Jupiter (estimate),1.1 AU,388 days,0.34,Radial Velocity
3187,Gas Giant,2006,0.329 Jupiters,1.12 x Jupiter (estimate),0.1508 AU,18.2 days,0.4,Radial Velocity
3188,Gas Giant,2011,1.26 Jupiters,1.22 x Jupiter (estimate),1.074 AU,330 days,0.05,Radial Velocity
3189,Gas Giant,2009,2.849 Jupiters,1.18 x Jupiter (estimate),0.594 AU,157.4 days,0.03,Radial Velocity
3190,Gas Giant,2010,0.62 Jupiters,1.26 x Jupiter (estimate),1.26 AU,466 days,0.3,Radial Velocity
3191,Gas Giant,2011,1.547 Jupiters,1.21 x Jupiter (estimate),1.85 AU,2.3 years,0.06,Radial Velocity
3192,Gas Giant,2014,0.47 Jupiters,1.27 x Jupiter (estimate),2.69 AU,4.6 years,0.18,Radial Velocity
3193,Gas Giant,2009,1.47 Jupiters,1.21 x Jupiter (estimate),2.34 AU,3.2 years,0.76,Radial Velocity
3194,Gas Giant,2002,8.25 Jupiters,1.12 x Jupiter (estimate),3.49 AU,7 years,0.19,Radial Velocity
3195,Gas Giant,2011,1.542 Jupiters,1.21 x Jupiter (estimate),1.18 AU,380.2 days,0.15,Radial Velocity
3196,Gas Giant,2010,3.8 Jupiters,1.16 x Jupiter (estimate),2.45 AU,3.7 years,0.95,Radial Velocity
3197,Gas Giant,2001,5.85 Jupiters,1.14 x Jupiter (estimate),1.034 AU,385.9 days,0.06,Radial Velocity
3198,Gas Giant,2005,0.619 Jupiters,1.26 x Jupiter (estimate),0.125 AU,18 days,0.05,Radial Velocity
3199,Gas Giant,2012,1.56 Jupiters,1.21 x Jupiter (estimate),3.242 AU,6 years,0.14,Radial Velocity
3200,Gas Giant,2000,1.56 Jupiters,1.21 x Jupiter (estimate),1.271 AU,428.1 days,0.06,Radial Velocity
3201,Gas Giant,2010,0.915 Jupiters,1.24 x Jupiter (estimate),2.971 AU,4.9 years,0.04,Radial Velocity
3202,Gas Giant,2006,5 Jupiters,1.15 x Jupiter (estimate),4.92 AU,10 years,0.04,Radial Velocity
3203,Gas Giant,2003,11.914 Jupiters,1.1 x Jupiter (estimate),2.694 AU,4.2 years,0.28,Radial Velocity
3204,Gas Giant,2006,1.527 Jupiters,1.21 x Jupiter (estimate),2.37 AU,3.3 years,0.41,Radial Velocity
3205,Gas Giant,2001,2.66 Jupiters,1.18 x Jupiter (estimate),1.6 AU,2 years,0.07,Radial Velocity
3206,Gas Giant,2011,13.65 Jupiters,1.1 x Jupiter (estimate),1.167 AU,1.4 years,0.82,Radial Velocity
3207,Gas Giant,2008,1.25 Jupiters,1.22 x Jupiter (estimate),0.95 AU,380.9 days,0.75,Radial Velocity
3208,Super Earth,2011,4.8 Earths,2.04 x Earth (estimate),0.3625 AU,89.7 days,0.08,Radial Velocity
3209,Super Earth,2011,2.7 Earths,1.45 x Earth (estimate),0.1257 AU,18.3 days,0.06,Radial Velocity
3210,Gas Giant,2006,1.4878 Jupiters,1.21 x Jupiter (estimate),1.3649 AU,1.6 years,0.95,Radial Velocity
3211,Gas Giant,2003,1.37 Jupiters,1.21 x Jupiter (estimate),1.305 AU,466.2 days,0.06,Radial Velocity
3212,Gas Giant,2011,3.4 Jupiters,1.17 x Jupiter (estimate),1.82 AU,2.1 years,0.04,Radial Velocity
3213,Gas Giant,2007,3.26 Jupiters,1.094 x Jupiter,0.1632 AU,21.2 days,0.68,Radial Velocity
3214,Gas Giant,2007,10.13 Jupiters,1.11 x Jupiter (estimate),1.31 AU,359.9 days,0.17,Radial Velocity
3215,Neptune-like,2008,22.1 Earths,0.446 x Jupiter (estimate),0.14 AU,17.2 days,0.2,Radial Velocity
3216,Gas Giant,2009,5.9 Jupiters,1.14 x Jupiter (estimate),2.12 AU,2.7 years,0.6,Radial Velocity
3217,Gas Giant,2000,0.26 Jupiters,0.971 x Jupiter (estimate),0.36 AU,75.5 days,0.25,Radial Velocity
3218,Gas Giant,2014,15.3 Jupiters,1.09 x Jupiter (estimate),5.15 AU,7.5 years,0.65,Radial Velocity
3219,Gas Giant,2009,2.8 Jupiters,1.18 x Jupiter (estimate),5.15 AU,11.6 years,0.02,Radial Velocity
3220,Gas Giant,2013,5.13 Jupiters,1.15 x Jupiter (estimate),2.03 AU,2.6 years,0.12,Radial Velocity
3221,Gas Giant,2013,0.865 Jupiters,1.24 x Jupiter (estimate),0.154 AU,19.4 days,0.02,Radial Velocity
3222,Gas Giant,2005,10.95 Jupiters,1.11 x Jupiter (estimate),1.25 AU,471.6 days,0.27,Radial Velocity
3223,Gas Giant,2002,2.83 Jupiters,1.18 x Jupiter (estimate),2.8145 AU,4.7 years,0.03,Radial Velocity
3224,Gas Giant,2000,2.43 Jupiters,1.18 x Jupiter (estimate),0.84 AU,262.7 days,0.38,Radial Velocity
3225,Gas Giant,2005,6.54 Jupiters,1.13 x Jupiter (estimate),1.93 AU,1.9 years,0.4,Radial Velocity
3226,Neptune-like,2008,25 Earths,0.48 x Jupiter (estimate),0.229 AU,37.9 days,0.3,Radial Velocity
3227,Gas Giant,2005,0.622 Jupiters,1.26 x Jupiter (estimate),3.16 AU,5.3 years,0.04,Radial Velocity
3228,Gas Giant,2008,0.4 Jupiters,1.25 x Jupiter (estimate),0.771 AU,223.9 days,0.23,Radial Velocity
3229,Gas Giant,2007,4.88 Jupiters,1.15 x Jupiter (estimate),2.885 AU,4.4 years,0.38,Radial Velocity
3230,Gas Giant,1999,5.743 Jupiters,1.14 x Jupiter (estimate),2.051 AU,2.9 years,0.1,Radial Velocity
3231,Gas Giant,1999,4.42 Jupiters,1.15 x Jupiter (estimate),0.11 AU,15.8 days,0.04,Radial Velocity
3232,Gas Giant,2013,28.5 Jupiters,1.06 x Jupiter (estimate),0.36 AU,246.4 days,0.34,Astrometry
3233,Gas Giant,2006,12.569 Jupiters,1.1 x Jupiter (estimate),210 AU,5146.9 years,,Imaging
3234,Gas Giant,2011,10.5 Jupiters,1.11 x Jupiter (estimate),2.6 AU,27.5 years,,Imaging
3235,Gas Giant,2015,1.6 Jupiters,1.21 x Jupiter (estimate),4.2 AU,7.1 years,0.35,Radial Velocity
3236,Gas Giant,2011,0.91 Jupiters,1.24 x Jupiter (estimate),1 AU,392.6 days,0.2,Radial Velocity
3237,Gas Giant,2010,16 Jupiters,1.8 x Jupiter,320 AU,6037.4 years,,Imaging
3238,Neptune-like,2010,14.6 Earths,0.35 x Jupiter (estimate),0.3343 AU,124.3 days,0.06,Radial Velocity
3239,Neptune-like,2005,6.83 Earths,0.224 x Jupiter (estimate),0.02080665 AU,1.9 days,0.21,Radial Velocity
3240,Gas Giant,2000,0.7142 Jupiters,1.25 x Jupiter (estimate),0.12959 AU,30.1 days,0.26,Radial Velocity
3241,Gas Giant,1998,2.2756 Jupiters,1.19 x Jupiter (estimate),0.208317 AU,61.1 days,0.03,Radial Velocity
3242,Gas Giant,2006,0.893 Jupiters,1.24 x Jupiter (estimate),2.32 AU,5.3 years,0.03,Radial Velocity
3243,Gas Giant,2008,0.99 Jupiters,1.23 x Jupiter (estimate),3.7 AU,10.6 years,0.05,Radial Velocity
3244,Neptune-like,2014,17.2 Earths,0.385 x Jupiter (estimate),0.163 AU,38.1 days,0.17,Radial Velocity
3245,Neptune-like,2012,6.67439655 Earths,0.221 x Jupiter (estimate),0.181 AU,35.5 days,0.15,Radial Velocity
3246,Super Earth,2012,3.81394088 Earths,1.78 x Earth (estimate),0.039 AU,3.6 days,0.19,Radial Velocity
3247,Gas Giant,2010,5.792 Jupiters,1.14 x Jupiter (estimate),1.735 AU,2.9 years,0.32,Radial Velocity
3248,Neptune-like,2007,11.09 Earths,0.297 x Jupiter (estimate),0.039 AU,4.7 days,0.2,Radial Velocity
3249,Super Earth,2013,4.6 Earths,1.99 x Earth (estimate),0.549 AU,256.2 days,0.08,Radial Velocity
3250,Super Earth,2013,2.7 Earths,1.45 x Earth (estimate),0.156 AU,39 days,0.03,Radial Velocity
3251,Super Earth,2013,2.7 Earths,1.45 x Earth (estimate),0.213 AU,62.2 days,0.02,Radial Velocity
3252,Super Earth,2013,3.8 Earths,1.77 x Earth (estimate),0.125 AU,28.1 days,0.02,Radial Velocity
3253,Neptune-like,2012,5.68 Earths,0.201 x Jupiter (estimate),0.050431 AU,7.2 days,0.2,Radial Velocity
3254,Gas Giant,2009,0.258 Jupiters,0.966 x Jupiter (estimate),1.112 AU,1.6 years,0.08,Radial Velocity
3255,Super Earth,2009,2.48 Earths,1.38 x Earth (estimate),0.02799 AU,3.1 days,0.01,Radial Velocity
3256,Neptune-like,2007,6.81 Earths,0.223 x Jupiter (estimate),0.0718 AU,12.9 days,0.03,Radial Velocity
3257,Neptune-like,2005,20.5 Earths,0.427 x Jupiter (estimate),0.0399 AU,5.4 days,0.03,Radial Velocity
3258,Gas Giant,2013,4 Jupiters,1.08 x Jupiter,43.5 AU,259.9 years,,Imaging
3259,Neptune-like,2004,22.1 Earths,0.372 x Jupiter,0.0291 AU,2.6 days,0.14,Radial Velocity
3260,Neptune-like,2013,6.043 Earths,0.208 x Jupiter (estimate),0.062 AU,7.4 days,0.04,Radial Velocity
3261,Neptune-like,2010,8.4 Earths,0.253 x Jupiter (estimate),0.0287 AU,2.6 days,0.08,Radial Velocity
3262,Neptune-like,2012,13.9 Earths,0.40770809 x Jupiter,0.0355 AU,3.3 days,0.02,Radial Velocity
3263,Neptune-like,2015,6.6 Earths,0.219 x Jupiter (estimate),0.089 AU,14.2 days,0.31,Radial Velocity
3264,Neptune-like,2015,21.09 Earths,0.434 x Jupiter (estimate),0.36175 AU,122.6 days,0.11,Radial Velocity
3265,Neptune-like,2015,23.54 Earths,0.463 x Jupiter (estimate),0.14339 AU,30.6 days,0.06,Radial Velocity
3266,Gas Giant,2013,2.51 Jupiters,1.18 x Jupiter (estimate),4.11 AU,10.3 years,0.23,Radial Velocity
3267,Gas Giant,2007,2.5 Jupiters,1.18 x Jupiter (estimate),1.138 AU,1.9 years,0.08,Radial Velocity
3268,Gas Giant,2000,3.37 Jupiters,1.17 x Jupiter (estimate),0.49 AU,133.7 days,0.51,Radial Velocity
3269,Gas Giant,2009,0.95 Jupiters,1.23 x Jupiter (estimate),2.41 AU,6.3 years,0.21,Radial Velocity
3270,Neptune-like,2013,29.4 Earths,0.528 x Jupiter (estimate),1.0304 AU,1.7 years,0.37,Radial Velocity
3271,Neptune-like,2013,6.8 Earths,0.223 x Jupiter (estimate),0.1254 AU,25.6 days,0.1,Radial Velocity
3272,Neptune-like,2013,10.6 Earths,0.29 x Jupiter (estimate),0.0607 AU,8.6 days,0.07,Radial Velocity
3273,Neptune-like,2009,8.41 Earths,0.24382235 x Jupiter,0.01505 AU,1.6 days,0.01,Transit
3274,Gas Giant,2019,0.502 Jupiters,1.47 x Jupiter,0.04632 AU,4.1 days,,Transit
3275,Gas Giant,2019,0.299 Jupiters,1.184 x Jupiter,0.05427 AU,4.5 days,,Transit
3276,Gas Giant,2019,0.508 Jupiters,1.58 x Jupiter,0.03957 AU,3.1 days,,Transit
3277,Super Earth,2019,3.39 Earths,1.66 x Earth,Unknown,2.5 days,,Transit
3278,Neptune-like,2019,6.57 Earths,0.21857436 x Jupiter,Unknown,13.1 days,,Transit
3279,Super Earth,2019,9 Earths,1.9 x Earth,0.112293 AU,13.6 days,0.01,Transit
3280,Super Earth,2019,4.6 Earths,1.9 x Earth,0.14728 AU,20.4 days,0.01,Transit
3281,Neptune-like,2016,14.5 Earths,0.3479347 x Jupiter,0.189 AU,25.5 days,,Transit
3282,Gas Giant,2019,1.88 Jupiters,1.7 x Jupiter,0.0352 AU,2 days,0.0,Transit
3283,Gas Giant,2019,0.71 Jupiters,1.25 x Jupiter (estimate),1.6 AU,3.5 years,,Microlensing
3284,Gas Giant,2019,2 Jupiters,1.19 x Jupiter (estimate),1.8 AU,4 years,,Microlensing
3285,Gas Giant,2019,1 Jupiter,1.15 x Jupiter,0.0663 AU,5.4 days,0.0,Transit
3286,Gas Giant,2019,3.283 Jupiters,1.17 x Jupiter (estimate),0.342 AU,247.6 days,,Microlensing
3287,Gas Giant,2019,12.9 Jupiters,1.384 x Jupiter,0.03632 AU,1.9 days,< 0.18,Transit
3288,Gas Giant,2019,0.192 Jupiters,0.81184762 x Jupiter,0.107 AU,13.2 days,,Transit
3289,Super Earth,2019,6.49 Earths,1.589 x Earth,0.03261 AU,2.2 days,0.0,Transit
3290,Gas Giant,2019,0.774 Jupiters,1.006 x Jupiter,0.305 AU,48.4 days,0.0,Transit
3291,Super Earth,2019,10.9 Earths,3.06 x Earth,0.0923 AU,9.2 days,0.0,Transit
3292,Super Earth,2018,3.09 Earths,1.56926 x Earth,0.03997 AU,2.9 days,0.0,Transit
3293,Gas Giant,2018,0.577 Jupiters,0.945 x Jupiter,0.03211 AU,2.2 days,< 0.519,Transit
3294,Gas Giant,2018,1.29 Jupiters,1.232 x Jupiter,0.05071 AU,3.6 days,< 0.036,Transit
3295,Gas Giant,2018,1.45 Jupiters,1.685 x Jupiter,0.03032 AU,1.6 days,< 0.057,Transit
3296,Gas Giant,2018,5.33 Jupiters,1.411 x Jupiter,0.04714 AU,3.1 days,< 0.064,Transit
3297,Gas Giant,2018,0.821 Jupiters,1.501 x Jupiter,0.04497 AU,3.1 days,< 0.062,Transit
3298,Gas Giant,2018,0.96 Jupiters,1.679 x Jupiter,0.06562 AU,4.9 days,< 0.151,Transit
3299,Gas Giant,2018,0.96 Jupiters,1.207 x Jupiter,0.04026 AU,3.1 days,< 0.136,Transit
3300,Gas Giant,2018,0.179 Jupiters,1.055 x Jupiter,0.04163 AU,3.3 days,< 0.298,Transit
3301,Gas Giant,2018,3.4 Jupiters,1.195 x Jupiter,0.07908 AU,7.8 days,< 0.092,Transit
3302,Gas Giant,2018,0.662 Jupiters,1.153 x Jupiter,0.04708 AU,3.6 days,< 0.191,Transit
3303,Gas Giant,2018,0.315 Jupiters,0.847 x Jupiter,0.1206 AU,14.9 days,0.48,Transit
3304,Neptune-like,2018,5.06 Earths,2.1 x Earth,0.1768 AU,27.4 days,,Transit
3305,Gas Giant,2018,1.6 Jupiters,1.096 x Jupiter,0.0337 AU,2.3 days,,Transit
3306,Gas Giant,2018,1.87 Jupiters,1.202 x Jupiter,0.0266 AU,1.6 days,,Transit
3307,Gas Giant,2018,2.49 Jupiters,1.143 x Jupiter,0.0673 AU,5.4 days,,Transit
3308,Neptune-like,2018,10.7 Earths,1.95 x Earth,0.18041 AU,14.8 days,0.0,Transit
3309,Neptune-like,2018,6.5 Earths,0.22125078 x Jupiter,0.1178 AU,10.5 days,0.0,Transit
3310,Neptune-like,2018,15.68 Earths,0.31492551 x Jupiter,0.0824 AU,7.1 days,0.0,Transit
3311,Super Earth,2018,9.68 Earths,2.59 x Earth,0.03817 AU,3.5 days,0.0,Transit
3312,Gas Giant,2018,1.93 Jupiters,0.99 x Jupiter,0.534 AU,141.2 days,0.5,Transit
3313,Gas Giant,2018,12.7 Jupiters,1.1 x Jupiter (estimate),2.504 AU,3.9 years,< 0.083,Radial Velocity
3314,Gas Giant,2018,0.806 Jupiters,1.126 x Jupiter,0.06112 AU,5.4 days,0.13,Transit
3315,Gas Giant,2012,2.26 Jupiters,1.3 x Jupiter,0.0417 AU,2.7 days,0.0,Transit
3316,Gas Giant,2018,0.62 Jupiters,1.26 x Jupiter (estimate),0.95 AU,2.4 years,,Microlensing
3317,Neptune-like,2018,18 Earths,0.396 x Jupiter (estimate),0.69 AU,1.5 years,,Microlensing
3318,Neptune-like,2018,8.15 Earths,0.24801499 x Jupiter,0.04771 AU,4.8 days,0.08,Transit
3319,Gas Giant,2018,0.658 Jupiters,1.26 x Jupiter,0.04823 AU,3.5 days,0.0,Transit
3320,Gas Giant,2018,2.13 Jupiters,1.128 x Jupiter,0.02818 AU,1.8 days,0.0,Transit
3321,Gas Giant,2018,0.275 Jupiters,1.115 x Jupiter,0.0549 AU,4.6 days,0.0,Transit
3322,Gas Giant,2017,2.7 Jupiters,1.18 x Jupiter (estimate),1.8 AU,4.2 years,,Microlensing
3323,Neptune-like,2018,33.7 Earths,0.572 x Jupiter (estimate),0.24 AU,442.9 days,,Microlensing
3324,Gas Giant,2018,15.49 Jupiters,1.09 x Jupiter (estimate),0.83 AU,2.8 years,,Microlensing
3325,Gas Giant,2018,4.57 Jupiters,1.15 x Jupiter (estimate),1.08 AU,5.7 years,,Microlensing
3326,Gas Giant,2018,7 Jupiters,1.13 x Jupiter (estimate),5.1 AU,17.2 years,,Microlensing
3327,Gas Giant,2018,0.74 Jupiters,1.595 x Jupiter,0.063 AU,4.5 days,0.0,Transit
3328,Neptune-like,2018,12.2 Earths,0.31403337 x Jupiter,0.0291 AU,1.9 days,,Transit
3329,Neptune-like,2018,6.8 Earths,0.22303545 x Jupiter,0.0499 AU,4.2 days,,Transit
3330,Gas Giant,2018,0.16 Jupiters,0.72977072 x Jupiter,0.0773 AU,8.7 days,,Transit
3331,Neptune-like,2018,37.1 Earths,0.66910634 x Jupiter,0.1461 AU,19.9 days,0.35,Transit
3332,Super Earth,2018,1.92 Earths,1.21 x Earth,0.067 AU,7.1 days,,Transit
3333,Neptune-like,2018,9.17 Earths,0.26585779 x Jupiter,0.0488 AU,3.3 days,,Transit
3334,Super Earth,2018,7.4 Earths,2.18575124 x Earth,0.0664 AU,6.3 days,0.52,Transit
3335,Neptune-like,2018,13.7 Earths,0.33633687 x Jupiter,0.1291 AU,18.7 days,,Transit
3336,Neptune-like,2018,5.52 Earths,2.21 x Earth,0.0881 AU,8.4 days,,Transit
3337,Neptune-like,2018,8.9 Earths,0.26139709 x Jupiter,0.1035 AU,14.7 days,0.05,Transit
3338,Terrestrial,2018,0.29013072 Earths,0.705 x Earth,0.0679 AU,7.8 days,0.04,Transit
3339,Neptune-like,2018,11.26782377 Earths,0.29440628 x Jupiter,0.01306 AU,0.7 days,,Transit
3340,Super Earth,2018,2.48 Earths,1.38 x Earth,0.0247 AU,1.5 days,,Transit
3341,Super Earth,2018,3.09 Earths,1.57 x Earth,0.0531 AU,4.1 days,,Transit
3342,Neptune-like,2018,7.7 Earths,0.23998614 x Jupiter,0.0819 AU,9.3 days,,Transit
3343,Super Earth,2018,2.86 Earths,1.5 x Earth,0.0308 AU,2.2 days,,Transit
3344,Super Earth,2018,7.3418362 Earths,1.70824866 x Earth,0.03359 AU,2.4 days,0.16,Transit
3345,Neptune-like,2018,6.08 Earths,0.20876118 x Jupiter,0.0277 AU,3.3 days,,Transit
3346,Super Earth,2018,4.98 Earths,2.08 x Earth,0.0964 AU,14.1 days,,Transit
3347,Neptune-like,2018,9.53 Earths,0.27210324 x Jupiter,0.0729 AU,11.7 days,,Transit
3348,Neptune-like,2018,9.96 Earths,0.27924038 x Jupiter,0.1007 AU,14.5 days,,Transit
3349,Gas Giant,2018,0.131 Jupiters,0.6494781 x Jupiter,0.077 AU,8.6 days,,Transit
3350,Neptune-like,2018,9.01 Earths,0.26318137 x Jupiter,0.0497 AU,4.4 days,,Transit
3351,Gas Giant,2018,0.47 Jupiters,1.57 x Jupiter,0.0694 AU,5.5 days,0.0,Transit
3352,Gas Giant,2018,0.42 Jupiters,1.5 x Jupiter,0.0519 AU,4.2 days,0.0,Transit
3353,Gas Giant,2018,5.2 Jupiters,1.0 x Jupiter,0.0871 AU,9.6 days,0.43,Transit
3354,Gas Giant,2018,0.55 Jupiters,1.38 x Jupiter,0.0538 AU,3.8 days,0.0,Transit
3355,Gas Giant,2018,2.79 Jupiters,1.07 x Jupiter,0.0517 AU,3.7 days,0.0,Transit
3356,Gas Giant,2018,0.44 Jupiters,0.85 x Jupiter,0.0316 AU,2.3 days,0.0,Transit
3357,Gas Giant,2018,0.19 Jupiters,0.804 x Jupiter (estimate),8 AU,35.4 years,,Microlensing
3358,Gas Giant,2018,0.15 Jupiters,0.40806565 x Jupiter,0.1974 AU,31.6 days,0.84,Transit
3359,Neptune-like,2018,14.3 Earths,0.24355429 x Jupiter,0.1249 AU,19.5 days,0.04,Transit
3360,Neptune-like,2018,7.6 Earths,0.23802302 x Jupiter,0.11283 AU,19.7 days,< 0.45,Transit
3361,Neptune-like,2018,5.61 Earths,2.231 x Earth,0.05023 AU,5.8 days,< 0.5,Transit
3362,Super Earth,2018,15.4 Earths,2.513 x Earth,0.2573 AU,50.8 days,0.08,Transit
3363,Gas Giant,2018,0.33 Jupiters,1.437 x Jupiter,0.05503 AU,4.2 days,0.0,Transit
3364,Gas Giant,2018,0.217 Jupiters,0.827 x Jupiter,0.1086 AU,11.6 days,0.27,Transit
3365,Gas Giant,2018,1.72 Jupiters,1.643 x Jupiter,0.04392 AU,2.6 days,0.05,Transit
3366,Gas Giant,2018,17 Jupiters,1.09 x Jupiter (estimate),2.9 AU,4.6 years,0.6,Radial Velocity
3367,Gas Giant,2018,0.86 Jupiters,1.3 x Jupiter,0.046 AU,3.2 days,0.0,Transit
3368,Gas Giant,2018,1.366 Jupiters,1.433 x Jupiter,0.03552 AU,2.2 days,0.03,Transit
3369,Neptune-like,2018,5.99 Earths,0.20697654 x Jupiter,0.1271 AU,15.5 days,,Transit
3370,Neptune-like,2018,9.27 Earths,0.26764207 x Jupiter,0.149 AU,19.1 days,,Transit
3371,Terrestrial,2018,0.498 Earths,0.83 x Earth,0.0216 AU,1.6 days,,Transit
3372,Neptune-like,2018,8.75 Earths,0.25872067 x Jupiter,0.0274 AU,2 days,,Transit
3373,Neptune-like,2018,5.43 Earths,2.19 x Earth,0.0923 AU,12.1 days,,Transit
3374,Super Earth,2018,3.29 Earths,1.63 x Earth,0.0448 AU,4.1 days,,Transit
3375,Gas Giant,2018,Unknown,1.13034169 x Jupiter,0.0506 AU,4 days,,Transit
3376,Super Earth,2018,3.68 Earths,1.74 x Earth,0.1041 AU,13.8 days,,Transit
3377,Neptune-like,2018,6.12 Earths,0.20965296 x Jupiter,0.0694 AU,9.3 days,,Transit
3378,Neptune-like,2018,7.81 Earths,0.242 x Jupiter,0.04606 AU,4 days,0.21,Transit
3379,Neptune-like,2018,8.2 Earths,0.24890713 x Jupiter,0.1151 AU,12.4 days,,Transit
3380,Neptune-like,2018,7.13 Earths,0.22928004 x Jupiter,0.0699 AU,7.2 days,,Transit
3381,Neptune-like,2018,5.43 Earths,2.19 x Earth,0.0615 AU,6.5 days,,Transit
3382,Neptune-like,2018,5.14 Earths,2.12 x Earth,0.0304 AU,2.3 days,,Transit
3383,Neptune-like,2018,12 Earths,0.31135695 x Jupiter,0.0602 AU,5.8 days,,Transit
3384,Neptune-like,2018,17.4 Earths,0.38718887 x Jupiter,0.0959 AU,11.9 days,,Transit
3385,Super Earth,2018,3.71 Earths,1.75 x Earth,0.1418 AU,21.1 days,,Transit
3386,Super Earth,2018,4.7 Earths,2.01 x Earth,0.1817 AU,24.9 days,,Transit
3387,Neptune-like,2018,5.35 Earths,2.17 x Earth,0.1087 AU,11.5 days,,Transit
3388,Neptune-like,2018,6.99 Earths,0.22660362 x Jupiter,0.0494 AU,6.5 days,,Transit
3389,Neptune-like,2018,7.04 Earths,0.22749576 x Jupiter,0.1567 AU,26.8 days,,Transit
3390,Neptune-like,2018,6.39 Earths,0.2150058 x Jupiter,0.0886 AU,10.1 days,,Transit
3391,Super Earth,2018,2.18 Earths,1.28 x Earth,0.0622 AU,5.9 days,,Transit
3392,Gas Giant,2018,1.59 Jupiters,1.21 x Jupiter (estimate),1.02 AU,2.2 years,,Microlensing
3393,Gas Giant,2018,0.263 Jupiters,0.978 x Jupiter (estimate),1.7 AU,3.5 years,,Microlensing
3394,Gas Giant,2018,0.174 Jupiters,0.766 x Jupiter (estimate),1.5 AU,2.9 years,,Microlensing
3395,Super Earth,2018,3.89 Earths,1.8 x Earth,0.1159 AU,20.5 days,,Transit
3396,Super Earth,2018,4.66 Earths,2.0 x Earth,0.0513 AU,6 days,,Transit
3397,Neptune-like,2018,9 Earths,0.263 x Jupiter (estimate),1.8 AU,5.4 years,,Microlensing
3398,Super Earth,2018,1.37 Earths,1.1 x Earth,0.0685 AU,10.1 days,,Transit
3399,Terrestrial,2018,0.972 Earths,1.0 x Earth,0.0576 AU,7.8 days,,Transit
3400,Super Earth,2018,1.37 Earths,1.1 x Earth,0.0441 AU,5.2 days,,Transit
3401,Gas Giant,2018,2.68 Jupiters,1.18 x Jupiter (estimate),4.1 AU,9.2 years,0.65,Radial Velocity
3402,Gas Giant,2015,38.1396 Earths,0.563 x Jupiter,0.04012 AU,3.2 days,< 0.17,Transit
3403,Gas Giant,2018,0.173 Jupiters,0.903 x Jupiter,0.05367 AU,4.7 days,< 0.559,Transit
3404,Gas Giant,2018,0.7 Jupiters,1.286 x Jupiter,0.05511 AU,4.2 days,< 0.24,Transit
3405,Gas Giant,2018,0.56 Jupiters,1.067 x Jupiter,0.03649 AU,2.7 days,< 0.279,Transit
3406,Gas Giant,2018,0.261 Jupiters,1.18 x Jupiter,0.04944 AU,4.4 days,0.17,Transit
3407,Super Earth,2018,4.43 Earths,1.94 x Earth (estimate),1.18 AU,2.7 years,,Microlensing
3408,Gas Giant,2018,0.401 Jupiters,1.25 x Jupiter (estimate),2.424 AU,7.6 years,,Microlensing
3409,Gas Giant,2018,1.09 Jupiters,1.03 x Jupiter,0.0269 AU,1.7 days,0.0,Transit
3410,Super Earth,2018,10.3 Earths,2.363 x Earth,0.1516 AU,24.4 days,0.18,Transit
3411,Super Earth,2018,4.6 Earths,1.272 x Earth,0.0664 AU,7.1 days,0.0,Transit
3412,Super Earth,2018,2.4 Earths,1.315 x Earth,0.03293 AU,2.5 days,0.0,Transit
3413,Gas Giant,2018,0.63 Jupiters,1.57 x Jupiter,0.06007 AU,4.6 days,< 0.275,Transit
3414,Gas Giant,2018,0.75 Jupiters,1.25 x Jupiter (estimate),0.59 AU,2.1 years,,Microlensing
3415,Gas Giant,2018,1.88 Jupiters,1.4 x Jupiter,0.03689 AU,2.3 days,< 0.229,Transit
3416,Gas Giant,2018,9.7 Jupiters,1.33 x Jupiter,0.0583 AU,4.2 days,0.38,Transit
3417,Gas Giant,2018,1.59 Jupiters,1.58 x Jupiter,0.04997 AU,3.3 days,< 0.312,Transit
3418,Gas Giant,2018,0.54 Jupiters,1.27 x Jupiter (estimate),2.42 AU,4.9 years,,Microlensing
3419,Neptune-like,2018,5.4 Earths,2.213 x Earth,0.1029 AU,11.9 days,< 0.19,Transit
3420,Gas Giant,2018,0.398 Jupiters,1.0 x Jupiter,0.10356 AU,11.2 days,0.26,Transit
3421,Neptune-like,2018,6.8 Earths,0.22303506 x Jupiter,Unknown,13.8 days,,Transit
3422,Super Earth,2018,3.269 Earths,1.62 x Earth (estimate),3.913 AU,12.3 years,,Microlensing
3423,Gas Giant,2018,1.28 Jupiters,1.22 x Jupiter (estimate),4.18 AU,9.5 years,,Microlensing
3424,Gas Giant,2016,0.931 Jupiters,1.24 x Jupiter (estimate),1.887 AU,2.9 years,,Microlensing
3425,Gas Giant,2018,0.5 Jupiters,0.819 x Jupiter,2.026 AU,2.9 years,0.26,Transit
3426,Super Earth,2018,7.5 Earths,2.275 x Earth,0.1186 AU,15.4 days,0.02,Transit
3427,Super Earth,2018,3.46 Earths,1.67890272 x Earth,Unknown,2.4 days,,Transit
3428,Neptune-like,2018,6.21 Earths,0.2114376 x Jupiter,0.1104 AU,13.7 days,,Transit
3429,Neptune-like,2018,7.16 Earths,0.22984607 x Jupiter,Unknown,11.1 days,,Transit
3430,Super Earth,2018,2.66 Earths,1.43839723 x Earth,Unknown,6.7 days,,Transit
3431,Super Earth,2018,4.12 Earths,1.86 x Earth,Unknown,15.9 days,,Transit
3432,Neptune-like,2018,6.5 Earths,0.211 x Jupiter,0.0932 AU,10 days,0.48,Transit
3433,Neptune-like,2018,5.43 Earths,2.19 x Earth,0.0858 AU,8.5 days,,Transit
3434,Neptune-like,2018,7.5 Earths,0.23624721 x Jupiter,Unknown,14.1 days,,Transit
3435,Super Earth,2018,3.03 Earths,1.55409035 x Earth,Unknown,4.4 days,,Transit
3436,Super Earth,2018,2.17 Earths,1.27443657 x Earth,Unknown,2.4 days,,Transit
3437,Neptune-like,2018,10.6 Earths,0.28987868 x Jupiter,Unknown,17.4 days,,Transit
3438,Neptune-like,2018,6.65 Earths,0.22001134 x Jupiter,Unknown,6.7 days,,Transit
3439,Super Earth,2018,2.67 Earths,1.44 x Earth,0.0795 AU,9.5 days,,Transit
3440,Neptune-like,2018,31.1 Earths,0.54574113 x Jupiter,Unknown,9.3 days,,Transit
3441,Neptune-like,2018,10.2 Earths,0.28354361 x Jupiter,Unknown,3.7 days,,Transit
3442,Neptune-like,2018,5.73 Earths,0.2016237 x Jupiter,0.1013 AU,12.4 days,,Transit
3443,Neptune-like,2018,7.46 Earths,0.23552502 x Jupiter,0.0887 AU,10.1 days,,Transit
3444,Super Earth,2018,1.14 Earths,0.935 x Earth,0.00962 AU,0.4 days,,Transit
3445,Super Earth,2018,1.37 Earths,1.1 x Earth,0.0149 AU,0.8 days,,Transit
3446,Super Earth,2018,2.38 Earths,1.34762583 x Earth,Unknown,3.9 days,,Transit
3447,Neptune-like,2018,7.13 Earths,0.22923378 x Jupiter,Unknown,8.7 days,,Transit
3448,Neptune-like,2018,12.5 Earths,0.31925602 x Jupiter,Unknown,14.1 days,,Transit
3449,Super Earth,2018,8 Earths,1.75 x Earth,0.028 AU,2.2 days,0.0,Transit
3450,Neptune-like,2018,5.16 Earths,2.12381238 x Earth,Unknown,8.3 days,,Transit
3451,Neptune-like,2018,6.85 Earths,0.22392759 x Jupiter,0.0834 AU,8.6 days,,Transit
3452,Super Earth,2018,2.9 Earths,1.51398464 x Earth,Unknown,8.1 days,,Transit
3453,Neptune-like,2018,7.51 Earths,0.23641757 x Jupiter,0.0785 AU,9.8 days,,Transit
3454,Super Earth,2018,2.33 Earths,1.33162691 x Earth,0.01419 AU,0.7 days,0.19,Transit
3455,Terrestrial,2018,0.566 Earths,0.86 x Earth,Unknown,0.6 days,,Transit
3456,Terrestrial,2018,0.586 Earths,0.86850263 x Earth,Unknown,2.1 days,,Transit
3457,Super Earth,2018,3.45 Earths,1.67462172 x Earth,0.04878 AU,4.2 days,0.37,Transit
3458,Neptune-like,2018,7.3 Earths,0.23247861 x Jupiter,Unknown,12.5 days,,Transit
3459,Neptune-like,2018,8.22 Earths,0.24937361 x Jupiter,Unknown,18.3 days,,Transit
3460,Super Earth,2018,4.64 Earths,1.99552771 x Earth,Unknown,26.7 days,,Transit
3461,Neptune-like,2018,10.2 Earths,0.283 x Jupiter,0.0738 AU,7.1 days,0.28,Transit
3462,Super Earth,2018,2.14 Earths,1.26549392 x Earth,0.0824 AU,9.7 days,0.23,Transit
3463,Neptune-like,2018,5.91 Earths,0.20534 x Jupiter,Unknown,3.4 days,,Transit
3464,Neptune-like,2018,10.8 Earths,0.29312909 x Jupiter,Unknown,22.8 days,,Transit
3465,Super Earth,2018,2.54 Earths,1.40006712 x Earth,Unknown,1.1 days,,Transit
3466,Super Earth,2018,2.43 Earths,1.3643987 x Earth,Unknown,2.8 days,,Transit
3467,Neptune-like,2018,12.4 Earths,0.25426041 x Jupiter,0.0662 AU,7.4 days,0.03,Transit
3468,Super Earth,2018,6.9 Earths,1.73 x Earth,0.0382 AU,3.2 days,0.02,Transit
3469,Neptune-like,2018,16.3 Earths,0.37371755 x Jupiter,Unknown,17 days,,Transit
3470,Neptune-like,2018,7.08 Earths,0.2283879 x Jupiter,0.0806 AU,8.4 days,,Transit
3471,Neptune-like,2018,12.6 Earths,0.3211442 x Jupiter,Unknown,48.3 days,,Transit
3472,Neptune-like,2018,7.16 Earths,0.22979917 x Jupiter,Unknown,28.5 days,,Transit
3473,Neptune-like,2018,9.96 Earths,0.2792399 x Jupiter,0.1208 AU,15.9 days,,Transit
3474,Neptune-like,2018,12.9 Earths,0.32494411 x Jupiter,Unknown,39.7 days,,Transit
3475,Neptune-like,2018,14.8 Earths,0.3523954 x Jupiter,0.1184 AU,14.8 days,,Transit
3476,Super Earth,2018,2.92 Earths,1.52 x Earth,0.049 AU,4.2 days,,Transit
3477,Super Earth,2018,3.12 Earths,1.57889322 x Earth,Unknown,2.9 days,,Transit
3478,Super Earth,2018,1.34 Earths,1.09308317 x Earth,Unknown,21.6 days,,Transit
3479,Super Earth,2018,2.41 Earths,1.35673729 x Earth,Unknown,10.1 days,,Transit
3480,Neptune-like,2018,5.95 Earths,0.20608475 x Jupiter,0.068 AU,6.7 days,,Transit
3481,Super Earth,2018,2.55 Earths,1.403 x Earth,0.0361 AU,2.6 days,,Transit
3482,Neptune-like,2018,8.4 Earths,0.25247569 x Jupiter,0.0785 AU,7.8 days,,Transit
3483,Super Earth,2018,2.39 Earths,1.35 x Earth,0.0289 AU,1.7 days,,Transit
3484,Super Earth,2018,4.27 Earths,1.9 x Earth,0.1106 AU,13.6 days,,Transit
3485,Neptune-like,2018,6.35 Earths,0.21411403 x Jupiter,0.072 AU,7.1 days,,Transit
3486,Super Earth,2018,2.54 Earths,1.4 x Earth,0.0392 AU,2.9 days,,Transit
3487,Super Earth,2018,1.87 Earths,1.2 x Earth,0.0164 AU,0.8 days,,Transit
3488,Neptune-like,2018,10.2 Earths,0.28299383 x Jupiter,Unknown,41.5 days,,Transit
3489,Super Earth,2018,1.6 Earths,1.15 x Earth,Unknown,10.6 days,,Transit
3490,Super Earth,2018,2.76 Earths,1.47 x Earth,0.1685 AU,17 days,,Transit
3491,Neptune-like,2018,5.9 Earths,0.20519261 x Jupiter,0.1527 AU,22.6 days,,Transit
3492,Neptune-like,2018,5.9 Earths,0.20519261 x Jupiter,0.0932 AU,10.8 days,,Transit
3493,Super Earth,2018,1.37 Earths,1.1 x Earth,Unknown,0.5 days,,Transit
3494,Neptune-like,2018,20.97667486 Earths,0.242 x Jupiter,0.05174 AU,4.7 days,0.07,Transit
3495,Neptune-like,2018,7.7 Earths,0.23998614 x Jupiter,0.0706 AU,6.9 days,0.4,Transit
3496,Neptune-like,2018,7.04 Earths,0.22768446 x Jupiter,Unknown,28.9 days,,Transit
3497,Super Earth,2018,11.41003981 Earths,2.46597575 x Earth,0.0756 AU,8.9 days,0.07,Transit
3498,Neptune-like,2018,6.86 Earths,0.22416619 x Jupiter,Unknown,5.2 days,,Transit
3499,Neptune-like,2018,12.4 Earths,0.31741546 x Jupiter,Unknown,8.7 days,,Transit
3500,Neptune-like,2018,5.13 Earths,2.1162048 x Earth,Unknown,14.2 days,,Transit
3501,Super Earth,2018,2.83 Earths,1.49090097 x Earth,Unknown,5.3 days,,Transit
3502,Super Earth,2018,4.81 Earths,2.03803688 x Earth,Unknown,9.5 days,,Transit
3503,Neptune-like,2018,7.27 Earths,0.23195646 x Jupiter,0.126 AU,19.6 days,,Transit
3504,Super Earth,2018,3.22 Earths,1.60826194 x Earth,Unknown,5.9 days,,Transit
3505,Neptune-like,2018,10.4 Earths,0.28599259 x Jupiter,Unknown,29.6 days,,Transit
3506,Super Earth,2018,3.42 Earths,1.66608079 x Earth,Unknown,14.3 days,,Transit
3507,Neptune-like,2018,7.69 Earths,0.2396799 x Jupiter,Unknown,5.6 days,,Transit
3508,Super Earth,2018,3.9 Earths,1.8017647 x Earth,Unknown,12.4 days,,Transit
3509,Super Earth,2018,2.6 Earths,1.41817537 x Earth,Unknown,7.6 days,,Transit
3510,Super Earth,2018,2.16 Earths,1.27328671 x Earth,Unknown,6.4 days,,Transit
3511,Super Earth,2018,4.5 Earths,1.96 x Earth,0.0409 AU,2.9 days,,Transit
3512,Super Earth,2018,7 Earths,2.03 x Earth,0.0769 AU,8.3 days,0.0,Transit
3513,Super Earth,2018,2.55 Earths,1.0 x Earth,0.0131 AU,0.6 days,0.0,Transit
3514,Super Earth,2018,1.92 Earths,1.21 x Earth,0.0338 AU,2.7 days,,Transit
3515,Super Earth,2018,3.41 Earths,1.66551298 x Earth,Unknown,13.6 days,,Transit
3516,Super Earth,2018,2.98 Earths,1.53899305 x Earth,0.04095 AU,3.3 days,0.22,Transit
3517,Neptune-like,2018,12.7 Earths,0.322 x Jupiter,0.1409 AU,15.9 days,0.23,Transit
3518,Super Earth,2018,3.05 Earths,1.56 x Earth,0.0516 AU,4.5 days,,Transit
3519,Super Earth,2018,2.86 Earths,1.5 x Earth,0.0549 AU,4.6 days,,Transit
3520,Terrestrial,2018,0.64 Earths,0.89 x Earth,0.0127 AU,0.5 days,,Transit
3521,Gas Giant,2018,3.91 Jupiters,1.586 x Jupiter,0.05224 AU,3.6 days,0.0,Transit
3522,Super Earth,2018,4.27 Earths,1.9 x Earth,0.1937 AU,40.7 days,,Transit
3523,Neptune-like,2018,7.27 Earths,0.23195646 x Jupiter,0.0946 AU,13.9 days,,Transit
3524,Super Earth,2018,3.89 Earths,1.8 x Earth,0.0562 AU,6.3 days,,Transit
3525,Super Earth,2018,4.94 Earths,2.07 x Earth,0.0677 AU,8 days,,Transit
3526,Super Earth,2018,4.62 Earths,1.99 x Earth,0.0405 AU,3.7 days,,Transit
3527,Super Earth,2018,2.77 Earths,1.47286006 x Earth,0.01575 AU,1 days,0.38,Transit
3528,Super Earth,2018,5.77 Earths,2.05 x Earth,0.0248 AU,2.6 days,0.13,Transit
3529,Super Earth,2018,4.66 Earths,2.0 x Earth,0.0614 AU,7.5 days,,Transit
3530,Neptune-like,2018,5.86 Earths,0.20430012 x Jupiter,0.1716 AU,32.6 days,,Transit
3531,Super Earth,2018,2.83 Earths,1.49 x Earth,0.0373 AU,3.8 days,,Transit
3532,Super Earth,2018,4.66 Earths,2.0 x Earth,0.0727 AU,10.6 days,,Transit
3533,Super Earth,2018,3.33 Earths,1.64 x Earth,0.083 AU,11.3 days,,Transit
3534,Super Earth,2018,3.33 Earths,1.64 x Earth,0.0774 AU,9.8 days,,Transit
3535,Super Earth,2018,3.64 Earths,1.73 x Earth,0.0616 AU,6.9 days,,Transit
3536,Super Earth,2018,2.33 Earths,1.33 x Earth,0.0454 AU,4.4 days,,Transit
3537,Neptune-like,2018,8 Earths,0.62449925 x Jupiter,0.0683 AU,7.7 days,< 0.092,Transit
3538,Super Earth,2018,4.97 Earths,1.51 x Earth,0.00747 AU,0.3 days,0.0,Transit
3539,Gas Giant,2018,3.216 Jupiters,1.1526452 x Jupiter,0.0523 AU,4.2 days,0.1,Transit
3540,Terrestrial,2017,1.63 Earths,2.904 x Earth,0.10447 AU,12.8 days,0.06,Transit
3541,Neptune-like,2017,12.97 Earths,0.30243554 x Jupiter,0.0782 AU,8.3 days,0.08,Transit
3542,Super Earth,2017,7.92 Earths,2.39 x Earth,0.05893 AU,5.4 days,0.04,Transit
3543,Neptune-like,2017,6.31 Earths,0.20510304 x Jupiter,0.04461 AU,3.6 days,0.04,Transit
3544,Super Earth,2017,3.1 Earths,1.51 x Earth,0.03385 AU,2.4 days,0.05,Transit
3545,Gas Giant,2017,0.93 Jupiters,1.21 x Jupiter,0.068 AU,6.6 days,0.0,Transit
3546,Gas Giant,2017,0.595 Jupiters,1.34 x Jupiter,0.04753 AU,3.9 days,< 0.33,Transit
3547,Gas Giant,2017,2.24 Jupiters,1.382 x Jupiter,0.02498 AU,1.4 days,< 0.246,Transit
3548,Gas Giant,2017,0.768 Jupiters,1.41 x Jupiter,0.04639 AU,3.3 days,< 0.33,Transit
3549,Gas Giant,2017,0.39 Jupiters,1.13 x Jupiter,0.05046 AU,3.8 days,< 0.516,Transit
3550,Neptune-like,2017,7.51 Earths,0.236 x Jupiter (estimate),0.06 AU,9 days,< 0.47,Radial Velocity
3551,Gas Giant,2017,0.387 Jupiters,0.81273976 x Jupiter,0.1796 AU,28.4 days,0.12,Transit
3552,Super Earth,2017,2.3 Earths,1.32 x Earth,0.1201380843 AU,14.4 days,0.0,Transit
3553,Super Earth,2017,0.065 Earths,1.13 x Earth,Unknown,14.6 days,0.13,Transit
3554,Gas Giant,2013,0.63870943 Jupiters,1.00383793 x Jupiter,0.97062 AU,331.6 days,0.03,Transit
3555,Neptune-like,2013,15 Earths,0.68855503 x Jupiter,0.71704 AU,210.7 days,0.03,Transit
3556,Neptune-like,2013,8.65 Earths,0.257 x Jupiter,0.48 AU,124.9 days,0.0,Transit
3557,Neptune-like,2013,7.56 Earths,0.237 x Jupiter,0.42 AU,91.9 days,0.0,Transit
3558,Neptune-like,2013,8.6 Earths,0.256 x Jupiter,0.32 AU,59.7 days,0.0,Transit
3559,Super Earth,2013,1.81 Earths,1.19 x Earth,0.089 AU,8.7 days,0.0,Transit
3560,Super Earth,2013,2.27 Earths,1.31 x Earth,0.074 AU,7 days,0.0,Transit
3561,Gas Giant,2016,3.4 Jupiters,1.17 x Jupiter (estimate),1.6 AU,3.7 years,,Microlensing
3562,Gas Giant,2016,3.11 Jupiters,1.17 x Jupiter (estimate),2.04 AU,3.8 years,,Microlensing
3563,Gas Giant,2015,0.65 Jupiters,1.25 x Jupiter (estimate),3.48 AU,6.8 years,,Microlensing
3564,Gas Giant,2014,13 Jupiters,1.1 x Jupiter (estimate),0.8 AU,2.3 years,,Microlensing
3565,Gas Giant,2013,2.73 Jupiters,1.18 x Jupiter (estimate),3.45 AU,9.7 years,,Microlensing
3566,Gas Giant,2012,0.86 Jupiters,1.24 x Jupiter (estimate),4.8 AU,10.2 years,,Microlensing
3567,Gas Giant,2012,0.145 Jupiters,0.688 x Jupiter (estimate),4 AU,7.8 years,,Microlensing
3568,Gas Giant,2012,0.53 Jupiters,1.27 x Jupiter (estimate),2.72 AU,8.8 years,,Microlensing
3569,Gas Giant,2014,4.6 Jupiters,1.15 x Jupiter (estimate),1.7 AU,3.6 years,,Microlensing
3570,Gas Giant,2014,0.18 Jupiters,0.78 x Jupiter (estimate),15 AU,69 years,,Microlensing
3571,Gas Giant,2008,0.27 Jupiters,0.994 x Jupiter (estimate),4.5 AU,13.5 years,0.15,Microlensing
3572,Gas Giant,2008,0.727 Jupiters,1.25 x Jupiter (estimate),2.3 AU,4.9 years,,Microlensing
3573,Gas Giant,2015,0.27 Jupiters,0.994 x Jupiter (estimate),1.72 AU,5.3 years,,Microlensing
3574,Neptune-like,2006,14.1 Earths,0.343 x Jupiter (estimate),3.5 AU,7.9 years,,Microlensing
3575,Gas Giant,2005,3.8 Jupiters,1.16 x Jupiter (estimate),3.6 AU,10.1 years,,Microlensing
3576,Super Earth,2016,3.24 Earths,1.62 x Earth (estimate),0.93 AU,5.8 years,,Microlensing
3577,Gas Giant,2004,2.6 Jupiters,1.18 x Jupiter (estimate),4.3 AU,11.2 years,,Microlensing
3578,Gas Giant,2013,11.6 Jupiters,1.11 x Jupiter (estimate),4.3 AU,14.3 years,,Microlensing
3579,Gas Giant,2012,4.8 Jupiters,1.15 x Jupiter (estimate),1.1 AU,8.2 years,,Microlensing
3580,Gas Giant,2012,1.5 Jupiters,1.21 x Jupiter (estimate),2 AU,3.5 years,,Microlensing
3581,Gas Giant,2012,11 Jupiters,1.11 x Jupiter (estimate),1.21 AU,3.3 years,,Microlensing
3582,Gas Giant,2010,0.212 Jupiters,0.86 x Jupiter (estimate),2.03 AU,4 years,,Microlensing
3583,Neptune-like,2011,10.4 Earths,0.286 x Jupiter (estimate),3.2 AU,7.7 years,,Microlensing
3584,Gas Giant,2013,4.1 Jupiters,1.16 x Jupiter (estimate),2.7 AU,5.9 years,,Microlensing
3585,Neptune-like,2009,23.4 Earths,0.462 x Jupiter (estimate),1.1 AU,2.5 years,,Microlensing
3586,Gas Giant,2008,1.7 Jupiters,1.2 x Jupiter (estimate),5.9 AU,17.3 years,,Microlensing
3587,Gas Giant,2017,13.38 Jupiters,1.1 x Jupiter (estimate),2.17 AU,3.3 years,0.42,Microlensing
3588,Gas Giant,2017,2.8 Jupiters,1.18 x Jupiter (estimate),1.39 AU,3 years,,Microlensing
3589,Gas Giant,2016,0.72 Jupiters,1.25 x Jupiter (estimate),0.73 AU,2 years,,Microlensing
3590,Neptune-like,2014,17 Earths,0.383 x Jupiter (estimate),0.95 AU,2.8 years,,Microlensing
3591,Neptune-like,2013,9.2 Earths,0.266 x Jupiter (estimate),0.92 AU,2.7 years,,Microlensing
3592,Gas Giant,2013,1.85 Jupiters,1.2 x Jupiter (estimate),0.87 AU,5.5 years,,Microlensing
3593,Gas Giant,2015,0.88 Jupiters,1.24 x Jupiter (estimate),1.89 AU,5.7 years,,Microlensing
3594,Neptune-like,2009,20 Earths,0.421 x Jupiter (estimate),2.8 AU,5.9 years,,Microlensing
3595,Neptune-like,2005,5.5 Earths,2.21 x Earth (estimate),2.6 AU,9 years,,Microlensing
3596,Gas Giant,2010,2.6 Jupiters,1.18 x Jupiter (estimate),1.8 AU,5.4 years,,Microlensing
3597,Neptune-like,2008,12.49 Earths,0.319 x Jupiter (estimate),2.02 AU,5.4 years,,Microlensing
3598,Gas Giant,2016,0.47 Jupiters,1.27 x Jupiter (estimate),1.6 AU,3.8 years,,Microlensing
3599,Gas Giant,2015,0.39 Jupiters,1.21 x Jupiter (estimate),0.74 AU,398.7 days,,Microlensing
3600,Neptune-like,2016,30 Earths,0.535 x Jupiter (estimate),4.14 AU,9.7 years,,Microlensing
3601,Neptune-like,2016,21 Earths,0.433 x Jupiter (estimate),2.7 AU,7.2 years,,Microlensing
3602,Gas Giant,2017,0.812 Jupiters,1.33 x Jupiter,0.0326 AU,2.6 days,0.02,Transit
3603,Neptune-like,2017,5.35 Earths,2.17 x Earth,0.4706 AU,140.3 days,0.0,Transit
3604,Super Earth,2017,3.19 Earths,1.6 x Earth,0.1654 AU,38.1 days,0.0,Transit
3605,Terrestrial,2017,0.5 Jupiters,0.64 x Earth,0.0058 AU,0.2 days,0.0,Transit
3606,Super Earth,2017,3 Earths,1.565 x Earth,0.1538 AU,25.6 days,0.07,Transit
3607,Super Earth,2017,18.1 Earths,3.0 x Earth,0.1185 AU,17.3 days,0.05,Transit
3608,Super Earth,2017,4.3 Earths,1.014 x Earth,0.0707 AU,8 days,0.14,Transit
3609,Gas Giant,2017,3.382 Jupiters,1.741 x Jupiter,0.0542 AU,3.5 days,0.0,Transit
3610,Gas Giant,2017,3.7 Jupiters,1.597 x Jupiter,0.040352 AU,2.1 days,0.0,Transit
3611,Gas Giant,2017,0.64 Jupiters,1.26 x Jupiter (estimate),2.6 AU,6.2 years,,Microlensing
3612,Gas Giant,2017,0.29 Jupiters,1.03 x Jupiter (estimate),3.6 AU,9.3 years,,Microlensing
3613,Gas Giant,2017,0.39 Jupiters,1.55 x Jupiter,0.048 AU,3.3 days,< 0.009,Transit
3614,Gas Giant,2017,0.316 Jupiters,1.187 x Jupiter,0.055 AU,4.5 days,0.0,Transit
3615,Super Earth,2017,4.67 Earths,2.003 x Earth,0.07487 AU,11 days,,Transit
3616,Super Earth,2017,3.2 Earths,1.603 x Earth,0.04341 AU,4.9 days,,Transit
3617,Super Earth,2017,2.36 Earths,1.34 x Earth,0.03194 AU,3.1 days,,Transit
3618,Super Earth,2017,7.9 Earths,1.69 x Earth,0.00936 AU,0.4 days,0.0,Transit
3619,Gas Giant,2017,0.49 Jupiters,1.3 x Jupiter,0.0916 AU,9.2 days,0.29,Transit
3620,Super Earth,2017,2.1 Earths,1.25 x Earth,0.032 AU,2.5 days,0.17,Transit
3621,Super Earth,2017,1.12 Earths,1.04 x Earth,0.057 AU,8.2 days,0.13,Transit
3622,Super Earth,2017,2.6 Earths,1.42 x Earth,0.056 AU,5.7 days,0.23,Transit
3623,Gas Giant,2017,0.167 Jupiters,0.74672138 x Jupiter,0.0411 AU,3.6 days,0.12,Transit
3624,Super Earth,2017,4.54 Earths,1.97 x Earth,0.0656 AU,7.4 days,0.06,Transit
3625,Neptune-like,2017,5.39 Earths,2.18 x Earth,0.121 AU,21.8 days,0.08,Transit
3626,Neptune-like,2017,8.75 Earths,0.25872067 x Jupiter,0.049 AU,6.4 days,0.08,Transit
3627,Neptune-like,2017,8.05 Earths,0.24623071 x Jupiter,0.1649 AU,31 days,0.06,Transit
3628,Super Earth,2017,1.65 Earths,1.16 x Earth,0.0373 AU,2.2 days,0.21,Transit
3629,Gas Giant,2017,0.16046394 Jupiters,0.63877351 x Jupiter,0.0525 AU,5.2 days,0.22,Transit
3630,Neptune-like,2017,6.94 Earths,0.22571148 x Jupiter,0.0698 AU,7.7 days,0.07,Transit
3631,Neptune-like,2017,6.99 Earths,0.22660362 x Jupiter,0.245 AU,50.9 days,0.2,Transit
3632,Super Earth,2017,4.9 Earths,2.06 x Earth,0.0492 AU,5.4 days,0.15,Transit
3633,Super Earth,2017,4.78 Earths,2.03 x Earth,0.0189 AU,1.3 days,0.06,Transit
3634,Terrestrial,2017,0.257 Earths,0.69 x Earth,0.048 AU,4.7 days,0.06,Transit
3635,Super Earth,2015,9 Earths,1.83 x Earth,0.01673 AU,0.8 days,0.0,Transit
3636,Neptune-like,2015,15.5 Earths,0.32563175 x Jupiter,0.085 AU,9 days,0.0,Transit
3637,Gas Giant,2015,1.40641928 Jupiters,Unknown,1.393 AU,1.6 years,0.26,Radial Velocity
3638,Gas Giant,2015,3.18 Jupiters,1.17 x Jupiter (estimate),1.07 AU,421 days,0.29,Radial Velocity
3639,Neptune-like,2016,9.32 Earths,0.26853421 x Jupiter,0.0854 AU,9.1 days,0.0,Transit
3640,Neptune-like,2016,17 Earths,0.38272816 x Jupiter,0.03022 AU,1.9 days,0.0,Transit
3641,Super Earth,2016,2.86 Earths,1.5 x Earth,0.08832 AU,9.9 days,0.0,Transit
3642,Super Earth,2016,2.86 Earths,1.5 x Earth,0.04766 AU,3.9 days,0.0,Transit
3643,Neptune-like,2016,14.1 Earths,0.34258185 x Jupiter,0.14354 AU,20.5 days,0.0,Transit
3644,Gas Giant,2015,0.66 Jupiters,1.62 x Jupiter,0.0455 AU,3.2 days,0.04,Transit
3645,Gas Giant,2015,3.71 Jupiters,1.16 x Jupiter (estimate),2.39 AU,3.5 years,0.21,Radial Velocity
3646,Super Earth,2015,5.11 Earths,2.078 x Earth,0.0747 AU,10.1 days,0.11,Transit
3647,Neptune-like,2015,1.4 Jupiters,0.20519261 x Jupiter,0.009 AU,0.4 days,0.19,Transit
3648,Gas Giant,2010,7.246 Jupiters,0.867 x Jupiter,0.0361 AU,2.9 days,0.01,Transit
3649,Gas Giant,2016,6.7 Jupiters,1.033 x Jupiter,0.898 AU,328.2 days,0.35,Transit
3650,Gas Giant,2016,0.365 Jupiters,0.423 x Jupiter,0.04766 AU,4 days,0.0,Transit
3651,Neptune-like,2016,7.85 Earths,0.24266215 x Jupiter,0.5177 AU,142.5 days,0.0,Transit
3652,Neptune-like,2014,9.64 Earths,0.274 x Jupiter,0.356 AU,67.8 days,0.0,Transit
3653,Neptune-like,2014,11.4 Earths,0.302 x Jupiter,0.075 AU,6.6 days,0.0,Transit
3654,Super Earth,2014,2.57 Earths,1.41 x Earth,0.168 AU,25.1 days,0.0,Transit
3655,Super Earth,2014,1.46 Earths,1.12 x Earth,0.061 AU,5.5 days,0.0,Transit
3656,Super Earth,2014,1.41 Earths,1.11 x Earth,0.135 AU,24.1 days,0.0,Transit
3657,Super Earth,2014,28.2 Earths,1.32 x Earth,0.087 AU,12.6 days,0.0,Transit
3658,Super Earth,2014,1.32 Earths,1.09 x Earth,0.114 AU,16 days,0.0,Transit
3659,Super Earth,2014,1.71 Earths,1.17 x Earth,0.07 AU,7.6 days,0.0,Transit
3660,Super Earth,2014,3.33 Earths,1.64 x Earth,0.159 AU,32.1 days,0.0,Transit
3661,Super Earth,2014,4.04 Earths,1.84 x Earth,0.105 AU,17.3 days,0.0,Transit
3662,Super Earth,2014,4.46 Earths,1.95 x Earth,0.116 AU,16 days,0.0,Transit
3663,Super Earth,2014,2.39 Earths,1.35 x Earth,0.075 AU,8.3 days,0.0,Transit
3664,Super Earth,2014,4.38 Earths,1.93 x Earth,0.113 AU,18.7 days,0.0,Transit
3665,Super Earth,2013,28.5 Earths,2.3 x Earth,0.2199 AU,34.9 days,0.0,Transit
3666,Super Earth,2014,3.64 Earths,1.73 x Earth,0.09 AU,14 days,0.0,Transit
3667,Super Earth,2014,1.41 Earths,1.11 x Earth,0.029 AU,2.5 days,0.0,Transit
3668,Super Earth,2014,6.9 Earths,1.21 x Earth,0.066 AU,6.8 days,0.0,Transit
3669,Super Earth,2014,17.4 Earths,1.4 x Earth,0.051 AU,4.6 days,0.0,Transit
3670,Super Earth,2014,0.14 Jupiters,1.52 x Earth,0.032 AU,2.2 days,0.0,Transit
3671,Neptune-like,2014,6.99 Earths,0.227 x Jupiter,0.105 AU,12.8 days,0.0,Transit
3672,Neptune-like,2014,8.8 Earths,0.26 x Jupiter,0.053 AU,4.5 days,0.0,Transit
3673,Neptune-like,2014,6.2 Earths,0.281 x Jupiter,0.26 AU,51.8 days,0.0,Transit
3674,Super Earth,2014,6.8 Earths,1.57 x Earth,0.0458 AU,3.6 days,< 0.095,Transit
3675,Super Earth,2016,2.83 Earths,1.49 x Earth,0.1176 AU,14.1 days,0.0,Transit
3676,Super Earth,2016,4.58 Earths,1.98 x Earth,0.0388 AU,2.8 days,0.0,Transit
3677,Neptune-like,2016,6.26 Earths,0.21232938 x Jupiter,0.2495 AU,46.9 days,0.0,Transit
3678,Super Earth,2016,3.64 Earths,1.73 x Earth,0.044 AU,3.8 days,0.0,Transit
3679,Neptune-like,2016,7.85 Earths,0.24266215 x Jupiter,0.3679 AU,111 days,0.0,Transit
3680,Neptune-like,2016,9.32 Earths,0.26853421 x Jupiter,0.1629 AU,27.5 days,0.0,Transit
3681,Super Earth,2016,2.04 Earths,1.23 x Earth,0.0335 AU,2.3 days,0.0,Transit
3682,Neptune-like,2016,7.41 Earths,0.23463288 x Jupiter,0.05542 AU,4.3 days,0.0,Transit
3683,Terrestrial,2016,0.904 Earths,0.98 x Earth,0.0315 AU,2.4 days,0.0,Transit
3684,Neptune-like,2016,11.5 Earths,0.30332768 x Jupiter,0.18395 AU,26 days,0.0,Transit
3685,Super Earth,2016,2.79 Earths,1.48 x Earth,0.15264 AU,21.1 days,0.0,Transit
3686,Super Earth,2016,3.19 Earths,1.6 x Earth,0.12353 AU,15.4 days,0.0,Transit
3687,Super Earth,2016,3.22 Earths,1.61 x Earth,0.059 AU,6.9 days,0.0,Transit
3688,Terrestrial,2016,0.937 Earths,0.99 x Earth,0.04413 AU,3.2 days,0.0,Transit
3689,Super Earth,2016,5.02 Earths,2.09 x Earth,0.29871 AU,56.2 days,0.0,Transit
3690,Super Earth,2016,3.57 Earths,1.71 x Earth,0.11858 AU,14.4 days,0.0,Transit
3691,Neptune-like,2016,7.61 Earths,0.23820145 x Jupiter,0.0741 AU,6.8 days,0.0,Transit
3692,Neptune-like,2016,7.04 Earths,0.22749576 x Jupiter,0.2159 AU,38.5 days,0.0,Transit
3693,Neptune-like,2016,5.43 Earths,2.19 x Earth,0.0756 AU,10.1 days,0.0,Transit
3694,Neptune-like,2016,8.96 Earths,0.26228923 x Jupiter,0.1688 AU,24.8 days,0.0,Transit
3695,Super Earth,2016,2.73 Earths,1.46 x Earth,0.01714 AU,0.9 days,0.0,Transit
3696,Neptune-like,2016,12.2 Earths,0.31492551 x Jupiter,0.5238 AU,148.5 days,0.0,Transit
3697,Super Earth,2016,2.18 Earths,1.28 x Earth,0.0198 AU,1.1 days,0.0,Transit
3698,Super Earth,2016,1.71 Earths,1.17 x Earth,0.03883 AU,2.7 days,0.0,Transit
3699,Neptune-like,2016,7.61 Earths,0.23820145 x Jupiter,0.0962 AU,14.6 days,,Transit
3700,Neptune-like,2016,14.8 Earths,0.3523954 x Jupiter,0.0612 AU,5.3 days,0.0,Transit
3701,Neptune-like,2016,17.9 Earths,0.39432599 x Jupiter,0.0747 AU,8.6 days,0.0,Transit
3702,Neptune-like,2016,8.91 Earths,0.26139709 x Jupiter,0.45332 AU,117 days,0.0,Transit
3703,Neptune-like,2016,11 Earths,0.22928004 x Jupiter,0.23236 AU,42.9 days,0.0,Transit
3704,Gas Giant,2016,Unknown,1.06967615 x Jupiter,0.0495 AU,4.5 days,0.0,Transit
3705,Gas Giant,2016,39.1 Earths,0.62449817 x Jupiter,0.0502 AU,4.1 days,0.0,Transit
3706,Neptune-like,2016,7.7 Earths,0.23998573 x Jupiter,0.11248 AU,13.2 days,0.0,Transit
3707,Neptune-like,2016,5.14 Earths,2.12 x Earth,0.15482 AU,21.4 days,0.0,Transit
3708,Neptune-like,2016,6.8 Earths,0.22303506 x Jupiter,0.1023 AU,13.9 days,0.0,Transit
3709,Neptune-like,2016,11.2 Earths,0.29975912 x Jupiter,0.06447 AU,5.1 days,0.0,Transit
3710,Neptune-like,2016,7.8 Earths,0.24177001 x Jupiter,0.58822 AU,172.7 days,0.0,Transit
3711,Gas Giant,2016,0.97 Jupiters,0.747 x Jupiter,0.4988 AU,125.6 days,< 0.39,Transit
3712,Super Earth,2016,2.57 Earths,1.41 x Earth,0.04317 AU,3.2 days,0.0,Transit
3713,Neptune-like,2016,9.8 Earths,0.27656348 x Jupiter,0.02835 AU,1.8 days,0.0,Transit
3714,Neptune-like,2016,6.17 Earths,0.2105451 x Jupiter,0.06011 AU,4.9 days,0.0,Transit
3715,Neptune-like,2016,5.65 Earths,2.24 x Earth,0.1272 AU,16 days,0.0,Transit
3716,Neptune-like,2016,7.13 Earths,0.22928004 x Jupiter,0.10151 AU,12.9 days,0.0,Transit
3717,Neptune-like,2016,8.15 Earths,0.24801499 x Jupiter,0.17446 AU,29.9 days,0.0,Transit
3718,Neptune-like,2016,9.32 Earths,0.26853421 x Jupiter,0.21491 AU,39.3 days,0.0,Transit
3719,Super Earth,2016,4.66 Earths,2.0 x Earth,0.1075 AU,12.8 days,0.0,Transit
3720,Super Earth,2016,4.12 Earths,1.86 x Earth,0.0309 AU,2 days,0.0,Transit
3721,Super Earth,2016,4.98 Earths,2.08 x Earth,0.14219 AU,19.8 days,0.0,Transit
3722,Neptune-like,2016,8.45 Earths,0.25336783 x Jupiter,0.11646 AU,13.3 days,0.0,Transit
3723,Super Earth,2016,4.62 Earths,1.99 x Earth,0.06518 AU,5.5 days,0.0,Transit
3724,Neptune-like,2016,7.41 Earths,0.23463288 x Jupiter,0.14386 AU,18.7 days,0.0,Transit
3725,Terrestrial,2016,0.84 Earths,0.96 x Earth,0.03046 AU,1.9 days,0.0,Transit
3726,Super Earth,2014,3.9 Earths,1.381 x Earth,0.02778 AU,1.7 days,< 0.095,Transit
3727,Super Earth,2014,3.43 Earths,1.67 x Earth,0.051 AU,4.3 days,0.0,Transit
3728,Neptune-like,2014,13.6 Earths,0.33544473 x Jupiter,0.1192 AU,13.7 days,0.0,Transit
3729,Neptune-like,2014,5.14 Earths,2.12 x Earth,0.111 AU,16.7 days,0.0,Transit
3730,Neptune-like,2014,5.9 Earths,0.205 x Jupiter,0.054 AU,5 days,0.0,Transit
3731,Neptune-like,2014,5.73 Earths,0.202 x Jupiter,0.198 AU,33 days,0.0,Transit
3732,Super Earth,2014,5.02 Earths,2.09 x Earth,0.16 AU,24.7 days,0.0,Transit
3733,Neptune-like,2014,13.2 Earths,0.329 x Jupiter,0.073 AU,7.4 days,0.0,Transit
3734,Gas Giant,2011,8.4 Jupiters,1.136 x Jupiter,0.0771 AU,6.8 days,0.04,Transit
3735,Gas Giant,2016,0.177 Jupiters,0.77437773 x Jupiter,0.2607 AU,51.8 days,0.0,Transit
3736,Super Earth,2014,4.62 Earths,1.99 x Earth,0.032 AU,2 days,0.0,Transit
3737,Super Earth,2014,3.22 Earths,1.61 x Earth,0.045 AU,3.3 days,0.0,Transit
3738,Super Earth,2014,2.3 Earths,1.51 x Earth,0.0913 AU,13.8 days,0.02,Transit
3739,Super Earth,2014,4.62 Earths,1.99 x Earth,0.133 AU,16.4 days,0.0,Transit
3740,Super Earth,2014,2.13 Earths,1.26 x Earth,0.092 AU,10.1 days,0.0,Transit
3741,Super Earth,2014,2.18 Earths,1.28 x Earth,0.068 AU,6.4 days,0.0,Transit
3742,Super Earth,2014,8.25 Earths,0.84 x Earth,0.17391 AU,25.5 days,0.0,Transit
3743,Neptune-like,2014,8.75 Earths,0.259 x Jupiter,0.178 AU,27.5 days,0.0,Transit
3744,Super Earth,2013,3.38 Earths,1.521 x Earth,0.16517 AU,22.8 days,0.04,Transit
3745,Super Earth,2014,2.54 Earths,1.4 x Earth,0.125 AU,14.4 days,0.47,Transit
3746,Terrestrial,2014,0.33 Earths,0.74 x Earth,0.051 AU,5.8 days,0.0,Transit
3747,Terrestrial,2014,0.315 Earths,0.73 x Earth,0.039 AU,3.4 days,0.0,Transit
3748,Neptune-like,2014,5.48 Earths,2.2 x Earth,0.155 AU,21.6 days,0.0,Transit
3749,Neptune-like,2014,6.08 Earths,0.209 x Jupiter,0.039 AU,3.2 days,0.0,Transit
3750,Neptune-like,2014,12.6 Earths,0.321 x Jupiter,0.035 AU,2.4 days,0.0,Transit
3751,Neptune-like,2014,5.9 Earths,0.205 x Jupiter,0.116 AU,13.1 days,0.0,Transit
3752,Super Earth,2013,2.8 Earths,1.6 x Earth,0.06482 AU,8 days,0.0,Transit
3753,Neptune-like,2014,6.35 Earths,0.214 x Jupiter,0.172 AU,28.6 days,0.0,Transit
3754,Super Earth,2016,4.31 Earths,1.91 x Earth,0.07955 AU,8 days,0.0,Transit
3755,Terrestrial,2016,0.615 Earths,0.88 x Earth,0.02909 AU,1.6 days,0.0,Transit
3756,Neptune-like,2014,5.99 Earths,0.207 x Jupiter,0.11 AU,13.1 days,0.0,Transit
3757,Super Earth,2014,3.78 Earths,1.77 x Earth,0.057 AU,4.9 days,0.0,Transit
3758,Super Earth,2014,2.45 Earths,1.37 x Earth,0.142 AU,17.9 days,0.0,Transit
3759,Neptune-like,2014,5.86 Earths,0.204 x Jupiter,0.191 AU,31.8 days,0.0,Transit
3760,Neptune-like,2014,7.41 Earths,0.235 x Jupiter,0.069 AU,6.9 days,0.0,Transit
3761,Super Earth,2014,3.29 Earths,1.63 x Earth,0.051 AU,4.4 days,0.0,Transit
3762,Neptune-like,2014,13.1 Earths,0.328 x Jupiter,0.105 AU,11.8 days,0.0,Transit
3763,Super Earth,2014,3.61 Earths,1.72 x Earth,0.083 AU,8.8 days,0.0,Transit
3764,Super Earth,2014,0.345 Jupiters,2.09 x Earth,0.061 AU,5.5 days,0.0,Transit
3765,Super Earth,2014,1.65 Earths,1.16 x Earth,0.058 AU,6.8 days,0.0,Transit
3766,Neptune-like,2014,16.1 Earths,0.37 x Jupiter,0.791 AU,265.5 days,0.0,Transit
3767,Neptune-like,2014,13.7 Earths,0.336 x Jupiter,0.402 AU,96.1 days,0.0,Transit
3768,Neptune-like,2014,8.75 Earths,0.259 x Jupiter,0.064 AU,6 days,0.0,Transit
3769,Neptune-like,2014,7.13 Earths,0.229 x Jupiter,0.208 AU,32.3 days,0.0,Transit
3770,Neptune-like,2014,6.94 Earths,0.226 x Jupiter,0.125 AU,15 days,0.0,Transit
3771,Neptune-like,2014,10.1 Earths,0.281 x Jupiter,0.153 AU,19.7 days,0.0,Transit
3772,Super Earth,2014,2.63 Earths,1.43 x Earth,0.145 AU,19.7 days,0.0,Transit
3773,Super Earth,2014,3.53 Earths,1.7 x Earth,0.087 AU,9.2 days,0.0,Transit
3774,Super Earth,2014,7 Earths,2.47 x Earth,0.392 AU,92.9 days,0.0,Transit
3775,Neptune-like,2014,11.4 Earths,0.302 x Jupiter,0.281 AU,56.5 days,0.0,Transit
3776,Neptune-like,2014,6.85 Earths,0.224 x Jupiter,0.401 AU,105.4 days,0.0,Transit
3777,Super Earth,2014,3.05 Earths,1.56 x Earth,0.059 AU,5.9 days,0.0,Transit
3778,Neptune-like,2014,5.31 Earths,2.16 x Earth,0.123 AU,15.4 days,0.0,Transit
3779,Neptune-like,2013,3.64 Earths,2.2 x Earth,0.10896 AU,13.1 days,0.0,Transit
3780,Neptune-like,2013,7.44 Earths,0.21679008 x Jupiter,0.09359 AU,10.4 days,0.0,Transit
3781,Neptune-like,2014,5.52 Earths,2.21 x Earth,0.198 AU,31.7 days,0.0,Transit
3782,Neptune-like,2016,5.73 Earths,0.2016237 x Jupiter,0.0965 AU,12.1 days,0.0,Transit
3783,Neptune-like,2016,6.85 Earths,0.2239272 x Jupiter,0.0761 AU,7.6 days,0.0,Transit
3784,Terrestrial,2016,0.59 Earths,0.87 x Earth,0.0218 AU,1.2 days,0.0,Transit
3785,Neptune-like,2016,6.71 Earths,0.22125078 x Jupiter,0.1338 AU,19.3 days,0.0,Transit
3786,Super Earth,2016,2.13 Earths,1.26 x Earth,0.047 AU,4.4 days,0.0,Transit
3787,Super Earth,2016,2.33 Earths,1.33 x Earth,0.0354 AU,2.5 days,0.0,Transit
3788,Neptune-like,2016,5.52 Earths,2.21 x Earth,0.1977 AU,36.5 days,0.0,Transit
3789,Super Earth,2016,4.58 Earths,1.98 x Earth,0.21607 AU,37.3 days,0.0,Transit
3790,Neptune-like,2016,14.5 Earths,0.34882684 x Jupiter,0.3033 AU,66.4 days,0.0,Transit
3791,Neptune-like,2016,7.41 Earths,0.23463288 x Jupiter,0.30284 AU,62.1 days,0.0,Transit
3792,Neptune-like,2016,6.17 Earths,0.2105451 x Jupiter,0.0805 AU,11 days,0.0,Transit
3793,Neptune-like,2016,6.04 Earths,0.20786868 x Jupiter,0.1034 AU,13.5 days,0.0,Transit
3794,Neptune-like,2016,5.82 Earths,0.20340798 x Jupiter,0.37594 AU,96.9 days,0.0,Transit
3795,Super Earth,2016,2.73 Earths,1.46 x Earth,0.0221 AU,1.4 days,0.0,Transit
3796,Neptune-like,2016,7.18 Earths,0.23017218 x Jupiter,0.253 AU,49.1 days,0.0,Transit
3797,Super Earth,2016,4.62 Earths,1.99 x Earth,0.07196 AU,7.2 days,0.0,Transit
3798,Neptune-like,2016,13.1 Earths,0.32830761 x Jupiter,0.43519 AU,105.7 days,0.0,Transit
3799,Neptune-like,2016,5.39 Earths,2.18 x Earth,0.03044 AU,2 days,0.0,Transit
3800,Neptune-like,2016,12.3 Earths,0.31670979 x Jupiter,0.1345 AU,16 days,0.0,Transit
3801,Neptune-like,2016,6.3 Earths,0.21322152 x Jupiter,0.121 AU,16.6 days,0.0,Transit
3802,Neptune-like,2016,5.27 Earths,2.15 x Earth,0.137 AU,18.9 days,0.0,Transit
3803,Super Earth,2016,2.21 Earths,1.29 x Earth,0.06066 AU,5.5 days,0.0,Transit
3804,Neptune-like,2016,8.6 Earths,0.25604425 x Jupiter,0.0633 AU,5.8 days,0.0,Transit
3805,Neptune-like,2016,5.99 Earths,0.20697654 x Jupiter,0.193 AU,34.3 days,0.0,Transit
3806,Neptune-like,2016,5.35 Earths,2.17 x Earth,0.0796 AU,11.4 days,0.0,Transit
3807,Neptune-like,2013,15.6 Earths,0.385 x Jupiter,0.1013 AU,10.4 days,0.43,Transit
3808,Super Earth,2016,14.03187979 Jupiters,1.21 x Earth,0.0175 AU,1 days,0.19,Transit
3809,Neptune-like,2016,7.41 Earths,0.23463288 x Jupiter,0.2259 AU,40.6 days,0.0,Transit
3810,Neptune-like,2016,7.13 Earths,0.22928004 x Jupiter,0.0683 AU,8.2 days,0.0,Transit
3811,Super Earth,2016,4.66 Earths,2.0 x Earth,0.0854 AU,9.7 days,0.0,Transit
3812,Super Earth,2016,4.66 Earths,2.0 x Earth,0.0266 AU,1.6 days,0.0,Transit
3813,Neptune-like,2016,10.7 Earths,0.29172986 x Jupiter,0.179 AU,29.9 days,0.0,Transit
3814,Neptune-like,2016,6.3 Earths,0.21322152 x Jupiter,0.0788 AU,9.4 days,0.0,Transit
3815,Super Earth,2016,4.5 Earths,1.96 x Earth,0.06159 AU,5.8 days,0.0,Transit
3816,Gas Giant,2016,38.2 Earths,0.61646891 x Jupiter,0.25029 AU,38.6 days,0.0,Transit
3817,Neptune-like,2016,10.2 Earths,0.2837006 x Jupiter,0.17116 AU,22.2 days,0.0,Transit
3818,Super Earth,2016,1.24 Earths,1.07 x Earth,0.06035 AU,5.2 days,0.0,Transit
3819,Super Earth,2016,3.39 Earths,1.66 x Earth,0.14628 AU,19.7 days,0.0,Transit
3820,Neptune-like,2016,5.06 Earths,2.1 x Earth,0.15932 AU,24.3 days,0.0,Transit
3821,Neptune-like,2016,5.1 Earths,2.11 x Earth,0.07996 AU,8.5 days,0.0,Transit
3822,Neptune-like,2016,7.61 Earths,0.23820145 x Jupiter,0.28682 AU,60.9 days,0.0,Transit
3823,Neptune-like,2016,27.9 Earths,0.5120885 x Jupiter,0.1992 AU,24.9 days,0.0,Transit
3824,Super Earth,2016,2.73 Earths,1.46 x Earth,0.1333 AU,20 days,0.0,Transit
3825,Super Earth,2016,3.61 Earths,1.72 x Earth,0.06559 AU,5.7 days,0.0,Transit
3826,Neptune-like,2016,5.48 Earths,2.2 x Earth,0.1779 AU,28.9 days,0.0,Transit
3827,Neptune-like,2016,7.7 Earths,0.23998573 x Jupiter,0.21395 AU,34.4 days,0.0,Transit
3828,Neptune-like,2016,33.1 Earths,0.56650906 x Jupiter,0.85672 AU,296.6 days,0.0,Transit
3829,Neptune-like,2016,6.66 Earths,0.22035864 x Jupiter,0.1352 AU,19.6 days,0.0,Transit
3830,Neptune-like,2016,6.76 Earths,0.22214292 x Jupiter,0.23702 AU,41.7 days,0.0,Transit
3831,Super Earth,2016,3.33 Earths,1.64 x Earth,0.17274 AU,25.3 days,0.0,Transit
3832,Super Earth,2016,5.69692195 Earths,1.3 x Earth,0.04781 AU,3.6 days,0.0,Transit
3833,Super Earth,2016,1.76 Earths,1.18 x Earth,0.43927 AU,110.3 days,0.0,Transit
3834,Neptune-like,2010,8 Earths,0.374 x Jupiter,0.195 AU,32 days,0.01,Transit
3835,Super Earth,2011,3.24 Earths,1.47 x Earth,0.01685 AU,0.8 days,0.0,Transit
3836,Neptune-like,2014,4.9 Earths,0.2221433 x Jupiter,0.0701 AU,6.5 days,< 0.11,Transit
3837,Super Earth,2014,7.7 Earths,0.86 x Earth,0.08377 AU,8 days,< 0.11,Transit
3838,Super Earth,2014,11.17 Earths,2.56 x Earth,0.24006 AU,43.8 days,0.0,Transit
3839,Terrestrial,2014,5.3 Earths,0.82 x Earth,0.06491 AU,6.2 days,0.0,Transit
3840,Neptune-like,2014,7.14430805 Earths,0.279 x Jupiter,0.153 AU,23.7 days,0.0,Transit
3841,Neptune-like,2014,11.67 Earths,0.31097386 x Jupiter,0.133 AU,16 days,0.17,Transit
3842,Super Earth,2014,3 Earths,1.154 x Earth,0.08618 AU,10.3 days,< 0.092,Transit
3843,Gas Giant,2014,0.16 Jupiters,0.51 x Jupiter,0.0474 AU,3.5 days,0.09,Transit
3844,Super Earth,2014,4.01 Earths,1.34 x Earth,0.07309 AU,6.9 days,0.13,Transit
3845,Gas Giant,2013,1.94 Jupiters,1.56 x Jupiter,0.04123 AU,2.7 days,0.0,Transit
3846,Neptune-like,2014,7 Earths,0.227 x Jupiter (estimate),0.311 AU,121.5 days,0.23,Radial Velocity
3847,Super Earth,2015,2.2 Earths,1.458 x Earth,0.2014 AU,44.6 days,0.09,Transit
3848,Super Earth,2014,2.39 Earths,1.35 x Earth,0.06 AU,5.4 days,0.0,Transit
3849,Super Earth,2014,3.43 Earths,1.67 x Earth,0.094 AU,10.4 days,0.0,Transit
3850,Super Earth,2014,2.3 Earths,1.32 x Earth,0.04 AU,2.9 days,0.0,Transit
3851,Neptune-like,2014,6.8 Earths,0.223 x Jupiter,0.305 AU,77.5 days,0.0,Transit
3852,Gas Giant,2014,0.132 Jupiters,0.583 x Jupiter,0.336 AU,74.9 days,0.0,Transit
3853,Gas Giant,2014,0.153 Jupiters,0.256 x Jupiter,0.217 AU,38.9 days,0.0,Transit
3854,Neptune-like,2016,6.08 Earths,0.20876082 x Jupiter,0.06918 AU,6 days,0.0,Transit
3855,Neptune-like,2016,5.99 Earths,0.20697654 x Jupiter,0.0626 AU,5.7 days,0.0,Transit
3856,Super Earth,2016,4.58 Earths,1.98 x Earth,0.0474 AU,3.8 days,0.0,Transit
3857,Neptune-like,2016,7.75 Earths,0.24087787 x Jupiter,0.1701 AU,28.3 days,0.0,Transit
3858,Super Earth,2016,3.19 Earths,1.6 x Earth,0.0177 AU,1.2 days,0.0,Transit
3859,Neptune-like,2016,9.11 Earths,0.26496565 x Jupiter,0.13 AU,22.1 days,0.0,Transit
3860,Neptune-like,2016,6.99 Earths,0.22660362 x Jupiter,0.3104 AU,82.5 days,0.0,Transit
3861,Super Earth,2016,2.96 Earths,1.53 x Earth,0.01232 AU,0.5 days,0.0,Transit
3862,Neptune-like,2016,7.27 Earths,0.23195646 x Jupiter,0.08595 AU,9.9 days,0.0,Transit
3863,Neptune-like,2016,5.52 Earths,2.21 x Earth,0.0734 AU,8 days,0.0,Transit
3864,Neptune-like,2016,10.7 Earths,0.29083772 x Jupiter,0.4238 AU,105.3 days,0.0,Transit
3865,Neptune-like,2016,6.17 Earths,0.2105451 x Jupiter,0.29131 AU,56.4 days,0.0,Transit
3866,Neptune-like,2016,9.17 Earths,0.26585779 x Jupiter,0.44664 AU,116.3 days,0.0,Transit
3867,Neptune-like,2016,5.14 Earths,2.12 x Earth,0.23688 AU,43 days,0.0,Transit
3868,Neptune-like,2016,5.69 Earths,0.20073156 x Jupiter,0.1277 AU,15.8 days,0.0,Transit
3869,Neptune-like,2016,5.95 Earths,0.2060844 x Jupiter,0.0535 AU,4.5 days,0.0,Transit
3870,Neptune-like,2016,7.61 Earths,0.23820145 x Jupiter,0.09993 AU,11.6 days,0.0,Transit
3871,Neptune-like,2016,9.22 Earths,0.26674993 x Jupiter,0.2726 AU,49.6 days,0.0,Transit
3872,Neptune-like,2016,7.37 Earths,0.23374074 x Jupiter,0.162 AU,26.9 days,0.0,Transit
3873,Neptune-like,2016,6.3 Earths,0.21322152 x Jupiter,0.0723 AU,7.7 days,0.0,Transit
3874,Neptune-like,2016,7.18 Earths,0.23017218 x Jupiter,0.1192 AU,17.2 days,0.0,Transit
3875,Neptune-like,2014,5.77 Earths,0.203 x Jupiter,0.227 AU,44.8 days,0.0,Transit
3876,Neptune-like,2014,6.12 Earths,0.21 x Jupiter,0.067 AU,7.2 days,0.0,Transit
3877,Super Earth,2014,2.92 Earths,1.52 x Earth,0.05 AU,4.6 days,0.0,Transit
3878,Neptune-like,2014,6.2 Earths,0.24623113 x Jupiter,0.12091 AU,16.7 days,0.0,Transit
3879,Neptune-like,2013,6 Earths,0.294 x Jupiter,0.07568 AU,8.3 days,0.0,Transit
3880,Neptune-like,2013,10.5 Earths,0.321 x Jupiter,0.05746 AU,5.5 days,0.01,Transit
3881,Neptune-like,2014,8 Earths,0.245 x Jupiter,0.08 AU,9.7 days,0.0,Transit
3882,Neptune-like,2014,5.35 Earths,2.17 x Earth,0.054 AU,5.3 days,0.0,Transit
3883,Neptune-like,2014,8.55 Earths,0.255 x Jupiter,0.039 AU,3.3 days,0.0,Transit
3884,Super Earth,2014,1.55 Earths,1.14 x Earth,0.057 AU,7.1 days,0.0,Transit
3885,Terrestrial,2014,0.64 Earths,0.89 x Earth,0.024 AU,1.9 days,0.0,Transit
3886,Gas Giant,2014,Unknown,1.111 x Jupiter,0.503 AU,127.3 days,0.0,Transit
3887,Neptune-like,2014,15.5 Earths,0.362 x Jupiter,0.193 AU,30.2 days,0.0,Transit
3888,Super Earth,2014,3.71 Earths,1.75 x Earth,0.112 AU,13.8 days,0.0,Transit
3889,Neptune-like,2014,5.69 Earths,0.201 x Jupiter,0.232 AU,40.7 days,0.0,Transit
3890,Super Earth,2014,4.16 Earths,1.87 x Earth,0.22 AU,38.3 days,0.0,Transit
3891,Neptune-like,2014,7.51 Earths,0.236 x Jupiter,0.07 AU,6.9 days,0.0,Transit
3892,Super Earth,2014,4.38 Earths,1.93 x Earth,0.136 AU,22.9 days,0.0,Transit
3893,Super Earth,2014,3.89 Earths,1.8 x Earth,0.255 AU,63.3 days,< 0.33,Transit
3894,Super Earth,2016,2.18 Earths,1.28 x Earth,0.09755 AU,12.4 days,0.0,Transit
3895,Super Earth,2016,2.67 Earths,1.44 x Earth,0.048 AU,5.2 days,0.0,Transit
3896,Super Earth,2016,2.99 Earths,1.54 x Earth,0.1464 AU,19.8 days,0.0,Transit
3897,Super Earth,2016,2.86 Earths,1.5 x Earth,0.06717 AU,6.5 days,0.0,Transit
3898,Neptune-like,2016,32.5 Earths,0.56026407 x Jupiter,0.06791 AU,5.3 days,0.0,Transit
3899,Super Earth,2016,3.82 Earths,1.78 x Earth,0.04333 AU,3.6 days,0.0,Transit
3900,Super Earth,2016,3.57 Earths,1.71 x Earth,0.0564 AU,4.3 days,0.0,Transit
3901,Neptune-like,2016,10.1 Earths,0.28102418 x Jupiter,0.11147 AU,14.3 days,0.0,Transit
3902,Neptune-like,2016,20.3 Earths,0.42465876 x Jupiter,0.5326 AU,120 days,0.0,Transit
3903,Gas Giant,2012,0.37 Jupiters,1.41 x Jupiter,0.0574 AU,4.4 days,0.0,Transit
3904,Gas Giant,2012,2.68 Jupiters,1.41 x Jupiter,0.0521 AU,3.9 days,0.0,Transit
3905,Gas Giant,2012,0.55 Jupiters,0.88 x Jupiter,0.05548 AU,4.3 days,0.0,Transit
3906,Neptune-like,2016,7.46 Earths,0.23552502 x Jupiter,0.0546 AU,4.8 days,0.0,Transit
3907,Neptune-like,2016,6.57 Earths,0.21857436 x Jupiter,0.0497 AU,4.3 days,0.0,Transit
3908,Neptune-like,2016,10.1 Earths,0.28191632 x Jupiter,0.19784 AU,34.2 days,0.0,Transit
3909,Neptune-like,2016,5.69 Earths,0.20073156 x Jupiter,0.1229 AU,16.5 days,0.0,Transit
3910,Neptune-like,2016,5.27 Earths,2.15 x Earth,0.1247 AU,18.4 days,0.0,Transit
3911,Neptune-like,2016,12.9 Earths,0.32473905 x Jupiter,0.0501 AU,4.2 days,0.0,Transit
3912,Neptune-like,2016,19.4 Earths,0.41306093 x Jupiter,0.0484 AU,3.8 days,0.0,Transit
3913,Neptune-like,2016,23.7 Earths,0.46480507 x Jupiter,0.1333 AU,18 days,0.0,Transit
3914,Neptune-like,2016,7.65 Earths,0.23909359 x Jupiter,0.05947 AU,5.4 days,0.0,Transit
3915,Gas Giant,2016,38.7 Earths,0.62092961 x Jupiter,0.29256 AU,58.4 days,0.0,Transit
3916,Super Earth,2016,3.61 Earths,1.72 x Earth,0.0899 AU,18.5 days,0.17,Transit
3917,Neptune-like,2016,6.21 Earths,0.21143724 x Jupiter,0.1759 AU,29 days,0.0,Transit
3918,Neptune-like,2016,7.61 Earths,0.23820145 x Jupiter,0.0469 AU,3.7 days,0.0,Transit
3919,Neptune-like,2016,5.65 Earths,2.24 x Earth,0.09833 AU,11.7 days,0.0,Transit
3920,Neptune-like,2016,7.9 Earths,0.24355429 x Jupiter,0.07437 AU,6.9 days,0.0,Transit
3921,Super Earth,2016,3.15 Earths,1.59 x Earth,0.0646 AU,9.5 days,0.0,Transit
3922,Neptune-like,2016,20.4 Earths,0.4255509 x Jupiter,0.0535 AU,4.3 days,0.0,Transit
3923,Neptune-like,2016,17.1 Earths,0.38362031 x Jupiter,0.0627 AU,5.6 days,0.0,Transit
3924,Neptune-like,2016,5.35 Earths,2.17 x Earth,0.0598 AU,5.6 days,0.0,Transit
3925,Neptune-like,2016,9.43 Earths,0.27031849 x Jupiter,0.0897 AU,9.6 days,0.0,Transit
3926,Neptune-like,2016,30.4 Earths,0.53885271 x Jupiter,0.0457 AU,3.6 days,0.0,Transit
3927,Neptune-like,2016,5.99 Earths,0.20697654 x Jupiter,0.0747 AU,8.3 days,0.0,Transit
3928,Gas Giant,2016,Unknown,1.34980819 x Jupiter,0.0439 AU,3 days,0.0,Transit
3929,Super Earth,2016,3.64 Earths,1.73 x Earth,0.02449 AU,1.6 days,0.0,Transit
3930,Super Earth,2016,2.73 Earths,1.46 x Earth,0.0706 AU,7 days,0.0,Transit
3931,Neptune-like,2014,5.02 Earths,2.09 x Earth,0.118 AU,19.9 days,< 0.33,Transit
3932,Neptune-like,2014,4.66 Earths,2.0 x Earth,0.0521 AU,5.8 days,< 0.33,Transit
3933,Super Earth,2014,3.22 Earths,1.61 x Earth,0.079 AU,10.9 days,< 0.33,Transit
3934,Super Earth,2014,1.71 Earths,1.17 x Earth,0.142 AU,21.5 days,0.0,Transit
3935,Neptune-like,2014,7.8 Earths,0.242 x Jupiter,0.071 AU,6.6 days,0.0,Transit
3936,Super Earth,2014,3.78 Earths,1.77 x Earth,0.048 AU,3.7 days,0.0,Transit
3937,Neptune-like,2014,9.64 Earths,0.274 x Jupiter,0.144 AU,19.3 days,0.0,Transit
3938,Neptune-like,2014,6.12 Earths,0.21 x Jupiter,0.141 AU,20.8 days,0.0,Transit
3939,Neptune-like,2014,7.61 Earths,0.238 x Jupiter,0.097 AU,12 days,0.0,Transit
3940,Super Earth,2014,2.76 Earths,1.47 x Earth,0.045 AU,3.7 days,0.0,Transit
3941,Super Earth,2014,2.3 Earths,1.32 x Earth,0.035 AU,2.6 days,0.0,Transit
3942,Super Earth,2014,4.19 Earths,1.88 x Earth,0.065 AU,5.7 days,0.0,Transit
3943,Gas Giant,2012,0.97 Jupiters,1.43 x Jupiter,0.0562 AU,5 days,0.0,Transit
3944,Gas Giant,2012,0.644 Jupiters,1.05 x Jupiter,0.03769 AU,2.8 days,0.0,Transit
3945,Gas Giant,2012,0.45 Jupiters,0.94 x Jupiter,0.05614 AU,4.6 days,0.0,Transit
3946,Gas Giant,2012,0.59 Jupiters,1.58 x Jupiter,0.04988 AU,3.7 days,0.07,Transit
3947,Gas Giant,2012,0.46 Jupiters,1.27 x Jupiter,0.0272 AU,1.7 days,0.0,Transit
3948,Gas Giant,2011,1.4688 Jupiters,1.166 x Jupiter,0.0293 AU,2 days,0.01,Transit
3949,Gas Giant,2011,0.8 Jupiters,1.5 x Jupiter,0.03444 AU,2.1 days,0.0,Transit
3950,Gas Giant,2012,1.1767356 Jupiters,1.14729433 x Jupiter,0.052 AU,4.2 days,0.0,Transit
3951,Gas Giant,2011,1.91 Jupiters,1.174 x Jupiter,0.02335 AU,1.4 days,0.0,Transit
3952,Gas Giant,2011,0.87 Jupiters,1.1 x Jupiter,0.03453 AU,2.4 days,0.0,Transit
3953,Gas Giant,2011,1.78 Jupiters,0.93 x Jupiter,0.0142 AU,0.8 days,0.0,Transit
3954,Gas Giant,2012,0.527 Jupiters,1.122 x Jupiter,0.0561 AU,5 days,0.06,Transit
3955,Gas Giant,2011,0.281 Jupiters,1.279 x Jupiter,0.04828 AU,4.1 days,0.0,Transit
3956,Gas Giant,2010,3.44 Jupiters,1.23 x Jupiter,0.07522 AU,6.9 days,0.03,Transit
3957,Gas Giant,2011,2.361 Jupiters,1.327 x Jupiter,0.02677 AU,1.5 days,0.0,Transit
3958,Gas Giant,2011,0.71 Jupiters,1.3 x Jupiter,0.04317 AU,3.2 days,0.0,Transit
3959,Gas Giant,2010,0.56 Jupiters,1.0 x Jupiter,0.0524 AU,4.3 days,0.04,Transit
3960,Gas Giant,2010,2.63 Jupiters,0.96 x Jupiter,0.0394 AU,2.7 days,0.0,Transit
3961,Gas Giant,2010,0.478 Jupiters,1.549 x Jupiter,0.04659 AU,3.4 days,0.0,Transit
3962,Gas Giant,2014,0.889 Jupiters,1.219 x Jupiter,0.0442 AU,3.4 days,0.0,Transit
3963,Gas Giant,2010,0.85 Jupiters,1.21 x Jupiter,0.04 AU,2.8 days,0.0,Transit
3964,Gas Giant,2010,0.564 Jupiters,1.232 x Jupiter,0.0473 AU,3.8 days,0.0,Transit
3965,Neptune-like,2014,7.75 Earths,0.241 x Jupiter,0.205 AU,36.8 days,0.0,Transit
3966,Neptune-like,2014,5.69 Earths,0.201 x Jupiter,0.11 AU,14.6 days,0.0,Transit
3967,Neptune-like,2014,5.33 Earths,0.27031896 x Jupiter,0.33 AU,66 days,,Transit
3968,Neptune-like,2014,3.7 Earths,0.2221433 x Jupiter,0.21183 AU,34.5 days,0.0,Transit
3969,Neptune-like,2014,7.61 Earths,0.238 x Jupiter,0.287 AU,56.6 days,0.0,Transit
3970,Neptune-like,2014,8.5 Earths,0.254 x Jupiter,0.14 AU,19.3 days,0.0,Transit
3971,Super Earth,2014,3.43 Earths,1.67 x Earth,0.065 AU,6.1 days,0.0,Transit
3972,Super Earth,2014,0.2611472 Jupiters,2.33 x Earth,0.145 AU,20.3 days,0.0,Transit
3973,Super Earth,2014,3.78 Earths,1.77 x Earth,0.176 AU,29.2 days,0.0,Transit
3974,Super Earth,2014,2.33 Earths,1.33 x Earth,0.061 AU,5.9 days,0.0,Transit
3975,Super Earth,2014,2.07 Earths,1.24 x Earth,0.027 AU,1.8 days,0.0,Transit
3976,Super Earth,2014,1.46 Earths,1.12 x Earth,0.064 AU,6.2 days,0.0,Transit
3977,Gas Giant,2016,0.186 Jupiters,0.7957891 x Jupiter,0.05191 AU,4.2 days,0.0,Transit
3978,Gas Giant,2016,Unknown,1.03934338 x Jupiter,0.0453 AU,3.3 days,0.0,Transit
3979,Gas Giant,2016,0.145 Jupiters,0.68873227 x Jupiter,0.12109 AU,17.3 days,0.0,Transit
3980,Neptune-like,2016,7.65 Earths,0.23909359 x Jupiter,0.21864 AU,38.7 days,0.0,Transit
3981,Gas Giant,2016,Unknown,1.01882416 x Jupiter,0.11819 AU,15.4 days,0.0,Transit
3982,Gas Giant,2016,Unknown,1.28557409 x Jupiter,0.04401 AU,3.2 days,0.0,Transit
3983,Neptune-like,2016,5.82 Earths,0.20340798 x Jupiter,0.09036 AU,10 days,0.0,Transit
3984,Neptune-like,2016,10.4 Earths,0.28637702 x Jupiter,0.19471 AU,30.2 days,0.0,Transit
3985,Neptune-like,2016,6.17 Earths,0.2105451 x Jupiter,0.25787 AU,56.4 days,0.0,Transit
3986,Neptune-like,2016,6.8 Earths,0.22303506 x Jupiter,0.08926 AU,10.1 days,0.0,Transit
3987,Neptune-like,2016,8.15 Earths,0.24801499 x Jupiter,0.06024 AU,4.9 days,0.0,Transit
3988,Neptune-like,2016,5.14 Earths,2.12 x Earth,0.09636 AU,12.5 days,0.0,Transit
3989,Neptune-like,2016,7.8 Earths,0.24177001 x Jupiter,0.1032 AU,13.2 days,0.0,Transit
3990,Super Earth,2016,4.94 Earths,2.07 x Earth,0.0911 AU,11.1 days,0.0,Transit
3991,Neptune-like,2016,9.69 Earths,0.2747792 x Jupiter,0.1126 AU,14 days,0.0,Transit
3992,Neptune-like,2016,6.76 Earths,0.22214292 x Jupiter,0.03989 AU,3.1 days,0.0,Transit
3993,Neptune-like,2016,9.59 Earths,0.27299491 x Jupiter,0.06092 AU,5.7 days,0.0,Transit
3994,Neptune-like,2016,15.6 Earths,0.36399322 x Jupiter,0.12048 AU,14.6 days,0.0,Transit
3995,Neptune-like,2016,10.5 Earths,0.28726916 x Jupiter,0.04823 AU,4.2 days,0.0,Transit
3996,Gas Giant,2016,Unknown,1.33464181 x Jupiter,0.0626 AU,5 days,0.0,Transit
3997,Gas Giant,2016,Unknown,1.19011509 x Jupiter,0.2213 AU,38.5 days,0.0,Transit
3998,Neptune-like,2016,5.69 Earths,0.20073156 x Jupiter,0.16848 AU,25 days,0.0,Transit
3999,Super Earth,2016,2.1 Earths,1.25 x Earth,0.04658 AU,3.7 days,0.0,Transit
4000,Neptune-like,2016,8.5 Earths,0.25425997 x Jupiter,0.26769 AU,51.1 days,0.0,Transit
4001,Gas Giant,2015,5.9 Jupiters,1.04 x Jupiter,0.0427 AU,3.4 days,0.19,Transit
4002,Gas Giant,2007,0.81 Jupiters,0.89 x Jupiter,0.0464 AU,3.9 days,0.0,Transit
4003,Gas Giant,2015,1.1 Jupiters,1.23 x Jupiter,0.154 AU,17.9 days,0.34,Transit
4004,Gas Giant,2015,1.37 Jupiters,1.65 x Jupiter,0.0769 AU,7.8 days,0.12,Transit
4005,Super Earth,2015,2.39 Earths,1.35 x Earth,0.0403 AU,5.1 days,0.0,Transit
4006,Super Earth,2015,2.1 Earths,1.25 x Earth,0.0439 AU,8.2 days,0.0,Transit
4007,Super Earth,2015,3.12 Earths,1.58 x Earth,0.0217 AU,3 days,0.0,Transit
4008,Terrestrial,2015,0.332 Earths,0.741 x Earth,0.0811 AU,9.7 days,0.29,Transit
4009,Terrestrial,2015,0.0793 Earths,0.497 x Earth,0.04881 AU,4.5 days,0.31,Transit
4010,Terrestrial,2015,0.0374 Earths,0.403 x Earth,0.04178 AU,3.6 days,0.16,Transit
4011,Super Earth,2014,2.36 Earths,1.34 x Earth,0.036 AU,2.6 days,0.0,Transit
4012,Neptune-like,2014,5.65 Earths,2.24 x Earth,0.104 AU,12.7 days,0.0,Transit
4013,Super Earth,2014,3.97 Earths,1.82 x Earth,0.341 AU,92.7 days,0.0,Transit
4014,Neptune-like,2014,5.18 Earths,2.13 x Earth,0.082 AU,11 days,0.0,Transit
4015,Super Earth,2013,0.192 Jupiters,2.46 x Earth,0.15837 AU,24.8 days,0.0,Transit
4016,Super Earth,2014,1.87 Earths,1.2 x Earth,0.106 AU,13.6 days,0.0,Transit
4017,Super Earth,2014,1.01 Earths,1.01 x Earth,0.082 AU,9.2 days,0.0,Transit
4018,Neptune-like,2014,1.019418 Jupiters,0.252 x Jupiter,0.117 AU,14.6 days,0.0,Transit
4019,Super Earth,2014,4.7 Earths,2.01 x Earth,0.056 AU,4.8 days,0.0,Transit
4020,Super Earth,2014,2.7 Earths,1.45 x Earth,0.032 AU,2.1 days,0.0,Transit
4021,Gas Giant,2013,0.155 Jupiters,0.384 x Jupiter,0.2236 AU,35.7 days,0.0,Transit
4022,Gas Giant,2014,13.15467689 Jupiters,0.323 x Jupiter,0.112 AU,12.3 days,0.0,Transit
4023,Neptune-like,2014,34.9 Earths,0.29155193 x Jupiter,0.287 AU,51.1 days,0.62,Transit
4024,Gas Giant,2013,0.202 Jupiters,0.3 x Jupiter,0.21781 AU,33 days,0.0,Transit
4025,Gas Giant,2013,0.275 Jupiters,0.261 x Jupiter,0.14168 AU,17.3 days,0.0,Transit
4026,Neptune-like,2013,16.6 Earths,0.259 x Jupiter,0.18619 AU,31.9 days,0.0,Transit
4027,Neptune-like,2014,2.3006408 Jupiters,0.256 x Jupiter,0.119 AU,14.1 days,0.0,Transit
4028,Neptune-like,2014,11.1 Earths,0.297 x Jupiter,0.224 AU,35.7 days,0.0,Transit
4029,Neptune-like,2014,11.4 Earths,0.302 x Jupiter,0.132 AU,16.1 days,0.0,Transit
4030,Neptune-like,2014,6.08 Earths,0.209 x Jupiter,0.098 AU,10.3 days,0.0,Transit
4031,Super Earth,2014,4.04 Earths,1.84 x Earth,0.204 AU,33.2 days,0.0,Transit
4032,Super Earth,2014,2.99 Earths,1.54 x Earth,0.101 AU,11.6 days,0.0,Transit
4033,Super Earth,2014,4.58 Earths,1.98 x Earth,0.073 AU,8 days,0.0,Transit
4034,Super Earth,2014,2.86 Earths,1.5 x Earth,0.037 AU,2.9 days,0.0,Transit
4035,Neptune-like,2014,5.69 Earths,0.201 x Jupiter,0.091 AU,10.9 days,0.0,Transit
4036,Super Earth,2014,0.308 Jupiters,1.79 x Earth,0.061 AU,6.1 days,0.0,Transit
4037,Gas Giant,2015,0.3 Jupiters,1.04 x Jupiter,0.059 AU,5 days,0.0,Transit
4038,Gas Giant,2015,0.72 Jupiters,1.36 x Jupiter,0.03443 AU,2.1 days,0.0,Transit
4039,Terrestrial,2016,0.388 Earths,0.788 x Earth,0.02227 AU,4 days,0.01,Transit
4040,Super Earth,2016,1.308 Earths,1.097 x Earth,0.0158 AU,2.4 days,0.01,Transit
4041,Super Earth,2016,1.374 Earths,1.116 x Earth,0.01154 AU,1.5 days,0.01,Transit
4042,Super Earth,2015,11.8666806 Earths,2.067 x Earth,0.28682 AU,49.4 days,0.07,Transit
4043,Gas Giant,2016,0.189 Jupiters,0.80560264 x Jupiter,0.0493 AU,4 days,0.0,Transit
4044,Gas Giant,2016,0.234 Jupiters,0.91355161 x Jupiter,0.0895 AU,10.5 days,0.0,Transit
4045,Neptune-like,2016,15.8 Earths,0.36666964 x Jupiter,0.09473 AU,8.6 days,0.0,Transit
4046,Neptune-like,2016,5.22 Earths,2.14 x Earth,0.1439 AU,19.1 days,0.0,Transit
4047,Neptune-like,2016,12.3 Earths,0.31670979 x Jupiter,0.1024 AU,10.1 days,0.0,Transit
4048,Neptune-like,2016,7.75 Earths,0.24087787 x Jupiter,0.15911 AU,23.6 days,0.0,Transit
4049,Super Earth,2016,4.38 Earths,1.93 x Earth,0.055 AU,4.6 days,0.0,Transit
4050,Super Earth,2016,2.73 Earths,1.46 x Earth,0.01314 AU,0.6 days,0.0,Transit
4051,Neptune-like,2016,9.01 Earths,0.26318137 x Jupiter,0.09195 AU,9.9 days,0.0,Transit
4052,Neptune-like,2016,10.9 Earths,0.29440628 x Jupiter,0.07931 AU,7.3 days,0.0,Transit
4053,Neptune-like,2016,9.53 Earths,0.27210277 x Jupiter,0.07925 AU,9 days,0.0,Transit
4054,Gas Giant,2016,0.16958752 Jupiters,0.26764207 x Jupiter,0.4172 AU,84.7 days,0.04,Transit
4055,Neptune-like,2016,7.18 Earths,0.23017218 x Jupiter,0.07895 AU,8.3 days,0.0,Transit
4056,Neptune-like,2015,16 Earths,0.55348381 x Jupiter,0.7903 AU,240.5 days,0.04,Transit
4057,Super Earth,2015,3.29 Earths,1.63 x Earth,1.046 AU,384.8 days,0.0,Transit
4058,Super Earth,2015,17.6 Earths,0.837 x Earth,0.0827 AU,7.5 days,0.14,Transit
4059,Super Earth,2015,1.41 Earths,1.11 x Earth,0.0283 AU,3 days,0.0,Transit
4060,Neptune-like,2015,6.85 Earths,0.22 x Jupiter,0.0301 AU,4.9 days,0.0,Transit
4061,Terrestrial,2015,0.1 Earths,0.546 x Earth,0.0696 AU,7.7 days,0.1,Transit
4062,Gas Giant,2015,2.43 Jupiters,1.18 x Jupiter (estimate),Unknown,406.2 days,0.5,Radial Velocity
4063,Super Earth,2014,0.92489845 Jupiters,1.67 x Earth,0.051 AU,4.2 days,0.0,Transit
4064,Neptune-like,2011,7.81 Earths,0.26808861 x Jupiter,0.09501 AU,10.7 days,0.02,Transit
4065,Super Earth,2014,4.66 Earths,2.0 x Earth,0.132 AU,24 days,0.0,Transit
4066,Super Earth,2014,2.18 Earths,1.28 x Earth,0.065 AU,7.8 days,0.0,Transit
4067,Neptune-like,2014,7.8 Earths,0.242 x Jupiter,0.287 AU,60.4 days,0.0,Transit
4068,Super Earth,2014,35.4 Earths,1.73 x Earth,0.074 AU,10.1 days,0.0,Transit
4069,Neptune-like,2014,21.5 Earths,0.439 x Jupiter,0.117 AU,16.1 days,0.0,Transit
4070,Super Earth,2014,2.96 Earths,1.53 x Earth,0.038 AU,2.6 days,0.0,Transit
4071,Super Earth,2014,0.142 Jupiters,2.27 x Earth,0.058 AU,5.3 days,0.0,Transit
4072,Gas Giant,2015,1.39 Jupiters,1.6 x Jupiter,0.04415 AU,2.7 days,0.0,Transit
4073,Gas Giant,2016,1.698 Jupiters,1.22669495 x Jupiter,0.0442 AU,3 days,0.0,Transit
4074,Gas Giant,2016,1.338 Jupiters,0.777 x Jupiter,0.1308 AU,16.3 days,0.03,Transit
4075,Gas Giant,2015,2.31 Jupiters,1.51 x Jupiter,0.0423 AU,2.8 days,< 0.29,Transit
4076,Gas Giant,2015,0.596 Jupiters,1.324 x Jupiter,0.04628 AU,3.6 days,< 0.17,Transit
4077,Gas Giant,2008,1.19 Jupiters,1.14 x Jupiter,0.0515 AU,4.2 days,0.0,Transit
4078,Gas Giant,2007,13.27 Jupiters,1.32 x Jupiter,0.04815 AU,3.2 days,0.28,Transit
4079,Super Earth,2016,1.55 Earths,1.14 x Earth,0.07684 AU,8.1 days,0.0,Transit
4080,Neptune-like,2016,8.7 Earths,0.25782853 x Jupiter,0.19852 AU,30.9 days,0.0,Transit
4081,Super Earth,2016,4.42 Earths,1.94 x Earth,0.11287 AU,14.4 days,0.0,Transit
4082,Neptune-like,2016,13.8 Earths,0.33812115 x Jupiter,0.26721 AU,50.3 days,0.0,Transit
4083,Neptune-like,2016,12.3 Earths,0.31581765 x Jupiter,0.2265 AU,40.1 days,0.0,Transit
4084,Super Earth,2016,4.66 Earths,2.0 x Earth,0.0795 AU,11.4 days,0.0,Transit
4085,Neptune-like,2016,37.9 Earths,0.61379249 x Jupiter,0.5167 AU,133.5 days,0.0,Transit
4086,Neptune-like,2016,6.3 Earths,0.21322152 x Jupiter,0.1174 AU,13.7 days,0.0,Transit
4087,Neptune-like,2016,5.35 Earths,2.17 x Earth,0.181 AU,27.1 days,0.0,Transit
4088,Super Earth,2016,3.46 Earths,1.68 x Earth,0.1803 AU,29.6 days,0.0,Transit
4089,Neptune-like,2016,5.1 Earths,2.11 x Earth,0.10036 AU,11.1 days,0.0,Transit
4090,Super Earth,2016,2.45 Earths,1.37 x Earth,0.0491 AU,4.2 days,0.0,Transit
4091,Super Earth,2016,4.5 Earths,1.96 x Earth,0.0988 AU,11.3 days,0.0,Transit
4092,Neptune-like,2016,5.39 Earths,2.18 x Earth,0.101 AU,13.7 days,0.0,Transit
4093,Neptune-like,2016,5.14 Earths,2.12 x Earth,0.0951 AU,8.6 days,0.0,Transit
4094,Neptune-like,2016,7.04 Earths,0.22749576 x Jupiter,0.0835 AU,8.4 days,0.0,Transit
4095,Super Earth,2016,2.18 Earths,1.28 x Earth,0.0159 AU,0.9 days,0.0,Transit
4096,Gas Giant,2016,Unknown,1.1615666 x Jupiter,0.025 AU,2 days,0.0,Transit
4097,Super Earth,2016,3.12 Earths,1.58 x Earth,0.22111 AU,31.6 days,0.0,Transit
4098,Super Earth,2015,12.5 Earths,2.62 x Earth,0.13351 AU,15.4 days,0.02,Transit
4099,Neptune-like,2015,19.4 Earths,0.54777411 x Jupiter,0.20092 AU,28.5 days,0.02,Transit
4100,Neptune-like,2015,8.07 Earths,0.24658756 x Jupiter,0.1979 AU,33.7 days,0.05,Transit
4101,Super Earth,2015,4.88 Earths,2.056 x Earth,0.1027 AU,12.6 days,0.03,Transit
4102,Super Earth,2014,0.245 Jupiters,1.43 x Earth,0.038 AU,3 days,0.0,Transit
4103,Terrestrial,2014,0.809 Earths,0.95 x Earth,0.06993 AU,7.4 days,0.0,Transit
4104,Super Earth,2014,2.04 Earths,1.23 x Earth,0.08784 AU,10.4 days,0.0,Transit
4105,Super Earth,2014,3.78 Earths,1.77 x Earth,0.18 AU,25.3 days,0.0,Transit
4106,Super Earth,2014,4.7 Earths,2.01 x Earth,0.107 AU,11.5 days,0.0,Transit
4107,Neptune-like,2014,6.66 Earths,0.22 x Jupiter,0.061 AU,5.3 days,0.0,Transit
4108,Neptune-like,2014,11.4 Earths,0.302 x Jupiter,0.391 AU,83.4 days,0.0,Transit
4109,Neptune-like,2014,7.04 Earths,0.227 x Jupiter,0.18 AU,25.9 days,0.0,Transit
4110,Neptune-like,2014,5.77 Earths,0.203 x Jupiter,0.154 AU,28.5 days,0.0,Transit
4111,Super Earth,2014,37.9 Earths,1.98 x Earth,0.037 AU,3.4 days,0.0,Transit
4112,Neptune-like,2014,14.4 Earths,0.347 x Jupiter,0.457 AU,107.7 days,0.0,Transit
4113,Neptune-like,2014,6.71 Earths,0.221 x Jupiter,0.071 AU,6.6 days,0.0,Transit
4114,Neptune-like,2014,6.76 Earths,0.222 x Jupiter,0.236 AU,43.1 days,0.0,Transit
4115,Neptune-like,2014,7.41 Earths,0.235 x Jupiter,0.127 AU,17 days,0.0,Transit
4116,Super Earth,2014,4.12 Earths,1.86 x Earth,0.069 AU,6.8 days,0.0,Transit
4117,Neptune-like,2014,11.1 Earths,0.297 x Jupiter,0.249 AU,40.8 days,0.0,Transit
4118,Neptune-like,2014,6.66 Earths,0.22 x Jupiter,0.242 AU,47.3 days,0.0,Transit
4119,Neptune-like,2014,7.61 Earths,0.238 x Jupiter,0.12 AU,16.6 days,0.0,Transit
4120,Super Earth,2014,3.33 Earths,1.64 x Earth,0.152 AU,21.9 days,0.0,Transit
4121,Super Earth,2014,4.66 Earths,2.0 x Earth,0.156 AU,24.6 days,0.0,Transit
4122,Neptune-like,2014,5.39 Earths,2.18 x Earth,0.088 AU,10.4 days,0.0,Transit
4123,Super Earth,2014,3.68 Earths,1.74 x Earth,0.332 AU,76.1 days,0.0,Transit
4124,Neptune-like,2014,7.75 Earths,0.241 x Jupiter,0.217 AU,36.9 days,0.0,Transit
4125,Neptune-like,2014,8.25 Earths,0.25 x Jupiter,0.079 AU,8.1 days,0.0,Transit
4126,Gas Giant,2015,0.837 Jupiters,1.23561424 x Jupiter,0.0312 AU,1.9 days,< 0.075,Transit
4127,Gas Giant,2015,0.526 Jupiters,0.969 x Jupiter,0.04491 AU,3.3 days,< 0.501,Transit
4128,Gas Giant,2013,9.45 Jupiters,1.12 x Jupiter (estimate),5.28 AU,11.8 years,0.0,Radial Velocity
4129,Gas Giant,2010,2.54 Jupiters,1.13 x Jupiter,0.0801 AU,8.2 days,0.31,Transit
4130,Gas Giant,2009,0.467 Jupiters,1.119 x Jupiter,0.04217 AU,3.4 days,0.05,Transit
4131,Gas Giant,2008,1.58 Jupiters,1.087 x Jupiter,0.0267 AU,1.6 days,0.04,Transit
4132,Gas Giant,2007,1.2 Jupiters,1.349 x Jupiter,0.02261 AU,1.3 days,0.01,Transit
4133,Gas Giant,2007,2.43 Jupiters,1.42 x Jupiter,0.0315 AU,1.8 days,0.0,Transit
4134,Gas Giant,2010,0.884 Jupiters,0.962 x Jupiter,0.0376 AU,2.9 days,< 0.062,Transit
4135,Gas Giant,2010,0.67 Jupiters,1.23 x Jupiter,0.047 AU,3.5 days,0.02,Transit
4136,Gas Giant,2010,0.3 Jupiters,1.07 x Jupiter,0.052 AU,4.3 days,0.0,Transit
4137,Gas Giant,2015,0.311 Jupiters,1.38 x Jupiter,0.05999 AU,4.9 days,0.0,Transit
4138,Gas Giant,2007,0.854 Jupiters,1.483 x Jupiter,0.03889 AU,2.5 days,0.0,Transit
4139,Gas Giant,2009,1.154 Jupiters,1.415 x Jupiter,0.01652 AU,0.8 days,0.01,Transit
4140,Gas Giant,2009,10.2 Jupiters,1.24 x Jupiter,0.02024 AU,0.9 days,0.01,Transit
4141,Gas Giant,2009,0.78 Jupiters,1.87 x Jupiter,0.0515 AU,3.7 days,0.0,Transit
4142,Gas Giant,2009,0.54 Jupiters,1.41 x Jupiter,0.05165 AU,3.8 days,0.0,Transit
4143,Gas Giant,2008,8.84 Jupiters,1.38 x Jupiter,0.037 AU,2.2 days,0.09,Transit
4144,Gas Giant,2009,0.36 Jupiters,1.22 x Jupiter,0.05362 AU,4.4 days,0.0,Transit
4145,Gas Giant,2008,0.79 Jupiters,1.11 x Jupiter,0.0435 AU,3.7 days,0.0,Transit
4146,Gas Giant,2008,3.15 Jupiters,1.08 x Jupiter,0.03781 AU,3.1 days,0.05,Transit
4147,Terrestrial,2016,0.399 Earths,0.78 x Earth,0.04958 AU,4.3 days,0.0,Transit
4148,Neptune-like,2016,10.4 Earths,0.28637702 x Jupiter,0.54494 AU,158.7 days,0.0,Transit
4149,Terrestrial,2016,0.64 Earths,0.89 x Earth,0.015 AU,0.7 days,0.0,Transit
4150,Terrestrial,2016,0.721 Earths,0.92 x Earth,0.0533 AU,7.1 days,0.0,Transit
4151,Super Earth,2016,3.46 Earths,1.68 x Earth,0.0453 AU,3.8 days,0.0,Transit
4152,Super Earth,2016,2.18 Earths,1.28 x Earth,0.0523 AU,4.9 days,0.0,Transit
4153,Neptune-like,2016,6.04 Earths,0.20786868 x Jupiter,0.11452 AU,16.8 days,0.0,Transit
4154,Terrestrial,2016,0.219 Earths,0.66 x Earth,0.05554 AU,5.2 days,0.0,Transit
4155,Neptune-like,2014,5.9 Earths,0.205 x Jupiter,0.089 AU,11.3 days,0.0,Transit
4156,Neptune-like,2014,8 Earths,0.46748149 x Jupiter,0.11956 AU,14.8 days,0.04,Transit
4157,Neptune-like,2014,19.4 Earths,0.414 x Jupiter,0.091 AU,10.1 days,0.0,Transit
4158,Super Earth,2014,5.95575 Earths,1.71 x Earth,0.037 AU,2.8 days,0.0,Transit
4159,Super Earth,2016,2.6 Earths,1.42 x Earth,0.08161 AU,7 days,0.0,Transit
4160,Neptune-like,2016,6.76 Earths,0.22214292 x Jupiter,0.1857 AU,28.6 days,0.0,Transit
4161,Super Earth,2016,2.79 Earths,1.48 x Earth,0.04233 AU,3 days,0.0,Transit
4162,Neptune-like,2016,11 Earths,0.29619056 x Jupiter,0.07045 AU,6 days,0.0,Transit
4163,Super Earth,2016,3.29 Earths,1.63 x Earth,0.23611 AU,37.3 days,0.0,Transit
4164,Neptune-like,2016,9.32 Earths,0.26853421 x Jupiter,0.1057 AU,13 days,0.0,Transit
4165,Neptune-like,2016,7.18 Earths,0.23017218 x Jupiter,0.16431 AU,28.5 days,0.0,Transit
4166,Super Earth,2016,2.39 Earths,1.35 x Earth,0.0612 AU,6.5 days,0.0,Transit
4167,Super Earth,2016,1.76 Earths,1.18 x Earth,0.01839 AU,1 days,0.0,Transit
4168,Super Earth,2016,3.97 Earths,1.82 x Earth,0.083 AU,8.7 days,0.0,Transit
4169,Neptune-like,2016,5.73 Earths,0.2016237 x Jupiter,0.239 AU,48.4 days,0.0,Transit
4170,Super Earth,2016,3.78 Earths,1.77 x Earth,0.1444 AU,19.1 days,0.0,Transit
4171,Super Earth,2016,2.63 Earths,1.43 x Earth,0.0141 AU,0.7 days,0.0,Transit
4172,Super Earth,2016,2.92 Earths,1.52 x Earth,0.0376 AU,2.7 days,0.0,Transit
4173,Super Earth,2016,2.83 Earths,1.49 x Earth,0.10733 AU,12.4 days,0.0,Transit
4174,Neptune-like,2016,5.99 Earths,0.20697654 x Jupiter,0.2226 AU,36.3 days,0.0,Transit
4175,Super Earth,2016,2.24 Earths,1.3 x Earth,0.0422 AU,3.6 days,0.0,Transit
4176,Super Earth,2016,3.02 Earths,1.55 x Earth,0.0833 AU,10 days,0.0,Transit
4177,Super Earth,2016,2.33 Earths,1.33 x Earth,0.31444 AU,68.9 days,0.0,Transit
4178,Super Earth,2016,3.43 Earths,1.67 x Earth,0.1078 AU,15.1 days,0.0,Transit
4179,Super Earth,2016,4.35 Earths,1.92 x Earth,0.0393 AU,2.6 days,0.0,Transit
4180,Neptune-like,2016,6.26 Earths,0.21232938 x Jupiter,0.167 AU,24.3 days,0.0,Transit
4181,Super Earth,2016,1.76 Earths,1.18 x Earth,0.0806 AU,7.5 days,0.0,Transit
4182,Gas Giant,2011,1.79 Jupiters,1.194 x Jupiter,0.02459 AU,1.5 days,0.0,Transit
4183,Gas Giant,2007,0.78 Jupiters,1.61 x Jupiter,0.05084 AU,3.6 days,0.0,Transit
4184,Gas Giant,2007,1.91 Jupiters,1.336 x Jupiter,0.02282 AU,1.3 days,0.0,Transit
4185,Super Earth,2016,1.81 Earths,1.19 x Earth,0.01834 AU,1 days,0.0,Transit
4186,Neptune-like,2016,10.2 Earths,0.28280846 x Jupiter,0.1082 AU,11.1 days,0.0,Transit
4187,Super Earth,2016,2.63 Earths,1.43 x Earth,0.04682 AU,3.7 days,0.0,Transit
4188,Super Earth,2016,3.97 Earths,1.82 x Earth,0.11153 AU,13 days,0.0,Transit
4189,Super Earth,2016,3.97 Earths,1.82 x Earth,0.0843 AU,8.7 days,0.0,Transit
4190,Super Earth,2016,2.54 Earths,1.4 x Earth,0.0616 AU,4.2 days,0.0,Transit
4191,Super Earth,2016,1.87 Earths,1.2 x Earth,0.0309 AU,1.5 days,0.0,Transit
4192,Neptune-like,2016,5.9 Earths,0.20519226 x Jupiter,0.1694 AU,18.9 days,0.0,Transit
4193,Super Earth,2016,3.86 Earths,1.79 x Earth,0.1297 AU,16 days,0.0,Transit
4194,Neptune-like,2016,8.85 Earths,0.26050495 x Jupiter,0.0778 AU,7.4 days,0.0,Transit
4195,Super Earth,2016,3.86 Earths,1.79 x Earth,0.092 AU,11.4 days,0.0,Transit
4196,Neptune-like,2016,35.7 Earths,0.59238112 x Jupiter,0.5874 AU,161.5 days,0.0,Transit
4197,Neptune-like,2016,11.4 Earths,0.30243554 x Jupiter,0.066 AU,6.1 days,0.0,Transit
4198,Neptune-like,2016,6.48 Earths,0.21679008 x Jupiter,0.1754 AU,27.7 days,0.0,Transit
4199,Super Earth,2016,3.33 Earths,1.64 x Earth,0.0724 AU,7.3 days,0.0,Transit
4200,Super Earth,2016,1.98 Earths,1.22 x Earth,0.0205 AU,1.2 days,0.0,Transit
4201,Gas Giant,2016,Unknown,1.13123383 x Jupiter,0.0493 AU,3.8 days,0.0,Transit
4202,Super Earth,2016,4.78 Earths,2.03 x Earth,0.0874 AU,10.1 days,0.0,Transit
4203,Super Earth,2016,2.79 Earths,1.48 x Earth,0.03489 AU,2.5 days,0.0,Transit
4204,Neptune-like,2016,9.59 Earths,0.27299491 x Jupiter,0.08087 AU,8.7 days,0.0,Transit
4205,Neptune-like,2016,5.77 Earths,0.20251584 x Jupiter,0.2329 AU,41.8 days,0.0,Transit
4206,Super Earth,2016,2.96 Earths,1.53 x Earth,0.0829 AU,8.2 days,0.0,Transit
4207,Neptune-like,2016,5.14 Earths,2.12 x Earth,0.1527 AU,20.5 days,0.0,Transit
4208,Super Earth,2016,3.5 Earths,1.69 x Earth,0.05768 AU,4.8 days,0.0,Transit
4209,Neptune-like,2016,6.71 Earths,0.22125078 x Jupiter,0.10754 AU,12.1 days,0.0,Transit
4210,Neptune-like,2014,12.7 Earths,0.322 x Jupiter,0.193 AU,33.7 days,0.0,Transit
4211,Neptune-like,2014,21.7 Earths,0.442 x Jupiter,0.16 AU,24.7 days,0.0,Transit
4212,Neptune-like,2014,25.2 Earths,0.483 x Jupiter,0.066 AU,6.6 days,0.0,Transit
4213,Neptune-like,2014,7.32 Earths,0.233 x Jupiter,0.034 AU,2.4 days,0.0,Transit
4214,Neptune-like,2014,6.71 Earths,0.221 x Jupiter,0.064 AU,5.8 days,0.0,Transit
4215,Neptune-like,2014,5.27 Earths,2.15 x Earth,0.045 AU,3.4 days,0.0,Transit
4216,Super Earth,2014,3.15 Earths,1.59 x Earth,0.027 AU,1.6 days,0.0,Transit
4217,Neptune-like,2014,9.22 Earths,0.267 x Jupiter,0.092 AU,9.9 days,0.0,Transit
4218,Neptune-like,2014,6.8 Earths,0.223 x Jupiter,0.139 AU,18.7 days,0.0,Transit
4219,Neptune-like,2014,3.2 Earths,2.15 x Earth,0.105 AU,12.4 days,0.0,Transit
4220,Neptune-like,2014,14.3 Earths,0.345 x Jupiter,0.064 AU,5.8 days,0.0,Transit
4221,Neptune-like,2014,7.51 Earths,0.236 x Jupiter,0.089 AU,10.3 days,0.0,Transit
4222,Super Earth,2014,3.29 Earths,1.63 x Earth,0.046 AU,3.8 days,0.0,Transit
4223,Neptune-like,2014,5.27 Earths,2.15 x Earth,0.08 AU,10.8 days,0.0,Transit
4224,Neptune-like,2014,8.1 Earths,0.247 x Jupiter,0.404 AU,99.6 days,0.0,Transit
4225,Neptune-like,2014,8.1 Earths,0.247 x Jupiter,0.182 AU,30.1 days,0.0,Transit
4226,Neptune-like,2014,8.1 Earths,0.247 x Jupiter,0.122 AU,16.5 days,0.0,Transit
4227,Super Earth,2014,2.33 Earths,1.33 x Earth,0.053 AU,4.8 days,0.0,Transit
4228,Neptune-like,2014,5.82 Earths,0.203 x Jupiter,0.069 AU,7.2 days,0.0,Transit
4229,Super Earth,2014,1.51 Earths,1.13 x Earth,0.048 AU,4.1 days,0.0,Transit
4230,Super Earth,2014,3.09 Earths,1.57 x Earth,0.097 AU,15.4 days,0.0,Transit
4231,Super Earth,2014,1.32 Earths,1.09 x Earth,0.035 AU,3.3 days,0.0,Transit
4232,Neptune-like,2014,15.6 Earths,0.363 x Jupiter,0.123 AU,16.2 days,0.0,Transit
4233,Neptune-like,2014,9.38 Earths,0.269 x Jupiter,0.066 AU,6.3 days,0.0,Transit
4234,Neptune-like,2014,15.7 Earths,0.365 x Jupiter,0.084 AU,9.4 days,0.0,Transit
4235,Gas Giant,2014,1.45 Jupiters,0.94 x Jupiter,0.382 AU,86.6 days,0.77,Transit
4236,Super Earth,2016,2.42 Earths,1.36 x Earth,0.019 AU,1 days,0.0,Transit
4237,Super Earth,2016,1.46 Earths,1.12 x Earth,0.0219 AU,1.2 days,0.0,Transit
4238,Neptune-like,2015,6.04 Earths,0.21 x Jupiter,0.495 AU,177.7 days,0.11,Transit
4239,Super Earth,2015,3.33 Earths,1.64 x Earth,0.64 AU,207.2 days,0.1,Transit
4240,Super Earth,2015,4.12 Earths,1.86 x Earth,0.242 AU,101.1 days,0.34,Transit
4241,Super Earth,2015,1.46 Earths,1.12 x Earth,0.166 AU,35.2 days,0.03,Transit
4242,Neptune-like,2015,5.22 Earths,2.14 x Earth,0.288 AU,66.7 days,0.02,Transit
4243,Gas Giant,2015,2.82 Jupiters,1.45 x Jupiter,0.0679 AU,5.3 days,0.12,Transit
4244,Gas Giant,2015,5.41 Jupiters,1.145 x Jupiter,0.301 AU,52.5 days,0.51,Transit
4245,Super Earth,2015,1.41 Earths,1.11 x Earth,0.1045 AU,11.9 days,0.0,Transit
4246,Terrestrial,2015,0.37 Earths,0.764 x Earth,0.0719 AU,6.8 days,0.0,Transit
4247,Neptune-like,2015,10.6 Earths,0.29 x Jupiter,0.2244 AU,36 days,0.0,Transit
4248,Gas Giant,2014,0.29 Jupiters,1.23 x Jupiter,0.091 AU,10.3 days,< 0.57,Transit
4249,Gas Giant,2014,0.34 Jupiters,1.09 x Jupiter,0.0414 AU,3.2 days,< 0.18,Transit
4250,Gas Giant,2014,0.25 Jupiters,0.978 x Jupiter,0.0464 AU,3.8 days,< 0.33,Transit
4251,Gas Giant,2014,1.03 Jupiters,0.89 x Jupiter,0.044 AU,3.3 days,0.0,Transit
4252,Gas Giant,2014,0.595 Jupiters,1.192 x Jupiter,0.03585 AU,2.7 days,0.02,Transit
4253,Neptune-like,2014,16.1 Earths,0.371 x Jupiter,1.219 AU,1.9 years,0.04,Transit
4254,Gas Giant,2014,2.5 Jupiters,0.96 x Jupiter,0.37 AU,69.8 days,0.83,Transit
4255,Neptune-like,2014,7.7 Earths,0.23998573 x Jupiter,0.1194 AU,15.9 days,0.0,Transit
4256,Super Earth,2014,11 Earths,2.31 x Earth,0.1006 AU,12.3 days,0.0,Transit
4257,Super Earth,2014,0.183 Jupiters,2.48 x Earth,0.0674 AU,6.3 days,0.0,Transit
4258,Super Earth,2016,2.42 Earths,1.36 x Earth,0.0848 AU,11.3 days,0.0,Transit
4259,Super Earth,2016,2.67 Earths,1.44 x Earth,0.0372 AU,2.9 days,0.0,Transit
4260,Super Earth,2016,2.67 Earths,1.44 x Earth,0.0484 AU,4.4 days,0.0,Transit
4261,Super Earth,2016,2.39 Earths,1.35 x Earth,0.0502 AU,3.7 days,0.0,Transit
4262,Neptune-like,2016,5.73 Earths,0.2016237 x Jupiter,0.1039 AU,13.6 days,0.0,Transit
4263,Neptune-like,2016,7.41 Earths,0.23463288 x Jupiter,0.1336 AU,18.6 days,0.0,Transit
4264,Super Earth,2016,1.6 Earths,1.15 x Earth,0.05791 AU,4.9 days,0.0,Transit
4265,Neptune-like,2016,8.75 Earths,0.25872067 x Jupiter,0.0625 AU,5.2 days,0.0,Transit
4266,Neptune-like,2016,8.55 Earths,0.25515211 x Jupiter,0.3778 AU,84.6 days,0.0,Transit
4267,Neptune-like,2016,5.22 Earths,2.14 x Earth,0.1803 AU,31.1 days,0.0,Transit
4268,Terrestrial,2016,0.418 Earths,0.79 x Earth,0.04836 AU,4.2 days,0.0,Transit
4269,Neptune-like,2016,7.27 Earths,0.23195646 x Jupiter,0.263 AU,45.1 days,0.0,Transit
4270,Super Earth,2016,4.38 Earths,1.93 x Earth,0.16545 AU,26.8 days,0.0,Transit
4271,Super Earth,2016,2.6 Earths,1.42 x Earth,0.0914 AU,10.4 days,0.0,Transit
4272,Neptune-like,2016,7.8 Earths,0.24177001 x Jupiter,0.0921 AU,10 days,0.0,Transit
4273,Super Earth,2016,2.99 Earths,1.54 x Earth,0.01186 AU,0.6 days,0.0,Transit
4274,Neptune-like,2016,5.86 Earths,0.20430012 x Jupiter,0.38555 AU,94.3 days,0.0,Transit
4275,Super Earth,2016,2.7 Earths,1.45 x Earth,0.13945 AU,17.3 days,0.0,Transit
4276,Super Earth,2016,3.97 Earths,1.82 x Earth,0.0771 AU,7 days,0.0,Transit
4277,Super Earth,2016,1.98 Earths,1.22 x Earth,0.1186 AU,16.3 days,0.0,Transit
4278,Terrestrial,2016,0.418 Earths,0.79 x Earth,0.02801 AU,1.9 days,0.0,Transit
4279,Super Earth,2016,4.19 Earths,1.88 x Earth,0.0906 AU,12 days,0.0,Transit
4280,Super Earth,2016,2.92 Earths,1.52 x Earth,0.0734 AU,7.4 days,0.0,Transit
4281,Neptune-like,2016,5.14 Earths,2.12 x Earth,0.14146 AU,16.1 days,0.0,Transit
4282,Super Earth,2016,2.67 Earths,1.44 x Earth,0.15698 AU,22.9 days,0.0,Transit
4283,Super Earth,2016,4.62 Earths,1.99 x Earth,0.0326 AU,2 days,0.0,Transit
4284,Super Earth,2016,2.51 Earths,1.39 x Earth,0.0519 AU,4.4 days,0.0,Transit
4285,Gas Giant,2010,1.42 Jupiters,1.25 x Jupiter,0.05524 AU,4.1 days,0.0,Transit
4286,Gas Giant,2014,1.12 Jupiters,1.363 x Jupiter,0.01855 AU,1 days,0.0,Transit
4287,Gas Giant,2014,1.36 Jupiters,1.14 x Jupiter,0.03303 AU,2.1 days,0.0,Transit
4288,Super Earth,2016,2.13 Earths,1.26 x Earth,0.037 AU,2.9 days,0.0,Transit
4289,Super Earth,2016,3.75 Earths,1.76 x Earth,0.02156 AU,1.3 days,0.0,Transit
4290,Super Earth,2016,4.7 Earths,2.01 x Earth,0.116 AU,14.6 days,0.0,Transit
4291,Super Earth,2016,4.31 Earths,1.91 x Earth,0.054 AU,5.7 days,0.0,Transit
4292,Neptune-like,2016,8.3 Earths,0.25069141 x Jupiter,0.1353 AU,18.8 days,0.0,Transit
4293,Neptune-like,2016,6.62 Earths,0.2194665 x Jupiter,0.1263 AU,17.4 days,0.0,Transit
4294,Super Earth,2016,3.26 Earths,1.62 x Earth,0.05009 AU,4.1 days,0.0,Transit
4295,Neptune-like,2016,9.64 Earths,0.27388706 x Jupiter,0.08742 AU,9.4 days,0.0,Transit
4296,Neptune-like,2016,6.9 Earths,0.22481934 x Jupiter,0.0745 AU,7.4 days,0.0,Transit
4297,Neptune-like,2016,24.1 Earths,0.47015791 x Jupiter,0.1916 AU,35.6 days,0.0,Transit
4298,Super Earth,2016,1.41 Earths,1.11 x Earth,0.0435 AU,3.5 days,0.0,Transit
4299,Super Earth,2016,3.26 Earths,1.62 x Earth,0.09735 AU,12.1 days,0.0,Transit
4300,Super Earth,2016,1.92 Earths,1.21 x Earth,0.04166 AU,3.2 days,0.0,Transit
4301,Neptune-like,2016,10.6 Earths,0.28905344 x Jupiter,0.0744 AU,8.4 days,0.0,Transit
4302,Super Earth,2014,4.7 Earths,2.01 x Earth,0.0695 AU,8.7 days,0.0,Transit
4303,Neptune-like,2014,29.9 Earths,0.269 x Jupiter,0.07195 AU,7.2 days,0.0,Transit
4304,Super Earth,2014,3.5 Earths,1.71 x Earth,0.0543 AU,4.7 days,0.0,Transit
4305,Gas Giant,2014,0.941 Jupiters,1.341 x Jupiter,0.02897 AU,1.7 days,0.0,Transit
4306,Super Earth,2013,25.6 Earths,2.401 x Earth,0.0375 AU,3 days,0.15,Transit
4307,Super Earth,2014,3.33 Earths,1.64 x Earth,0.042 AU,3.3 days,0.0,Transit
4308,Super Earth,2014,2.86 Earths,1.5 x Earth,0.095 AU,11.2 days,0.0,Transit
4309,Neptune-like,2014,21.6 Earths,0.27 x Jupiter,0.202 AU,36.3 days,0.0,Transit
4310,Super Earth,2014,26.7 Earths,2.18 x Earth,0.124 AU,17.5 days,0.0,Transit
4311,Neptune-like,2014,0.46182153 Jupiters,0.229 x Jupiter,0.071 AU,7.5 days,0.0,Transit
4312,Super Earth,2014,15.2 Earths,2.31 x Earth,0.14 AU,20.1 days,0.0,Transit
4313,Neptune-like,2014,8.05 Earths,0.246 x Jupiter,0.05 AU,4.3 days,0.0,Transit
4314,Super Earth,2014,4.62 Earths,1.99 x Earth,0.142 AU,20 days,0.0,Transit
4315,Neptune-like,2014,6.57 Earths,0.219 x Jupiter,0.062 AU,5.7 days,0.0,Transit
4316,Neptune-like,2014,7.32 Earths,0.233 x Jupiter,0.075 AU,8.2 days,0.0,Transit
4317,Neptune-like,2014,7.13 Earths,0.229 x Jupiter,0.189 AU,36.1 days,0.0,Transit
4318,Neptune-like,2014,6.04 Earths,0.208 x Jupiter,0.094 AU,12.7 days,0.0,Transit
4319,Super Earth,2014,0.322 Jupiters,2.2 x Earth,0.074 AU,8 days,0.0,Transit
4320,Super Earth,2014,2.45 Earths,1.37 x Earth,0.048 AU,4.1 days,0.0,Transit
4321,Neptune-like,2014,6.85 Earths,0.224 x Jupiter,0.268 AU,56.2 days,0.0,Transit
4322,Neptune-like,2014,6.04 Earths,0.208 x Jupiter,0.095 AU,11.8 days,0.0,Transit
4323,Neptune-like,2013,13.5 Earths,2.0 x Earth,0.28635 AU,50.4 days,0.0,Transit
4324,Neptune-like,2013,0.534 Jupiters,0.5 x Jupiter,0.17286 AU,23.7 days,0.0,Transit
4325,Neptune-like,2014,23.1 Earths,0.274 x Jupiter,0.115 AU,13.2 days,0.0,Transit
4326,Super Earth,2014,0.47988788 Jupiters,2.39 x Earth,0.069 AU,6.2 days,0.0,Transit
4327,Super Earth,2014,10.39875583 Jupiters,1.73 x Earth,0.034 AU,2.1 days,0.0,Transit
4328,Super Earth,2014,4.98 Earths,2.08 x Earth,0.071 AU,8.1 days,0.0,Transit
4329,Gas Giant,2016,0.579 Jupiters,1.039 x Jupiter,0.04839 AU,4.1 days,0.0,Transit
4330,Super Earth,2015,6.76 Earths,2.49 x Earth,0.107 AU,15.5 days,0.21,Transit
4331,Neptune-like,2015,4.04 Earths,1.84 x Earth,0.076 AU,9.3 days,0.1,Transit
4332,Gas Giant,2015,0.138 Jupiters,0.873 x Jupiter,0.04667 AU,3.6 days,< 0.376,Transit
4333,Gas Giant,2006,0.525 Jupiters,1.319 x Jupiter,0.05561 AU,4.5 days,0.0,Transit
4334,Gas Giant,2006,0.83 Jupiters,1.14 x Jupiter,0.0488 AU,3.9 days,0.0,Transit
4335,Gas Giant,2012,4.01 Jupiters,1.49 x Jupiter,0.047 AU,3.4 days,< 0.1,Transit
4336,Gas Giant,2014,2.43 Jupiters,1.02 x Jupiter,0.0717 AU,5.8 days,0.0,Transit
4337,Gas Giant,2014,0.922 Jupiters,1.144 x Jupiter,0.03762 AU,3 days,0.0,Transit
4338,Gas Giant,2014,0.48 Jupiters,1.2 x Jupiter,0.0453 AU,3.4 days,0.0,Transit
4339,Gas Giant,2014,1.44 Jupiters,1.23 x Jupiter,0.03416 AU,2.2 days,0.0,Transit
4340,Gas Giant,2014,0.42 Jupiters,1.46 x Jupiter,0.06431 AU,5 days,0.0,Transit
4341,Gas Giant,2012,0.538 Jupiters,0.999 x Jupiter,0.0344 AU,3.1 days,0.0,Transit
4342,Gas Giant,2012,1.11 Jupiters,1.93 x Jupiter,0.03488 AU,2.2 days,0.0,Transit
4343,Gas Giant,2013,1.07 Jupiters,1.27 x Jupiter,0.0375 AU,2.5 days,0.0,Transit
4344,Gas Giant,2012,2.3 Jupiters,1.29 x Jupiter,0.03711 AU,2.2 days,0.0,Transit
4345,Gas Giant,2012,1.39 Jupiters,1.18 x Jupiter,0.046 AU,2.9 days,0.0,Transit
4346,Gas Giant,2014,0.26 Jupiters,1.0 x Jupiter,0.0453 AU,3.9 days,0.0,Transit
4347,Gas Giant,2014,0.3 Jupiters,1.06 x Jupiter,0.09459 AU,10 days,0.3,Transit
4348,Gas Giant,2014,1.93 Jupiters,1.08 x Jupiter,0.0901 AU,9.3 days,0.02,Transit
4349,Gas Giant,2014,1.272 Jupiters,1.137 x Jupiter,0.02918 AU,1.8 days,0.0,Transit
4350,Gas Giant,2014,1.49 Jupiters,1.528 x Jupiter,0.01985 AU,0.9 days,0.0,Transit
4351,Gas Giant,2014,0.51 Jupiters,1.43 x Jupiter,0.05057 AU,3.6 days,0.0,Transit
4352,Gas Giant,2014,1.26 Jupiters,1.33 x Jupiter,0.04574 AU,2.8 days,0.0,Transit
4353,Neptune-like,2016,9.11 Earths,0.26496565 x Jupiter,0.0744 AU,7 days,0.0,Transit
4354,Neptune-like,2016,11 Earths,0.29619056 x Jupiter,0.1054 AU,12.5 days,0.0,Transit
4355,Neptune-like,2016,6.8 Earths,0.22303506 x Jupiter,0.1552 AU,24.6 days,0.0,Transit
4356,Super Earth,2016,1.98 Earths,1.22 x Earth,0.0528 AU,4.8 days,0.0,Transit
4357,Neptune-like,2016,6.17 Earths,0.2105451 x Jupiter,0.128 AU,18.8 days,0.0,Transit
4358,Super Earth,2016,1.81 Earths,1.19 x Earth,0.06026 AU,5.3 days,0.0,Transit
4359,Neptune-like,2016,5.22 Earths,2.14 x Earth,0.1082 AU,12.9 days,0.0,Transit
4360,Neptune-like,2016,7.04 Earths,0.22749576 x Jupiter,0.09763 AU,11 days,0.0,Transit
4361,Super Earth,2016,3.53 Earths,1.7 x Earth,0.0753 AU,8.1 days,0.0,Transit
4362,Super Earth,2016,2.89 Earths,1.51 x Earth,0.17515 AU,25.4 days,0.0,Transit
4363,Neptune-like,2016,5.99 Earths,0.20697654 x Jupiter,0.0901 AU,11.1 days,0.0,Transit
4364,Super Earth,2016,3.26 Earths,1.62 x Earth,0.1156 AU,13.7 days,0.0,Transit
4365,Super Earth,2016,3.33 Earths,1.64 x Earth,0.0201 AU,1.2 days,0.0,Transit
4366,Super Earth,2016,2.57 Earths,1.41 x Earth,0.0196 AU,1.1 days,0.0,Transit
4367,Neptune-like,2016,9.53 Earths,0.27210277 x Jupiter,0.3877 AU,85.7 days,0.0,Transit
4368,Super Earth,2016,1.2 Earths,1.06 x Earth,0.0114 AU,0.6 days,0.0,Transit
4369,Neptune-like,2016,8.96 Earths,0.26228923 x Jupiter,0.179 AU,28.7 days,0.0,Transit
4370,Neptune-like,2016,5.86 Earths,0.20430012 x Jupiter,0.1183 AU,15.2 days,0.0,Transit
4371,Super Earth,2016,1.2 Earths,1.06 x Earth,0.0188 AU,1.1 days,0.0,Transit
4372,Super Earth,2016,1.6 Earths,1.15 x Earth,0.11309 AU,15 days,0.0,Transit
4373,Super Earth,2016,2.76 Earths,1.47 x Earth,0.0732 AU,7.7 days,0.0,Transit
4374,Super Earth,2016,2.1 Earths,1.25 x Earth,0.02869 AU,2 days,0.0,Transit
4375,Neptune-like,2016,5.6 Earths,2.23 x Earth,0.3179 AU,66.2 days,0.0,Transit
4376,Super Earth,2016,4.98 Earths,2.08 x Earth,0.0726 AU,8.5 days,0.0,Transit
4377,Super Earth,2016,2.89 Earths,1.51 x Earth,0.1212 AU,16.2 days,0.0,Transit
4378,Super Earth,2016,2.3 Earths,1.32 x Earth,0.04004 AU,2.8 days,0.0,Transit
4379,Neptune-like,2016,6.17 Earths,0.2105451 x Jupiter,0.1693 AU,25.2 days,0.0,Transit
4380,Super Earth,2016,2.89 Earths,1.51 x Earth,0.0587 AU,5.6 days,0.0,Transit
4381,Super Earth,2016,2.33 Earths,1.33 x Earth,0.0845 AU,10.5 days,0.0,Transit
4382,Super Earth,2016,3.78 Earths,1.77 x Earth,0.0467 AU,3.8 days,0.0,Transit
4383,Super Earth,2016,4.98 Earths,2.08 x Earth,0.135 AU,17.1 days,0.0,Transit
4384,Gas Giant,2015,1.17 Jupiters,1.62 x Jupiter,0.0447 AU,2.7 days,0.0,Transit
4385,Gas Giant,2008,0.96 Jupiters,1.33 x Jupiter,0.0617 AU,5 days,0.03,Transit
4386,Gas Giant,2012,0.85 Jupiters,1.53 x Jupiter,0.0519 AU,3.7 days,0.0,Transit
4387,Gas Giant,2014,2.86 Jupiters,1.42 x Jupiter,0.05512 AU,4.1 days,0.0,Transit
4388,Gas Giant,2014,1.08 Jupiters,1.32 x Jupiter,0.06206 AU,5.1 days,0.0,Transit
4389,Gas Giant,2012,0.43 Jupiters,1.15 x Jupiter,0.05179 AU,4.6 days,0.0,Transit
4390,Gas Giant,2012,2.35 Jupiters,1.4 x Jupiter,0.0546 AU,4.1 days,0.0,Transit
4391,Gas Giant,2013,1.55 Jupiters,1.112 x Jupiter,0.0334 AU,2.3 days,0.0,Transit
4392,Gas Giant,2012,1.271 Jupiters,1.271 x Jupiter,0.02648 AU,1.6 days,0.0,Transit
4393,Gas Giant,2012,0.52 Jupiters,1.32 x Jupiter,0.0571 AU,4.4 days,0.0,Transit
4394,Gas Giant,2012,0.863 Jupiters,0.775 x Jupiter,0.0697 AU,7.9 days,0.1,Transit
4395,Gas Giant,2012,0.586 Jupiters,1.314 x Jupiter,0.0558 AU,4.5 days,0.0,Transit
4396,Gas Giant,2012,0.37 Jupiters,1.11 x Jupiter,0.0379 AU,2.8 days,0.0,Transit
4397,Gas Giant,2011,0.964 Jupiters,0.946 x Jupiter,0.03963 AU,3.1 days,0.0,Transit
4398,Gas Giant,2011,0.85 Jupiters,1.1 x Jupiter,0.04022 AU,3.1 days,0.0,Transit
4399,Gas Giant,2010,1.8 Jupiters,1.16 x Jupiter,0.0446 AU,3.6 days,0.0,Transit
4400,Gas Giant,2010,2.093 Jupiters,1.593 x Jupiter,0.0239 AU,1.2 days,0.0,Transit
4401,Gas Giant,2007,0.931 Jupiters,1.081 x Jupiter,0.03144 AU,2.2 days,0.01,Transit
4402,Gas Giant,2010,0.23 Jupiters,0.77 x Jupiter,0.0457 AU,3.9 days,0.03,Transit
4403,Gas Giant,2010,1.24 Jupiters,1.38 x Jupiter,0.03651 AU,2.3 days,0.0,Transit
4404,Gas Giant,2009,1.24 Jupiters,1.22 x Jupiter,0.0415 AU,3.1 days,0.0,Transit
4405,Gas Giant,2008,1.47 Jupiters,1.965 x Jupiter,0.0234 AU,1.1 days,0.04,Transit
4406,Gas Giant,2011,2.494 Jupiters,1.254 x Jupiter,0.02153 AU,1.3 days,0.0,Transit
4407,Gas Giant,2012,0.54 Jupiters,1.27 x Jupiter (estimate),0.06 AU,4.4 days,0.0,Radial Velocity
4408,Gas Giant,2013,2.31 Jupiters,0.941 x Jupiter,0.03734 AU,3.2 days,,Transit
4409,Neptune-like,2012,0.531 Jupiters,0.551 x Jupiter,0.652 AU,138.3 days,0.07,Transit
4410,Gas Giant,2007,1.01 Jupiters,1.13 x Jupiter,0.051 AU,4 days,0.0,Transit
4411,Super Earth,2016,4.5 Earths,1.96 x Earth,0.1422 AU,28.6 days,0.0,Transit
4412,Neptune-like,2016,8.91 Earths,0.26139709 x Jupiter,0.0428 AU,3.6 days,0.0,Transit
4413,Neptune-like,2016,12.4 Earths,0.31760193 x Jupiter,0.0583 AU,6.1 days,0.0,Transit
4414,Neptune-like,2016,8.35 Earths,0.25158355 x Jupiter,0.1483 AU,20.8 days,0.0,Transit
4415,Super Earth,2016,2.15 Earths,1.27 x Earth,0.0143 AU,0.9 days,0.0,Transit
4416,Gas Giant,2016,Unknown,1.23829066 x Jupiter,0.0505 AU,3.9 days,0.0,Transit
4417,Gas Giant,2016,Unknown,1.1 x Jupiter,0.0694 AU,6.5 days,0.0,Transit
4418,Neptune-like,2016,12.5 Earths,0.31938621 x Jupiter,0.0432 AU,3.2 days,0.0,Transit
4419,Neptune-like,2016,11.1 Earths,0.29797484 x Jupiter,0.0625 AU,5.7 days,0.0,Transit
4420,Neptune-like,2016,10.7 Earths,0.29083772 x Jupiter,0.1406 AU,21.8 days,0.0,Transit
4421,Gas Giant,2016,1.64164822 Jupiters,0.96351312 x Jupiter,0.2238 AU,39.6 days,0.23,Transit
4422,Neptune-like,2016,10.8 Earths,0.29351414 x Jupiter,0.0433 AU,3.3 days,0.0,Transit
4423,Gas Giant,2016,Unknown,1.08751896 x Jupiter,0.0479 AU,4.1 days,0.0,Transit
4424,Neptune-like,2016,7.41 Earths,0.23463288 x Jupiter,0.0514 AU,4.1 days,0.0,Transit
4425,Neptune-like,2016,7.46 Earths,0.23552502 x Jupiter,0.0583 AU,5.4 days,0.0,Transit
4426,Gas Giant,2016,0.168 Jupiters,0.75028995 x Jupiter,0.0539 AU,4.7 days,0.0,Transit
4427,Gas Giant,2016,0.172 Jupiters,0.76010349 x Jupiter,0.0556 AU,5 days,0.0,Transit
4428,Neptune-like,2016,6.44 Earths,0.21589794 x Jupiter,0.052 AU,4.4 days,0.0,Transit
4429,Neptune-like,2016,8.75 Earths,0.25872067 x Jupiter,0.08628 AU,10.4 days,0.0,Transit
4430,Neptune-like,2016,13.5 Earths,0.33455259 x Jupiter,0.0933 AU,10 days,0.0,Transit
4431,Neptune-like,2016,6.71 Earths,0.22125078 x Jupiter,0.0748 AU,7.4 days,0.0,Transit
4432,Super Earth,2016,2.3 Earths,1.32 x Earth,0.0192 AU,1 days,0.0,Transit
4433,Gas Giant,2004,0.84 Jupiters,1.13 x Jupiter,0.03925 AU,3 days,0.0,Transit
4434,Gas Giant,2006,3.8 Jupiters,0.81 x Jupiter,0.055 AU,4.2 days,,Transit
4435,Gas Giant,2006,9.7 Jupiters,1.13 x Jupiter,0.03 AU,1.8 days,,Transit
4436,Gas Giant,2010,1.294 Jupiters,1.143 x Jupiter,0.02332 AU,1.4 days,0.0,Transit
4437,Gas Giant,2012,1.88 Jupiters,1.2 x Jupiter (estimate),0.03176 AU,2.1 days,0.01,Radial Velocity
4438,Gas Giant,2007,1.03 Jupiters,1.36 x Jupiter,0.051 AU,3.7 days,0.0,Transit
4439,Gas Giant,2004,1.18 Jupiters,1.2 x Jupiter,0.03035 AU,1.7 days,< 0.6,Transit
4440,Gas Giant,2004,1.26 Jupiters,1.093 x Jupiter,0.02289 AU,1.4 days,0.0,Transit
4441,Gas Giant,2004,0.55 Jupiters,1.019 x Jupiter,0.0473 AU,4 days,0.0,Transit
4442,Gas Giant,2008,4.5 Jupiters,1.61 x Jupiter,0.0308 AU,2.5 days,,Transit
4443,Neptune-like,2016,21 Earths,0.43268802 x Jupiter,0.66479 AU,226.9 days,0.0,Transit
4444,Neptune-like,2016,11.5 Earths,0.30421982 x Jupiter,0.13615 AU,21 days,0.0,Transit
4445,Neptune-like,2016,11.5 Earths,0.30421982 x Jupiter,0.1429 AU,23.6 days,0.0,Transit
4446,Neptune-like,2016,8.85 Earths,0.26050495 x Jupiter,0.1173 AU,16.1 days,0.0,Transit
4447,Neptune-like,2016,8.91 Earths,0.26139709 x Jupiter,0.0426 AU,3.2 days,0.0,Transit
4448,Super Earth,2016,5.68344415 Jupiters,1.75 x Earth,0.04053 AU,3.2 days,0.0,Transit
4449,Neptune-like,2016,7.32 Earths,0.2328486 x Jupiter,0.1401 AU,18.9 days,0.0,Transit
4450,Neptune-like,2016,5.6 Earths,2.23 x Earth,0.1281 AU,16.1 days,0.0,Transit
4451,Neptune-like,2016,7.65 Earths,0.23909359 x Jupiter,0.2863 AU,53.6 days,0.0,Transit
4452,Neptune-like,2016,8.35 Earths,0.25158355 x Jupiter,0.1793 AU,28.5 days,0.0,Transit
4453,Neptune-like,2016,6.39 Earths,0.2150058 x Jupiter,0.0981 AU,11.2 days,0.0,Transit
4454,Super Earth,2016,3.09 Earths,1.57 x Earth,0.0621 AU,4.9 days,0.0,Transit
4455,Super Earth,2016,2.3 Earths,1.32 x Earth,0.03497 AU,2.7 days,0.0,Transit
4456,Super Earth,2016,1.24 Earths,1.07 x Earth,0.1596 AU,31.8 days,0.0,Transit
4457,Super Earth,2016,4.27 Earths,1.9 x Earth,0.4301 AU,106.2 days,0.0,Transit
4458,Neptune-like,2016,9.22 Earths,0.26674993 x Jupiter,0.2181 AU,37.9 days,0.0,Transit
4459,Super Earth,2016,3.15 Earths,1.59 x Earth,0.0732 AU,6.9 days,0.0,Transit
4460,Terrestrial,2016,0.64 Earths,0.89 x Earth,0.0156 AU,0.8 days,0.0,Transit
4461,Neptune-like,2016,10.3 Earths,0.28548488 x Jupiter,0.168 AU,26 days,0.0,Transit
4462,Neptune-like,2016,6.39 Earths,0.2150058 x Jupiter,0.088 AU,10 days,0.0,Transit
4463,Terrestrial,2016,0.779 Earths,0.94 x Earth,0.06931 AU,6.1 days,0.0,Transit
4464,Neptune-like,2016,6.8 Earths,0.22303506 x Jupiter,0.2663 AU,55.8 days,0.0,Transit
4465,Super Earth,2016,3.57 Earths,1.71 x Earth,0.0175 AU,1 days,0.0,Transit
4466,Super Earth,2016,3.02 Earths,1.55 x Earth,0.0914 AU,9.5 days,0.0,Transit
4467,Super Earth,2016,1.46 Earths,1.12 x Earth,0.04635 AU,4 days,0.0,Transit
4468,Super Earth,2016,1.08 Earths,1.03 x Earth,0.06868 AU,6.1 days,0.0,Transit
4469,Neptune-like,2016,5.18 Earths,2.13 x Earth,0.0784 AU,10.7 days,0.0,Transit
4470,Neptune-like,2016,5.22 Earths,2.14 x Earth,0.0755 AU,8 days,0.0,Transit
4471,Neptune-like,2016,6.21 Earths,0.21143724 x Jupiter,0.1603 AU,22.7 days,0.0,Transit
4472,Neptune-like,2016,6.08 Earths,0.20876082 x Jupiter,0.12643 AU,13.5 days,0.0,Transit
4473,Super Earth,2016,2.3 Earths,1.32 x Earth,0.09704 AU,11.9 days,0.0,Transit
4474,Super Earth,2016,4.78 Earths,2.03 x Earth,0.2006 AU,33.5 days,0.0,Transit
4475,Neptune-like,2016,6.17 Earths,0.2105451 x Jupiter,0.0875 AU,8.5 days,0.0,Transit
4476,Neptune-like,2016,6.08 Earths,0.20876082 x Jupiter,0.0631 AU,5.2 days,0.0,Transit
4477,Gas Giant,2004,0.62 Jupiters,1.25 x Jupiter,0.0434 AU,3.1 days,0.0,Transit
4478,Gas Giant,2012,3.7 Jupiters,1.16 x Jupiter (estimate),8.3 AU,27.6 years,,Microlensing
4479,Neptune-like,2014,3.55 Earths,1.99 x Earth,0.02614 AU,1.5 days,0.0,Transit
4480,Super Earth,2014,3.51 Earths,1.48 x Earth,0.03563 AU,2.6 days,0.0,Transit
4481,Gas Giant,2014,9.836 Jupiters,1.11 x Jupiter (estimate),1.596806621 AU,2.2 years,0.35,Radial Velocity
4482,Super Earth,2013,6.1 Earths,2.6 x Earth,0.19054 AU,26.7 days,0.04,Transit
4483,Gas Giant,2010,0.59 Jupiters,1.416 x Jupiter,0.0474 AU,3.5 days,0.0,Transit
4484,Gas Giant,2013,1.02 Jupiters,1.204 x Jupiter,0.481 AU,114.7 days,0.04,Transit
4485,Terrestrial,2012,1.84 Earths,1.778 x Earth,0.07885 AU,8.3 days,0.02,Transit
4486,Super Earth,2012,20.2 Earths,2.36 x Earth,0.1072 AU,12.9 days,0.0,Transit
4487,Neptune-like,2012,2.94 Earths,0.252 x Jupiter,0.07295 AU,9.8 days,0.0,Transit
4488,Neptune-like,2012,12.15 Earths,0.36310108 x Jupiter,0.1683 AU,26.4 days,0.0,Transit
4489,Super Earth,2014,4.13 Earths,1.6 x Earth,0.0491 AU,4.6 days,0.0,Transit
4490,Neptune-like,2014,5.3 Earths,0.63788137 x Jupiter,0.2937 AU,52.1 days,0.05,Transit
4491,Gas Giant,2013,0.43 Jupiters,0.96 x Jupiter,0.04501 AU,3.6 days,0.0,Transit
4492,Super Earth,2016,2.33 Earths,1.33 x Earth,0.0325 AU,2.2 days,0.0,Transit
4493,Neptune-like,2016,5.1 Earths,2.11 x Earth,0.232 AU,56.1 days,0.0,Transit
4494,Neptune-like,2016,7.32 Earths,0.2328486 x Jupiter,0.047 AU,3.8 days,0.0,Transit
4495,Gas Giant,2016,0.161 Jupiters,0.731555 x Jupiter,0.0535 AU,4.6 days,0.0,Transit
4496,Gas Giant,2016,0.194 Jupiters,0.8180926 x Jupiter,0.088 AU,10.5 days,0.0,Transit
4497,Neptune-like,2016,8.45 Earths,0.25336783 x Jupiter,0.0895 AU,10.4 days,0.0,Transit
4498,Neptune-like,2016,30 Earths,0.53439201 x Jupiter,0.3577 AU,80.9 days,0.0,Transit
4499,Neptune-like,2016,13.1 Earths,0.32830761 x Jupiter,0.1255 AU,16.3 days,0.0,Transit
4500,Neptune-like,2016,16 Earths,0.36845392 x Jupiter,0.0471 AU,3.7 days,0.0,Transit
4501,Neptune-like,2016,31.3 Earths,0.54777411 x Jupiter,0.0535 AU,4.2 days,0.0,Transit
4502,Gas Giant,2016,0.196 Jupiters,0.82166117 x Jupiter,0.0374 AU,3 days,0.0,Transit
4503,Neptune-like,2016,8.25 Earths,0.24979927 x Jupiter,0.0659 AU,6.4 days,0.0,Transit
4504,Gas Giant,2016,0.232 Jupiters,0.90819877 x Jupiter,0.1121 AU,15.4 days,0.0,Transit
4505,Neptune-like,2016,9.85 Earths,0.27745562 x Jupiter,0.1495 AU,21.8 days,0.0,Transit
4506,Super Earth,2016,5.02 Earths,2.09 x Earth,0.0649 AU,8.1 days,0.0,Transit
4507,Neptune-like,2016,29.6 Earths,0.53082345 x Jupiter,0.081 AU,7.7 days,0.0,Transit
4508,Gas Giant,2013,0.84007174 Jupiters,1.24 x Jupiter (estimate),1.469 AU,1.7 years,0.1,Radial Velocity
4509,Neptune-like,2016,8.7 Earths,0.25782853 x Jupiter,0.1449 AU,22.4 days,0.0,Transit
4510,Gas Giant,2016,0.216 Jupiters,0.87072888 x Jupiter,0.046 AU,3.9 days,0.0,Transit
4511,Neptune-like,2016,12.2 Earths,0.31403337 x Jupiter,0.1326 AU,20.5 days,0.0,Transit
4512,Gas Giant,2016,Unknown,1.0839504 x Jupiter,0.0258 AU,1.6 days,0.0,Transit
4513,Neptune-like,2013,8.25 Earths,0.25 x Jupiter,0.1352 AU,17.8 days,0.0,Transit
4514,Gas Giant,2016,0.248 Jupiters,0.94388438 x Jupiter,0.0265 AU,1.6 days,0.0,Transit
4515,Neptune-like,2016,11.2 Earths,0.29975912 x Jupiter,0.064 AU,6.8 days,0.0,Transit
4516,Super Earth,2016,4.54 Earths,1.97 x Earth,0.0355 AU,2.5 days,0.0,Transit
4517,Gas Giant,2016,0.134 Jupiters,0.65750736 x Jupiter,0.1058 AU,12.6 days,0.0,Transit
4518,Neptune-like,2016,9.69 Earths,0.2747792 x Jupiter,0.1635 AU,26.4 days,0.0,Transit
4519,Neptune-like,2016,6.44 Earths,0.21589794 x Jupiter,0.0469 AU,3.7 days,0.0,Transit
4520,Terrestrial,2016,0.59 Earths,0.87 x Earth,0.0223 AU,1.6 days,0.0,Transit
4521,Neptune-like,2016,5.56 Earths,2.22 x Earth,0.3197 AU,65.6 days,0.0,Transit
4522,Super Earth,2016,1.04 Earths,1.02 x Earth,0.0382 AU,2.8 days,0.0,Transit
4523,Super Earth,2016,3.5 Earths,1.69 x Earth,0.0188 AU,1.1 days,0.0,Transit
4524,Neptune-like,2016,7.32 Earths,0.2328486 x Jupiter,0.0961 AU,10.6 days,0.0,Transit
4525,Super Earth,2016,2.04 Earths,1.23 x Earth,0.0325 AU,2.4 days,0.0,Transit
4526,Super Earth,2016,2.54 Earths,1.4 x Earth,0.0443 AU,4 days,0.0,Transit
4527,Neptune-like,2016,12.6 Earths,0.32117049 x Jupiter,0.6477 AU,210.6 days,0.0,Transit
4528,Super Earth,2016,3.43 Earths,1.67 x Earth,0.0371 AU,2.9 days,0.0,Transit
4529,Super Earth,2016,2.76 Earths,1.47 x Earth,0.1343 AU,18.3 days,0.0,Transit
4530,Terrestrial,2016,0.477 Earths,0.82 x Earth,0.03496 AU,2.3 days,0.0,Transit
4531,Neptune-like,2016,8.1 Earths,0.24712285 x Jupiter,0.1478 AU,24.1 days,0.0,Transit
4532,Super Earth,2016,1.81 Earths,1.19 x Earth,0.01664 AU,0.8 days,0.0,Transit
4533,Super Earth,2016,3.53 Earths,1.7 x Earth,0.0415 AU,3.2 days,0.0,Transit
4534,Neptune-like,2016,5.48 Earths,2.2 x Earth,0.1871 AU,23.9 days,0.0,Transit
4535,Super Earth,2016,3.33 Earths,1.64 x Earth,0.0299 AU,2.4 days,0.0,Transit
4536,Super Earth,2016,4.08 Earths,1.85 x Earth,0.3436 AU,77 days,0.0,Transit
4537,Neptune-like,2016,7.46 Earths,0.23552502 x Jupiter,0.1242 AU,17.1 days,0.0,Transit
4538,Super Earth,2016,4.54 Earths,1.97 x Earth,0.0983 AU,11.6 days,0.0,Transit
4539,Neptune-like,2016,6.12 Earths,0.20965296 x Jupiter,0.2881 AU,62.9 days,0.0,Transit
4540,Super Earth,2016,3.15 Earths,1.59 x Earth,0.0459 AU,3.5 days,0.0,Transit
4541,Terrestrial,2016,0.437 Earths,0.8 x Earth,0.05963 AU,5.5 days,0.0,Transit
4542,Neptune-like,2016,7.9 Earths,0.24355429 x Jupiter,0.35367 AU,76.5 days,0.0,Transit
4543,Neptune-like,2016,9.06 Earths,0.26407351 x Jupiter,0.16481 AU,24.3 days,0.0,Transit
4544,Neptune-like,2016,12.9 Earths,0.32563119 x Jupiter,0.302 AU,61.6 days,0.0,Transit
4545,Super Earth,2016,4.5 Earths,1.96 x Earth,0.0556 AU,5.1 days,0.0,Transit
4546,Super Earth,2016,3.64 Earths,1.73 x Earth,0.41251 AU,108.6 days,0.0,Transit
4547,Super Earth,2016,4.04 Earths,1.84 x Earth,0.1348 AU,17.7 days,0.0,Transit
4548,Neptune-like,2009,8.4 Earths,0.253 x Jupiter (estimate),0.046 AU,3.7 days,0.0,Radial Velocity
4549,Gas Giant,2008,21.66 Jupiters,1.01 x Jupiter,0.05783 AU,4.3 days,0.0,Transit
4550,Gas Giant,2013,0.52 Jupiters,1.26 x Jupiter,0.0526 AU,4.2 days,0.0,Transit
4551,Neptune-like,2014,5.7 Earths,0.33 x Jupiter,0.056 AU,5.1 days,0.0,Transit
4552,Gas Giant,2011,4.3 Jupiters,0.84 x Jupiter,0.09 AU,9.2 days,0.59,Transit
4553,Gas Giant,2011,2.43 Jupiters,1.02 x Jupiter,0.0461 AU,3.8 days,0.0,Transit
4554,Gas Giant,2010,2.33 Jupiters,1.43 x Jupiter,0.0436 AU,3 days,0.0,Transit
4555,Gas Giant,2016,7.79 Jupiters,1.12 x Jupiter (estimate),5.5 AU,13.3 years,0.71,Radial Velocity
4556,Gas Giant,2013,0.334 Jupiters,1.005 x Jupiter,0.1684 AU,22.3 days,0.02,Transit
4557,Neptune-like,2016,9.32 Earths,0.26853421 x Jupiter,0.0983 AU,12.4 days,0.0,Transit
4558,Neptune-like,2016,23.1 Earths,0.45856009 x Jupiter,0.0732 AU,7.3 days,0.0,Transit
4559,Neptune-like,2016,25 Earths,0.47997145 x Jupiter,0.067 AU,6.6 days,0.0,Transit
4560,Neptune-like,2016,6.53 Earths,0.21768222 x Jupiter,0.0325 AU,2.3 days,0.0,Transit
4561,Super Earth,2016,3.5 Earths,1.69 x Earth,0.028 AU,2.2 days,0.0,Transit
4562,Neptune-like,2016,34.8 Earths,0.58345972 x Jupiter,0.0455 AU,3.7 days,0.0,Transit
4563,Neptune-like,2016,6.8 Earths,0.22303506 x Jupiter,0.2163 AU,38.4 days,0.0,Transit
4564,Gas Giant,2016,Unknown,1.17584084 x Jupiter,0.0383 AU,2.8 days,0.0,Transit
4565,Neptune-like,2016,20.8 Earths,0.43090374 x Jupiter,0.0529 AU,4.1 days,0.0,Transit
4566,Neptune-like,2016,7.75 Earths,0.24087787 x Jupiter,0.0768 AU,8.4 days,0.0,Transit
4567,Neptune-like,2016,6.35 Earths,0.21411366 x Jupiter,0.0542 AU,4.5 days,0.0,Transit
4568,Neptune-like,2012,5.4 Earths,0.23 x Jupiter,0.068 AU,5.9 days,0.02,Transit
4569,Super Earth,2013,36 Earths,1.61 x Earth,0.427 AU,122.4 days,0.0,Transit
4570,Neptune-like,2013,5.27 Earths,2.15 x Earth,0.24861 AU,59.9 days,< 0.25,Transit
4571,Neptune-like,2012,3.81 Earths,1.98 x Earth,0.13114 AU,18 days,0.0,Transit
4572,Super Earth,2012,6.86 Earths,2.196 x Earth,0.09588 AU,11.6 days,0.07,Transit
4573,Super Earth,2014,3.15 Earths,1.59 x Earth,0.081 AU,10.2 days,0.0,Transit
4574,Super Earth,2012,0.135 Jupiters,2.43 x Earth,0.1593 AU,27.9 days,0.0,Transit
4575,Neptune-like,2012,36 Earths,0.283 x Jupiter,0.22091 AU,38.6 days,0.0,Transit
4576,Super Earth,2012,0.4247575 Jupiters,2.1 x Earth,0.0637 AU,7.9 days,0.0,Transit
4577,Super Earth,2012,8.2 Earths,2.17 x Earth,0.087 AU,9.4 days,0.0,Transit
4578,Super Earth,2012,8.38 Earths,2.444 x Earth,0.07821 AU,10.9 days,0.01,Transit
4579,Super Earth,2012,3.94 Earths,1.88 x Earth,0.05394 AU,4.8 days,0.0,Transit
4580,Gas Giant,2012,0.376 Jupiters,1.21 x Jupiter (estimate),0.2799 AU,57 days,0.01,Transit Timing Variations
4581,Super Earth,2015,2.86 Earths,1.5 x Earth,0.0182 AU,1.6 days,0.0,Transit
4582,Terrestrial,2015,0.2 Earths,0.53 x Earth,0.06 AU,6.2 days,0.18,Transit
4583,Super Earth,2015,2.36 Earths,1.34 x Earth,0.409 AU,112.3 days,0.04,Transit
4584,Gas Giant,2011,3.23 Jupiters,1.219 x Jupiter,0.046 AU,3 days,0.02,Transit
4585,Neptune-like,2015,5.65 Earths,2.24 x Earth,0.563 AU,178.1 days,0.03,Transit
4586,Neptune-like,2015,7.9 Earths,0.24 x Jupiter,0.339 AU,64 days,0.19,Transit
4587,Gas Giant,2015,2.86 Jupiters,1.13 x Jupiter,0.1143 AU,12.9 days,0.13,Transit
4588,Terrestrial,2015,0.229 Earths,0.668 x Earth,0.0847 AU,8.7 days,0.0,Transit
4589,Gas Giant,2014,1.27 Jupiters,1.08 x Jupiter,0.0433 AU,3.5 days,< 0.22,Transit
4590,Gas Giant,2014,6.97 Jupiters,1.13 x Jupiter (estimate),0.73 AU,223.3 days,,Radial Velocity
4591,Gas Giant,2014,0.43 Jupiters,1.15 x Jupiter,0.082 AU,7.9 days,0.0,Transit
4592,Gas Giant,2014,7.3 Jupiters,1.13 x Jupiter (estimate),1.68 AU,1.9 years,0.18,Transit Timing Variations
4593,Gas Giant,2014,1.1 Jupiters,1.2 x Jupiter,0.39249 AU,86.7 days,0.2,Transit
4594,Neptune-like,2016,30.2 Earths,0.4228752 x Jupiter,0.06702 AU,6.8 days,0.25,Transit
4595,Neptune-like,2016,16.4 Earths,0.70746843 x Jupiter,0.262 AU,42.3 days,0.03,Transit
4596,Neptune-like,2016,20.6 Earths,0.50298954 x Jupiter,0.1673 AU,20.9 days,0.05,Transit
4597,Gas Giant,2015,1.9 Jupiters,1.3 x Jupiter,0.0243 AU,1.4 days,0.0,Transit
4598,Neptune-like,2016,7.27 Earths,0.23195646 x Jupiter,0.1148 AU,16 days,0.0,Transit
4599,Neptune-like,2016,7.56 Earths,0.23730931 x Jupiter,0.0374 AU,2.5 days,0.0,Transit
4600,Neptune-like,2016,7.27 Earths,0.23195646 x Jupiter,0.0559 AU,5 days,0.0,Transit
4601,Neptune-like,2016,9.64 Earths,0.27388706 x Jupiter,0.0585 AU,6 days,0.0,Transit
4602,Neptune-like,2016,7.13 Earths,0.22928004 x Jupiter,0.0759 AU,9.3 days,0.0,Transit
4603,Neptune-like,2016,6.8 Earths,0.22303506 x Jupiter,0.1204 AU,17.7 days,0.0,Transit
4604,Super Earth,2016,3.29 Earths,1.63 x Earth,0.0188 AU,1.3 days,0.0,Transit
4605,Neptune-like,2016,9.91 Earths,0.27834776 x Jupiter,0.02231 AU,1.3 days,0.0,Transit
4606,Neptune-like,2015,5.4 Earths,0.2114376 x Jupiter,0.09528 AU,10.6 days,< 0.32,Transit
4607,Terrestrial,2014,5 Earths,0.82 x Earth,0.03592 AU,2.5 days,0.0,Transit
4608,Super Earth,2014,1.93 Earths,1.19 x Earth,0.01531 AU,0.7 days,0.0,Transit
4609,Super Earth,2014,2.71 Earths,0.85 x Earth,0.05531 AU,4.6 days,0.0,Transit
4610,Neptune-like,2014,19.6 Earths,0.416 x Jupiter,0.188 AU,29.7 days,0.0,Transit
4611,Super Earth,2014,4.98 Earths,2.08 x Earth,0.095 AU,10.6 days,0.0,Transit
4612,Super Earth,2014,3.61 Earths,1.72 x Earth,0.118 AU,14.8 days,0.0,Transit
4613,Super Earth,2014,3.71 Earths,1.75 x Earth,0.297 AU,54.3 days,0.0,Transit
4614,Super Earth,2014,2.1 Earths,1.25 x Earth,0.076 AU,7 days,0.0,Transit
4615,Super Earth,2014,2.73 Earths,1.46 x Earth,0.102 AU,11.2 days,0.0,Transit
4616,Super Earth,2014,3.05 Earths,1.56 x Earth,0.068 AU,6.1 days,0.0,Transit
4617,Super Earth,2014,1.98 Earths,1.22 x Earth,0.051 AU,4 days,0.0,Transit
4618,Neptune-like,2014,5.27 Earths,2.15 x Earth,0.269 AU,47.3 days,0.0,Transit
4619,Super Earth,2014,2.83 Earths,1.49 x Earth,0.134 AU,17.3 days,0.0,Transit
4620,Super Earth,2014,3.36 Earths,1.65 x Earth,0.087 AU,9 days,0.0,Transit
4621,Super Earth,2014,4.23 Earths,1.89 x Earth,0.261 AU,58 days,0.0,Transit
4622,Super Earth,2014,2.63 Earths,1.43 x Earth,0.155 AU,26.7 days,0.0,Transit
4623,Super Earth,2014,1.01 Earths,1.01 x Earth,0.087 AU,11.4 days,0.0,Transit
4624,Super Earth,2016,2.18 Earths,1.28 x Earth,0.0305 AU,2.9 days,0.0,Transit
4625,Super Earth,2016,3.43 Earths,1.67 x Earth,0.0497 AU,4.3 days,0.0,Transit
4626,Super Earth,2016,4.82 Earths,2.04 x Earth,0.2315 AU,42.2 days,0.0,Transit
4627,Super Earth,2016,4.31 Earths,1.91 x Earth,0.11818 AU,13.2 days,0.0,Transit
4628,Super Earth,2016,2.48 Earths,1.38 x Earth,0.0369 AU,2.9 days,0.0,Transit
4629,Super Earth,2016,4.35 Earths,1.92 x Earth,0.0812 AU,8.3 days,0.0,Transit
4630,Neptune-like,2016,7.95 Earths,0.24444643 x Jupiter,0.2079 AU,38.7 days,0.0,Transit
4631,Super Earth,2016,1.41 Earths,1.11 x Earth,0.05485 AU,4.8 days,0.0,Transit
4632,Neptune-like,2016,6.99 Earths,0.22660362 x Jupiter,0.233 AU,41.7 days,0.0,Transit
4633,Super Earth,2016,3.53 Earths,1.7 x Earth,0.2134 AU,23.6 days,0.0,Transit
4634,Super Earth,2016,2.39 Earths,1.35 x Earth,0.11056 AU,15 days,0.0,Transit
4635,Neptune-like,2016,8.3 Earths,0.25069141 x Jupiter,0.2415 AU,42.3 days,0.0,Transit
4636,Neptune-like,2016,9.38 Earths,0.26942635 x Jupiter,0.1239 AU,14.4 days,0.0,Transit
4637,Super Earth,2016,4.66 Earths,2.0 x Earth,0.0872 AU,8.8 days,0.0,Transit
4638,Neptune-like,2015,11 Earths,0.36577813 x Jupiter,0.0982 AU,11.9 days,0.1,Transit
4639,Super Earth,2015,8.92 Earths,2.37 x Earth,0.1429 AU,32.9 days,0.2,Transit
4640,Neptune-like,2015,5.6 Earths,2.23 x Earth,0.119 AU,18 days,0.18,Transit
4641,Super Earth,2015,4.74 Earths,2.02 x Earth,0.0667 AU,7.6 days,,Transit
4642,Neptune-like,2015,6.71 Earths,0.22125078 x Jupiter,0.091 AU,11.8 days,,Transit
4643,Neptune-like,2015,20.7 Earths,0.42911946 x Jupiter,0.0627 AU,8.4 days,0.14,Transit
4644,Neptune-like,2015,5.2 Earths,0.21768259 x Jupiter,0.0792 AU,8.3 days,< 0.5,Transit
4645,Neptune-like,2015,25.2 Earths,0.33660509 x Jupiter,0.137 AU,19.3 days,0.31,Transit
4646,Neptune-like,2016,7.8 Earths,0.24177001 x Jupiter,0.25697 AU,46.4 days,0.0,Transit
4647,Super Earth,2016,4.94 Earths,2.07 x Earth,0.11664 AU,13.7 days,0.0,Transit
4648,Terrestrial,2016,0.399 Earths,0.78 x Earth,0.01855 AU,0.9 days,0.0,Transit
4649,Super Earth,2016,4.46 Earths,1.95 x Earth,0.11945 AU,14.7 days,0.0,Transit
4650,Neptune-like,2016,6.76 Earths,0.22214292 x Jupiter,0.04958 AU,4.2 days,0.0,Transit
4651,Neptune-like,2016,6.21 Earths,0.21143724 x Jupiter,0.14078 AU,21.4 days,0.0,Transit
4652,Neptune-like,2016,9.06 Earths,0.26407351 x Jupiter,0.0421 AU,3 days,0.0,Transit
4653,Neptune-like,2016,5.73 Earths,0.2016237 x Jupiter,0.17522 AU,29.9 days,0.0,Transit
4654,Neptune-like,2016,10.5 Earths,0.28726916 x Jupiter,0.13324 AU,17.4 days,0.0,Transit
4655,Super Earth,2016,1.71 Earths,1.17 x Earth,0.12237 AU,16.2 days,0.0,Transit
4656,Super Earth,2016,4.62 Earths,1.99 x Earth,0.11251 AU,15.9 days,0.0,Transit
4657,Neptune-like,2016,5.06 Earths,2.1 x Earth,0.04541 AU,3.3 days,0.0,Transit
4658,Neptune-like,2016,10.1 Earths,0.28102418 x Jupiter,0.04641 AU,3.2 days,0.0,Transit
4659,Gas Giant,2016,1.01 Jupiters,0.90641449 x Jupiter,0.13485 AU,16.3 days,0.37,Transit
4660,Neptune-like,2016,8.75 Earths,0.25872067 x Jupiter,0.05631 AU,4.4 days,0.0,Transit
4661,Super Earth,2016,4.08 Earths,1.85 x Earth,0.0895 AU,9.5 days,0.0,Transit
4662,Neptune-like,2009,24.472 Earths,0.357 x Jupiter,0.0456 AU,3.2 days,0.0,Transit
4663,Neptune-like,2014,6.13 Earths,0.20983175 x Jupiter,0.10454 AU,12.2 days,0.0,Transit
4664,Super Earth,2014,0.377 Jupiters,1.21 x Earth,0.0426 AU,4.2 days,0.0,Transit
4665,Gas Giant,2014,0.211 Jupiters,0.388 x Jupiter,0.3553 AU,66.3 days,0.12,Transit
4666,Gas Giant,2010,2.2 Jupiters,1.17 x Jupiter,0.08 AU,6.9 days,0.0,Transit
4667,Gas Giant,2014,12.6 Jupiters,1.1 x Jupiter (estimate),3.27090369 AU,8.2 years,0.22,Radial Velocity
4668,Super Earth,2014,6.35 Earths,1.43 x Earth,0.03599 AU,2.4 days,0.0,Transit
4669,Super Earth,2014,2.15 Earths,1.27 x Earth,0.102 AU,11.8 days,0.0,Transit
4670,Super Earth,2014,2.48 Earths,1.38 x Earth,0.087 AU,8.9 days,0.0,Transit
4671,Super Earth,2014,3.57 Earths,1.71 x Earth,0.122 AU,14.4 days,0.0,Transit
4672,Terrestrial,2014,0.84 Earths,0.96 x Earth,0.103 AU,14.4 days,0.0,Transit
4673,Terrestrial,2014,0.749 Earths,0.93 x Earth,0.044 AU,4.1 days,0.0,Transit
4674,Neptune-like,2014,31.6 Earths,0.551 x Jupiter,0.48 AU,135.5 days,0.0,Transit
4675,Neptune-like,2014,6.62 Earths,0.219 x Jupiter,0.144 AU,22.3 days,0.0,Transit
4676,Neptune-like,2013,17.9 Earths,0.473 x Jupiter,0.38946 AU,88.5 days,0.0,Transit
4677,Gas Giant,2013,0.238 Jupiters,0.312 x Jupiter,0.24067 AU,43 days,0.0,Transit
4678,Super Earth,2014,2.3 Earths,1.32 x Earth,0.177 AU,35 days,0.0,Transit
4679,Super Earth,2014,1.08 Earths,1.03 x Earth,0.061 AU,7.1 days,0.0,Transit
4680,Super Earth,2014,3.39 Earths,1.66 x Earth,0.11 AU,12.1 days,0.0,Transit
4681,Super Earth,2014,3.19 Earths,1.6 x Earth,0.083 AU,8 days,0.0,Transit
4682,Super Earth,2014,2.33 Earths,1.33 x Earth,0.124 AU,14.6 days,0.0,Transit
4683,Super Earth,2014,2.21 Earths,1.29 x Earth,0.091 AU,9.2 days,0.0,Transit
4684,Super Earth,2014,1.37 Earths,1.1 x Earth,0.093 AU,10.4 days,0.0,Transit
4685,Terrestrial,2014,0.418 Earths,0.79 x Earth,0.101 AU,13.1 days,0.0,Transit
4686,Terrestrial,2014,0.566 Earths,0.86 x Earth,0.093 AU,13.3 days,0.0,Transit
4687,Super Earth,2014,3.12 Earths,1.58 x Earth,0.155 AU,25.2 days,0.0,Transit
4688,Super Earth,2014,1.46 Earths,1.12 x Earth,0.148 AU,22.6 days,0.0,Transit
4689,Super Earth,2014,2.3 Earths,1.32 x Earth,0.055 AU,5.3 days,0.0,Transit
4690,Super Earth,2014,1.81 Earths,1.19 x Earth,0.05 AU,3.9 days,0.0,Transit
4691,Super Earth,2014,8.1 Earths,0.37 x Earth,0.25 AU,51.2 days,0.0,Transit
4692,Super Earth,2014,4.9 Earths,2.06 x Earth,0.182 AU,27 days,0.0,Transit
4693,Super Earth,2014,4.23 Earths,1.89 x Earth,0.2 AU,34.8 days,0.0,Transit
4694,Neptune-like,2014,14.3 Earths,0.346 x Jupiter,0.36 AU,72.4 days,0.0,Transit
4695,Super Earth,2014,3.86 Earths,1.79 x Earth,0.11 AU,12.5 days,0.0,Transit
4696,Neptune-like,2016,7.56 Earths,0.23730931 x Jupiter,0.49884 AU,124.5 days,0.0,Transit
4697,Super Earth,2016,2.3 Earths,1.32 x Earth,0.0534 AU,3.9 days,0.0,Transit
4698,Neptune-like,2016,7.08 Earths,0.2283879 x Jupiter,0.15418 AU,22.2 days,0.0,Transit
4699,Neptune-like,2016,6.26 Earths,0.21232938 x Jupiter,0.09358 AU,10.2 days,0.0,Transit
4700,Super Earth,2016,4.01 Earths,1.83 x Earth,0.06695 AU,6.1 days,0.0,Transit
4701,Neptune-like,2016,20.2 Earths,0.42376662 x Jupiter,0.16619 AU,23.2 days,0.0,Transit
4702,Neptune-like,2016,18.1 Earths,0.39700241 x Jupiter,0.1185 AU,16.1 days,0.0,Transit
4703,Neptune-like,2016,7.46 Earths,0.23552502 x Jupiter,0.18332 AU,23.4 days,0.0,Transit
4704,Super Earth,2016,4.23 Earths,1.89 x Earth,0.05765 AU,5.2 days,0.0,Transit
4705,Super Earth,2016,3.29 Earths,1.63 x Earth,0.08185 AU,8.5 days,0.0,Transit
4706,Neptune-like,2016,5.52 Earths,2.21 x Earth,0.1885 AU,31 days,0.0,Transit
4707,Neptune-like,2016,8.75 Earths,0.25872067 x Jupiter,0.14017 AU,18 days,0.0,Transit
4708,Terrestrial,2014,0.972 Earths,1.0 x Earth,0.059 AU,5.3 days,0.0,Transit
4709,Neptune-like,2014,1.41585834 Jupiters,0.25693683 x Jupiter,0.164 AU,20.5 days,< 0.27,Transit
4710,Neptune-like,2014,3.46098705 Jupiters,0.22303545 x Jupiter,0.083 AU,7.4 days,< 0.46,Transit
4711,Terrestrial,2014,0.477 Earths,0.82 x Earth,0.065 AU,6.7 days,0.0,Transit
4712,Super Earth,2014,2.73 Earths,1.46 x Earth,0.11 AU,14.5 days,0.0,Transit
4713,Super Earth,2014,2.89 Earths,1.51 x Earth,0.041 AU,3.2 days,0.0,Transit
4714,Terrestrial,2014,0.457 Earths,0.81 x Earth,0.036 AU,3.2 days,0.0,Transit
4715,Terrestrial,2014,0.64 Earths,0.89 x Earth,0.098 AU,11.8 days,0.0,Transit
4716,Super Earth,2014,1.08 Earths,1.03 x Earth,0.068 AU,6.8 days,0.0,Transit
4717,Super Earth,2014,2.51 Earths,1.39 x Earth,0.096 AU,12.3 days,0.0,Transit
4718,Neptune-like,2014,13.2 Earths,0.271 x Jupiter,0.127 AU,15.2 days,0.0,Transit
4719,Super Earth,2014,12.8 Earths,2.73 x Earth,0.097 AU,10 days,0.0,Transit
4720,Super Earth,2014,1.51 Earths,1.13 x Earth,0.236 AU,45.3 days,0.0,Transit
4721,Super Earth,2014,2.3 Earths,1.32 x Earth,0.095 AU,12.9 days,0.0,Transit
4722,Super Earth,2014,3.15 Earths,1.59 x Earth,0.097 AU,12.2 days,0.0,Transit
4723,Super Earth,2014,1.46 Earths,1.12 x Earth,0.117 AU,13.4 days,0.0,Transit
4724,Super Earth,2014,2.57 Earths,1.41 x Earth,0.05 AU,4.7 days,0.0,Transit
4725,Super Earth,2014,3.09 Earths,1.57 x Earth,0.065 AU,8.3 days,0.0,Transit
4726,Neptune-like,2014,5.56 Earths,2.22 x Earth,0.213 AU,46.2 days,0.0,Transit
4727,Super Earth,2014,4.86 Earths,2.05 x Earth,0.122 AU,20.1 days,0.0,Transit
4728,Neptune-like,2014,5.6 Earths,2.23 x Earth,0.037 AU,3.3 days,0.0,Transit
4729,Neptune-like,2014,12.1 Earths,0.313 x Jupiter,0.077 AU,7.2 days,0.0,Transit
4730,Neptune-like,2014,13.2 Earths,0.33 x Jupiter,0.04 AU,2.7 days,0.0,Transit
4731,Neptune-like,2014,6.48 Earths,0.217 x Jupiter,0.077 AU,8.5 days,0.0,Transit
4732,Neptune-like,2014,14 Earths,0.342 x Jupiter,0.101 AU,11.4 days,0.0,Transit
4733,Neptune-like,2014,9.69 Earths,0.275 x Jupiter,0.054 AU,4.4 days,0.0,Transit
4734,Neptune-like,2014,24.1 Earths,1.93 x Earth,0.114 AU,19.3 days,0.0,Transit
4735,Super Earth,2014,4.82 Earths,2.04 x Earth,0.38 AU,91.8 days,0.0,Transit
4736,Neptune-like,2014,16.8 Earths,0.38 x Jupiter,0.191 AU,32.6 days,0.0,Transit
4737,Neptune-like,2014,14.2 Earths,0.343 x Jupiter,0.22 AU,41.2 days,0.0,Transit
4738,Neptune-like,2014,5.48 Earths,2.2 x Earth,0.062 AU,6.3 days,0.0,Transit
4739,Neptune-like,2014,15.4 Earths,0.36 x Jupiter,0.101 AU,11.1 days,0.0,Transit
4740,Neptune-like,2014,7.75 Earths,0.241 x Jupiter,0.052 AU,4.1 days,0.0,Transit
4741,Neptune-like,2014,9.48 Earths,0.271 x Jupiter,0.29 AU,54.4 days,0.0,Transit
4742,Neptune-like,2014,9.85 Earths,0.277 x Jupiter,0.09 AU,9.5 days,0.0,Transit
4743,Neptune-like,2015,5.69 Earths,0.20073156 x Jupiter,0.091 AU,18.4 days,,Transit
4744,Neptune-like,2015,12.5 Earths,0.31938621 x Jupiter,0.0856 AU,10.4 days,,Transit
4745,Neptune-like,2015,15.3 Earths,0.36 x Jupiter,0.1867 AU,28.7 days,0.24,Transit
4746,Neptune-like,2015,5.73 Earths,0.2016237 x Jupiter,0.0818 AU,10.9 days,,Transit
4747,Super Earth,2015,4.31 Earths,1.91 x Earth,0.0532 AU,5.7 days,,Transit
4748,Neptune-like,2015,5.06 Earths,2.1 x Earth,0.078 AU,10 days,0.08,Transit
4749,Neptune-like,2015,30.8 Earths,0.62449925 x Jupiter,0.07487 AU,7.9 days,0.1,Transit
4750,Gas Giant,2016,1.16 Jupiters,1.21 x Jupiter,0.0345 AU,2.2 days,< 0.17,Transit
4751,Gas Giant,2016,1 Jupiter,0.93 x Jupiter,0.0628 AU,5.7 days,< 0.096,Transit
4752,Gas Giant,2016,0.6 Jupiters,1.24 x Jupiter,0.0449 AU,3.4 days,< 0.017,Transit
4753,Gas Giant,2016,1.23 Jupiters,1.4 x Jupiter,0.0363 AU,2.5 days,< 0.058,Transit
4754,Neptune-like,2016,10.2 Earths,0.2837006 x Jupiter,0.56201 AU,161.5 days,0.0,Transit
4755,Super Earth,2016,2.48 Earths,1.38 x Earth,0.07107 AU,7.2 days,0.0,Transit
4756,Neptune-like,2016,13.4 Earths,0.33276831 x Jupiter,0.22661 AU,40.7 days,0.0,Transit
4757,Neptune-like,2016,5.86 Earths,0.20430012 x Jupiter,0.10913 AU,14.5 days,0.0,Transit
4758,Super Earth,2016,1.16 Earths,1.05 x Earth,0.05379 AU,4.2 days,0.0,Transit
4759,Super Earth,2016,4.62 Earths,1.99 x Earth,0.08137 AU,7.8 days,0.0,Transit
4760,Neptune-like,2016,5.95 Earths,0.2060844 x Jupiter,0.11638 AU,14.6 days,0.0,Transit
4761,Terrestrial,2014,0.937 Earths,0.99 x Earth,0.066 AU,5.6 days,0.0,Transit
4762,Super Earth,2014,2.15 Earths,1.27 x Earth,0.078 AU,7.6 days,0.0,Transit
4763,Neptune-like,2014,5.86 Earths,0.204 x Jupiter,0.326 AU,62.8 days,0.0,Transit
4764,Super Earth,2014,3.39 Earths,1.66 x Earth,0.152 AU,20.1 days,0.0,Transit
4765,Terrestrial,2014,0.271 Earths,0.7 x Earth,0.166 AU,28.9 days,0.0,Transit
4766,Terrestrial,2014,0.347 Earths,0.75 x Earth,0.112 AU,16.1 days,0.0,Transit
4767,Super Earth,2014,2.51 Earths,1.39 x Earth,0.109 AU,12.5 days,0.0,Transit
4768,Super Earth,2014,3.86 Earths,1.79 x Earth,0.115 AU,14.2 days,0.0,Transit
4769,Super Earth,2014,1.24 Earths,1.07 x Earth,0.057 AU,4.9 days,0.0,Transit
4770,Neptune-like,2014,5.27 Earths,2.15 x Earth,0.312 AU,60 days,0.0,Transit
4771,Super Earth,2014,2.7 Earths,1.45 x Earth,0.207 AU,37.9 days,0.0,Transit
4772,Neptune-like,2014,5.06 Earths,2.1 x Earth,0.075 AU,7.2 days,0.0,Transit
4773,Neptune-like,2014,12.2 Earths,0.315 x Jupiter,0.178 AU,25.6 days,0.0,Transit
4774,Neptune-like,2014,7.61 Earths,0.238 x Jupiter,0.12 AU,16.9 days,0.0,Transit
4775,Super Earth,2014,2.73 Earths,1.46 x Earth,0.102 AU,11 days,0.0,Transit
4776,Super Earth,2014,2.48 Earths,1.38 x Earth,0.065 AU,8.4 days,0.0,Transit
4777,Neptune-like,2014,11.1 Earths,0.285 x Jupiter,0.287 AU,57.2 days,0.0,Transit
4778,Super Earth,2014,4.5 Earths,1.96 x Earth,0.105 AU,12.2 days,0.0,Transit
4779,Super Earth,2014,3.71 Earths,1.75 x Earth,0.183 AU,27.3 days,0.0,Transit
4780,Super Earth,2014,2.2 Earths,1.2 x Earth,0.077 AU,9.4 days,0.0,Transit
4781,Super Earth,2014,4.74 Earths,2.02 x Earth,0.167 AU,23.2 days,0.0,Transit
4782,Super Earth,2014,4.62 Earths,1.99 x Earth,0.242 AU,42.5 days,0.0,Transit
4783,Super Earth,2014,1.04 Earths,1.02 x Earth,0.033 AU,2 days,0.0,Transit
4784,Super Earth,2014,2.63 Earths,1.43 x Earth,0.107 AU,12.8 days,0.0,Transit
4785,Super Earth,2014,1.76 Earths,1.18 x Earth,0.189 AU,34.2 days,0.0,Transit
4786,Super Earth,2014,3.97 Earths,1.82 x Earth,0.065 AU,8.5 days,0.0,Transit
4787,Super Earth,2012,4.08181 Earths,1.5 x Earth,0.033 AU,2.9 days,0.0,Transit
4788,Super Earth,2014,2.54 Earths,1.4 x Earth,0.061 AU,7.4 days,0.0,Transit
4789,Super Earth,2014,20.3 Earths,1.03 x Earth,0.047 AU,5.2 days,0.0,Transit
4790,Neptune-like,2014,8.2 Earths,0.249 x Jupiter,0.22 AU,38.7 days,0.0,Transit
4791,Super Earth,2014,7.59655193 Jupiters,1.14 x Earth,0.05 AU,4.4 days,0.0,Transit
4792,Super Earth,2014,1.01 Earths,1.01 x Earth,0.027 AU,1.7 days,0.0,Transit
4793,Super Earth,2014,1.55 Earths,1.14 x Earth,0.085 AU,8.4 days,0.0,Transit
4794,Neptune-like,2014,19.9 Earths,0.42 x Jupiter,0.056 AU,4.7 days,0.0,Transit
4795,Super Earth,2016,2.96 Earths,1.53 x Earth,0.02342 AU,1.3 days,0.0,Transit
4796,Neptune-like,2016,6.7 Earths,0.3108222 x Jupiter,0.18422 AU,31.7 days,0.05,Transit
4797,Neptune-like,2016,8.1 Earths,0.27959723 x Jupiter,0.13843 AU,20.7 days,0.05,Transit
4798,Neptune-like,2016,15 Earths,0.47274593 x Jupiter,0.0795 AU,9 days,0.03,Transit
4799,Gas Giant,2016,1.774 Jupiters,1.06 x Jupiter,0.022 AU,1.3 days,0.0,Transit
4800,Neptune-like,2016,5.99 Earths,0.20697654 x Jupiter,0.0214 AU,2.3 days,0.0,Transit
4801,Super Earth,2016,6.2 Earths,1.044 x Earth,0.03478 AU,2.5 days,< 0.44,Transit
4802,Neptune-like,2014,7.51 Earths,0.236 x Jupiter,0.141 AU,20 days,0.0,Transit
4803,Super Earth,2014,2.7 Earths,1.45 x Earth,0.101 AU,12.1 days,0.0,Transit
4804,Super Earth,2014,2.27 Earths,1.31 x Earth,0.056 AU,5 days,0.0,Transit
4805,Super Earth,2014,1.37 Earths,1.1 x Earth,0.042 AU,3.3 days,0.0,Transit
4806,Super Earth,2014,1.08 Earths,1.03 x Earth,0.029 AU,1.9 days,0.0,Transit
4807,Super Earth,2014,2.07 Earths,1.24 x Earth,0.126 AU,16.7 days,0.0,Transit
4808,Super Earth,2014,2.42 Earths,1.36 x Earth,0.06 AU,5.5 days,0.0,Transit
4809,Super Earth,2014,3.5 Earths,1.69 x Earth,0.201 AU,30.1 days,0.0,Transit
4810,Super Earth,2014,5.02 Earths,2.09 x Earth,0.154 AU,20.1 days,0.0,Transit
4811,Super Earth,2014,2.42 Earths,1.36 x Earth,0.075 AU,6.8 days,0.0,Transit
4812,Super Earth,2014,3.82 Earths,1.78 x Earth,0.313 AU,68 days,0.0,Transit
4813,Super Earth,2014,4.31 Earths,1.91 x Earth,0.14 AU,19 days,0.0,Transit
4814,Super Earth,2014,3.15 Earths,1.59 x Earth,0.054 AU,4.6 days,0.0,Transit
4815,Super Earth,2014,2.57 Earths,1.41 x Earth,0.094 AU,14.9 days,0.0,Transit
4816,Super Earth,2014,1.51 Earths,1.13 x Earth,0.03 AU,2.7 days,0.0,Transit
4817,Neptune-like,2014,10.7 Earths,0.291 x Jupiter,0.186 AU,26.8 days,0.0,Transit
4818,Super Earth,2014,1.87 Earths,1.2 x Earth,0.253 AU,53.6 days,0.0,Transit
4819,Super Earth,2014,2.24 Earths,1.3 x Earth,0.201 AU,37.8 days,0.0,Transit
4820,Super Earth,2014,2.73 Earths,1.46 x Earth,0.045 AU,3.3 days,0.0,Transit
4821,Super Earth,2014,3.33 Earths,1.64 x Earth,0.137 AU,17.8 days,0.0,Transit
4822,Super Earth,2014,4.82 Earths,2.04 x Earth,0.098 AU,10.7 days,0.0,Transit
4823,Super Earth,2014,1.98 Earths,1.22 x Earth,0.076 AU,8.1 days,0.0,Transit
4824,Super Earth,2014,24 Earths,1.55 x Earth,0.047 AU,3.9 days,0.0,Transit
4825,Super Earth,2014,4.04 Earths,1.84 x Earth,0.111 AU,18.8 days,0.0,Transit
4826,Super Earth,2014,1.87 Earths,1.2 x Earth,0.056 AU,6.7 days,0.0,Transit
4827,Super Earth,2014,4.54 Earths,1.97 x Earth,0.124 AU,18.6 days,0.0,Transit
4828,Neptune-like,2014,9.91 Earths,0.278 x Jupiter,0.058 AU,5.9 days,0.0,Transit
4829,Super Earth,2014,2.51 Earths,1.39 x Earth,0.038 AU,3.1 days,0.0,Transit
4830,Neptune-like,2014,4.8 Earths,0.41038451 x Jupiter,0.14481 AU,19.7 days,0.05,Transit
4831,Neptune-like,2014,5.1 Earths,0.30689624 x Jupiter,0.09117 AU,9.8 days,0.15,Transit
4832,Neptune-like,2014,7.4 Earths,0.26674993 x Jupiter,0.07525 AU,7.4 days,0.08,Transit
4833,Neptune-like,2014,13.2 Earths,0.329 x Jupiter,0.18 AU,28.1 days,0.0,Transit
4834,Neptune-like,2014,10.1 Earths,0.282 x Jupiter,0.048 AU,3.9 days,0.0,Transit
4835,Neptune-like,2014,7.86706 Earths,0.235 x Jupiter,0.13 AU,18.4 days,0.0,Transit
4836,Neptune-like,2014,3.61 Earths,0.244 x Jupiter,0.087 AU,10 days,0.0,Transit
4837,Neptune-like,2014,9.3 Earths,0.261 x Jupiter,0.059 AU,5.7 days,0.0,Transit
4838,Super Earth,2014,2.33 Earths,1.33 x Earth,0.226 AU,45.9 days,0.0,Transit
4839,Terrestrial,2014,0.904 Earths,0.98 x Earth,0.163 AU,28.1 days,0.0,Transit
4840,Super Earth,2014,3.09 Earths,1.57 x Earth,0.076 AU,9 days,0.0,Transit
4841,Terrestrial,2014,0.457 Earths,0.81 x Earth,0.046 AU,4.2 days,0.0,Transit
4842,Super Earth,2014,19.1 Earths,2.81 x Earth,0.272 AU,47.9 days,0.0,Transit
4843,Neptune-like,2014,12.5 Earths,0.319 x Jupiter,0.165 AU,22.7 days,0.0,Transit
4844,Neptune-like,2014,9.01 Earths,0.263 x Jupiter,0.057 AU,4.6 days,0.0,Transit
4845,Neptune-like,2014,10 Earths,0.28 x Jupiter,0.248 AU,44.7 days,0.0,Transit
4846,Super Earth,2014,2.79 Earths,1.48 x Earth,0.046 AU,3.6 days,0.0,Transit
4847,Super Earth,2014,4.08 Earths,1.85 x Earth,0.089 AU,8.6 days,0.0,Transit
4848,Neptune-like,2014,5.6 Earths,2.23 x Earth,0.065 AU,5.4 days,0.0,Transit
4849,Super Earth,2014,4.12 Earths,1.86 x Earth,0.118 AU,15.1 days,0.0,Transit
4850,Super Earth,2014,2.96 Earths,1.53 x Earth,0.169 AU,34.1 days,< 0.33,Transit
4851,Super Earth,2014,2.42 Earths,1.36 x Earth,0.192 AU,33.9 days,0.0,Transit
4852,Neptune-like,2014,14 Earths,0.342 x Jupiter,0.286 AU,54.2 days,0.0,Transit
4853,Neptune-like,2014,5.6 Earths,2.23 x Earth,0.068 AU,7.1 days,0.0,Transit
4854,Neptune-like,2016,5.18 Earths,2.13 x Earth,0.0978 AU,14.3 days,0.0,Transit
4855,Neptune-like,2016,11 Earths,0.29619056 x Jupiter,0.1053 AU,12.9 days,0.0,Transit
4856,Super Earth,2016,3.5 Earths,1.69 x Earth,0.02216 AU,1.2 days,0.0,Transit
4857,Neptune-like,2016,10.1 Earths,0.28191632 x Jupiter,0.06014 AU,5.4 days,0.0,Transit
4858,Neptune-like,2016,7.27 Earths,0.23195646 x Jupiter,0.0449 AU,3.6 days,0.0,Transit
4859,Neptune-like,2016,11.5 Earths,0.30421982 x Jupiter,0.4024 AU,90.4 days,0.0,Transit
4860,Neptune-like,2016,6.48 Earths,0.21679008 x Jupiter,0.0927 AU,10 days,0.0,Transit
4861,Super Earth,2016,3.68 Earths,1.74 x Earth,0.085 AU,10.4 days,0.0,Transit
4862,Neptune-like,2016,6.3 Earths,0.21322152 x Jupiter,0.1027 AU,14 days,0.0,Transit
4863,Neptune-like,2016,8.45 Earths,0.25336783 x Jupiter,0.0452 AU,3.7 days,0.0,Transit
4864,Super Earth,2016,3.36 Earths,1.65 x Earth,0.0351 AU,2.4 days,0.0,Transit
4865,Neptune-like,2016,10.9 Earths,0.29440628 x Jupiter,0.5594 AU,151.9 days,0.0,Transit
4866,Neptune-like,2016,16.3 Earths,0.37380676 x Jupiter,0.0719 AU,7 days,0.0,Transit
4867,Neptune-like,2016,12.9 Earths,0.32473905 x Jupiter,0.0685 AU,6.4 days,0.0,Transit
4868,Terrestrial,2016,0.59 Earths,0.87 x Earth,0.0137 AU,0.6 days,0.0,Transit
4869,Neptune-like,2016,11 Earths,0.29529842 x Jupiter,0.17 AU,24.3 days,0.0,Transit
4870,Super Earth,2014,3.02 Earths,1.55 x Earth,0.178 AU,25.7 days,0.0,Transit
4871,Super Earth,2014,4.86 Earths,2.05 x Earth,0.107 AU,11.9 days,0.0,Transit
4872,Super Earth,2014,0.209 Jupiters,1.69 x Earth,0.079 AU,7.5 days,0.0,Transit
4873,Super Earth,2014,1.65 Earths,1.16 x Earth,0.048 AU,3.6 days,0.0,Transit
4874,Terrestrial,2014,0.615 Earths,0.88 x Earth,0.087 AU,10.3 days,0.0,Transit
4875,Gas Giant,2014,6.8 Jupiters,0.3479347 x Jupiter,0.4 AU,87.6 days,0.0,Transit
4876,Super Earth,2014,1.2 Earths,1.06 x Earth,0.027 AU,2.2 days,0.0,Transit
4877,Terrestrial,2014,0.498 Earths,0.83 x Earth,0.035 AU,2.5 days,0.0,Transit
4878,Super Earth,2014,2.21 Earths,1.29 x Earth,0.031 AU,1.8 days,0.0,Transit
4879,Super Earth,2014,1.81 Earths,1.19 x Earth,0.111 AU,13.9 days,0.0,Transit
4880,Neptune-like,2012,11.3 Earths,0.348 x Jupiter,0.18 AU,29.3 days,0.04,Transit
4881,Neptune-like,2014,5.14 Earths,2.12 x Earth,0.09 AU,9.7 days,0.0,Transit
4882,Neptune-like,2014,6.66 Earths,0.22 x Jupiter,0.12 AU,17.3 days,0.0,Transit
4883,Super Earth,2014,2.39 Earths,1.35 x Earth,0.036 AU,2.5 days,0.0,Transit
4884,Super Earth,2014,4.5 Earths,1.96 x Earth,0.08 AU,10.5 days,0.0,Transit
4885,Neptune-like,2014,5.31 Earths,2.16 x Earth,0.047 AU,3.5 days,0.0,Transit
4886,Terrestrial,2011,1.63 Earths,1.959 x Earth,0.05687 AU,5.9 days,0.0,Transit
4887,Gas Giant,2014,0.49 Jupiters,1.00187522 x Jupiter,0.50155 AU,125.9 days,0.0,Transit
4888,Gas Giant,2014,0.20765922 Jupiters,0.291 x Jupiter,0.246 AU,44.9 days,0.0,Transit
4889,Super Earth,2014,2.45 Earths,1.37 x Earth,0.042 AU,3.5 days,0.0,Transit
4890,Neptune-like,2014,7.32 Earths,0.233 x Jupiter,0.213 AU,37.5 days,0.0,Transit
4891,Gas Giant,2013,0.177 Jupiters,0.277 x Jupiter,0.23332 AU,44.3 days,0.0,Transit
4892,Neptune-like,2014,0.5069528 Jupiters,0.474 x Jupiter,0.215 AU,36.3 days,0.0,Transit
4893,Neptune-like,2013,37.5 Earths,0.277 x Jupiter,0.2901 AU,54.4 days,0.0,Transit
4894,Gas Giant,2014,0.1761957 Jupiters,0.35284207 x Jupiter,0.202 AU,30.2 days,0.7,Transit
4895,Super Earth,2016,1.04 Earths,1.02 x Earth,0.0686 AU,6.5 days,0.0,Transit
4896,Neptune-like,2016,5.82 Earths,0.20340798 x Jupiter,0.06104 AU,5.9 days,0.0,Transit
4897,Terrestrial,2016,0.566 Earths,0.86 x Earth,0.03336 AU,2.4 days,0.0,Transit
4898,Super Earth,2016,2.67 Earths,1.44 x Earth,0.04244 AU,3.4 days,0.0,Transit
4899,Neptune-like,2016,7.22 Earths,0.23106432 x Jupiter,0.1735 AU,25.9 days,0.0,Transit
4900,Super Earth,2016,2.3 Earths,1.32 x Earth,0.07117 AU,6.2 days,0.0,Transit
4901,Neptune-like,2016,34.5 Earths,0.57989116 x Jupiter,0.53439 AU,127.9 days,0.0,Transit
4902,Neptune-like,2016,7.51 Earths,0.23641716 x Jupiter,0.16052 AU,21.1 days,0.0,Transit
4903,Neptune-like,2014,6.9 Earths,0.225 x Jupiter,0.3 AU,55.2 days,0.0,Transit
4904,Super Earth,2014,2.7 Earths,1.45 x Earth,0.086 AU,8.5 days,0.0,Transit
4905,Super Earth,2014,3.36 Earths,1.65 x Earth,0.044 AU,3.3 days,0.0,Transit
4906,Neptune-like,2014,2.7 Earths,0.358 x Jupiter,0.372 AU,77.1 days,0.0,Transit
4907,Neptune-like,2014,2.9 Earths,0.384 x Jupiter,0.307 AU,57.7 days,0.0,Transit
4908,Neptune-like,2014,8.5 Earths,0.254 x Jupiter,0.381 AU,83.5 days,0.0,Transit
4909,Neptune-like,2014,7.85 Earths,0.243 x Jupiter,0.21 AU,34.1 days,0.0,Transit
4910,Neptune-like,2014,11.6 Earths,0.306 x Jupiter,0.246 AU,49.5 days,0.0,Transit
4911,Super Earth,2014,4.04 Earths,1.84 x Earth,0.063 AU,6.5 days,0.0,Transit
4912,Super Earth,2014,3.93 Earths,1.81 x Earth,0.115 AU,13.1 days,0.0,Transit
4913,Super Earth,2014,3.09 Earths,1.57 x Earth,0.057 AU,4.6 days,0.0,Transit
4914,Neptune-like,2014,7.8 Earths,0.242 x Jupiter,0.179 AU,25.8 days,0.0,Transit
4915,Super Earth,2014,2.07 Earths,1.24 x Earth,0.146 AU,24.2 days,0.0,Transit
4916,Super Earth,2014,2.27 Earths,1.31 x Earth,0.115 AU,16.9 days,0.0,Transit
4917,Super Earth,2014,4.04 Earths,1.84 x Earth,0.054 AU,5.5 days,0.0,Transit
4918,Terrestrial,2014,0.64 Earths,0.89 x Earth,0.051 AU,5.8 days,0.0,Transit
4919,Super Earth,2014,2.07 Earths,1.24 x Earth,0.118 AU,16.3 days,0.0,Transit
4920,Terrestrial,2014,0.566 Earths,0.86 x Earth,0.085 AU,10.1 days,0.0,Transit
4921,Neptune-like,2014,4.8 Earths,0.273 x Jupiter,0.214 AU,37.1 days,0.0,Transit
4922,Neptune-like,2013,14.9 Earths,0.25 x Jupiter,0.1786 AU,26.1 days,0.0,Transit
4923,Neptune-like,2013,6.1 Earths,0.277 x Jupiter,0.1385 AU,17.8 days,0.0,Transit
4924,Neptune-like,2014,9.48 Earths,0.271 x Jupiter,0.136 AU,17.4 days,0.0,Transit
4925,Neptune-like,2014,6.12 Earths,0.21 x Jupiter,0.079 AU,7.7 days,0.0,Transit
4926,Super Earth,2014,3.71 Earths,1.75 x Earth,0.314 AU,68.2 days,0.0,Transit
4927,Super Earth,2014,23.6 Earths,2.39 x Earth,0.185 AU,30.9 days,0.0,Transit
4928,Super Earth,2014,3.78 Earths,1.77 x Earth,0.113 AU,14.7 days,0.0,Transit
4929,Super Earth,2014,3.26 Earths,1.62 x Earth,0.084 AU,9.4 days,0.0,Transit
4930,Neptune-like,2014,5.18 Earths,2.13 x Earth,0.194 AU,28.8 days,0.0,Transit
4931,Neptune-like,2014,7.32 Earths,0.233 x Jupiter,0.13 AU,15.7 days,0.0,Transit
4932,Neptune-like,2016,7.56 Earths,0.23730931 x Jupiter,0.0754 AU,9.7 days,0.0,Transit
4933,Neptune-like,2016,5.43 Earths,2.19 x Earth,0.2466 AU,37.6 days,0.0,Transit
4934,Super Earth,2016,2.73 Earths,1.46 x Earth,0.0511 AU,4.5 days,0.0,Transit
4935,Super Earth,2016,2.36 Earths,1.34 x Earth,0.01285 AU,0.6 days,0.0,Transit
4936,Super Earth,2016,3.36 Earths,1.65 x Earth,0.0239 AU,1.3 days,0.0,Transit
4937,Super Earth,2016,4.7 Earths,2.01 x Earth,0.0471 AU,4.4 days,0.0,Transit
4938,Super Earth,2016,2.04 Earths,1.23 x Earth,0.06321 AU,5 days,0.0,Transit
4939,Neptune-like,2016,5.77 Earths,0.20251584 x Jupiter,0.15336 AU,19.8 days,0.0,Transit
4940,Neptune-like,2016,7.56 Earths,0.23730931 x Jupiter,0.2731 AU,51.3 days,0.0,Transit
4941,Neptune-like,2016,6.66 Earths,0.22035864 x Jupiter,0.3483 AU,81.3 days,0.0,Transit
4942,Super Earth,2016,3.71 Earths,1.75 x Earth,0.06745 AU,6.4 days,0.0,Transit
4943,Super Earth,2016,2.24 Earths,1.3 x Earth,0.0358 AU,2.5 days,0.0,Transit
4944,Neptune-like,2016,10.7 Earths,0.29083772 x Jupiter,0.5791 AU,187.7 days,0.0,Transit
4945,Super Earth,2016,2.07 Earths,1.24 x Earth,0.034 AU,2.9 days,0.0,Transit
4946,Neptune-like,2016,10.2 Earths,0.2837006 x Jupiter,0.3625 AU,78.1 days,0.0,Transit
4947,Super Earth,2016,4.5 Earths,1.96 x Earth,0.41037 AU,89.7 days,0.0,Transit
4948,Super Earth,2016,4.46 Earths,1.95 x Earth,0.17543 AU,25.1 days,0.0,Transit
4949,Super Earth,2016,4.94 Earths,2.07 x Earth,0.2996 AU,58.6 days,0.0,Transit
4950,Neptune-like,2016,5.69 Earths,0.20073156 x Jupiter,0.63323 AU,198.7 days,0.0,Transit
4951,Super Earth,2016,2.6 Earths,1.42 x Earth,0.12178 AU,13.6 days,0.0,Transit
4952,Neptune-like,2016,5.77 Earths,0.20251584 x Jupiter,0.66886 AU,184.3 days,0.0,Transit
4953,Terrestrial,2016,0.615 Earths,0.88 x Earth,0.0618 AU,6.8 days,0.0,Transit
4954,Super Earth,2014,16.9 Earths,1.85 x Earth,0.104 AU,11.2 days,0.0,Transit
4955,Super Earth,2014,0.297 Jupiters,1.9 x Earth,0.065 AU,5.9 days,0.0,Transit
4956,Super Earth,2014,2.33 Earths,1.33 x Earth,0.138 AU,17.3 days,0.0,Transit
4957,Super Earth,2014,2.92 Earths,1.52 x Earth,0.076 AU,7.1 days,0.0,Transit
4958,Neptune-like,2013,16.3 Earths,0.25 x Jupiter,0.24666 AU,48.6 days,0.0,Transit
4959,Super Earth,2014,1.24 Earths,1.07 x Earth,0.039 AU,3.5 days,0.0,Transit
4960,Super Earth,2014,3.5 Earths,1.69 x Earth,0.081 AU,8.1 days,0.0,Transit
4961,Neptune-like,2014,5.18 Earths,2.13 x Earth,0.06 AU,6.9 days,0.0,Transit
4962,Neptune-like,2014,7.22 Earths,0.231 x Jupiter,0.319 AU,67.8 days,0.0,Transit
4963,Neptune-like,2014,8.4 Earths,0.252 x Jupiter,0.566 AU,140.1 days,0.0,Transit
4964,Super Earth,2014,2.42 Earths,1.36 x Earth,0.108 AU,13.1 days,0.0,Transit
4965,Super Earth,2014,4.7 Earths,2.01 x Earth,0.075 AU,8.2 days,0.0,Transit
4966,Gas Giant,2014,0.226 Jupiters,0.894 x Jupiter (estimate),0.4164221832 AU,122.4 days,0.13,Radial Velocity
4967,Neptune-like,2014,15.5 Earths,0.362 x Jupiter,0.103 AU,13.2 days,0.0,Transit
4968,Neptune-like,2014,6.12 Earths,0.21 x Jupiter,0.096 AU,10.7 days,0.0,Transit
4969,Super Earth,2014,3.02 Earths,1.55 x Earth,0.063 AU,5.7 days,0.0,Transit
4970,Neptune-like,2014,10.2 Earths,0.283 x Jupiter,0.13 AU,18.1 days,0.0,Transit
4971,Super Earth,2014,2.04 Earths,1.23 x Earth,0.058 AU,6.7 days,0.0,Transit
4972,Neptune-like,2014,5.39 Earths,2.18 x Earth,0.127 AU,17.6 days,0.0,Transit
4973,Super Earth,2014,2.89 Earths,1.51 x Earth,0.058 AU,7.1 days,0.0,Transit
4974,Gas Giant,2014,0.15731759 Jupiters,0.4014638 x Jupiter,0.14081 AU,20.5 days,0.1,Transit
4975,Neptune-like,2014,6.08 Earths,0.209 x Jupiter,0.052 AU,4.6 days,0.0,Transit
4976,Super Earth,2014,4.86 Earths,2.05 x Earth,0.087 AU,9.8 days,0.0,Transit
4977,Super Earth,2014,4.66 Earths,2.0 x Earth,0.109 AU,14.5 days,0.0,Transit
4978,Neptune-like,2014,7.95 Earths,0.244 x Jupiter,0.207 AU,31.8 days,0.0,Transit
4979,Neptune-like,2014,12.8 Earths,0.323 x Jupiter,0.07 AU,8 days,0.0,Transit
4980,Super Earth,2014,1.87 Earths,1.2 x Earth,0.103 AU,11.1 days,0.0,Transit
4981,Super Earth,2014,2.86 Earths,1.5 x Earth,0.044 AU,3.1 days,0.0,Transit
4982,Super Earth,2014,1.87 Earths,1.2 x Earth,0.078 AU,7.8 days,0.0,Transit
4983,Super Earth,2016,3.02 Earths,1.55 x Earth,0.01523 AU,0.7 days,0.0,Transit
4984,Terrestrial,2016,0.285 Earths,0.71 x Earth,0.02356 AU,1.3 days,0.0,Transit
4985,Neptune-like,2016,6.39 Earths,0.2150058 x Jupiter,0.1441 AU,24.4 days,0.0,Transit
4986,Super Earth,2016,3.57 Earths,1.71 x Earth,0.06272 AU,5.8 days,0.0,Transit
4987,Super Earth,2016,4.58 Earths,1.98 x Earth,0.15845 AU,23.2 days,0.0,Transit
4988,Neptune-like,2016,5.86 Earths,0.20430012 x Jupiter,0.1229 AU,15.6 days,0.0,Transit
4989,Neptune-like,2016,8.3 Earths,0.25069141 x Jupiter,0.4382 AU,109.6 days,0.0,Transit
4990,Super Earth,2016,2.45 Earths,1.37 x Earth,0.09915 AU,11.9 days,0.0,Transit
4991,Super Earth,2016,1.16 Earths,1.05 x Earth,0.0142 AU,0.8 days,0.0,Transit
4992,Neptune-like,2016,5.35 Earths,2.17 x Earth,0.0747 AU,9.3 days,0.0,Transit
4993,Terrestrial,2016,0.904 Earths,0.98 x Earth,0.052 AU,4.5 days,0.0,Transit
4994,Super Earth,2016,3.89 Earths,1.8 x Earth,0.11151 AU,14.9 days,0.0,Transit
4995,Neptune-like,2016,16.3 Earths,0.37291462 x Jupiter,0.2743 AU,42.4 days,0.0,Transit
4996,Super Earth,2016,2.89 Earths,1.51 x Earth,0.0466 AU,4.1 days,0.0,Transit
4997,Super Earth,2016,2.92 Earths,1.52 x Earth,0.01911 AU,0.9 days,0.0,Transit
4998,Super Earth,2016,3.22 Earths,1.61 x Earth,0.0183 AU,1 days,0.0,Transit
4999,Neptune-like,2016,21.5 Earths,0.438933 x Jupiter,0.0781 AU,11.1 days,0.0,Transit
5000,Super Earth,2016,3.53 Earths,1.7 x Earth,0.0163 AU,0.9 days,0.0,Transit
5001,Super Earth,2016,2.36 Earths,1.34 x Earth,0.0296 AU,2.9 days,0.33,Transit
5002,Neptune-like,2016,9.85 Earths,0.27745562 x Jupiter,0.6085 AU,213.3 days,0.0,Transit
5003,Neptune-like,2016,12.3 Earths,0.31581765 x Jupiter,0.39765 AU,88 days,0.0,Transit
5004,Super Earth,2016,2.48 Earths,1.38 x Earth,0.01617 AU,0.8 days,0.0,Transit
5005,Neptune-like,2016,22.9 Earths,0.45588366 x Jupiter,0.0504 AU,5.4 days,0.0,Transit
5006,Super Earth,2016,3.75 Earths,1.76 x Earth,0.04619 AU,3.8 days,0.0,Transit
5007,Super Earth,2016,1.81 Earths,1.19 x Earth,0.0862 AU,9.1 days,0.0,Transit
5008,Gas Giant,2016,0.143 Jupiters,0.68248729 x Jupiter,0.5183 AU,130.4 days,0.0,Transit
5009,Neptune-like,2016,26.7 Earths,0.4987064 x Jupiter,0.3091 AU,71.5 days,0.0,Transit
5010,Gas Giant,2016,0.188 Jupiters,0.80114194 x Jupiter,0.3982 AU,98.7 days,0.0,Transit
5011,Super Earth,2016,4.08 Earths,1.85 x Earth,0.0749 AU,7.8 days,0.0,Transit
5012,Neptune-like,2016,5.82 Earths,0.20340798 x Jupiter,0.1773 AU,27 days,0.0,Transit
5013,Super Earth,2016,4.38 Earths,1.93 x Earth,0.1002 AU,11.8 days,0.0,Transit
5014,Neptune-like,2016,7.41 Earths,0.23463288 x Jupiter,0.2037 AU,31 days,0.0,Transit
5015,Neptune-like,2016,29.5 Earths,0.52903916 x Jupiter,0.2559 AU,49.8 days,0.0,Transit
5016,Neptune-like,2016,5.18 Earths,2.13 x Earth,0.22737 AU,45 days,0.0,Transit
5017,Neptune-like,2016,9.69 Earths,0.2747792 x Jupiter,0.1311 AU,17.4 days,0.0,Transit
5018,Neptune-like,2016,11.1 Earths,0.29797484 x Jupiter,0.3059 AU,59.6 days,0.0,Transit
5019,Super Earth,2016,3.71 Earths,1.75 x Earth,0.1153 AU,14.9 days,0.0,Transit
5020,Neptune-like,2016,26.4 Earths,0.3944152 x Jupiter,0.0739 AU,7.8 days,0.11,Transit
5021,Gas Giant,2016,1.01 Jupiters,0.90641605 x Jupiter,1.883 AU,2.9 years,< 0.29,Transit
5022,Super Earth,2016,2.06 Earths,1.238 x Earth,0.1404 AU,21.8 days,0.0,Transit
5023,Super Earth,2016,1.98 Earths,1.22 x Earth,0.03753 AU,2.5 days,0.0,Transit
5024,Super Earth,2016,2.07 Earths,1.24 x Earth,0.10082 AU,11.2 days,0.0,Transit
5025,Super Earth,2016,2.67 Earths,1.44 x Earth,0.01452 AU,0.7 days,0.0,Transit
5026,Terrestrial,2016,0.0933 Earths,0.52 x Earth,0.025 AU,2.1 days,0.0,Transit
5027,Neptune-like,2016,6.66 Earths,0.22035864 x Jupiter,0.1369 AU,18 days,0.0,Transit
5028,Super Earth,2016,4.31 Earths,1.91 x Earth,0.123 AU,16.3 days,0.0,Transit
5029,Super Earth,2016,4.19 Earths,1.88 x Earth,0.1109 AU,13.6 days,0.0,Transit
5030,Neptune-like,2016,5.86 Earths,0.20430012 x Jupiter,0.1202 AU,16.1 days,0.0,Transit
5031,Super Earth,2016,2.6 Earths,1.42 x Earth,0.0751 AU,7.6 days,0.0,Transit
5032,Super Earth,2016,2.63 Earths,1.43 x Earth,0.0795 AU,8.8 days,0.0,Transit
5033,Super Earth,2016,2.54 Earths,1.4 x Earth,0.0815 AU,9.1 days,0.0,Transit
5034,Super Earth,2016,2.45 Earths,1.37 x Earth,0.16005 AU,22.2 days,0.0,Transit
5035,Neptune-like,2016,9.17 Earths,0.26585779 x Jupiter,0.1357 AU,19.9 days,0.0,Transit
5036,Super Earth,2016,2.27 Earths,1.31 x Earth,0.0814 AU,7.1 days,0.0,Transit
5037,Terrestrial,2016,0.871 Earths,0.97 x Earth,0.0283 AU,1.7 days,0.0,Transit
5038,Terrestrial,2016,0.693 Earths,0.91 x Earth,0.0896 AU,8.4 days,0.0,Transit
5039,Super Earth,2016,3.02 Earths,1.55 x Earth,0.0464 AU,3.8 days,0.0,Transit
5040,Neptune-like,2016,10.3 Earths,0.28459274 x Jupiter,0.4684 AU,115.7 days,0.0,Transit
5041,Terrestrial,2016,0.871 Earths,0.97 x Earth,0.06763 AU,5.6 days,0.0,Transit
5042,Super Earth,2016,3.97 Earths,1.82 x Earth,0.0443 AU,3.3 days,0.0,Transit
5043,Super Earth,2016,3.39 Earths,1.66 x Earth,0.0779 AU,8.6 days,0.0,Transit
5044,Super Earth,2016,2.6 Earths,1.42 x Earth,0.0557 AU,4.7 days,0.0,Transit
5045,Super Earth,2016,2.92 Earths,1.52 x Earth,0.0785 AU,8 days,0.0,Transit
5046,Super Earth,2016,1.46 Earths,1.12 x Earth,0.04135 AU,2.8 days,0.0,Transit
5047,Super Earth,2016,2.99 Earths,1.54 x Earth,0.0976 AU,11.5 days,0.0,Transit
5048,Neptune-like,2016,5.27 Earths,2.15 x Earth,0.0991 AU,11.3 days,0.0,Transit
5049,Terrestrial,2016,0.871 Earths,0.97 x Earth,0.12758 AU,14.8 days,0.0,Transit
5050,Super Earth,2016,1.92 Earths,1.21 x Earth,0.0143 AU,0.7 days,0.0,Transit
5051,Super Earth,2016,4.31 Earths,1.91 x Earth,0.1062 AU,12.9 days,0.0,Transit
5052,Super Earth,2016,3.02 Earths,1.55 x Earth,0.0335 AU,2.1 days,0.0,Transit
5053,Super Earth,2016,3.33 Earths,1.64 x Earth,0.0415 AU,3.1 days,0.0,Transit
5054,Super Earth,2016,4.16 Earths,1.87 x Earth,0.33982 AU,66.6 days,0.0,Transit
5055,Super Earth,2016,3.71 Earths,1.75 x Earth,0.1785 AU,23.5 days,0.0,Transit
5056,Super Earth,2016,1.01 Earths,1.01 x Earth,0.04417 AU,3.2 days,0.0,Transit
5057,Super Earth,2016,3.19 Earths,1.6 x Earth,0.21857 AU,40.8 days,0.0,Transit
5058,Super Earth,2016,1.81 Earths,1.19 x Earth,0.10863 AU,12.6 days,0.0,Transit
5059,Super Earth,2016,2.79 Earths,1.48 x Earth,0.0488 AU,3.7 days,0.0,Transit
5060,Neptune-like,2016,7.61 Earths,0.23820145 x Jupiter,0.5545 AU,153.3 days,0.0,Transit
5061,Neptune-like,2016,13.4 Earths,0.33187617 x Jupiter,0.3214 AU,67.7 days,0.0,Transit
5062,Super Earth,2016,2.7 Earths,1.45 x Earth,0.0954 AU,10.6 days,0.0,Transit
5063,Super Earth,2016,5.02 Earths,2.09 x Earth,0.2658 AU,55.7 days,0.0,Transit
5064,Neptune-like,2016,6.62 Earths,0.2194665 x Jupiter,0.1041 AU,14.2 days,0.0,Transit
5065,Super Earth,2016,2.45 Earths,1.37 x Earth,0.02876 AU,1.9 days,0.0,Transit
5066,Super Earth,2016,2.33 Earths,1.33 x Earth,0.0719 AU,8 days,0.0,Transit
5067,Super Earth,2016,1.41 Earths,1.11 x Earth,0.01982 AU,0.9 days,0.0,Transit
5068,Super Earth,2016,3.15 Earths,1.59 x Earth,0.0444 AU,3.9 days,0.0,Transit
5069,Super Earth,2016,3.61 Earths,1.72 x Earth,0.0866 AU,9.1 days,0.0,Transit
5070,Neptune-like,2016,5.95 Earths,0.2060844 x Jupiter,0.2739 AU,52.1 days,0.0,Transit
5071,Neptune-like,2016,9.64 Earths,0.27388706 x Jupiter,0.31318 AU,61 days,0.0,Transit
5072,Super Earth,2016,2.48 Earths,1.38 x Earth,0.07592 AU,6.9 days,0.0,Transit
5073,Super Earth,2016,2.6 Earths,1.42 x Earth,0.01795 AU,0.9 days,0.0,Transit
5074,Neptune-like,2016,8.6 Earths,0.25604425 x Jupiter,0.2716 AU,51.3 days,0.0,Transit
5075,Neptune-like,2016,6.44 Earths,0.21589794 x Jupiter,0.065 AU,6.5 days,0.0,Transit
5076,Neptune-like,2016,5.69 Earths,0.20073156 x Jupiter,0.0981 AU,11 days,0.0,Transit
5077,Super Earth,2016,3.68 Earths,1.74 x Earth,0.0569 AU,4.9 days,0.0,Transit
5078,Super Earth,2016,3.75 Earths,1.76 x Earth,0.1885 AU,32.3 days,0.0,Transit
5079,Super Earth,2016,2.86 Earths,1.5 x Earth,0.05655 AU,4.6 days,0.0,Transit
5080,Super Earth,2016,2.48 Earths,1.38 x Earth,0.05454 AU,4.4 days,0.0,Transit
5081,Super Earth,2016,4.9 Earths,2.06 x Earth,0.1009 AU,10.3 days,0.0,Transit
5082,Neptune-like,2016,8.25 Earths,0.24979927 x Jupiter,0.0339 AU,2.5 days,0.0,Transit
5083,Neptune-like,2016,7.27 Earths,0.23195646 x Jupiter,0.15594 AU,20.3 days,0.0,Transit
5084,Terrestrial,2016,0.477 Earths,0.82 x Earth,0.03752 AU,2.4 days,0.0,Transit
5085,Super Earth,2016,2.76 Earths,1.47 x Earth,0.11873 AU,13.9 days,0.0,Transit
5086,Super Earth,2016,1.98 Earths,1.22 x Earth,0.02526 AU,1.3 days,0.0,Transit
5087,Super Earth,2016,1.87 Earths,1.2 x Earth,0.1225 AU,15.9 days,0.0,Transit
5088,Neptune-like,2016,5.1 Earths,2.11 x Earth,0.22363 AU,41.7 days,0.0,Transit
5089,Super Earth,2016,2.57 Earths,1.41 x Earth,0.05689 AU,5.1 days,0.0,Transit
5090,Super Earth,2016,3.78 Earths,1.77 x Earth,0.0417 AU,3 days,0.0,Transit
5091,Neptune-like,2016,6.94 Earths,0.22571148 x Jupiter,0.30249 AU,62.9 days,0.0,Transit
5092,Super Earth,2016,4.7 Earths,2.01 x Earth,0.09081 AU,10.4 days,0.0,Transit
5093,Neptune-like,2016,6.99 Earths,0.22660362 x Jupiter,0.223 AU,40.1 days,0.0,Transit
5094,Super Earth,2016,2.45 Earths,1.37 x Earth,0.0378 AU,3.5 days,0.0,Transit
5095,Super Earth,2016,4.98 Earths,2.08 x Earth,0.0679 AU,7 days,0.0,Transit
5096,Neptune-like,2016,7.65 Earths,0.23909359 x Jupiter,0.1392 AU,19.2 days,0.0,Transit
5097,Super Earth,2016,2.83 Earths,1.49 x Earth,0.0545 AU,5.9 days,0.0,Transit
5098,Neptune-like,2016,6.3 Earths,0.21322152 x Jupiter,0.077 AU,8 days,0.0,Transit
5099,Neptune-like,2016,6.94 Earths,0.22571148 x Jupiter,0.56378 AU,144.5 days,0.0,Transit
5100,Super Earth,2016,2.99 Earths,1.54 x Earth,0.0328 AU,2.8 days,0.0,Transit
5101,Neptune-like,2016,8.15 Earths,0.24801499 x Jupiter,0.0916 AU,9.8 days,0.0,Transit
5102,Neptune-like,2016,9.43 Earths,0.27031849 x Jupiter,0.0699 AU,6.3 days,0.0,Transit
5103,Neptune-like,2016,8.3 Earths,0.25069141 x Jupiter,0.1015 AU,13.8 days,0.0,Transit
5104,Neptune-like,2016,33.6 Earths,0.5718619 x Jupiter,0.2881 AU,53.4 days,0.0,Transit
5105,Gas Giant,2016,0.184 Jupiters,0.79311268 x Jupiter,0.2944 AU,52.8 days,0.0,Transit
5106,Super Earth,2016,1.32 Earths,1.09 x Earth,0.04975 AU,3.7 days,0.0,Transit
5107,Super Earth,2016,3.75 Earths,1.76 x Earth,0.31481 AU,70.7 days,0.0,Transit
5108,Super Earth,2016,1.51 Earths,1.13 x Earth,0.0801 AU,7.6 days,0.0,Transit
5109,Super Earth,2016,4.04 Earths,1.84 x Earth,0.15431 AU,20.4 days,0.0,Transit
5110,Super Earth,2016,2.92 Earths,1.52 x Earth,0.06428 AU,6.2 days,0.0,Transit
5111,Neptune-like,2016,6.8 Earths,0.22303506 x Jupiter,0.14403 AU,18.1 days,0.0,Transit
5112,Super Earth,2016,1.87 Earths,1.2 x Earth,0.02317 AU,1.5 days,0.0,Transit
5113,Gas Giant,2016,0.679 Jupiters,1.399 x Jupiter,0.0525 AU,4.2 days,,Transit
5114,Super Earth,2016,2.04 Earths,1.23 x Earth,0.06116 AU,5.7 days,0.0,Transit
5115,Super Earth,2016,2.04 Earths,1.23 x Earth,0.04741 AU,4 days,0.0,Transit
5116,Super Earth,2016,3.82 Earths,1.78 x Earth,0.0552 AU,4.4 days,0.0,Transit
5117,Neptune-like,2016,7.56 Earths,0.23730931 x Jupiter,0.0915 AU,7.7 days,0.0,Transit
5118,Super Earth,2016,4.38 Earths,1.93 x Earth,0.165 AU,25.9 days,0.0,Transit
5119,Neptune-like,2016,5.14 Earths,2.12 x Earth,0.1301 AU,18.5 days,0.0,Transit
5120,Super Earth,2016,2.63 Earths,1.43 x Earth,0.0549 AU,5.1 days,0.0,Transit
5121,Neptune-like,2016,8.75 Earths,0.25872067 x Jupiter,0.1771 AU,27.5 days,0.0,Transit
5122,Neptune-like,2016,13.5 Earths,0.33455259 x Jupiter,0.1542 AU,20.6 days,0.0,Transit
5123,Super Earth,2016,4.62 Earths,1.99 x Earth,0.0362 AU,2.6 days,0.0,Transit
5124,Neptune-like,2016,13.5 Earths,0.33366045 x Jupiter,0.1572 AU,22 days,0.0,Transit
5125,Neptune-like,2016,8.15 Earths,0.24801499 x Jupiter,0.1539 AU,21.4 days,0.0,Transit
5126,Super Earth,2016,4.86 Earths,2.05 x Earth,0.0575 AU,5 days,0.0,Transit
5127,Neptune-like,2016,19.4 Earths,0.41395307 x Jupiter,0.5375 AU,150.2 days,0.0,Transit
5128,Super Earth,2016,3.29 Earths,1.63 x Earth,0.0331 AU,2.6 days,0.0,Transit
5129,Neptune-like,2016,6.35 Earths,0.21411366 x Jupiter,0.0687 AU,5.8 days,0.0,Transit
5130,Neptune-like,2016,8.75 Earths,0.25872067 x Jupiter,0.122 AU,15.6 days,0.0,Transit
5131,Neptune-like,2016,5.52 Earths,2.21 x Earth,0.039 AU,3.1 days,0.0,Transit
5132,Neptune-like,2016,5.82 Earths,0.20340798 x Jupiter,0.0463 AU,3.9 days,0.0,Transit
5133,Neptune-like,2016,9.75 Earths,0.27567134 x Jupiter,0.13157 AU,20.4 days,0.0,Transit
5134,Neptune-like,2016,21.1 Earths,0.4344723 x Jupiter,0.33939 AU,76.1 days,0.0,Transit
5135,Neptune-like,2016,37.2 Earths,0.60665537 x Jupiter,0.3751 AU,85.4 days,0.0,Transit
5136,Gas Giant,2016,0.199 Jupiters,0.82969043 x Jupiter,0.0787 AU,8 days,0.0,Transit
5137,Super Earth,2016,3.5 Earths,1.69 x Earth,0.079 AU,7.2 days,0.0,Transit
5138,Neptune-like,2016,6.99 Earths,0.22660362 x Jupiter,0.27967 AU,44.9 days,0.0,Transit
5139,Super Earth,2016,3.46 Earths,1.68 x Earth,0.0802 AU,8.5 days,0.0,Transit
5140,Super Earth,2016,3.82 Earths,1.78 x Earth,0.0744 AU,7.2 days,0.0,Transit
5141,Gas Giant,2016,0.94 Jupiters,0.721 x Jupiter,1.137 AU,394.6 days,0.08,Transit
5142,Super Earth,2016,3.53 Earths,1.7 x Earth,0.07586 AU,6.9 days,0.0,Transit
5143,Super Earth,2016,1.76 Earths,1.18 x Earth,0.0315 AU,2.3 days,0.0,Transit
5144,Neptune-like,2016,6.71 Earths,0.22125078 x Jupiter,0.1399 AU,19.8 days,0.0,Transit
5145,Super Earth,2016,4.82 Earths,2.04 x Earth,0.01668 AU,0.9 days,0.0,Transit
5146,Super Earth,2016,3.46 Earths,1.68 x Earth,0.0298 AU,2.6 days,0.0,Transit
5147,Neptune-like,2016,7.22 Earths,0.23106432 x Jupiter,0.0313 AU,2.1 days,0.0,Transit
5148,Super Earth,2016,3.19 Earths,1.6 x Earth,0.0204 AU,1.2 days,0.0,Transit
5149,Neptune-like,2016,23.8 Earths,0.46658935 x Jupiter,0.479 AU,124.4 days,0.0,Transit
5150,Neptune-like,2016,7.13 Earths,0.22928004 x Jupiter,0.2316 AU,37.8 days,0.0,Transit
5151,Neptune-like,2016,7.9 Earths,0.24355429 x Jupiter,0.1266 AU,15.7 days,0.0,Transit
5152,Neptune-like,2016,7.08 Earths,0.2283879 x Jupiter,0.1144 AU,16.6 days,0.0,Transit
5153,Neptune-like,2016,7.9 Earths,0.24355429 x Jupiter,0.1013 AU,11.4 days,0.0,Transit
5154,Neptune-like,2016,8.2 Earths,0.24890713 x Jupiter,0.107 AU,11.4 days,0.0,Transit
5155,Super Earth,2016,4.74 Earths,2.02 x Earth,0.0862 AU,13.3 days,0.0,Transit
5156,Super Earth,2016,4.74 Earths,2.02 x Earth,0.1139 AU,18.8 days,0.0,Transit
5157,Super Earth,2016,4.9 Earths,2.06 x Earth,0.075 AU,7.1 days,0.0,Transit
5158,Gas Giant,2016,0.73 Jupiters,1.19 x Jupiter,0.04217 AU,3.3 days,0.07,Transit
5159,Gas Giant,2015,1.071 Jupiters,1.039 x Jupiter,0.03815 AU,2.8 days,< 0.142,Transit
5160,Gas Giant,2015,0.543 Jupiters,1.212 x Jupiter,0.04057 AU,3 days,< 0.181,Transit
5161,Neptune-like,2015,6.35 Earths,0.21411366 x Jupiter,Unknown,75.2 days,,Transit
5162,Neptune-like,2015,15.8 Earths,0.3657775 x Jupiter,Unknown,31.8 days,,Transit
5163,Super Earth,2016,2.15 Earths,1.27 x Earth,0.05984 AU,5.6 days,0.0,Transit
5164,Super Earth,2016,3.53 Earths,1.7 x Earth,0.1033 AU,11.3 days,0.0,Transit
5165,Neptune-like,2016,5.1 Earths,2.11 x Earth,0.0678 AU,6.9 days,0.0,Transit
5166,Super Earth,2016,2.89 Earths,1.51 x Earth,0.01228 AU,0.6 days,0.0,Transit
5167,Neptune-like,2016,27 Earths,0.50227496 x Jupiter,0.2742 AU,51.9 days,0.0,Transit
5168,Super Earth,2016,2.1 Earths,1.25 x Earth,0.05202 AU,4.5 days,0.0,Transit
5169,Super Earth,2016,4.04 Earths,1.84 x Earth,0.0759 AU,8.2 days,0.0,Transit
5170,Super Earth,2016,2.96 Earths,1.53 x Earth,0.0453 AU,3.8 days,0.0,Transit
5171,Super Earth,2016,4.16 Earths,1.87 x Earth,0.055 AU,4.5 days,0.0,Transit
5172,Super Earth,2016,3.09 Earths,1.57 x Earth,0.0507 AU,4.2 days,0.0,Transit
5173,Super Earth,2016,3.78 Earths,1.77 x Earth,0.04078 AU,3.2 days,0.0,Transit
5174,Super Earth,2016,2.27 Earths,1.31 x Earth,0.029 AU,1.9 days,0.0,Transit
5175,Neptune-like,2016,30.8 Earths,0.54331341 x Jupiter,0.56004 AU,127.8 days,0.0,Transit
5176,Neptune-like,2016,8.05 Earths,0.24623071 x Jupiter,0.1894 AU,33.2 days,0.0,Transit
5177,Neptune-like,2016,22.9 Earths,0.45588366 x Jupiter,0.0886 AU,10 days,0.0,Transit
5178,Neptune-like,2015,24.5 Earths,0.306 x Jupiter,0.0287 AU,3.5 days,0.43,Transit
5179,Gas Giant,2015,1.41 Jupiters,1.74 x Jupiter,0.0406 AU,2.5 days,0.0,Transit
5180,Gas Giant,2015,1.484 Jupiters,1.318 x Jupiter,0.03159 AU,2 days,< 0.134,Transit
5181,Gas Giant,2015,0.818 Jupiters,1.009 x Jupiter,0.03694 AU,2.8 days,< 0.047,Transit
5182,Gas Giant,2015,0.307 Jupiters,1.205 x Jupiter,0.05042 AU,4.2 days,< 0.07,Transit
5183,Gas Giant,2015,1.35 Jupiters,1.288 x Jupiter,0.0453 AU,3.1 days,< 0.115,Transit
5184,Neptune-like,2016,14.9 Earths,0.35328754 x Jupiter,0.4217 AU,106 days,0.0,Transit
5185,Super Earth,2016,2.79 Earths,1.48 x Earth,0.02898 AU,2 days,0.0,Transit
5186,Super Earth,2016,4.5 Earths,1.96 x Earth,0.2489 AU,49.6 days,0.0,Transit
5187,Neptune-like,2016,19.5 Earths,0.41484521 x Jupiter,0.0734 AU,7 days,0.0,Transit
5188,Neptune-like,2016,5.18 Earths,2.13 x Earth,0.08679 AU,9.6 days,0.0,Transit
5189,Neptune-like,2016,7.31 Earths,0.23275979 x Jupiter,0.139 AU,16.7 days,0.34,Transit
5190,Super Earth,2014,6.75 Earths,1.53 x Earth,0.0372 AU,3.1 days,0.0,Transit
5191,Neptune-like,2012,6.74 Earths,0.24444643 x Jupiter,0.0792 AU,9.5 days,0.01,Transit
5192,Neptune-like,2012,6.93 Earths,0.23820145 x Jupiter,0.0648 AU,7.1 days,0.0,Transit
5193,Neptune-like,2013,3.9 Earths,0.226 x Jupiter,0.08358 AU,11.8 days,0.0,Transit
5194,Super Earth,2014,1.09 Earths,1.26 x Earth,0.053 AU,5.2 days,0.0,Transit
5195,Neptune-like,2014,8.7 Earths,2.18 x Earth,0.07796 AU,8.9 days,0.0,Transit
5196,Super Earth,2014,11.7 Earths,1.82 x Earth,0.05123 AU,4.8 days,0.0,Transit
5197,Neptune-like,2014,6.17 Earths,0.211 x Jupiter,0.076 AU,8.4 days,0.0,Transit
5198,Gas Giant,2014,0.7 Jupiters,0.632 x Jupiter,0.751 AU,224.8 days,0.18,Transit
5199,Super Earth,2016,4.94 Earths,2.07 x Earth,0.19726 AU,34.2 days,0.0,Transit
5200,Super Earth,2016,3.5 Earths,1.69 x Earth,0.052 AU,5.7 days,0.0,Transit
5201,Super Earth,2016,4.66 Earths,2.0 x Earth,0.0389 AU,3.7 days,0.0,Transit
5202,Neptune-like,2016,6.12 Earths,0.20965296 x Jupiter,0.1027 AU,13.2 days,0.0,Transit
5203,Gas Giant,2017,4.1 Jupiters,1.16 x Jupiter (estimate),5.4 AU,34.8 years,,Microlensing
5204,Gas Giant,2017,1.01 Jupiters,1.053 x Jupiter,0.1415 AU,20.3 days,0.06,Transit
5205,Gas Giant,2017,2.01 Jupiters,0.945 x Jupiter,0.0944 AU,11.4 days,0.08,Transit
5206,Gas Giant,2017,8.4 Jupiters,1.12 x Jupiter (estimate),10.2 AU,46.6 years,,Microlensing
5207,Gas Giant,2017,1.34 Jupiters,1.03 x Jupiter,0.037 AU,2.8 days,0.0,Transit
5208,Neptune-like,2017,33.02237149 Earths,0.935 x Jupiter,0.055 AU,5.7 days,< 0.052,Transit
5209,Gas Giant,2017,1.8 Jupiters,0.96 x Jupiter,0.075 AU,7.9 days,0.0,Transit
5210,Gas Giant,2017,8 Jupiters,1.58 x Jupiter,0.0365 AU,2 days,,Transit
5211,Gas Giant,2017,1.29 Jupiters,1.08305826 x Jupiter,0.0642 AU,5.8 days,0.0,Transit
5212,Neptune-like,2017,6.7 Earths,0.221 x Jupiter (estimate),0.9 AU,2.7 years,,Microlensing
5213,Gas Giant,2017,2.88 Jupiters,1.936 x Jupiter,0.03368 AU,1.5 days,0.0,Transit
5214,Super Earth,2017,4.04 Earths,1.84 x Earth,0.0692 AU,9.9 days,0.13,Transit
5215,Terrestrial,2017,0.84 Earths,0.96 x Earth,0.0167 AU,1.5 days,0.01,Transit
5216,Super Earth,2017,15.9 Earths,2.592 x Earth,0.10207 AU,13.9 days,< 0.13,Transit
5217,Neptune-like,2016,34.00763955 Earths,0.452 x Jupiter,0.0986 AU,10.1 days,0.12,Transit
5218,Gas Giant,2016,0.549 Jupiters,1.2 x Jupiter,0.0854 AU,8.4 days,0.21,Transit
5219,Super Earth,2016,3.86 Earths,1.79 x Earth,0.0242 AU,2 days,0.09,Transit
5220,Super Earth,2016,2.24 Earths,1.3 x Earth,Unknown,9.9 days,0.1,Transit
5221,Super Earth,2016,4.66 Earths,2.0 x Earth,0.1124 AU,14.7 days,0.1,Transit
5222,Neptune-like,2016,21.8 Earths,0.34615101 x Jupiter,0.0301 AU,1.7 days,0.0,Transit
5223,Gas Giant,2017,0.205 Jupiters,1.35 x Jupiter,0.0623 AU,4.7 days,0.0,Transit
5224,Super Earth,2017,1.43 Earths,1.11 x Earth (estimate),1.16 AU,4.5 years,,Microlensing
5225,Super Earth,2017,5.35 Earths,1.837 x Earth,0.0565 AU,5.4 days,0.13,Transit
5226,Gas Giant,2017,0.95 Jupiters,1.78 x Jupiter,0.06708 AU,5 days,0.0,Transit
5227,Gas Giant,2017,4.32 Jupiters,1.107 x Jupiter,0.04127 AU,2.9 days,0.0,Transit
5228,Gas Giant,2017,6.1 Jupiters,1.135 x Jupiter,0.02803 AU,1.8 days,0.0,Transit
5229,Gas Giant,2017,4.31 Jupiters,1.096 x Jupiter,0.03783 AU,2.5 days,0.0,Transit
5230,Super Earth,2017,1.03 Earths,1.017 x Earth,0.0514 AU,8.7 days,0.0,Transit
5231,Gas Giant,2017,1.18 Jupiters,1.57 x Jupiter,0.0455 AU,2.9 days,0.0,Transit
5232,Neptune-like,2017,22.5 Earths,0.451 x Jupiter (estimate),Unknown,63 days,0.05,Radial Velocity
5233,Neptune-like,2017,12.9 Earths,0.32473905 x Jupiter,1.24 AU,1.7 years,,Transit
5234,Gas Giant,2017,0.45 Jupiters,2.14 x Jupiter,0.06505 AU,4.8 days,0.0,Transit
5235,Neptune-like,2016,19.96 Earths,0.42 x Jupiter (estimate),0.2055 AU,34.9 days,0.15,Radial Velocity
5236,Gas Giant,2017,2.26 Jupiters,1.395 x Jupiter,0.0238 AU,1.3 days,0.0,Transit
5237,Gas Giant,2017,1.47 Jupiters,1.86 x Jupiter,0.03397 AU,2.2 days,< 0.114,Transit
5238,Gas Giant,2017,2.74 Jupiters,0.953 x Jupiter,0.05025 AU,4.7 days,0.08,Transit
5239,Terrestrial,2017,0.326 Earths,0.755 x Earth,0.06189 AU,18.8 days,0.01,Transit
5240,Super Earth,2017,1.321 Earths,1.129 x Earth,0.04683 AU,12.4 days,0.0,Transit
5241,Super Earth,2017,1.039 Earths,1.045 x Earth,0.03849 AU,9.2 days,0.01,Transit
5242,Terrestrial,2017,0.692 Earths,0.92 x Earth,0.02925 AU,6.1 days,0.01,Transit
5243,Gas Giant,2017,2.75 Jupiters,1.415 x Jupiter,0.02044 AU,1 days,0.0,Transit
5244,Gas Giant,2017,0.18689236 Jupiters,0.47551075 x Jupiter,0.0581 AU,4.7 days,0.18,Transit
5245,Gas Giant,2017,0.729 Jupiters,1.429 x Jupiter,0.03908 AU,2.7 days,< 0.066,Transit
5246,Gas Giant,2017,16.35 Jupiters,Unknown,3.73 AU,7.8 years,0.84,Radial Velocity
5247,Gas Giant,2017,2.132 Jupiters,1.074 x Jupiter,0.04101 AU,3.3 days,< 0.03,Transit
5248,Gas Giant,2017,0.84 Jupiters,1.42564011 x Jupiter,0.0475 AU,3.3 days,0.0,Transit
5249,Neptune-like,2017,15.4 Earths,0.30332821 x Jupiter,0.0796 AU,8.3 days,0.0,Transit
5250,Gas Giant,2016,4.4 Jupiters,2.07 x Jupiter,0.0815 AU,3.8 days,0.0,Transit
5251,Gas Giant,2016,0.84 Jupiters,1.53 x Jupiter,0.0347 AU,2.1 days,0.0,Transit
5252,Gas Giant,2016,2.69 Jupiters,1.21 x Jupiter,0.0469 AU,3.3 days,0.0,Transit
5253,Gas Giant,2016,1.22 Jupiters,1.09 x Jupiter,0.0494 AU,3.6 days,,Transit
5254,Gas Giant,2016,1.51 Jupiters,1.5 x Jupiter,0.0661 AU,5.2 days,0.0,Transit
5255,Gas Giant,2016,0.1647 Jupiters,1.311 x Jupiter,0.0484 AU,4.2 days,0.0,Transit
5256,Gas Giant,2016,1.222 Jupiters,1.464 x Jupiter,0.03199 AU,1.8 days,< 0.306,Transit
5257,Gas Giant,2016,0.941 Jupiters,1.43 x Jupiter,0.03166 AU,2.1 days,< 0.108,Transit
5258,Gas Giant,2016,1.192 Jupiters,1.23 x Jupiter,0.03727 AU,2.5 days,< 0.08,Transit
5259,Gas Giant,2016,0.92 Jupiters,1.249 x Jupiter,0.04024 AU,2.8 days,< 0.471,Transit
5260,Gas Giant,2016,0.88 Jupiters,1.64 x Jupiter,0.0478 AU,3.4 days,< 0.233,Transit
5261,Gas Giant,2016,2.44 Jupiters,1.27 x Jupiter,0.0323 AU,2.2 days,0.05,Transit
5262,Neptune-like,2016,37.18611 Earths,0.8 x Jupiter,0.062 AU,5.9 days,0.0,Transit
5263,Gas Giant,2016,0.428 Jupiters,0.901 x Jupiter,0.0674 AU,7.1 days,0.02,Transit
5264,Gas Giant,2016,0.273 Jupiters,1.226 x Jupiter,0.0608 AU,5.3 days,0.0,Transit
5265,Gas Giant,2016,1.23 Jupiters,0.89 x Jupiter,0.1012 AU,11.6 days,0.0,Transit
5266,Neptune-like,2016,35 Earths,0.585 x Jupiter (estimate),2.6 AU,5.6 years,,Microlensing
5267,Gas Giant,2016,1.9795 Jupiters,1.329 x Jupiter,0.0174 AU,0.8 days,< 0.166,Transit
5268,Gas Giant,2016,5.61 Jupiters,1.14 x Jupiter (estimate),2.16 AU,2.7 years,0.2,Radial Velocity
5269,Gas Giant,2016,0.87 Jupiters,1.06 x Jupiter,0.153 AU,18.2 days,0.22,Transit
5270,Gas Giant,2016,2.39 Jupiters,0.69230083 x Jupiter,0.0441 AU,3.1 days,< 0.085,Transit
5271,Gas Giant,2016,0.83 Jupiters,1.60852886 x Jupiter,0.0507 AU,3.6 days,< 0.34,Transit
5272,Gas Giant,2016,0.783 Jupiters,1.59 x Jupiter,0.04363 AU,3 days,< 0.09,Transit
5273,Gas Giant,2016,0.554 Jupiters,1.611 x Jupiter,0.04042 AU,2.6 days,< 0.304,Transit
5274,Gas Giant,2016,1.47 Jupiters,1.597 x Jupiter,0.04211 AU,2.7 days,0.0,Transit
5275,Gas Giant,2016,0.514 Jupiters,1.44 x Jupiter,0.05453 AU,4 days,0.0,Transit
5276,Gas Giant,2016,0.805 Jupiters,1.461 x Jupiter,0.0348 AU,2.2 days,0.0,Transit
5277,Gas Giant,2016,1.31 Jupiters,1.525 x Jupiter,0.04881 AU,3.1 days,,Transit
5278,Neptune-like,2016,11 Earths,0.29529893 x Jupiter,0.0525 AU,10.1 days,0.16,Transit
5279,Gas Giant,2016,1.769 Jupiters,1.339 x Jupiter,0.02851 AU,1.5 days,0.01,Transit
5280,Gas Giant,2016,0.475 Jupiters,1.409 x Jupiter,0.05885 AU,4.5 days,0.0,Transit
5281,Super Earth,2016,1.37 Earths,1.1 x Earth,0.0164 AU,1.4 days,0.09,Transit
5282,Super Earth,2016,2.24 Earths,1.3 x Earth,0.035 AU,2.9 days,0.19,Transit
5283,Neptune-like,2016,7.27 Earths,0.23195646 x Jupiter,0.096 AU,13.7 days,0.07,Transit
5284,Terrestrial,2016,0.17 Earths,0.615 x Earth,0.01462 AU,1.1 days,0.15,Transit
5285,Super Earth,2016,2.04 Earths,1.23 x Earth,0.0345 AU,4.6 days,0.26,Transit
5286,Gas Giant,2016,0.141 Jupiters,0.67802659 x Jupiter,0.094 AU,9.7 days,,Transit
5287,Super Earth,2016,4.5 Earths,1.96 x Earth,0.077 AU,8.8 days,,Transit
5288,Super Earth,2016,3.2 Earths,1.4 x Earth,0.013 AU,0.7 days,0.24,Transit
5289,Super Earth,2016,4.78 Earths,2.03 x Earth,0.1768 AU,27.9 days,,Transit
5290,Neptune-like,2016,6.39 Earths,0.2150058 x Jupiter,0.0665 AU,6.4 days,,Transit
5291,Super Earth,2016,2.8 Earths,1.483 x Earth,0.07131 AU,10 days,0.06,Transit
5292,Super Earth,2016,2.08 Earths,1.244 x Earth,0.03014 AU,2.7 days,0.07,Transit
5293,Super Earth,2016,4.54 Earths,1.97 x Earth,0.059 AU,6.1 days,0.06,Transit
5294,Super Earth,2016,2.76 Earths,1.47 x Earth,0.0596 AU,5.6 days,,Transit
5295,Super Earth,2016,4.7 Earths,2.01 x Earth,0.135 AU,19.1 days,,Transit
5296,Neptune-like,2016,5.9 Earths,0.37023884 x Jupiter,0.0987 AU,11 days,0.03,Transit
5297,Neptune-like,2016,1.9 Jupiters,0.223 x Jupiter,0.0753 AU,8.2 days,0.29,Transit
5298,Neptune-like,2016,8.1 Earths,0.24712285 x Jupiter,0.1429 AU,18.3 days,,Transit
5299,Neptune-like,2016,7.61 Earths,0.23820145 x Jupiter,0.081 AU,7.8 days,,Transit
5300,Neptune-like,2016,5.95 Earths,0.2060844 x Jupiter,0.1402 AU,19.6 days,,Transit
5301,Neptune-like,2016,9.2 Earths,0.23017258 x Jupiter,0.07619 AU,7.5 days,,Transit
5302,Super Earth,2016,2.21 Earths,1.29 x Earth,0.106 AU,24.2 days,0.11,Transit
5303,Super Earth,2016,1.01 Earths,1.01 x Earth,0.05 AU,7.8 days,0.11,Transit
5304,Super Earth,2016,1.65 Earths,1.16 x Earth,0.078 AU,15.2 days,0.11,Transit
5305,Super Earth,2016,1.28 Earths,1.08 x Earth,0.04 AU,5.6 days,0.11,Transit
5306,Neptune-like,2016,5.27 Earths,2.15 x Earth,0.0559 AU,7 days,,Transit
5307,Neptune-like,2016,8.7 Earths,0.25782853 x Jupiter,0.1112 AU,14 days,,Transit
5308,Neptune-like,2016,5.99 Earths,0.20697654 x Jupiter,0.0591 AU,7.1 days,,Transit
5309,Super Earth,2016,3.12 Earths,1.58 x Earth,0.0708 AU,8.1 days,,Transit
5310,Super Earth,2016,21.3 Earths,2.49 x Earth,0.05983 AU,5.1 days,0.0,Transit
5311,Super Earth,2016,3.12 Earths,1.58 x Earth,0.1014 AU,12.6 days,,Transit
5312,Super Earth,2016,4.94 Earths,2.07 x Earth,0.0619 AU,6.5 days,,Transit
5313,Neptune-like,2016,10.5 Earths,0.28726916 x Jupiter,0.1627 AU,20.3 days,,Transit
5314,Super Earth,2016,4.62 Earths,1.99 x Earth,0.1148 AU,16.2 days,,Transit
5315,Super Earth,2016,4.74 Earths,2.02 x Earth,0.0636 AU,6.7 days,,Transit
5316,Super Earth,2016,4.35 Earths,1.92 x Earth,0.0392 AU,2.6 days,,Transit
5317,Gas Giant,2016,0.426 Jupiters,0.683 x Jupiter,0.045 AU,3 days,0.0,Transit
5318,Neptune-like,2016,5.9 Earths,0.20519226 x Jupiter,0.0905 AU,11.3 days,,Transit
5319,Neptune-like,2016,6.39 Earths,0.2150058 x Jupiter,0.1354 AU,20.7 days,,Transit
5320,Super Earth,2016,3.57 Earths,1.71 x Earth,0.1517 AU,22.9 days,,Transit
5321,Super Earth,2016,3.26 Earths,1.62 x Earth,0.035 AU,2.5 days,,Transit
5322,Neptune-like,2016,7.65 Earths,0.23909359 x Jupiter,0.0692 AU,7.1 days,,Transit
5323,Neptune-like,2016,5.94 Earths,0.206 x Jupiter,0.0752 AU,9 days,0.25,Transit
5324,Gas Giant,2016,0.13843948 Jupiters,0.39521881 x Jupiter,0.03486 AU,2.8 days,0.07,Transit
5325,Neptune-like,2016,7.33 Earths,0.233 x Jupiter,0.0761 AU,9.8 days,0.24,Transit
5326,Neptune-like,2016,7.27 Earths,0.23195646 x Jupiter,0.098 AU,12.2 days,,Transit
5327,Gas Giant,2016,Unknown,1.60585244 x Jupiter,0.054 AU,3.5 days,,Transit
5328,Super Earth,2016,3.15 Earths,1.59 x Earth,0.0705 AU,8.8 days,,Transit
5329,Super Earth,2016,4.38 Earths,1.93 x Earth,0.0309 AU,2.8 days,,Transit
5330,Neptune-like,2016,5.65 Earths,2.24 x Earth,0.1344 AU,20.5 days,,Transit
5331,Super Earth,2016,4.23 Earths,1.89 x Earth,0.1779 AU,31.6 days,,Transit
5332,Super Earth,2016,4.86 Earths,2.05 x Earth,0.13821 AU,19.2 days,,Transit
5333,Neptune-like,2016,36.4 Earths,0.5986261 x Jupiter,0.0224 AU,1.7 days,0.1,Transit
5334,Neptune-like,2016,6.5 Earths,0.21705772 x Jupiter,0.06 AU,5.7 days,,Transit
5335,Neptune-like,2016,18.5 Earths,0.40235525 x Jupiter,0.03784 AU,3.5 days,0.07,Transit
5336,Neptune-like,2016,5.27 Earths,2.15 x Earth,0.0617 AU,6.7 days,,Transit
5337,Neptune-like,2016,6.39 Earths,0.2150058 x Jupiter,0.0532 AU,5.1 days,,Transit
5338,Super Earth,2016,8.3 Earths,2.29 x Earth,0.09514 AU,10.6 days,0.16,Transit
5339,Super Earth,2016,7.3 Earths,1.54 x Earth,0.04994 AU,4 days,0.2,Transit
5340,Super Earth,2016,12.5 Earths,2.31 x Earth,0.1102 AU,14.1 days,,Transit
5341,Neptune-like,2016,6.39 Earths,0.21500617 x Jupiter,0.06534 AU,6.4 days,,Transit
5342,Super Earth,2016,2.51 Earths,1.39 x Earth,0.05105 AU,4.4 days,,Transit
5343,Neptune-like,2016,7.9 Earths,0.28548537 x Jupiter,0.05528 AU,5.3 days,< 0.089,Transit
5344,Super Earth,2016,4.3 Earths,1.43 x Earth,0.02288 AU,1.4 days,< 0.093,Transit
5345,Super Earth,2016,4.38 Earths,1.93 x Earth,0.055 AU,5.6 days,0.12,Transit
5346,Super Earth,2016,2.3 Earths,1.32 x Earth,0.031 AU,2.4 days,0.13,Transit
5347,Gas Giant,2016,0.574 Jupiters,0.99830493 x Jupiter,0.0499 AU,4 days,0.0,Transit
5348,Neptune-like,2016,3.7 Jupiters,0.44963868 x Jupiter,0.0409 AU,5.4 days,0.0,Transit
5349,Gas Giant,2016,3.27 Jupiters,1.3 x Jupiter,0.03744 AU,2.7 days,0.0,Transit
5350,Gas Giant,2016,2.17 Jupiters,1.105 x Jupiter,0.02712 AU,1.7 days,< 0.126,Transit
5351,Gas Giant,2016,1.17 Jupiters,1.742 x Jupiter,0.02571 AU,1.3 days,0.01,Transit
5352,Gas Giant,2016,0.706 Jupiters,1.175 x Jupiter,0.04354 AU,3.2 days,< 0.096,Transit
5353,Gas Giant,2016,0.653 Jupiters,1.251 x Jupiter,0.05475 AU,4.6 days,< 0.158,Transit
5354,Gas Giant,2016,0.672 Jupiters,1.194 x Jupiter,0.04131 AU,3.2 days,< 0.202,Transit
5355,Gas Giant,2016,0.53 Jupiters,1.5 x Jupiter,0.0611 AU,4.6 days,< 0.581,Transit
5356,Gas Giant,2016,0.65 Jupiters,1.75 x Jupiter,0.04735 AU,3.3 days,< 0.245,Transit
5357,Gas Giant,2016,0.613 Jupiters,1.26 x Jupiter,0.05163 AU,4.3 days,< 0.176,Transit
5358,Gas Giant,2016,0.899 Jupiters,1.35 x Jupiter,0.04263 AU,3 days,0.0,Transit
5359,Gas Giant,2016,4.85 Jupiters,1.39 x Jupiter,0.0514 AU,3.6 days,0.06,Transit
5360,Neptune-like,2016,28.6047 Earths,0.56 x Jupiter,0.05708 AU,4.6 days,0.0,Transit
5361,Gas Giant,2016,1.51968033 Jupiters,1.0593184 x Jupiter,2.7205 AU,3 years,0.06,Transit
5362,Super Earth,2016,3.82 Earths,1.78 x Earth,0.10288 AU,13 days,0.0,Transit
5363,Neptune-like,2016,7.13 Earths,0.22928004 x Jupiter,0.2012 AU,33.4 days,0.0,Transit
5364,Neptune-like,2016,14.7 Earths,0.35150326 x Jupiter,0.2234 AU,40.1 days,0.0,Transit
5365,Neptune-like,2016,12.7 Earths,0.32206263 x Jupiter,0.2244 AU,40.4 days,0.0,Transit
5366,Neptune-like,2016,6.76 Earths,0.22214292 x Jupiter,0.1057 AU,14.2 days,0.0,Transit
5367,Neptune-like,2016,10.6 Earths,0.28905344 x Jupiter,0.058 AU,5.1 days,0.0,Transit
5368,Gas Giant,2016,0.166 Jupiters,0.7449371 x Jupiter,0.0762 AU,7.9 days,0.0,Transit
5369,Neptune-like,2016,8.4 Earths,0.25247569 x Jupiter,0.0337 AU,2.2 days,0.0,Transit
5370,Super Earth,2016,1.92 Earths,1.21 x Earth,0.0514 AU,4.3 days,0.0,Transit
5371,Super Earth,2016,2.73 Earths,1.46 x Earth,0.0252 AU,1.4 days,0.0,Transit
5372,Super Earth,2016,4.01 Earths,1.83 x Earth,0.0497 AU,5.1 days,0.0,Transit
5373,Super Earth,2016,2.6 Earths,1.42 x Earth,0.16163 AU,23.1 days,0.0,Transit
5374,Terrestrial,2016,0.165 Earths,0.61 x Earth,0.01554 AU,0.7 days,0.0,Transit
5375,Neptune-like,2016,8.96 Earths,0.26228923 x Jupiter,0.503 AU,161.5 days,0.0,Transit
5376,Neptune-like,2016,6.53 Earths,0.21768222 x Jupiter,0.1198 AU,18.8 days,0.0,Transit
5377,Gas Giant,2016,0.13 Jupiters,0.64412526 x Jupiter,0.73361 AU,219.3 days,0.0,Transit
5378,Super Earth,2016,1.41 Earths,1.11 x Earth,0.0324 AU,2.1 days,0.0,Transit
5379,Neptune-like,2016,11.2 Earths,0.29975912 x Jupiter,0.1899 AU,33.4 days,0.0,Transit
5380,Super Earth,2016,1.46 Earths,1.12 x Earth,0.02571 AU,1.5 days,0.0,Transit
5381,Super Earth,2016,1.01 Earths,1.01 x Earth,0.04662 AU,3.9 days,0.0,Transit
5382,Neptune-like,2016,10.8 Earths,0.292622 x Jupiter,0.3781 AU,77.3 days,0.0,Transit
5383,Super Earth,2016,3.29 Earths,1.63 x Earth,0.1092 AU,13.2 days,0.0,Transit
5384,Super Earth,2016,4.27 Earths,1.9 x Earth,0.0388 AU,3 days,0.0,Transit
5385,Neptune-like,2016,8.1 Earths,0.24712285 x Jupiter,0.2101 AU,34.4 days,0.0,Transit
5386,Terrestrial,2016,0.437 Earths,0.8 x Earth,0.0611 AU,6.1 days,0.0,Transit
5387,Super Earth,2016,2.6 Earths,1.42 x Earth,0.0208 AU,1.5 days,0.0,Transit
5388,Super Earth,2016,2.1 Earths,1.25 x Earth,0.0536 AU,5.9 days,0.0,Transit
5389,Super Earth,2016,3.33 Earths,1.64 x Earth,0.0483 AU,4 days,0.0,Transit
5390,Neptune-like,2016,5.9 Earths,0.20519226 x Jupiter,0.0805 AU,8.7 days,0.0,Transit
5391,Super Earth,2016,3.12 Earths,1.58 x Earth,0.02742 AU,1.6 days,0.0,Transit
5392,Neptune-like,2016,6.26 Earths,0.21232938 x Jupiter,0.0629 AU,6.2 days,0.0,Transit
5393,Super Earth,2016,3.64 Earths,1.73 x Earth,0.06753 AU,6.2 days,0.0,Transit
5394,Super Earth,2016,3.19 Earths,1.6 x Earth,0.16587 AU,23.9 days,0.0,Transit
5395,Neptune-like,2016,12.8 Earths,0.32384691 x Jupiter,0.13038 AU,16.9 days,0.0,Transit
5396,Terrestrial,2016,0.437 Earths,0.8 x Earth,0.0164 AU,0.8 days,0.0,Transit
5397,Neptune-like,2016,5.73 Earths,0.2016237 x Jupiter,0.0794 AU,11 days,0.0,Transit
5398,Neptune-like,2016,9.75 Earths,0.27567134 x Jupiter,0.1418 AU,22.2 days,0.0,Transit
5399,Neptune-like,2016,12.7 Earths,0.32206263 x Jupiter,0.1277 AU,17.6 days,0.0,Transit
5400,Neptune-like,2016,8.4 Earths,0.25247569 x Jupiter,0.1201 AU,16.2 days,0.0,Transit
5401,Neptune-like,2016,7.27 Earths,0.23195646 x Jupiter,0.1445 AU,27.5 days,0.0,Transit
5402,Neptune-like,2016,7.18 Earths,0.23017218 x Jupiter,0.08361 AU,8.5 days,0.0,Transit
5403,Neptune-like,2016,6.17 Earths,0.2105451 x Jupiter,0.0298 AU,1.9 days,0.0,Transit
5404,Super Earth,2016,3.19 Earths,1.6 x Earth,0.0344 AU,2.4 days,0.0,Transit
5405,Neptune-like,2016,13.4 Earths,0.33276831 x Jupiter,0.0455 AU,3.6 days,0.0,Transit
5406,Super Earth,2016,3.02 Earths,1.55 x Earth,0.1183 AU,16.5 days,0.0,Transit
5407,Super Earth,2016,3.75 Earths,1.76 x Earth,0.0748 AU,9.3 days,0.0,Transit
5408,Neptune-like,2016,11.2 Earths,0.29975912 x Jupiter,0.1138 AU,14.1 days,0.0,Transit
5409,Neptune-like,2016,8.91 Earths,0.26139709 x Jupiter,0.20988 AU,34.9 days,0.0,Transit
5410,Terrestrial,2016,0.809 Earths,0.95 x Earth,0.0349 AU,3.3 days,0.0,Transit
5411,Neptune-like,2016,7.7 Earths,0.23998573 x Jupiter,0.1616 AU,26.4 days,0.0,Transit
5412,Super Earth,2016,4.98 Earths,2.08 x Earth,0.67249 AU,201.1 days,0.0,Transit
5413,Neptune-like,2016,9.32 Earths,0.26853421 x Jupiter,0.47726 AU,122.9 days,0.0,Transit
5414,Super Earth,2016,4.16 Earths,1.87 x Earth,0.0361 AU,3.3 days,0.0,Transit
5415,Terrestrial,2016,0.64 Earths,0.89 x Earth,0.02911 AU,1.9 days,0.0,Transit
5416,Super Earth,2016,2.42 Earths,1.36 x Earth,0.04022 AU,2.7 days,0.0,Transit
5417,Super Earth,2016,3.26 Earths,1.62 x Earth,0.13372 AU,20.2 days,0.0,Transit
5418,Super Earth,2016,4.94 Earths,2.07 x Earth,0.1085 AU,17.8 days,0.0,Transit
5419,Neptune-like,2016,6.17 Earths,0.2105451 x Jupiter,0.3148 AU,60.1 days,0.0,Transit
5420,Neptune-like,2016,7.85 Earths,0.24266215 x Jupiter,0.0753 AU,8.1 days,0.0,Transit
5421,Super Earth,2016,3.09 Earths,1.57 x Earth,0.0419 AU,4.2 days,0.0,Transit
5422,Terrestrial,2016,0.937 Earths,0.99 x Earth,0.0265 AU,1.7 days,0.0,Transit
5423,Neptune-like,2016,12.9 Earths,0.32563119 x Jupiter,0.6253 AU,198.7 days,0.0,Transit
5424,Neptune-like,2016,16 Earths,0.36845392 x Jupiter,0.3907 AU,99.7 days,0.0,Transit
5425,Neptune-like,2016,11.4 Earths,0.3015434 x Jupiter,0.50998 AU,134.3 days,0.0,Transit
5426,Neptune-like,2016,5.14 Earths,2.12 x Earth,0.1073 AU,13.5 days,0.0,Transit
5427,Neptune-like,2016,7.56 Earths,0.23730931 x Jupiter,0.0849 AU,10 days,0.0,Transit
5428,Super Earth,2016,4.54 Earths,1.97 x Earth,0.09874 AU,12.1 days,0.0,Transit
5429,Neptune-like,2016,7.04 Earths,0.22749576 x Jupiter,0.12585 AU,16.9 days,0.0,Transit
5430,Neptune-like,2016,5.86 Earths,0.20430012 x Jupiter,0.03807 AU,3.1 days,0.0,Transit
5431,Neptune-like,2016,17.6 Earths,0.39075743 x Jupiter,0.1633 AU,14.8 days,0.0,Transit
5432,Super Earth,2016,4.9 Earths,2.06 x Earth,0.08631 AU,9.8 days,0.0,Transit
5433,Neptune-like,2016,25.9 Earths,0.49067713 x Jupiter,0.0559 AU,5.9 days,0.0,Transit
5434,Neptune-like,2016,9.27 Earths,0.26764207 x Jupiter,0.06017 AU,5.2 days,0.0,Transit
5435,Neptune-like,2016,9.96 Earths,0.2792399 x Jupiter,0.1083 AU,14.5 days,0.0,Transit
5436,Neptune-like,2016,5.99 Earths,0.20697654 x Jupiter,0.1202 AU,16.8 days,0.0,Transit
5437,Neptune-like,2016,7.9 Earths,0.24355429 x Jupiter,0.0893 AU,12.4 days,0.0,Transit
5438,Neptune-like,2016,15.1 Earths,0.3568561 x Jupiter,0.058 AU,6 days,0.0,Transit
5439,Super Earth,2016,3.09 Earths,1.57 x Earth,0.10703 AU,13.1 days,0.0,Transit
5440,Super Earth,2016,12.9 Earths,2.215 x Earth,0.3554 AU,81.7 days,< 0.21,Transit
5441,Neptune-like,2016,11.4 Earths,0.3015434 x Jupiter,0.16704 AU,28.5 days,0.0,Transit
5442,Neptune-like,2016,23.8 Earths,0.46658935 x Jupiter,0.0427 AU,3.4 days,0.0,Transit
5443,Super Earth,2016,1.37 Earths,1.1 x Earth,0.0197 AU,1 days,0.0,Transit
5444,Super Earth,2016,3.05 Earths,1.56 x Earth,0.1187 AU,14.3 days,0.0,Transit
5445,Terrestrial,2016,0.779 Earths,0.94 x Earth,0.11435 AU,14.5 days,0.0,Transit
5446,Super Earth,2016,1.65 Earths,1.16 x Earth,0.19068 AU,29.6 days,0.0,Transit
5447,Super Earth,2016,1.2 Earths,1.06 x Earth,0.1586 AU,24 days,0.0,Transit
5448,Super Earth,2016,4.74 Earths,2.02 x Earth,0.1499 AU,18.6 days,0.0,Transit
5449,Terrestrial,2016,0.749 Earths,0.93 x Earth,0.07576 AU,6.9 days,0.0,Transit
5450,Super Earth,2016,2.18 Earths,1.28 x Earth,0.0671 AU,6.7 days,0.0,Transit
5451,Neptune-like,2016,8.55 Earths,0.25515211 x Jupiter,0.2391 AU,42.5 days,0.0,Transit
5452,Super Earth,2016,3.39 Earths,1.66 x Earth,0.131 AU,22.5 days,0.0,Transit
5453,Terrestrial,2016,0.972 Earths,1.0 x Earth,0.14062 AU,20.4 days,0.0,Transit
5454,Terrestrial,2016,0.615 Earths,0.88 x Earth,0.0257 AU,1.5 days,0.0,Transit
5455,Super Earth,2016,2.21 Earths,1.29 x Earth,0.01416 AU,0.6 days,0.0,Transit
5456,Super Earth,2016,2.04 Earths,1.23 x Earth,0.0426 AU,3.5 days,0.0,Transit
5457,Super Earth,2016,3.97 Earths,1.82 x Earth,0.1066 AU,13.2 days,0.0,Transit
5458,Terrestrial,2016,0.498 Earths,0.83 x Earth,0.04608 AU,3.6 days,0.0,Transit
5459,Neptune-like,2016,8.35 Earths,0.25158355 x Jupiter,0.4001 AU,86.1 days,0.0,Transit
5460,Super Earth,2016,3.82 Earths,1.78 x Earth,0.2543 AU,60.9 days,0.0,Transit
5461,Super Earth,2016,1.12 Earths,1.04 x Earth,0.01553 AU,0.8 days,0.0,Transit
5462,Terrestrial,2016,0.64 Earths,0.89 x Earth,0.04218 AU,3 days,0.0,Transit
5463,Neptune-like,2016,5.69 Earths,0.20073156 x Jupiter,0.1502 AU,20.1 days,0.0,Transit
5464,Super Earth,2016,1.37 Earths,1.1 x Earth,0.0987 AU,11.6 days,0.0,Transit
5465,Neptune-like,2016,14.9 Earths,0.35328754 x Jupiter,0.1778 AU,28.2 days,0.0,Transit
5466,Super Earth,2016,4.7 Earths,2.01 x Earth,0.1143 AU,15.9 days,0.0,Transit
5467,Neptune-like,2016,5.22 Earths,2.14 x Earth,0.064 AU,5.2 days,0.0,Transit
5468,Terrestrial,2016,0.363 Earths,0.76 x Earth,0.0322 AU,2 days,0.0,Transit
5469,Super Earth,2016,3.46 Earths,1.68 x Earth,0.0975 AU,11.2 days,0.0,Transit
5470,Super Earth,2016,3.26 Earths,1.62 x Earth,0.0771 AU,9.1 days,0.0,Transit
5471,Super Earth,2016,2.1 Earths,1.25 x Earth,0.0276 AU,1.6 days,0.0,Transit
5472,Super Earth,2016,1.08 Earths,1.03 x Earth,0.05087 AU,4.1 days,0.0,Transit
5473,Terrestrial,2016,0.666 Earths,0.9 x Earth,0.03909 AU,2.8 days,0.0,Transit
5474,Super Earth,2016,3.61 Earths,1.72 x Earth,0.25861 AU,47.4 days,0.0,Transit
5475,Super Earth,2016,4.94 Earths,2.07 x Earth,0.1406 AU,18.2 days,0.0,Transit
5476,Terrestrial,2016,0.437 Earths,0.8 x Earth,0.04974 AU,3.8 days,0.0,Transit
5477,Super Earth,2016,2.51 Earths,1.39 x Earth,0.05474 AU,3.9 days,0.0,Transit
5478,Neptune-like,2016,6.21 Earths,0.21143724 x Jupiter,0.2705 AU,51.1 days,0.0,Transit
5479,Super Earth,2016,4.78 Earths,2.03 x Earth,0.2383 AU,41 days,0.0,Transit
5480,Super Earth,2016,1.55 Earths,1.14 x Earth,0.0499 AU,4.6 days,0.0,Transit
5481,Terrestrial,2016,0.566 Earths,0.86 x Earth,0.01824 AU,1 days,0.0,Transit
5482,Super Earth,2016,2.27 Earths,1.31 x Earth,0.0575 AU,5.7 days,0.0,Transit
5483,Super Earth,2016,4.04 Earths,1.84 x Earth,0.2478 AU,45.1 days,0.0,Transit
5484,Neptune-like,2016,13.1 Earths,0.32830761 x Jupiter,0.1254 AU,18.5 days,0.0,Transit
5485,Neptune-like,2016,7.04 Earths,0.22749576 x Jupiter,0.1348 AU,25.7 days,0.0,Transit
5486,Neptune-like,2016,8.2 Earths,0.24890713 x Jupiter,0.14527 AU,22.2 days,0.0,Transit
5487,Terrestrial,2016,0.437 Earths,0.8 x Earth,0.0337 AU,2.4 days,0.0,Transit
5488,Super Earth,2016,4.5 Earths,1.96 x Earth,0.1189 AU,15.1 days,0.0,Transit
5489,Super Earth,2016,3.46 Earths,1.68 x Earth,0.30045 AU,54.4 days,0.0,Transit
5490,Super Earth,2016,1.76 Earths,1.18 x Earth,0.0662 AU,6.5 days,0.0,Transit
5491,Super Earth,2016,3.78 Earths,1.77 x Earth,0.38249 AU,99.3 days,0.0,Transit
5492,Neptune-like,2016,6.62 Earths,0.2194665 x Jupiter,0.1861 AU,37.6 days,0.0,Transit
5493,Neptune-like,2016,8.55 Earths,0.25515211 x Jupiter,0.126 AU,21 days,0.0,Transit
5494,Neptune-like,2016,5.73 Earths,0.2016237 x Jupiter,0.0519 AU,5.5 days,0.0,Transit
5495,Neptune-like,2016,7.22 Earths,0.23106432 x Jupiter,0.0882 AU,12.3 days,0.0,Transit
5496,Terrestrial,2016,0.749 Earths,0.93 x Earth,0.031 AU,2.3 days,0.0,Transit
5497,Super Earth,2016,2.07 Earths,1.24 x Earth,0.068 AU,6.7 days,0.0,Transit
5498,Terrestrial,2016,0.543 Earths,0.85 x Earth,0.04262 AU,2.9 days,0.0,Transit
5499,Super Earth,2016,4.42 Earths,1.94 x Earth,0.1126 AU,15.4 days,0.0,Transit
5500,Super Earth,2016,2.57 Earths,1.41 x Earth,0.11397 AU,13.9 days,0.0,Transit
5501,Super Earth,2016,4.19 Earths,1.88 x Earth,0.14023 AU,16.4 days,0.0,Transit
5502,Neptune-like,2016,5.69 Earths,0.20073156 x Jupiter,0.1728 AU,25.4 days,0.0,Transit
5503,Super Earth,2016,2.63 Earths,1.43 x Earth,0.0917 AU,10.3 days,0.0,Transit
5504,Super Earth,2016,2.24 Earths,1.3 x Earth,0.0171 AU,0.9 days,0.0,Transit
5505,Neptune-like,2016,5.48 Earths,2.2 x Earth,0.0885 AU,12 days,0.0,Transit
5506,Super Earth,2016,2.1 Earths,1.25 x Earth,0.0153 AU,0.7 days,0.0,Transit
5507,Super Earth,2016,1.16 Earths,1.05 x Earth,0.0598 AU,5.3 days,0.0,Transit
5508,Super Earth,2016,3.68 Earths,1.74 x Earth,0.0471 AU,3.3 days,0.0,Transit
5509,Neptune-like,2016,5.86 Earths,0.20430012 x Jupiter,0.0918 AU,10.7 days,0.0,Transit
5510,Super Earth,2016,1.65 Earths,1.16 x Earth,0.02598 AU,1.3 days,0.0,Transit
5511,Super Earth,2016,2.15 Earths,1.27 x Earth,0.024 AU,1.3 days,0.0,Transit
5512,Terrestrial,2016,0.196 Earths,0.64 x Earth,0.02937 AU,2 days,0.0,Transit
5513,Terrestrial,2016,0.315 Earths,0.73 x Earth,0.04214 AU,3.4 days,0.0,Transit
5514,Super Earth,2016,2.15 Earths,1.27 x Earth,0.08084 AU,7.4 days,0.0,Transit
5515,Super Earth,2016,4.04 Earths,1.84 x Earth,0.15763 AU,20.3 days,0.0,Transit
5516,Neptune-like,2016,7.7 Earths,0.23998573 x Jupiter,0.1741 AU,25.9 days,0.0,Transit
5517,Super Earth,2016,3.36 Earths,1.65 x Earth,0.0153 AU,0.7 days,0.0,Transit
5518,Terrestrial,2016,0.721 Earths,0.92 x Earth,0.0236 AU,1.6 days,0.0,Transit
5519,Super Earth,2016,2.63 Earths,1.43 x Earth,0.0273 AU,2.2 days,0.0,Transit
5520,Terrestrial,2016,0.437 Earths,0.8 x Earth,0.05701 AU,4.8 days,0.0,Transit
5521,Terrestrial,2016,0.721 Earths,0.92 x Earth,0.07839 AU,7.7 days,0.0,Transit
5522,Neptune-like,2016,5.27 Earths,2.15 x Earth,0.1284 AU,13.3 days,0.0,Transit
5523,Super Earth,2016,2.1 Earths,1.25 x Earth,0.0363 AU,2.9 days,0.0,Transit
5524,Neptune-like,2016,7.27 Earths,0.23195646 x Jupiter,0.4626 AU,136.2 days,0.0,Transit
5525,Terrestrial,2016,0.566 Earths,0.86 x Earth,0.04304 AU,3.6 days,0.0,Transit
5526,Neptune-like,2016,11.5 Earths,0.30332768 x Jupiter,0.2866 AU,40.5 days,0.0,Transit
5527,Neptune-like,2016,8.4 Earths,0.25247569 x Jupiter,0.26657 AU,59.5 days,0.0,Transit
5528,Super Earth,2016,1.46 Earths,1.12 x Earth,0.0656 AU,7.1 days,0.0,Transit
5529,Super Earth,2016,2.18 Earths,1.28 x Earth,0.041 AU,3 days,0.0,Transit
5530,Super Earth,2016,2.96 Earths,1.53 x Earth,0.0136 AU,0.6 days,0.0,Transit
5531,Super Earth,2016,2.73 Earths,1.46 x Earth,0.0224 AU,1.3 days,0.0,Transit
5532,Neptune-like,2016,9.11 Earths,0.26496565 x Jupiter,0.3521 AU,76.6 days,0.0,Transit
5533,Super Earth,2016,3.89 Earths,1.8 x Earth,0.153 AU,24.8 days,0.0,Transit
5534,Terrestrial,2016,0.64 Earths,0.89 x Earth,0.02883 AU,1.9 days,0.0,Transit
5535,Terrestrial,2016,0.208 Earths,0.65 x Earth,0.0156 AU,0.9 days,0.0,Transit
5536,Super Earth,2016,3.64 Earths,1.73 x Earth,0.0222 AU,1.8 days,0.0,Transit
5537,Neptune-like,2016,6.9 Earths,0.22481934 x Jupiter,0.0413 AU,4.5 days,0.0,Transit
5538,Terrestrial,2016,0.271 Earths,0.7 x Earth,0.03421 AU,2.1 days,0.0,Transit
5539,Super Earth,2016,4.42 Earths,1.94 x Earth,0.1834 AU,27.6 days,0.0,Transit
5540,Super Earth,2016,1.08 Earths,1.03 x Earth,0.104 AU,14 days,0.0,Transit
5541,Super Earth,2016,3.12 Earths,1.58 x Earth,0.044 AU,3.4 days,0.0,Transit
5542,Neptune-like,2016,6.17 Earths,0.2105451 x Jupiter,0.26412 AU,44.6 days,0.0,Transit
5543,Super Earth,2016,4.04 Earths,1.84 x Earth,0.05501 AU,4.8 days,0.0,Transit
5544,Super Earth,2016,4.38 Earths,1.93 x Earth,0.0449 AU,3.4 days,0.0,Transit
5545,Super Earth,2016,3.39 Earths,1.66 x Earth,0.0313 AU,2.2 days,0.0,Transit
5546,Neptune-like,2016,9.22 Earths,0.26674993 x Jupiter,0.47267 AU,133 days,0.0,Transit
5547,Terrestrial,2016,0.721 Earths,0.92 x Earth,0.01937 AU,0.9 days,0.0,Transit
5548,Super Earth,2016,2.7 Earths,1.45 x Earth,0.0615 AU,6.3 days,0.0,Transit
5549,Super Earth,2016,3.36 Earths,1.65 x Earth,0.0889 AU,10.1 days,0.0,Transit
5550,Neptune-like,2016,8.55 Earths,0.25515211 x Jupiter,0.2004 AU,33.9 days,0.0,Transit
5551,Neptune-like,2016,6.35 Earths,0.21411366 x Jupiter,0.0267 AU,2.2 days,0.0,Transit
5552,Super Earth,2016,3.05 Earths,1.56 x Earth,0.0128 AU,0.6 days,0.0,Transit
5553,Neptune-like,2016,6.04 Earths,0.20786868 x Jupiter,0.1091 AU,13.7 days,0.0,Transit
5554,Super Earth,2016,3.71 Earths,1.75 x Earth,0.1256 AU,16.8 days,0.0,Transit
5555,Super Earth,2016,4.38 Earths,1.93 x Earth,0.0541 AU,4.1 days,0.0,Transit
5556,Neptune-like,2016,8.3 Earths,0.25069141 x Jupiter,0.096 AU,11.9 days,0.0,Transit
5557,Super Earth,2016,2.54 Earths,1.4 x Earth,0.3006 AU,86.8 days,0.0,Transit
5558,Super Earth,2016,2.33 Earths,1.33 x Earth,0.11625 AU,13.3 days,0.0,Transit
5559,Neptune-like,2016,5.06 Earths,2.1 x Earth,0.06053 AU,5.4 days,0.0,Transit
5560,Neptune-like,2016,6.21 Earths,0.21143724 x Jupiter,0.1679 AU,28.8 days,0.0,Transit
5561,Super Earth,2016,2.33 Earths,1.33 x Earth,0.4297 AU,104.4 days,0.0,Transit
5562,Super Earth,2016,4.62 Earths,1.99 x Earth,0.1246 AU,16.9 days,0.0,Transit
5563,Neptune-like,2016,6.57 Earths,0.21857436 x Jupiter,0.1589 AU,24.2 days,0.0,Transit
5564,Neptune-like,2016,7.08 Earths,0.2283879 x Jupiter,0.0284 AU,1.4 days,0.0,Transit
5565,Super Earth,2016,3.5 Earths,1.69 x Earth,0.1975 AU,33.2 days,0.0,Transit
5566,Neptune-like,2016,5.52 Earths,2.21 x Earth,0.19 AU,32.6 days,0.0,Transit
5567,Neptune-like,2016,16.5 Earths,0.37559104 x Jupiter,0.392 AU,88.4 days,0.0,Transit
5568,Neptune-like,2016,8.8 Earths,0.25961281 x Jupiter,0.07739 AU,8.7 days,0.0,Transit
5569,Neptune-like,2016,7.41 Earths,0.23463288 x Jupiter,0.2288 AU,43.3 days,0.0,Transit
5570,Neptune-like,2016,5.56 Earths,2.22 x Earth,0.2689 AU,52.6 days,0.0,Transit
5571,Super Earth,2016,2.39 Earths,1.35 x Earth,0.0527 AU,4.9 days,0.0,Transit
5572,Neptune-like,2016,5.18 Earths,2.13 x Earth,0.34593 AU,71.5 days,0.0,Transit
5573,Neptune-like,2016,6.08 Earths,0.20876082 x Jupiter,0.1805 AU,33.9 days,0.0,Transit
5574,Neptune-like,2016,13.8 Earths,0.33901329 x Jupiter,0.4029 AU,100.8 days,0.0,Transit
5575,Super Earth,2016,4.31 Earths,1.91 x Earth,0.0378 AU,3 days,0.0,Transit
5576,Super Earth,2016,1.32 Earths,1.09 x Earth,0.0448 AU,4.5 days,0.0,Transit
5577,Super Earth,2016,3.64 Earths,1.73 x Earth,0.0277 AU,1.8 days,0.0,Transit
5578,Super Earth,2016,2.67 Earths,1.44 x Earth,0.0473 AU,3.7 days,0.0,Transit
5579,Super Earth,2016,4.62 Earths,1.99 x Earth,0.1291 AU,17.1 days,0.0,Transit
5580,Terrestrial,2016,0.809 Earths,0.95 x Earth,0.05207 AU,4.3 days,0.0,Transit
5581,Super Earth,2016,1.2 Earths,1.06 x Earth,0.04136 AU,2.9 days,0.0,Transit
5582,Super Earth,2016,4.27 Earths,1.9 x Earth,0.3237 AU,66.4 days,0.0,Transit
5583,Super Earth,2016,2.04 Earths,1.23 x Earth,0.051 AU,4.6 days,0.0,Transit
5584,Super Earth,2016,1.2 Earths,1.06 x Earth,0.0396 AU,2.7 days,0.0,Transit
5585,Neptune-like,2016,10.2 Earths,0.28280846 x Jupiter,0.55494 AU,174.5 days,0.0,Transit
5586,Super Earth,2016,2.99 Earths,1.54 x Earth,0.04 AU,3.1 days,0.0,Transit
5587,Super Earth,2016,2.15 Earths,1.27 x Earth,0.0794 AU,8.2 days,0.0,Transit
5588,Super Earth,2016,1.55 Earths,1.14 x Earth,0.07116 AU,7.6 days,0.0,Transit
5589,Super Earth,2016,1.32 Earths,1.09 x Earth,0.0205 AU,1 days,0.0,Transit
5590,Terrestrial,2016,0.363 Earths,0.76 x Earth,0.07419 AU,7.8 days,0.0,Transit
5591,Super Earth,2016,2.33 Earths,1.33 x Earth,0.08747 AU,9.4 days,0.0,Transit
5592,Super Earth,2016,2.92 Earths,1.52 x Earth,0.12208 AU,15.6 days,0.0,Transit
5593,Super Earth,2016,3.86 Earths,1.79 x Earth,0.0445 AU,3.6 days,0.0,Transit
5594,Super Earth,2016,3.22 Earths,1.61 x Earth,0.1168 AU,13.4 days,0.0,Transit
5595,Terrestrial,2016,0.156 Earths,0.6 x Earth,0.08307 AU,9.3 days,0.0,Transit
5596,Super Earth,2016,2.83 Earths,1.49 x Earth,0.0316 AU,4.8 days,0.0,Transit
5597,Terrestrial,2016,0.437 Earths,0.8 x Earth,0.06865 AU,6.3 days,0.0,Transit
5598,Neptune-like,2016,5.1 Earths,2.11 x Earth,0.33571 AU,56.6 days,0.0,Transit
5599,Terrestrial,2016,0.52 Earths,0.84 x Earth,0.014 AU,0.8 days,0.0,Transit
5600,Super Earth,2016,1.12 Earths,1.04 x Earth,0.0252 AU,1.5 days,0.0,Transit
5601,Super Earth,2016,1.51 Earths,1.13 x Earth,0.0657 AU,6.3 days,0.0,Transit
5602,Super Earth,2016,1.12 Earths,1.04 x Earth,0.07211 AU,7 days,0.0,Transit
5603,Super Earth,2016,2.27 Earths,1.31 x Earth,0.0366 AU,2.6 days,0.0,Transit
5604,Super Earth,2016,2.21 Earths,1.29 x Earth,0.0743 AU,6.9 days,0.0,Transit
5605,Super Earth,2016,1.87 Earths,1.2 x Earth,0.0364 AU,2.6 days,0.0,Transit
5606,Terrestrial,2016,0.779 Earths,0.94 x Earth,0.05838 AU,5.5 days,0.0,Transit
5607,Super Earth,2016,2.92 Earths,1.52 x Earth,0.04287 AU,3.4 days,0.0,Transit
5608,Super Earth,2016,1.24 Earths,1.07 x Earth,0.16699 AU,26.5 days,0.0,Transit
5609,Super Earth,2016,3.46 Earths,1.68 x Earth,0.06669 AU,5.8 days,0.0,Transit
5610,Super Earth,2016,2.24 Earths,1.3 x Earth,0.15157 AU,20.9 days,0.0,Transit
5611,Neptune-like,2016,7.9 Earths,0.24355429 x Jupiter,0.552 AU,154 days,0.0,Transit
5612,Terrestrial,2016,0.418 Earths,0.79 x Earth,0.01198 AU,0.5 days,0.0,Transit
5613,Super Earth,2016,1.81 Earths,1.19 x Earth,0.0241 AU,1.5 days,0.0,Transit
5614,Super Earth,2016,2.76 Earths,1.47 x Earth,0.1327 AU,18.1 days,0.0,Transit
5615,Terrestrial,2016,0.347 Earths,0.75 x Earth,0.0442 AU,3.4 days,0.0,Transit
5616,Neptune-like,2016,12.3 Earths,0.31670979 x Jupiter,0.3308 AU,64.3 days,0.0,Transit
5617,Super Earth,2016,1.32 Earths,1.09 x Earth,0.0194 AU,1 days,0.0,Transit
5618,Terrestrial,2016,0.64 Earths,0.89 x Earth,0.04175 AU,3 days,0.0,Transit
5619,Terrestrial,2016,0.299 Earths,0.72 x Earth,0.01835 AU,1 days,0.0,Transit
5620,Terrestrial,2016,0.244 Earths,0.68 x Earth,0.04278 AU,3.5 days,0.0,Transit
5621,Super Earth,2016,2.96 Earths,1.53 x Earth,0.049 AU,3.7 days,0.0,Transit
5622,Super Earth,2016,4.5 Earths,1.96 x Earth,0.0829 AU,8.8 days,0.0,Transit
5623,Super Earth,2016,3.22 Earths,1.61 x Earth,0.0805 AU,8.1 days,0.0,Transit
5624,Neptune-like,2016,8.75 Earths,0.25872067 x Jupiter,0.59527 AU,198.1 days,0.0,Transit
5625,Super Earth,2016,1.6 Earths,1.15 x Earth,0.0481 AU,4.2 days,0.0,Transit
5626,Neptune-like,2016,6.66 Earths,0.22035864 x Jupiter,0.6011 AU,184.8 days,0.0,Transit
5627,Neptune-like,2016,7.56 Earths,0.23730931 x Jupiter,0.1772 AU,24.5 days,0.0,Transit
5628,Neptune-like,2016,9.38 Earths,0.26942635 x Jupiter,0.7681 AU,225.6 days,0.0,Transit
5629,Neptune-like,2016,7.13 Earths,0.22928004 x Jupiter,0.6687 AU,214.9 days,0.0,Transit
5630,Neptune-like,2016,7.46 Earths,0.23552502 x Jupiter,0.4679 AU,124.8 days,0.0,Transit
5631,Terrestrial,2016,0.666 Earths,0.9 x Earth,0.01556 AU,0.7 days,0.0,Transit
5632,Neptune-like,2016,9.96 Earths,0.2792399 x Jupiter,0.1366 AU,19.6 days,0.0,Transit
5633,Neptune-like,2016,7.75 Earths,0.24087787 x Jupiter,0.5442 AU,163.7 days,0.0,Transit
5634,Super Earth,2016,3.82 Earths,1.78 x Earth,0.54465 AU,168.8 days,0.0,Transit
5635,Neptune-like,2016,7.8 Earths,0.24177001 x Jupiter,0.0867 AU,7 days,0.0,Transit
5636,Terrestrial,2016,0.363 Earths,0.76 x Earth,0.05649 AU,5.1 days,0.0,Transit
5637,Terrestrial,2016,0.59 Earths,0.87 x Earth,0.0629 AU,6 days,0.0,Transit
5638,Terrestrial,2016,0.208 Earths,0.65 x Earth,0.0387 AU,2.9 days,0.0,Transit
5639,Terrestrial,2016,0.363 Earths,0.76 x Earth,0.04765 AU,4 days,0.0,Transit
5640,Super Earth,2016,1.65 Earths,1.16 x Earth,0.07555 AU,8.4 days,0.0,Transit
5641,Neptune-like,2016,6.76 Earths,0.22214292 x Jupiter,0.4426 AU,125.4 days,0.0,Transit
5642,Neptune-like,2016,7.75 Earths,0.24087787 x Jupiter,0.4765 AU,133.3 days,0.0,Transit
5643,Neptune-like,2016,8.35 Earths,0.25158355 x Jupiter,0.6095 AU,175.1 days,0.0,Transit
5644,Super Earth,2016,1.76 Earths,1.18 x Earth,0.0245 AU,1.4 days,0.0,Transit
5645,Neptune-like,2016,10 Earths,0.28013204 x Jupiter,0.8507 AU,364.8 days,0.0,Transit
5646,Neptune-like,2016,7.04 Earths,0.22749576 x Jupiter,0.5329 AU,138.9 days,0.0,Transit
5647,Super Earth,2016,4.23 Earths,1.89 x Earth,0.0599 AU,5.7 days,0.0,Transit
5648,Neptune-like,2016,11.8 Earths,0.30868052 x Jupiter,0.93416 AU,308.5 days,0.0,Transit
5649,Super Earth,2016,2.39 Earths,1.35 x Earth,0.0206 AU,1.1 days,0.0,Transit
5650,Super Earth,2016,1.41 Earths,1.11 x Earth,0.02204 AU,1.1 days,0.0,Transit
5651,Super Earth,2016,3.36 Earths,1.65 x Earth,0.05744 AU,5.3 days,0.0,Transit
5652,Super Earth,2016,3.33 Earths,1.64 x Earth,0.03553 AU,2.6 days,0.0,Transit
5653,Neptune-like,2016,5.06 Earths,2.1 x Earth,0.0525 AU,5.3 days,0.0,Transit
5654,Super Earth,2016,2.73 Earths,1.46 x Earth,0.0296 AU,1.8 days,0.0,Transit
5655,Neptune-like,2016,20.4 Earths,0.4255509 x Jupiter,0.6276 AU,160.1 days,0.0,Transit
5656,Neptune-like,2016,6.48 Earths,0.21679008 x Jupiter,0.0418 AU,3.9 days,0.0,Transit
5657,Terrestrial,2016,0.693 Earths,0.91 x Earth,0.03557 AU,2.4 days,0.0,Transit
5658,Neptune-like,2016,12.3 Earths,0.31581765 x Jupiter,0.3392 AU,71 days,0.0,Transit
5659,Super Earth,2016,3.12 Earths,1.58 x Earth,0.01867 AU,0.9 days,0.0,Transit
5660,Super Earth,2016,3.64 Earths,1.73 x Earth,0.0288 AU,1.8 days,0.0,Transit
5661,Neptune-like,2016,6.8 Earths,0.22303506 x Jupiter,0.23476 AU,47.1 days,0.0,Transit
5662,Neptune-like,2016,28.1 Earths,0.51476492 x Jupiter,0.0129 AU,0.7 days,0.0,Transit
5663,Gas Giant,2016,39.6 Earths,0.62985101 x Jupiter,0.7655 AU,240.8 days,0.0,Transit
5664,Neptune-like,2016,9.53 Earths,0.27210277 x Jupiter,0.0593 AU,5.1 days,0.0,Transit
5665,Gas Giant,2016,0.216 Jupiters,0.87072888 x Jupiter,0.078 AU,5.5 days,0.0,Transit
5666,Super Earth,2016,3.71 Earths,1.75 x Earth,0.0718 AU,7.3 days,0.0,Transit
5667,Gas Giant,2016,0.208 Jupiters,0.85199393 x Jupiter,0.75235 AU,214.3 days,0.0,Transit
5668,Gas Giant,2016,5.28 Jupiters,1.108 x Jupiter,0.753 AU,217.8 days,0.4,Transit
5669,Gas Giant,2016,0.152 Jupiters,0.76670665 x Jupiter,0.56971 AU,160.9 days,0.31,Transit
5670,Super Earth,2016,1.76 Earths,1.18 x Earth,0.13693 AU,20.4 days,0.0,Transit
5671,Super Earth,2016,3.46 Earths,1.68 x Earth,0.1753 AU,23.2 days,0.0,Transit
5672,Neptune-like,2016,11.2 Earths,0.29975912 x Jupiter,0.4089 AU,84.7 days,0.0,Transit
5673,Super Earth,2016,4.08 Earths,1.85 x Earth,0.1707 AU,25.4 days,0.0,Transit
5674,Super Earth,2016,2.33 Earths,1.33 x Earth,0.1629 AU,20.7 days,0.0,Transit
5675,Terrestrial,2016,0.52 Earths,0.84 x Earth,0.11946 AU,16.1 days,0.0,Transit
5676,Super Earth,2016,2.3 Earths,1.32 x Earth,0.1168 AU,14 days,0.0,Transit
5677,Terrestrial,2016,0.749 Earths,0.93 x Earth,0.18298 AU,30.9 days,0.0,Transit
5678,Neptune-like,2016,5.18 Earths,2.13 x Earth,0.3704 AU,82.3 days,0.0,Transit
5679,Neptune-like,2016,5.77 Earths,0.20251584 x Jupiter,0.3771 AU,96.2 days,0.0,Transit
5680,Neptune-like,2016,10.2 Earths,0.2837006 x Jupiter,0.2482 AU,41.7 days,0.0,Transit
5681,Super Earth,2016,3.05 Earths,1.56 x Earth,0.11592 AU,14.6 days,0.0,Transit
5682,Super Earth,2016,1.87 Earths,1.2 x Earth,0.1236 AU,15 days,0.0,Transit
5683,Super Earth,2016,1.81 Earths,1.19 x Earth,0.23225 AU,44.2 days,0.0,Transit
5684,Super Earth,2016,2.33 Earths,1.33 x Earth,0.2528 AU,48.1 days,0.0,Transit
5685,Super Earth,2016,3.39 Earths,1.66 x Earth,0.0817 AU,8.7 days,0.0,Transit
5686,Neptune-like,2016,5.56 Earths,2.22 x Earth,0.3211 AU,64.7 days,0.0,Transit
5687,Neptune-like,2016,8.96 Earths,0.26228923 x Jupiter,0.3677 AU,85.3 days,0.0,Transit
5688,Neptune-like,2016,9.64 Earths,0.27388706 x Jupiter,0.3982 AU,91.1 days,0.0,Transit
5689,Super Earth,2016,2.57 Earths,1.41 x Earth,0.1197 AU,15 days,0.0,Transit
5690,Super Earth,2016,2.83 Earths,1.49 x Earth,0.1262 AU,16.8 days,0.0,Transit
5691,Super Earth,2016,2.89 Earths,1.51 x Earth,0.127 AU,16.6 days,0.0,Transit
5692,Neptune-like,2016,9.48 Earths,0.27121063 x Jupiter,0.3729 AU,92.4 days,0.0,Transit
5693,Super Earth,2016,3.78 Earths,1.77 x Earth,0.3679 AU,82.3 days,0.0,Transit
5694,Super Earth,2016,4.12 Earths,1.86 x Earth,0.24153 AU,39.8 days,0.0,Transit
5695,Neptune-like,2016,5.18 Earths,2.13 x Earth,0.0898 AU,7.3 days,0.0,Transit
5696,Neptune-like,2016,5.99 Earths,0.20697654 x Jupiter,0.2846 AU,54.6 days,0.0,Transit
5697,Super Earth,2016,2.76 Earths,1.47 x Earth,0.14732 AU,19.9 days,0.0,Transit
5698,Neptune-like,2016,5.1 Earths,2.11 x Earth,0.1939 AU,30.5 days,0.0,Transit
5699,Super Earth,2016,2.92 Earths,1.52 x Earth,0.0958 AU,9.5 days,0.0,Transit
5700,Super Earth,2016,1.01 Earths,1.01 x Earth,0.09968 AU,12.3 days,0.0,Transit
5701,Super Earth,2016,2.04 Earths,1.23 x Earth,0.059 AU,5.9 days,0.0,Transit
5702,Super Earth,2016,3.43 Earths,1.67 x Earth,0.1525 AU,22.1 days,0.0,Transit
5703,Super Earth,2016,4.01 Earths,1.83 x Earth,0.11341 AU,14.5 days,0.0,Transit
5704,Super Earth,2016,3.64 Earths,1.73 x Earth,0.1681 AU,26.1 days,0.0,Transit
5705,Super Earth,2016,1.76 Earths,1.18 x Earth,0.0911 AU,11.6 days,0.0,Transit
5706,Super Earth,2016,3.43 Earths,1.67 x Earth,0.0932 AU,10.4 days,0.0,Transit
5707,Neptune-like,2016,8.85 Earths,0.26050495 x Jupiter,0.373 AU,82.2 days,0.0,Transit
5708,Neptune-like,2016,5.31 Earths,2.16 x Earth,0.2108 AU,36.4 days,0.0,Transit
5709,Super Earth,2016,1.81 Earths,1.19 x Earth,0.11606 AU,14.4 days,0.0,Transit
5710,Super Earth,2016,4.27 Earths,1.9 x Earth,0.2322 AU,38.1 days,0.0,Transit
5711,Super Earth,2016,2.57 Earths,1.41 x Earth,0.0453 AU,3.6 days,0.0,Transit
5712,Super Earth,2016,1.24 Earths,1.07 x Earth,0.116 AU,16.3 days,0.0,Transit
5713,Neptune-like,2016,8.25 Earths,0.24979927 x Jupiter,0.1466 AU,21.9 days,0.0,Transit
5714,Super Earth,2016,1.6 Earths,1.15 x Earth,0.0466 AU,3.5 days,0.0,Transit
5715,Super Earth,2016,3.64 Earths,1.73 x Earth,0.0817 AU,8.2 days,0.0,Transit
5716,Neptune-like,2016,10.9 Earths,0.29440628 x Jupiter,0.2388 AU,47.1 days,0.0,Transit
5717,Super Earth,2016,3.02 Earths,1.55 x Earth,0.17981 AU,31.2 days,0.0,Transit
5718,Super Earth,2016,3.78 Earths,1.77 x Earth,0.1939 AU,31.8 days,0.0,Transit
5719,Terrestrial,2016,0.972 Earths,1.0 x Earth,0.06101 AU,5.3 days,0.0,Transit
5720,Super Earth,2016,3.39 Earths,1.66 x Earth,0.20066 AU,31.8 days,0.0,Transit
5721,Super Earth,2016,4.12 Earths,1.86 x Earth,0.1694 AU,25.2 days,0.0,Transit
5722,Neptune-like,2016,14 Earths,0.34079757 x Jupiter,0.3094 AU,65.6 days,0.0,Transit
5723,Super Earth,2016,4.78 Earths,2.03 x Earth,0.1715 AU,29.3 days,0.0,Transit
5724,Super Earth,2016,4.5 Earths,1.96 x Earth,0.1614 AU,30 days,0.0,Transit
5725,Super Earth,2016,2.42 Earths,1.36 x Earth,0.2829 AU,62.9 days,0.0,Transit
5726,Neptune-like,2016,8.05 Earths,0.24623071 x Jupiter,0.24869 AU,48 days,0.0,Transit
5727,Super Earth,2016,4.62 Earths,1.99 x Earth,0.26391 AU,51.1 days,0.0,Transit
5728,Super Earth,2016,1.55 Earths,1.14 x Earth,0.1132 AU,18.1 days,0.0,Transit
5729,Neptune-like,2016,5.31 Earths,2.16 x Earth,0.2149 AU,49.3 days,0.0,Transit
5730,Super Earth,2016,4.19 Earths,1.88 x Earth,0.2447 AU,47 days,0.0,Transit
5731,Neptune-like,2016,7.61 Earths,0.23820145 x Jupiter,0.262 AU,47.2 days,0.0,Transit
5732,Neptune-like,2016,7.75 Earths,0.24087787 x Jupiter,0.25764 AU,42.9 days,0.0,Transit
5733,Neptune-like,2016,11.2 Earths,0.29886698 x Jupiter,0.2101 AU,35.6 days,0.0,Transit
5734,Super Earth,2016,3.57 Earths,1.71 x Earth,0.2401 AU,54.5 days,0.0,Transit
5735,Super Earth,2016,3.46 Earths,1.68 x Earth,0.1176 AU,13.2 days,0.0,Transit
5736,Super Earth,2016,3.22 Earths,1.61 x Earth,0.1058 AU,12.3 days,0.0,Transit
5737,Neptune-like,2016,8.75 Earths,0.25872067 x Jupiter,0.2836 AU,56.7 days,0.0,Transit
5738,Terrestrial,2016,0.477 Earths,0.82 x Earth,0.01405 AU,0.7 days,0.0,Transit
5739,Terrestrial,2016,0.84 Earths,0.96 x Earth,0.09587 AU,10.6 days,0.0,Transit
5740,Neptune-like,2016,5.39 Earths,2.18 x Earth,0.20906 AU,33.4 days,0.0,Transit
5741,Terrestrial,2016,0.871 Earths,0.97 x Earth,0.03783 AU,2.4 days,0.0,Transit
5742,Neptune-like,2016,14.7 Earths,0.35061112 x Jupiter,0.40814 AU,81.4 days,0.0,Transit
5743,Super Earth,2016,2.27 Earths,1.31 x Earth,0.2346 AU,39.4 days,0.0,Transit
5744,Super Earth,2016,2.13 Earths,1.26 x Earth,0.23431 AU,39.9 days,0.0,Transit
5745,Super Earth,2016,2.73 Earths,1.46 x Earth,0.0594 AU,8.1 days,0.0,Transit
5746,Terrestrial,2016,0.779 Earths,0.94 x Earth,0.0346 AU,2.3 days,0.0,Transit
5747,Super Earth,2016,2.45 Earths,1.37 x Earth,0.0951 AU,10.9 days,0.0,Transit
5748,Super Earth,2016,2.27 Earths,1.31 x Earth,0.0907 AU,9.7 days,0.0,Transit
5749,Terrestrial,2016,0.566 Earths,0.86 x Earth,0.05456 AU,4.5 days,0.0,Transit
5750,Super Earth,2016,1.41 Earths,1.11 x Earth,0.0917 AU,8.1 days,0.0,Transit
5751,Super Earth,2016,3.05 Earths,1.56 x Earth,0.0516 AU,4.1 days,0.0,Transit
5752,Neptune-like,2016,5.56 Earths,2.22 x Earth,0.1696 AU,23.9 days,0.0,Transit
5753,Super Earth,2016,2.76 Earths,1.47 x Earth,0.0648 AU,5.9 days,0.0,Transit
5754,Super Earth,2016,1.76 Earths,1.18 x Earth,0.0304 AU,2.5 days,0.0,Transit
5755,Super Earth,2016,2.21 Earths,1.29 x Earth,0.055 AU,4.5 days,0.0,Transit
5756,Super Earth,2016,3.33 Earths,1.64 x Earth,0.11051 AU,10.7 days,0.0,Transit
5757,Gas Giant,2016,2.4 Jupiters,1.18 x Jupiter (estimate),2.42 AU,2.7 years,0.5,Transit Timing Variations
5758,Super Earth,2016,2.04 Earths,1.23 x Earth,0.0295 AU,4.5 days,0.0,Transit
5759,Super Earth,2016,3.82 Earths,1.78 x Earth,0.1285 AU,16.2 days,0.0,Transit
5760,Super Earth,2016,4.19 Earths,1.88 x Earth,0.142 AU,21.1 days,0.0,Transit
5761,Neptune-like,2016,5.99 Earths,0.207 x Jupiter,0.0531 AU,5.3 days,0.0,Transit
5762,Neptune-like,2016,7.56 Earths,0.23730931 x Jupiter,0.0678 AU,6.7 days,0.0,Transit
5763,Neptune-like,2016,10.3 Earths,0.28548488 x Jupiter,0.1016 AU,12.2 days,0.0,Transit
5764,Neptune-like,2016,9.01 Earths,0.26318137 x Jupiter,0.2065 AU,32.7 days,0.0,Transit
5765,Neptune-like,2016,9.85 Earths,0.27745562 x Jupiter,0.1473 AU,19.7 days,0.0,Transit
5766,Neptune-like,2016,20.7 Earths,0.4300116 x Jupiter,0.0836 AU,7.6 days,0.0,Transit
5767,Neptune-like,2016,7.18 Earths,0.23017218 x Jupiter,0.0932 AU,9.9 days,0.0,Transit
5768,Super Earth,2016,4.16 Earths,1.87 x Earth,0.745 AU,259.3 days,0.0,Transit
5769,Terrestrial,2016,0.64 Earths,0.89 x Earth,0.0596 AU,6.1 days,0.0,Transit
5770,Neptune-like,2016,10.5 Earths,0.2881613 x Jupiter,1.12191 AU,425.5 days,0.0,Transit
5771,Neptune-like,2016,12.9 Earths,0.32473905 x Jupiter,1.12664 AU,469.6 days,0.0,Transit
5772,Neptune-like,2016,10.3 Earths,0.28459274 x Jupiter,1.0525 AU,374.9 days,0.0,Transit
5773,Super Earth,2016,3.12 Earths,1.58 x Earth,0.3875 AU,186.4 days,0.0,Transit
5774,Neptune-like,2016,6.66 Earths,0.22035864 x Jupiter,0.6762 AU,448.3 days,0.0,Transit
5775,Super Earth,2016,2.39 Earths,1.35 x Earth,0.0511 AU,4.1 days,0.0,Transit
5776,Neptune-like,2016,5.43 Earths,2.19 x Earth,1.1218 AU,1.4 years,0.0,Transit
5777,Terrestrial,2016,0.381 Earths,0.77 x Earth,0.0485 AU,3.9 days,0.0,Transit
5778,Neptune-like,2016,33.8 Earths,0.57364618 x Jupiter,0.2952 AU,76.4 days,0.0,Transit
5779,Neptune-like,2016,13.2 Earths,0.32919975 x Jupiter,0.0643 AU,7.2 days,0.0,Transit
5780,Super Earth,2016,4.74 Earths,2.02 x Earth,0.0537 AU,4.1 days,0.0,Transit
5781,Neptune-like,2016,30.6 Earths,0.54063699 x Jupiter,0.87762 AU,287.4 days,0.0,Transit
5782,Neptune-like,2016,35.3 Earths,0.58792143 x Jupiter,0.0327 AU,3.3 days,0.0,Transit
5783,Super Earth,2016,2.27 Earths,1.31 x Earth,0.0518 AU,4.4 days,0.0,Transit
5784,Super Earth,2016,2.76 Earths,1.47 x Earth,0.10136 AU,10.8 days,0.0,Transit
5785,Neptune-like,2016,5.31 Earths,2.16 x Earth,0.4204 AU,92.3 days,0.0,Transit
5786,Super Earth,2016,3.22 Earths,1.61 x Earth,0.4322 AU,102 days,0.0,Transit
5787,Terrestrial,2016,0.363 Earths,0.76 x Earth,0.15413 AU,23.6 days,0.0,Transit
5788,Super Earth,2016,2.13 Earths,1.26 x Earth,0.07109 AU,6.1 days,0.0,Transit
5789,Super Earth,2016,1.87 Earths,1.2 x Earth,0.17707 AU,27.5 days,0.0,Transit
5790,Super Earth,2016,1.04 Earths,1.02 x Earth,0.07318 AU,6.8 days,0.0,Transit
5791,Super Earth,2016,4.9 Earths,2.06 x Earth,0.2788 AU,47.3 days,0.0,Transit
5792,Super Earth,2016,2.83 Earths,1.49 x Earth,0.0471 AU,3.9 days,0.0,Transit
5793,Super Earth,2016,4.98 Earths,2.08 x Earth,0.02755 AU,1.5 days,0.0,Transit
5794,Super Earth,2016,1.08 Earths,1.03 x Earth,0.0482 AU,3.9 days,0.0,Transit
5795,Terrestrial,2016,0.457 Earths,0.81 x Earth,0.0586 AU,5.2 days,0.0,Transit
5796,Super Earth,2016,3.22 Earths,1.61 x Earth,0.0777 AU,8.7 days,0.0,Transit
5797,Neptune-like,2016,5.56 Earths,2.22 x Earth,0.4679 AU,114.3 days,0.0,Transit
5798,Super Earth,2016,3.64 Earths,1.73 x Earth,0.1126 AU,16.5 days,0.0,Transit
5799,Terrestrial,2016,0.721 Earths,0.92 x Earth,0.11978 AU,13.6 days,0.0,Transit
5800,Super Earth,2016,4.94 Earths,2.07 x Earth,0.6421 AU,196.4 days,0.0,Transit
5801,Super Earth,2016,1.28 Earths,1.08 x Earth,0.36567 AU,85.8 days,0.0,Transit
5802,Super Earth,2016,2.57 Earths,1.41 x Earth,0.01406 AU,0.7 days,0.0,Transit
5803,Super Earth,2016,2.21 Earths,1.29 x Earth,0.0351 AU,2.3 days,0.0,Transit
5804,Super Earth,2016,2.36 Earths,1.34 x Earth,0.09744 AU,11.2 days,0.0,Transit
5805,Terrestrial,2016,0.477 Earths,0.82 x Earth,0.03281 AU,2.2 days,0.0,Transit
5806,Neptune-like,2016,9.96 Earths,0.2792399 x Jupiter,0.98141 AU,386.4 days,0.0,Transit
5807,Super Earth,2016,3.26 Earths,1.62 x Earth,0.4823 AU,122.4 days,0.0,Transit
5808,Neptune-like,2016,5.14 Earths,2.12 x Earth,0.0695 AU,6.1 days,0.0,Transit
5809,Neptune-like,2016,9.32 Earths,0.26853421 x Jupiter,0.2901 AU,55.6 days,0.0,Transit
5810,Super Earth,2016,1.55 Earths,1.14 x Earth,0.08654 AU,9.7 days,0.0,Transit
5811,Neptune-like,2016,8.5 Earths,0.25425997 x Jupiter,0.1106 AU,14.1 days,0.0,Transit
5812,Super Earth,2016,2.24 Earths,1.3 x Earth,0.07317 AU,6.4 days,0.0,Transit
5813,Neptune-like,2016,9.53 Earths,0.27210277 x Jupiter,0.1256 AU,14.6 days,0.0,Transit
5814,Neptune-like,2016,6.48 Earths,0.21679008 x Jupiter,0.25483 AU,53.5 days,0.0,Transit
5815,Neptune-like,2016,8.7 Earths,0.25782853 x Jupiter,0.1019 AU,13.2 days,0.0,Transit
5816,Super Earth,2016,2.76 Earths,1.47 x Earth,0.0519 AU,5.7 days,0.0,Transit
5817,Neptune-like,2016,9.8 Earths,0.27656348 x Jupiter,0.1054 AU,17.3 days,0.0,Transit
5818,Neptune-like,2016,5.31 Earths,2.16 x Earth,0.0915 AU,9.9 days,0.0,Transit
5819,Neptune-like,2016,18.9 Earths,0.40770809 x Jupiter,0.0462 AU,3.6 days,0.0,Transit
5820,Neptune-like,2016,9.01 Earths,0.26318137 x Jupiter,0.0965 AU,11.5 days,0.0,Transit
5821,Neptune-like,2016,5.39 Earths,2.18 x Earth,0.0691 AU,9.5 days,0.0,Transit
5822,Neptune-like,2016,6.94 Earths,0.22571148 x Jupiter,0.0546 AU,5.2 days,0.0,Transit
5823,Neptune-like,2016,8.35 Earths,0.25158355 x Jupiter,0.4471 AU,105.1 days,0.0,Transit
5824,Gas Giant,2016,Unknown,1.47738424 x Jupiter,0.0322 AU,2.1 days,0.0,Transit
5825,Gas Giant,2016,0.213 Jupiters,0.86269962 x Jupiter,0.0832 AU,8.1 days,0.0,Transit
5826,Super Earth,2016,4.19 Earths,1.88 x Earth,0.0524 AU,4.3 days,0.0,Transit
5827,Neptune-like,2016,9.48 Earths,0.27121063 x Jupiter,0.0798 AU,11.6 days,0.0,Transit
5828,Neptune-like,2016,7.7 Earths,0.23998573 x Jupiter,0.0503 AU,4.3 days,0.0,Transit
5829,Neptune-like,2016,20.1 Earths,0.42198234 x Jupiter,0.2288 AU,41.4 days,0.0,Transit
5830,Neptune-like,2016,5.39 Earths,2.18 x Earth,0.1408 AU,21.7 days,0.0,Transit
5831,Neptune-like,2016,12.2 Earths,0.31403337 x Jupiter,0.17337 AU,24.5 days,0.0,Transit
5832,Neptune-like,2016,5.9 Earths,0.20519226 x Jupiter,0.031 AU,2.6 days,0.0,Transit
5833,Super Earth,2016,2.3 Earths,1.32 x Earth,0.0219 AU,1.7 days,0.0,Transit
5834,Neptune-like,2016,5.86 Earths,0.20430012 x Jupiter,0.1232 AU,15.8 days,0.0,Transit
5835,Neptune-like,2016,11.2 Earths,0.29886698 x Jupiter,0.0682 AU,6.5 days,0.0,Transit
5836,Super Earth,2016,5.02 Earths,2.09 x Earth,0.1224 AU,15.3 days,0.0,Transit
5837,Super Earth,2016,4.27 Earths,1.9 x Earth,0.05494 AU,5.4 days,0.0,Transit
5838,Neptune-like,2016,8.75 Earths,0.25872067 x Jupiter,0.1536 AU,23.7 days,0.0,Transit
5839,Neptune-like,2016,8.45 Earths,0.25336783 x Jupiter,0.1128 AU,15.7 days,0.0,Transit
5840,Super Earth,2016,2.86 Earths,1.5 x Earth,0.04487 AU,3.7 days,0.0,Transit
5841,Neptune-like,2016,6.21 Earths,0.21143724 x Jupiter,0.10916 AU,13 days,0.0,Transit
5842,Neptune-like,2016,11.8 Earths,0.30868052 x Jupiter,0.15161 AU,21.3 days,0.0,Transit
5843,Neptune-like,2016,17.4 Earths,0.3308056 x Jupiter,0.1582 AU,25.3 days,0.0,Transit
5844,Neptune-like,2016,5.39 Earths,2.18 x Earth,0.1089 AU,13.6 days,0.0,Transit
5845,Neptune-like,2016,8.6 Earths,0.25604425 x Jupiter,0.1508 AU,21.2 days,0.0,Transit
5846,Neptune-like,2016,6.3 Earths,0.21322152 x Jupiter,0.0397 AU,2.8 days,0.0,Transit
5847,Neptune-like,2016,11.4 Earths,0.30243554 x Jupiter,0.3554 AU,81.2 days,0.0,Transit
5848,Neptune-like,2016,15.2 Earths,0.35864038 x Jupiter,0.0647 AU,5.9 days,0.0,Transit
5849,Neptune-like,2016,5.77 Earths,0.20251584 x Jupiter,0.1196 AU,16.5 days,0.0,Transit
5850,Neptune-like,2016,7.41 Earths,0.23463288 x Jupiter,0.052 AU,4.2 days,0.0,Transit
5851,Neptune-like,2016,5.6 Earths,2.23 x Earth,0.0952 AU,10.9 days,0.0,Transit
5852,Neptune-like,2016,8.2 Earths,0.24890713 x Jupiter,0.0331 AU,2.1 days,0.0,Transit
5853,Neptune-like,2016,8.4 Earths,0.25247569 x Jupiter,0.03841 AU,2.8 days,0.0,Transit
5854,Neptune-like,2016,16.5 Earths,0.37559104 x Jupiter,0.2281 AU,35.2 days,0.0,Transit
5855,Neptune-like,2016,5.82 Earths,0.20340798 x Jupiter,0.0689 AU,6.5 days,0.0,Transit
5856,Super Earth,2016,0.52075 Earths,1.45 x Earth,0.25654 AU,51.2 days,0.0,Transit
5857,Gas Giant,2016,0.28411415 Jupiters,0.93796109 x Jupiter,0.0449 AU,3.3 days,< 0.18,Transit
5858,Gas Giant,2016,1.31 Jupiters,1.74 x Jupiter,0.04613 AU,3.3 days,0.0,Transit
5859,Gas Giant,2016,1.284 Jupiters,1.743 x Jupiter,0.03005 AU,1.7 days,0.0,Transit
5860,Gas Giant,2016,0.63 Jupiters,1.63 x Jupiter,0.0562 AU,3.9 days,0.0,Transit
5861,Gas Giant,2016,0.894 Jupiters,1.854 x Jupiter,0.033 AU,1.8 days,0.0,Transit
5862,Gas Giant,2012,0.34924506 Jupiters,0.258 x Jupiter,0.1361 AU,18.6 days,0.0,Transit
5863,Super Earth,2014,0.27963989 Jupiters,1.95 x Earth,0.182 AU,36.4 days,0.0,Transit
5864,Super Earth,2012,0.14284437 Jupiters,1.84 x Earth,0.10379 AU,16.4 days,0.01,Transit
5865,Neptune-like,2014,7.6 Earths,0.865 x Jupiter,0.509 AU,130.2 days,0.01,Transit
5866,Neptune-like,2012,4 Earths,0.803 x Jupiter,0.384 AU,85.3 days,0.01,Transit
5867,Neptune-like,2012,2.1 Earths,0.633 x Jupiter,0.2514 AU,45.2 days,0.04,Transit
5868,Super Earth,2012,8.9 Earths,1.71 x Earth,0.077 AU,7.8 days,0.0,Transit
5869,Super Earth,2014,1.03815 Earths,1.56 x Earth,0.116 AU,18.6 days,0.0,Transit
5870,Super Earth,2014,0.7424824 Jupiters,1.6 x Earth,0.031 AU,2.6 days,0.0,Transit
5871,Super Earth,2012,9.77 Earths,2.579 x Earth,0.05929 AU,7.2 days,0.0,Transit
5872,Gas Giant,2014,2.067 Jupiters,1.19 x Jupiter (estimate),1.898274748 AU,2.7 years,0.0,Radial Velocity
5873,Super Earth,2014,7.93 Earths,2.04 x Earth,0.23302 AU,42.9 days,0.0,Transit
5874,Super Earth,2012,14.61 Earths,2.71 x Earth,0.08633 AU,9.7 days,0.0,Transit
5875,Neptune-like,2012,3.17 Earths,0.41484521 x Jupiter,0.9638 AU,303.2 days,0.04,Transit
5876,Neptune-like,2012,2.07 Earths,0.27210277 x Jupiter,0.2877 AU,49.5 days,0.02,Transit
5877,Super Earth,2014,3.33 Earths,1.64 x Earth,0.067 AU,6.8 days,0.0,Transit
5878,Gas Giant,2012,6 Jupiters,0.808 x Jupiter,0.1968 AU,33.6 days,0.01,Transit
5879,Gas Giant,2011,0.505 Jupiters,0.96 x Jupiter,0.03 AU,2.5 days,0.11,Transit
5880,Gas Giant,2011,1 Jupiter,1.09 x Jupiter,0.0446 AU,3.2 days,< 0.066,Transit
5881,Terrestrial,2011,0.357785 Earths,0.57 x Earth,0.0154 AU,1.9 days,0.02,Transit
5882,Gas Giant,2011,0.18984143 Jupiters,0.73 x Earth,0.006 AU,0.5 days,0.0,Transit
5883,Terrestrial,2011,0.705944 Earths,0.78 x Earth,0.0116 AU,1.2 days,0.04,Transit
5884,Gas Giant,2011,0.56 Jupiters,1.29 x Jupiter,0.03101 AU,1.9 days,0.0,Transit
5885,Gas Giant,2011,20.1 Jupiters,1.24 x Jupiter,0.164 AU,21.1 days,0.11,Transit
5886,Gas Giant,2012,0.384 Jupiters,0.384 x Jupiter,0.4632 AU,105.6 days,< 0.032,Transit
5887,Neptune-like,2013,2 Earths,2.03 x Earth,0.2109 AU,39.8 days,< 0.1,Transit
5888,Super Earth,2013,1.3 Earths,0.755 x Earth,0.139 AU,21.3 days,< 0.099,Transit
5889,Terrestrial,2013,0.79 Earths,0.3098 x Earth,0.1019 AU,13.4 days,< 0.098,Transit
5890,Neptune-like,2012,7.13 Earths,0.3282184 x Jupiter,0.12692 AU,16.2 days,0.0,Transit
5891,Super Earth,2012,3.83 Earths,1.498 x Earth,0.11419 AU,13.9 days,0.0,Transit
5892,Gas Giant,2011,0.127 Jupiters,0.728 x Jupiter,0.60347 AU,131.5 days,0.04,Transit
5893,Gas Giant,2011,0.22 Jupiters,0.764 x Jupiter,1.0896 AU,288.8 days,0.18,Transit
5894,Neptune-like,2011,9.6 Earths,0.3979 x Jupiter,0.2535 AU,41 days,0.0,Transit
5895,Neptune-like,2011,5.57 Earths,0.359 x Jupiter,0.2138 AU,31.8 days,0.0,Transit
5896,Neptune-like,2011,3.91 Earths,0.477 x Jupiter,0.1662 AU,21.8 days,0.0,Transit
5897,Super Earth,2014,4.62 Earths,1.99 x Earth,0.049 AU,4.3 days,0.0,Transit
5898,Super Earth,2014,2.15 Earths,1.27 x Earth,0.04 AU,3.1 days,0.0,Transit
5899,Neptune-like,2014,9.32 Earths,0.269 x Jupiter,0.229 AU,41.9 days,0.0,Transit
5900,Super Earth,2014,2.86 Earths,1.5 x Earth,0.109 AU,13.8 days,0.0,Transit
5901,Super Earth,2014,4.66 Earths,2.0 x Earth,0.064 AU,6.4 days,0.0,Transit
5902,Super Earth,2014,3.33 Earths,1.64 x Earth,0.036 AU,2.7 days,0.0,Transit
5903,Neptune-like,2014,8.65 Earths,0.257 x Jupiter,0.142 AU,20.6 days,0.0,Transit
5904,Neptune-like,2014,8.75 Earths,0.259 x Jupiter,0.085 AU,9.6 days,0.0,Transit
5905,Neptune-like,2013,14.7 Earths,0.77883843 x Jupiter,0.25655 AU,49.4 days,0.0,Transit
5906,Terrestrial,2014,1.72 Earths,2.51 x Earth,0.163 AU,25.8 days,0.0,Transit
5907,Terrestrial,2014,1.33 Earths,2.6 x Earth,0.102 AU,12.8 days,0.0,Transit
5908,Super Earth,2014,0.91413163 Jupiters,1.43 x Earth,0.058 AU,5.4 days,0.0,Transit
5909,Neptune-like,2014,7.08 Earths,0.228 x Jupiter,0.105 AU,11.9 days,0.0,Transit
5910,Neptune-like,2014,5.43 Earths,2.19 x Earth,0.677 AU,247.4 days,0.0,Transit
5911,Super Earth,2014,2.83 Earths,1.49 x Earth,0.214 AU,44 days,0.0,Transit
5912,Neptune-like,2014,6.48 Earths,0.217 x Jupiter,0.074 AU,8 days,0.0,Transit
5913,Super Earth,2014,2.21 Earths,1.29 x Earth,0.048 AU,4.3 days,0.0,Transit
5914,Neptune-like,2014,8.05 Earths,0.246 x Jupiter,0.211 AU,35.1 days,0.0,Transit
5915,Neptune-like,2014,8.55 Earths,0.255 x Jupiter,0.068 AU,6.4 days,0.0,Transit
5916,Neptune-like,2014,6.12 Earths,0.21 x Jupiter,0.04 AU,2.9 days,0.0,Transit
5917,Super Earth,2014,4.23 Earths,1.89 x Earth,0.223 AU,39.6 days,0.0,Transit
5918,Neptune-like,2014,7.08 Earths,0.228 x Jupiter,0.098 AU,11.5 days,0.0,Transit
5919,Neptune-like,2014,8.55 Earths,0.255 x Jupiter,0.131 AU,16.7 days,0.0,Transit
5920,Gas Giant,2014,0.26 Jupiters,0.285 x Jupiter,0.08 AU,7.9 days,0.0,Transit
5921,Neptune-like,2014,7.18 Earths,0.23 x Jupiter,0.359 AU,87.1 days,0.0,Transit
5922,Gas Giant,2006,1.49 Jupiters,1.36 x Jupiter,0.03568 AU,2.5 days,0.0,Transit
5923,Gas Giant,2011,9.28 Jupiters,1.512 x Jupiter,0.03641 AU,1.8 days,0.0,Transit
5924,Super Earth,2010,8.41466053 Earths,1.64 x Earth,0.0273 AU,1.6 days,0.0,Transit
5925,Neptune-like,2010,29.9 Earths,0.72084932 x Jupiter,0.227 AU,39 days,0.07,Transit
5926,Gas Giant,2010,0.13655099 Jupiters,0.73958426 x Jupiter,0.143 AU,19.2 days,0.06,Transit
5927,Gas Giant,2009,0.441 Jupiters,1.622 x Jupiter,0.06067 AU,4.9 days,0.0,Transit
5928,Gas Giant,2009,0.668 Jupiters,1.304 x Jupiter,0.04852 AU,3.2 days,0.0,Transit
5929,Gas Giant,2009,2.111 Jupiters,1.426 x Jupiter,0.0538 AU,3.5 days,0.0,Transit
5930,Terrestrial,2011,0.39 Earths,3.2 x Earth,0.1189 AU,13.2 days,0.0,Transit
5931,Super Earth,2011,3.68 Earths,1.74 x Earth,0.0677 AU,5.7 days,0.0,Transit
5932,Gas Giant,2012,5.85885326 Jupiters,0.82 x Earth,0.013 AU,0.7 days,0.0,Transit
5933,Gas Giant,2012,39.9089 Earths,0.24087787 x Jupiter,0.13 AU,22.8 days,0.0,Transit
5934,Neptune-like,2011,0.5 Jupiters,2.0 x Earth,0.09 AU,8.8 days,0.0,Transit
5935,Gas Giant,2011,4.1 Jupiters,2.2 x Earth,0.05 AU,5.9 days,0.0,Transit
5936,Gas Giant,2011,4.7 Jupiters,0.473 x Jupiter,0.26 AU,42.6 days,0.0,Transit
5937,Neptune-like,2011,36.7418 Earths,0.491 x Jupiter,0.16 AU,20.9 days,0.0,Transit
5938,Neptune-like,2012,23.1 Earths,0.785 x Jupiter,0.5 AU,143.3 days,0.02,Transit
5939,Gas Giant,2012,2.01 Jupiters,1.097 x Jupiter,0.3 AU,60.3 days,0.01,Transit
5940,Gas Giant,2011,2.45 Jupiters,1.31 x Jupiter,0.02591 AU,1.5 days,< 0.011,Transit
5941,Gas Giant,2011,0.333 Jupiters,0.7538 x Jupiter,0.7048 AU,228.8 days,0.01,Transit
5942,Super Earth,2014,2.1 Earths,1.25 x Earth,0.075 AU,8.3 days,0.0,Transit
5943,Super Earth,2014,1.92 Earths,1.21 x Earth,0.062 AU,6.2 days,0.0,Transit
5944,Super Earth,2014,1.51 Earths,1.13 x Earth,0.04 AU,3.3 days,0.0,Transit
5945,Super Earth,2014,2.73 Earths,1.46 x Earth,0.056 AU,4.4 days,0.0,Transit
5946,Super Earth,2014,3.44 Earths,1.674 x Earth,0.0684 AU,7.4 days,0.0,Transit
5947,Super Earth,2014,3.6 Earths,1.718 x Earth,0.04825 AU,4.4 days,0.0,Transit
5948,Neptune-like,2014,6.26 Earths,0.212 x Jupiter,0.195 AU,34.3 days,0.0,Transit
5949,Neptune-like,2014,5.6 Earths,2.23 x Earth,0.11 AU,15.3 days,0.0,Transit
5950,Neptune-like,2014,5.99 Earths,0.207 x Jupiter,0.072 AU,8.2 days,0.0,Transit
5951,Neptune-like,2014,6.57 Earths,0.219 x Jupiter,0.187 AU,29 days,0.0,Transit
5952,Super Earth,2014,2.57 Earths,1.41 x Earth,0.058 AU,5 days,0.0,Transit
5953,Neptune-like,2014,5.73 Earths,0.202 x Jupiter,0.152 AU,21.3 days,0.0,Transit
5954,Super Earth,2014,1.16 Earths,1.05 x Earth,0.078 AU,7.8 days,0.0,Transit
5955,Super Earth,2014,2.13 Earths,1.26 x Earth,0.069 AU,6.9 days,0.0,Transit
5956,Neptune-like,2014,3.61 Earths,2.05 x Earth,0.068 AU,7.1 days,0.0,Transit
5957,Neptune-like,2014,2.63 Earths,2.12 x Earth,0.054 AU,4.9 days,0.0,Transit
5958,Super Earth,2014,3.59 Earths,1.715 x Earth,0.05511 AU,4.3 days,0.0,Transit
5959,Gas Giant,2011,0.66 Jupiters,0.96 x Jupiter,0.05714 AU,4.9 days,0.06,Transit
5960,Neptune-like,2014,11.5 Earths,0.304 x Jupiter,0.218 AU,43.6 days,0.0,Transit
5961,Neptune-like,2014,6.26 Earths,0.212 x Jupiter,0.082 AU,10.1 days,0.0,Transit
5962,Super Earth,2014,4.27 Earths,1.9 x Earth,0.158 AU,28.6 days,0.0,Transit
5963,Neptune-like,2014,5.65 Earths,2.24 x Earth,0.11 AU,13.5 days,0.0,Transit
5964,Super Earth,2014,2.3 Earths,1.32 x Earth,0.028 AU,1.7 days,0.0,Transit
5965,Neptune-like,2014,7.04 Earths,0.227 x Jupiter,0.117 AU,15.9 days,0.0,Transit
5966,Neptune-like,2014,5.65 Earths,2.24 x Earth,0.242 AU,52.7 days,0.0,Transit
5967,Super Earth,2014,5.02 Earths,2.09 x Earth,0.056 AU,5.9 days,0.0,Transit
5968,Neptune-like,2014,9.01 Earths,0.263 x Jupiter,0.303 AU,62.3 days,0.0,Transit
5969,Neptune-like,2014,6.94 Earths,0.226 x Jupiter,0.237 AU,46.9 days,0.0,Transit
5970,Gas Giant,2011,0.432 Jupiters,1.754 x Jupiter,0.0553 AU,4.4 days,0.0,Transit
5971,Neptune-like,2010,25 Earths,0.297 x Jupiter,0.466 AU,118.4 days,< 0.15,Transit
5972,Neptune-like,2010,2 Earths,0.222 x Jupiter,0.25 AU,46.7 days,0.01,Transit
5973,Neptune-like,2010,7.3 Earths,0.278 x Jupiter,0.155 AU,22.7 days,0.0,Transit
5974,Neptune-like,2010,2.9 Earths,0.256 x Jupiter,0.107 AU,13 days,0.03,Transit
5975,Terrestrial,2010,1.9 Earths,1.8 x Earth,0.091 AU,10.3 days,0.04,Transit
5976,Super Earth,2011,11.29 Earths,2.355 x Earth,0.241 AU,45.3 days,0.14,Transit
5977,Gas Giant,2014,0.52 Jupiters,1.3 x Jupiter,0.07939 AU,7.8 days,0.22,Transit
5978,Gas Giant,2012,27.23 Jupiters,1.11 x Jupiter,0.02466 AU,1.2 days,0.01,Transit
5979,Super Earth,2015,2.68 Earths,1.582 x Earth,0.1357 AU,24.6 days,0.05,Transit
5980,Gas Giant,2008,1.84 Jupiters,1.51 x Jupiter,0.03809 AU,2.2 days,0.0,Transit
5981,Neptune-like,2010,25 Earths,0.38897315 x Jupiter,0.05258 AU,4.9 days,0.25,Transit
5982,Neptune-like,2011,4.5 Earths,0.20876082 x Jupiter,0.10027 AU,13.3 days,0.0,Transit
5983,Neptune-like,2011,5 Earths,0.22749576 x Jupiter,0.08482 AU,10.3 days,0.0,Transit
5984,Neptune-like,2011,2.06 Earths,1.857 x Earth,0.07519 AU,9 days,0.02,Transit
5985,Gas Giant,2011,13.8 Jupiters,0.437 x Jupiter,0.191 AU,31.3 days,0.0,Transit
5986,Gas Giant,2011,9.11 Jupiters,0.357 x Jupiter,0.118 AU,15.3 days,0.0,Transit
5987,Neptune-like,2014,6.39 Earths,0.215 x Jupiter,0.22 AU,46.8 days,0.0,Transit
5988,Neptune-like,2011,5.12 Earths,0.24801499 x Jupiter,0.08551 AU,12.3 days,0.02,Transit
5989,Neptune-like,2011,15.2 Earths,0.46542957 x Jupiter,0.1117 AU,12.7 days,0.01,Transit
5990,Neptune-like,2011,8.7 Earths,0.24516014 x Jupiter,0.0695 AU,6.2 days,0.0,Transit
5991,Neptune-like,2014,26.2118 Earths,0.248 x Jupiter,0.138 AU,19 days,0.0,Transit
5992,Super Earth,2011,9.99 Earths,2.514 x Earth,0.10612 AU,12.3 days,0.01,Transit
5993,Super Earth,2011,11.14 Earths,2.348 x Earth,0.08045 AU,8.1 days,0.02,Transit
5994,Neptune-like,2014,4.44 Earths,2.206 x Earth,0.12012 AU,15.3 days,0.01,Transit
5995,Super Earth,2011,2.56 Earths,1.638 x Earth,0.07212 AU,7.1 days,0.02,Transit
5996,Super Earth,2011,9.1 Earths,2.1 x Earth,0.812 AU,289.9 days,< 0.72,Transit
5997,Super Earth,2012,7.5 Earths,1.639 x Earth,0.0434 AU,2.8 days,0.0,Transit
5998,Super Earth,2011,1.4 Earths,0.952 x Earth,0.1387 AU,19.6 days,< 0.094,Transit
5999,Super Earth,2011,13.4 Earths,2.606 x Earth,0.3474 AU,77.6 days,< 0.082,Transit
6000,Neptune-like,2011,11.1 Earths,0.25818583 x Jupiter,0.0936 AU,10.9 days,< 0.076,Transit
6001,Super Earth,2011,9.7 Earths,1.773 x Earth,0.04565 AU,3.7 days,< 0.083,Transit
6002,Super Earth,2011,6.1 Earths,2.209 x Earth,0.0846 AU,9.3 days,< 0.41,Transit
6003,Neptune-like,2011,16.4 Earths,0.623 x Jupiter,0.1172 AU,14.9 days,0.0,Transit
6004,Neptune-like,2011,17.3 Earths,0.49 x Jupiter,0.0752 AU,7.6 days,0.0,Transit
6005,Neptune-like,2014,8.85 Earths,0.261 x Jupiter,0.129 AU,18.9 days,0.0,Transit
6006,Neptune-like,2014,6.3 Earths,0.213 x Jupiter,0.356 AU,88.3 days,0.0,Transit
6007,Neptune-like,2014,8.2 Earths,0.249 x Jupiter,0.124 AU,18.2 days,0.0,Transit
6008,Neptune-like,2014,9.59 Earths,0.273 x Jupiter,0.116 AU,15.2 days,0.0,Transit
6009,Neptune-like,2014,9.91 Earths,0.278 x Jupiter,0.189 AU,30.8 days,0.0,Transit
6010,Neptune-like,2014,8.2 Earths,0.249 x Jupiter,0.104 AU,12.6 days,0.0,Transit
6011,Super Earth,2014,2.1 Earths,1.25 x Earth,0.044 AU,3.4 days,0.0,Transit
6012,Neptune-like,2014,14.9 Earths,0.353 x Jupiter,0.571 AU,160 days,0.0,Transit
6013,Super Earth,2014,3.22 Earths,1.61 x Earth,0.281 AU,55.3 days,0.0,Transit
6014,Neptune-like,2014,16.5 Earths,0.376 x Jupiter,0.184 AU,29.2 days,0.0,Transit
6015,Neptune-like,2014,12.6 Earths,0.321 x Jupiter,0.05 AU,4.2 days,0.0,Transit
6016,Super Earth,2014,3.89 Earths,1.8 x Earth,0.028 AU,1.7 days,0.0,Transit
6017,Neptune-like,2014,6.48 Earths,0.217 x Jupiter,0.216 AU,33.4 days,0.0,Transit
6018,Super Earth,2014,2.96 Earths,1.53 x Earth,0.113 AU,12.6 days,0.0,Transit
6019,Neptune-like,2014,9.96 Earths,0.279 x Jupiter,0.364 AU,76.7 days,0.0,Transit
6020,Neptune-like,2014,13.3 Earths,0.331 x Jupiter,0.2 AU,31.2 days,0.0,Transit
6021,Gas Giant,2013,0.25 Jupiters,0.385 x Jupiter,0.26244 AU,42.9 days,0.11,Transit
6022,Neptune-like,2013,37.1 Earths,0.236 x Jupiter,0.17308 AU,23 days,0.43,Transit
6023,Super Earth,2014,2.39 Earths,1.35 x Earth,0.094 AU,10.1 days,0.0,Transit
6024,Super Earth,2014,2.33 Earths,1.33 x Earth,0.066 AU,5.9 days,0.0,Transit
6025,Neptune-like,2014,11.3 Earths,0.301 x Jupiter,0.181 AU,27.1 days,0.0,Transit
6026,Neptune-like,2014,6.39 Earths,0.215 x Jupiter,0.127 AU,16 days,0.0,Transit
6027,Neptune-like,2014,5.31 Earths,2.16 x Earth,0.242 AU,41.8 days,0.0,Transit
6028,Neptune-like,2014,8.55 Earths,0.255 x Jupiter,0.057 AU,4.8 days,0.0,Transit
6029,Super Earth,2014,2.57 Earths,1.41 x Earth,0.067 AU,7 days,0.0,Transit
6030,Terrestrial,2014,0.257 Earths,0.69 x Earth,0.039 AU,3.1 days,0.0,Transit
6031,Super Earth,2014,3.89 Earths,1.8 x Earth,0.414 AU,91.4 days,0.0,Transit
6032,Super Earth,2014,13 Earths,3.38 x Earth,0.586 AU,157.1 days,0.0,Transit
6033,Neptune-like,2014,7 Earths,0.262 x Jupiter,0.127 AU,15.8 days,0.0,Transit
6034,Super Earth,2014,2.1 Earths,1.51 x Earth,0.1288 AU,23.1 days,0.01,Transit
6035,Terrestrial,2014,0.07 Earths,0.64 x Earth,0.0753 AU,10.3 days,0.02,Transit
6036,Super Earth,2014,4.19 Earths,1.88 x Earth,0.13 AU,18.7 days,0.0,Transit
6037,Super Earth,2014,2.76 Earths,1.47 x Earth,0.077 AU,8.4 days,0.0,Transit
6038,Super Earth,2014,19.8 Earths,2.05 x Earth,0.106 AU,11.6 days,0.0,Transit
6039,Super Earth,2014,1.65 Earths,1.16 x Earth,0.103 AU,11.4 days,0.0,Transit
6040,Super Earth,2014,3.93 Earths,1.81 x Earth,0.067 AU,6 days,0.0,Transit
6041,Super Earth,2014,4.66 Earths,2.0 x Earth,0.06 AU,5.3 days,0.0,Transit
6042,Neptune-like,2014,8.45 Earths,0.253 x Jupiter,0.204 AU,31.5 days,0.0,Transit
6043,Super Earth,2014,3.75 Earths,1.76 x Earth,0.083 AU,8.1 days,0.0,Transit
6044,Super Earth,2014,3.02 Earths,1.55 x Earth,0.136 AU,18 days,0.0,Transit
6045,Super Earth,2014,1.92 Earths,1.21 x Earth,0.067 AU,6.2 days,0.0,Transit
6046,Super Earth,2014,16.13 Earths,2.41 x Earth,0.12789 AU,16.1 days,0.0,Transit
6047,Super Earth,2014,3.33 Earths,1.64 x Earth,0.377 AU,87.5 days,0.8,Transit
6048,Super Earth,2014,1.04 Earths,1.02 x Earth,0.079 AU,8.5 days,0.15,Transit
6049,Gas Giant,2014,0.13529313 Jupiters,0.22481973 x Jupiter,0.39 AU,82.2 days,0.2,Transit
6050,Super Earth,2014,20 Earths,2.4 x Earth,0.13 AU,15.8 days,0.01,Transit
6051,Super Earth,2013,3.79 Earths,1.421 x Earth,0.12545 AU,15 days,0.0,Transit
6052,Neptune-like,2014,7.46 Earths,0.236 x Jupiter,0.28 AU,48.6 days,0.03,Transit
6053,Neptune-like,2014,7.56 Earths,0.237 x Jupiter,0.2 AU,29.4 days,0.03,Transit
6054,Gas Giant,2014,0.17175992 Jupiters,0.223 x Jupiter,0.448 AU,100.3 days,0.02,Transit
6055,Neptune-like,2014,3.8 Earths,0.31492605 x Jupiter,0.39445 AU,81.1 days,0.03,Transit
6056,Neptune-like,2012,4.6 Earths,0.33544531 x Jupiter,0.19144 AU,27.4 days,0.04,Transit
6057,Neptune-like,2012,7.6 Earths,0.31314176 x Jupiter,0.11929 AU,13.5 days,0.02,Transit
6058,Super Earth,2013,1.68 Earths,1.201 x Earth,0.00901 AU,0.4 days,0.0,Transit
6059,Gas Giant,2013,2.01 Jupiters,1.36 x Jupiter,0.0274 AU,1.5 days,0.0,Orbital Brightness Modulation
6060,Gas Giant,2013,10.1 Jupiters,1.05 x Jupiter,0.0818 AU,8.9 days,0.57,Transit
6061,Super Earth,2014,1.27942148 Earths,1.58 x Earth,0.162 AU,21.9 days,0.19,Transit
6062,Super Earth,2014,4.11726105 Earths,1.52 x Earth,0.099 AU,10.5 days,0.07,Transit
6063,Neptune-like,2014,6.21 Earths,0.211 x Jupiter,0.041 AU,4.2 days,0.0,Transit
6064,Super Earth,2014,1.41 Earths,1.11 x Earth,0.17 AU,31 days,0.0,Transit
6065,Super Earth,2014,3.71 Earths,1.75 x Earth,0.1 AU,13.8 days,0.0,Transit
6066,Super Earth,2014,2.79 Earths,1.48 x Earth,0.181 AU,26.7 days,0.0,Transit
6067,Gas Giant,2014,0.174 Jupiters,0.262 x Jupiter,0.135 AU,17.2 days,0.0,Transit
6068,Super Earth,2014,36 Earths,1.75 x Earth,0.28575 AU,56.3 days,0.0,Transit
6069,Neptune-like,2014,27.7 Earths,0.232 x Jupiter,0.227 AU,38 days,0.0,Transit
6070,Neptune-like,2014,29 Earths,0.524 x Jupiter,0.108 AU,12.5 days,0.0,Transit
6071,Neptune-like,2014,6.08 Earths,0.209 x Jupiter,0.064 AU,5.8 days,0.0,Transit
6072,Neptune-like,2014,5.77 Earths,0.203 x Jupiter,0.216 AU,41 days,0.0,Transit
6073,Super Earth,2014,2.96 Earths,1.53 x Earth,0.088 AU,12.8 days,0.0,Transit
6074,Super Earth,2014,8.5 Earths,2.15 x Earth,0.055 AU,6.3 days,0.0,Transit
6075,Terrestrial,2014,0.721 Earths,0.92 x Earth,0.049 AU,4.1 days,0.0,Transit
6076,Gas Giant,2014,0.144 Jupiters,0.685 x Jupiter,0.141 AU,20.2 days,0.0,Transit
6077,Super Earth,2014,4.5 Earths,1.96 x Earth,0.073 AU,7.5 days,0.0,Transit
6078,Gas Giant,2014,1.84 Jupiters,1.101 x Jupiter,0.2804 AU,50.8 days,0.03,Transit
6079,Neptune-like,2014,29.875 Earths,0.719 x Jupiter,0.1445 AU,18.8 days,0.05,Transit
6080,Neptune-like,2014,11.6 Earths,0.305 x Jupiter,0.069 AU,6 days,0.0,Transit
6081,Neptune-like,2014,7.27 Earths,0.232 x Jupiter,0.087 AU,9 days,0.0,Transit
6082,Super Earth,2014,1.32 Earths,1.09 x Earth,0.036 AU,2.4 days,0.0,Transit
6083,Super Earth,2014,3.12 Earths,1.58 x Earth,0.046 AU,3.3 days,0.0,Transit
6084,Super Earth,2014,4.01 Earths,1.83 x Earth,0.107 AU,12.7 days,0.0,Transit
6085,Neptune-like,2014,8.2 Earths,0.23641757 x Jupiter,0.1546 AU,21.2 days,< 0.098,Transit
6086,Gas Giant,2014,0.16 Jupiters,0.73 x Jupiter,0.721 AU,190.3 days,0.04,Transit
6087,Gas Giant,2014,0.176 Jupiters,0.772 x Jupiter,0.292 AU,49.2 days,0.22,Transit
6088,Super Earth,2014,14.1 Earths,2.903 x Earth,0.12638 AU,14.7 days,< 0.1,Transit
6089,Super Earth,2014,10 Earths,1.597 x Earth,0.06064 AU,4.9 days,< 0.08,Transit
6090,Super Earth,2014,3.8 Earths,1.536 x Earth,0.04544 AU,3.2 days,< 0.1,Transit
6091,Terrestrial,2014,8.1 Earths,0.95 x Earth,0.16063 AU,24 days,0.0,Transit
6092,Super Earth,2014,10.44 Earths,2.5 x Earth,0.10987 AU,13.6 days,0.0,Transit
6093,Super Earth,2014,5.6 Earths,1.44 x Earth,0.07229 AU,7.1 days,0.02,Transit
6094,Gas Giant,2011,3.33 Jupiters,1.197 x Jupiter,0.06774 AU,5.5 days,0.43,Transit
6095,Gas Giant,2011,0.92 Jupiters,1.85 x Jupiter,0.04995 AU,3.5 days,0.0,Transit
6096,Gas Giant,2011,0.68 Jupiters,1.98 x Jupiter,0.03397 AU,2.2 days,0.16,Transit
6097,Gas Giant,2011,2.27 Jupiters,1.09 x Jupiter,0.061 AU,5 days,0.25,Transit
6098,Gas Giant,2011,0.83 Jupiters,1.44 x Jupiter,0.0419 AU,2.8 days,0.04,Transit
6099,Gas Giant,2011,0.88 Jupiters,1.17 x Jupiter,0.0667 AU,5.7 days,0.09,Transit
6100,Gas Giant,2011,0.626 Jupiters,1.212 x Jupiter,0.0434 AU,3.3 days,0.05,Transit
6101,Gas Giant,2011,0.62 Jupiters,1.02 x Jupiter,0.04 AU,3 days,0.0,Transit
6102,Neptune-like,2010,22.2481 Earths,0.63 x Jupiter,0.04748 AU,4.2 days,0.12,Transit
6103,Gas Giant,2012,0.569 Jupiters,1.135 x Jupiter,0.0466 AU,3.7 days,0.02,Transit
6104,Gas Giant,2010,0.75 Jupiters,1.3 x Jupiter,0.04651 AU,3.4 days,0.07,Transit
6105,Gas Giant,2010,2.09 Jupiters,1.368 x Jupiter,0.0232 AU,1.2 days,0.11,Transit
6106,Gas Giant,2013,0.274 Jupiters,0.833 x Jupiter,0.833 AU,282.5 days,0.21,Transit
6107,Neptune-like,2013,35 Earths,0.585 x Jupiter,0.3046 AU,54.3 days,0.02,Transit
6108,Super Earth,2013,10.5 Earths,1.71 x Earth,0.05119 AU,3.7 days,0.25,Transit
6109,Terrestrial,2011,0.655 Earths,0.867 x Earth,0.0076 AU,0.3 days,,Orbital Brightness Modulation
6110,Terrestrial,2011,0.44 Earths,0.759 x Earth,0.006 AU,0.2 days,,Orbital Brightness Modulation
6111,Gas Giant,2010,Unknown,1.11 x Jupiter,0.0477 AU,3.9 days,0.0,Transit
6112,Gas Giant,2013,0.674 Jupiters,1.25 x Jupiter (estimate),0.154121003 AU,22.3 days,0.06,Transit Timing Variations
6113,Neptune-like,2013,9.5 Earths,0.30671782 x Jupiter,0.09586 AU,10.9 days,0.06,Transit
6114,Super Earth,2014,6.15 Earths,1.48 x Earth,0.05071 AU,4.6 days,0.0,Transit
6115,Gas Giant,2014,1.08 Jupiters,Unknown,Unknown,2.2 years,,Radial Velocity
6116,Neptune-like,2014,8.46 Earths,0.238 x Jupiter,0.1261 AU,16.2 days,0.0,Transit
6117,Neptune-like,2014,13 Earths,0.305 x Jupiter,0.10232 AU,11.5 days,0.0,Transit
6118,Neptune-like,2014,10.84 Earths,0.313 x Jupiter,0.03377 AU,2.5 days,0.0,Transit
6119,Gas Giant,2014,3 Jupiters,Unknown,Unknown,4 years,,Radial Velocity
6120,Super Earth,2014,4.66 Earths,1.478 x Earth,0.05343 AU,4.7 days,0.0,Transit
6121,Gas Giant,2013,0.202 Jupiters,0.313 x Jupiter,0.12232 AU,13.7 days,0.17,Transit
6122,Gas Giant,2013,0.81 Jupiters,1.367 x Jupiter,0.0731 AU,6.2 days,0.05,Transit
6123,Neptune-like,2013,6.4 Earths,0.548 x Jupiter,0.676 AU,191.2 days,0.04,Transit
6124,Super Earth,2014,0.6 Earths,1.27 x Earth,0.163 AU,25.2 days,0.0,Transit
6125,Super Earth,2014,8.69679 Earths,1.2 x Earth,0.13 AU,17.9 days,0.0,Transit
6126,Neptune-like,2012,2.15 Earths,1.978 x Earth,0.10363 AU,12.5 days,0.03,Transit
6127,Neptune-like,2014,5.48 Earths,2.2 x Earth,0.25 AU,44.6 days,0.0,Transit
6128,Neptune-like,2014,7.27 Earths,0.232 x Jupiter,0.181 AU,27.4 days,0.0,Transit
6129,Super Earth,2014,2.48 Earths,1.38 x Earth,0.052 AU,4.2 days,0.0,Transit
6130,Super Earth,2012,40 Earths,2.23 x Earth,0.0827 AU,8.7 days,0.0,Transit
6131,Neptune-like,2014,4.1 Earths,1.94 x Earth,0.051 AU,5.2 days,0.0,Transit
6132,Neptune-like,2012,2.03 Earths,0.211 x Jupiter,0.11796 AU,20.1 days,0.0,Transit
6133,Neptune-like,2014,0.7992363 Jupiters,0.22 x Jupiter,0.063 AU,5.9 days,0.0,Transit
6134,Super Earth,2014,2.78482974 Jupiters,1.77 x Earth,0.034 AU,2.4 days,0.0,Transit
6135,Neptune-like,2012,13.9 Earths,0.47640289 x Jupiter,0.2626 AU,51.5 days,0.01,Transit
6136,Super Earth,2014,1.92 Earths,1.21 x Earth,0.128 AU,20.8 days,0.0,Transit
6137,Neptune-like,2012,4.3 Earths,0.211 x Jupiter,0.08347 AU,12 days,0.0,Transit
6138,Super Earth,2012,17.2 Earths,2.42 x Earth,0.0522 AU,6 days,0.0,Transit
6139,Gas Giant,2013,0.63 Jupiters,0.96 x Jupiter,0.0781 AU,7.3 days,0.0,Transit
6140,Super Earth,2013,3.57 Earths,1.71 x Earth,0.64 AU,242.5 days,0.14,Transit
6141,Neptune-like,2013,5.65 Earths,2.24 x Earth,0.094 AU,13.7 days,0.16,Transit
6142,Super Earth,2013,1.3 Earths,0.979 x Earth,0.09008 AU,9.6 days,< 0.099,Transit
6143,Neptune-like,2014,6.08 Earths,0.209 x Jupiter,0.057 AU,4.8 days,0.0,Transit
6144,Super Earth,2014,3.26 Earths,1.62 x Earth,0.036 AU,2.5 days,0.0,Transit
6145,Super Earth,2014,1.32 Earths,1.09 x Earth,0.133 AU,16.3 days,0.0,Transit
6146,Super Earth,2014,18.3 Earths,1.29 x Earth,0.062 AU,6 days,0.0,Transit
6147,Super Earth,2014,2.13 Earths,1.26 x Earth,0.048 AU,4.1 days,0.0,Transit
6148,Neptune-like,2014,8.96 Earths,0.262 x Jupiter,0.032 AU,2.5 days,0.0,Transit
6149,Neptune-like,2014,9.8 Earths,0.277 x Jupiter,0.231 AU,41.7 days,0.0,Transit
6150,Super Earth,2013,10.8 Earths,2.53 x Earth,0.06016 AU,5.4 days,0.02,Transit
6151,Neptune-like,2014,5.54022107 Earths,0.319 x Jupiter,0.257 AU,51.8 days,0.0,Transit
6152,Super Earth,2014,19.6 Earths,3.1 x Earth,0.094 AU,11.4 days,0.0,Transit
6153,Gas Giant,2014,0.18396719 Jupiters,0.48656521 x Jupiter,0.6679 AU,179.6 days,0.1,Transit
6154,Super Earth,2014,4.3 Earths,0.861 x Earth,0.1656 AU,27.5 days,< 0.1,Transit
6155,Neptune-like,2013,4.7 Earths,2.17 x Earth,0.1162 AU,16.1 days,< 0.089,Transit
6156,Super Earth,2014,1.7 Earths,0.567 x Earth,0.06702 AU,7.1 days,< 0.094,Transit
6157,Super Earth,2014,1.1 Earths,0.46 x Earth,0.05521 AU,5.3 days,< 0.1,Transit
6158,Super Earth,2014,3.78 Earths,1.25 x Earth,0.0684 AU,6 days,0.0,Transit
6159,Super Earth,2014,3 Earths,1.61 x Earth,0.21747 AU,35.3 days,0.38,Transit
6160,Neptune-like,2014,7.05 Earths,2.2 x Earth,0.11061 AU,12.8 days,0.02,Transit
6161,Gas Giant,2015,0.319 Jupiters,0.998 x Jupiter,0.03623 AU,3.3 days,0.0,Transit
6162,Gas Giant,2014,0.237 Jupiters,0.912 x Jupiter,0.0542 AU,4.8 days,0.02,Transit
6163,Gas Giant,2013,1.071 Jupiters,1.381 x Jupiter,0.0485 AU,3.5 days,0.0,Transit
6164,Gas Giant,2013,1.37 Jupiters,1.122 x Jupiter,0.02317 AU,1.4 days,0.0,Transit
6165,Gas Giant,2008,0.749 Jupiters,1.393 x Jupiter,0.05287 AU,3.9 days,0.08,Transit
6166,Gas Giant,2008,1.28 Jupiters,1.4 x Jupiter,0.04496 AU,3.1 days,0.0,Transit
6167,Gas Giant,2007,1.32 Jupiters,1.48 x Jupiter,0.05239 AU,3.9 days,0.0,Transit
6168,Gas Giant,2007,0.98 Jupiters,1.21 x Jupiter,0.04073 AU,2.8 days,0.0,Transit
6169,Gas Giant,2015,0.76 Jupiters,0.944 x Jupiter,0.04117 AU,3.8 days,< 0.074,Transit
6170,Gas Giant,2014,0.493 Jupiters,1.284 x Jupiter,0.0577 AU,4.5 days,0.12,Transit
6171,Gas Giant,2014,0.892 Jupiters,1.426 x Jupiter,0.0452 AU,3.1 days,0.05,Transit
6172,Gas Giant,2014,4 Jupiters,1.16 x Jupiter (estimate),1.752 AU,2.4 years,0.49,Radial Velocity
6173,Gas Giant,2014,0.352 Jupiters,1.242 x Jupiter,0.0507 AU,4.3 days,0.04,Transit
6174,Gas Giant,2012,0.662 Jupiters,1.21598925 x Jupiter,0.0444 AU,3.3 days,0.0,Transit
6175,Gas Giant,2012,1.044 Jupiters,1.28 x Jupiter,0.0575 AU,4.6 days,0.0,Transit
6176,Gas Giant,2012,1.19 Jupiters,2.05 x Jupiter,0.04258 AU,2.7 days,0.0,Transit
6177,Gas Giant,2012,0.48 Jupiters,1.52 x Jupiter,0.0608 AU,4.5 days,0.0,Transit
6178,Gas Giant,2007,0.65 Jupiters,0.94 x Jupiter,0.03866 AU,2.9 days,0.0,Transit
6179,Gas Giant,2012,0.599 Jupiters,1.571 x Jupiter,0.0509 AU,3.5 days,0.0,Transit
6180,Gas Giant,2012,0.267 Jupiters,0.825 x Jupiter,0.0523 AU,4.6 days,0.07,Transit
6181,Gas Giant,2011,1.169 Jupiters,1.178 x Jupiter,0.0379 AU,2.8 days,0.06,Transit
6182,Gas Giant,2011,1.8482 Jupiters,1.277 x Jupiter,0.0241 AU,1.3 days,0.06,Transit
6183,Gas Giant,2007,9.02 Jupiters,0.951 x Jupiter,0.06814 AU,5.6 days,0.52,Transit
6184,Gas Giant,2010,2.47 Jupiters,1.15 x Jupiter,0.0414 AU,3.2 days,0.02,Transit
6185,Gas Giant,2010,4.87 Jupiters,1.11 x Jupiter,0.05037 AU,4.1 days,0.23,Transit
6186,Gas Giant,2010,0.277 Jupiters,1.008 x Jupiter,0.04599 AU,4 days,0.07,Transit
6187,Gas Giant,2010,0.1747 Jupiters,0.955 x Jupiter,0.0559 AU,5.5 days,< 0.03,Transit
6188,Gas Giant,2012,0.58 Jupiters,1.05 x Jupiter,0.0892 AU,10.3 days,0.35,Transit
6189,Gas Giant,2010,4.221 Jupiters,1.31 x Jupiter,0.0413 AU,2.8 days,0.05,Transit
6190,Gas Giant,2010,1.94 Jupiters,1.06 x Jupiter,0.0965 AU,10.9 days,0.19,Transit
6191,Gas Giant,2010,3.44 Jupiters,1.42 x Jupiter,0.0596 AU,4.6 days,0.11,Transit
6192,Gas Giant,2009,0.851 Jupiters,1.272 x Jupiter,0.04383 AU,2.9 days,0.01,Transit
6193,Gas Giant,2009,0.211 Jupiters,0.959 x Jupiter,0.0384 AU,3.2 days,0.0,Transit
6194,Gas Giant,2009,0.84 Jupiters,1.066 x Jupiter,0.4021 AU,95.3 days,0.13,Transit
6195,Gas Giant,2010,0.22 Jupiters,0.57 x Jupiter,0.063 AU,6.2 days,0.0,Transit
6196,Super Earth,2009,4.07660518 Earths,1.68135 x Earth,0.017016 AU,0.9 days,0.0,Transit
6197,Gas Giant,2009,2.96 Jupiters,1.166 x Jupiter,0.0855 AU,8.9 days,< 0.1,Transit
6198,Gas Giant,2009,0.467 Jupiters,1.388 x Jupiter,0.04947 AU,4 days,0.09,Transit
6199,Gas Giant,2008,0.72 Jupiters,1.19 x Jupiter,0.09 AU,9.2 days,0.0,Transit
6200,Gas Giant,2008,3.47 Jupiters,1.466 x Jupiter,0.02798 AU,1.7 days,0.01,Transit
6201,Gas Giant,2015,0.85 Jupiters,0.9 x Jupiter,0.0386 AU,2.9 days,0.08,Transit
6202,Gas Giant,2015,0.484 Jupiters,0.955 x Jupiter,0.0603 AU,5.2 days,0.05,Transit
6203,Gas Giant,2014,10.39 Jupiters,1.007 x Jupiter,0.0476 AU,3.6 days,< 0.065,Transit
6204,Gas Giant,2013,0.27 Jupiters,1.08 x Jupiter,0.0578 AU,4.9 days,0.0,Transit
6205,Neptune-like,2014,28 Earths,0.44 x Jupiter,0.098 AU,11.8 days,0.0,Transit
6206,Gas Giant,2011,2.8 Jupiters,1.05 x Jupiter,0.048 AU,3.6 days,0.16,Transit
6207,Neptune-like,2014,12.2 Earths,0.435 x Jupiter,0.092 AU,9.8 days,0.08,Transit
6208,Gas Giant,2008,1.03 Jupiters,1.49 x Jupiter,0.02752 AU,1.5 days,0.0,Transit
6209,Gas Giant,2011,1.11 Jupiters,1.29 x Jupiter,0.0518 AU,3.9 days,0.05,Transit
6210,Gas Giant,2011,3.47 Jupiters,1.31 x Jupiter,0.0295 AU,1.9 days,< 0.08,Transit
6211,Gas Giant,2011,0.535 Jupiters,1.17 x Jupiter,0.0618 AU,5.4 days,0.33,Transit
6212,Gas Giant,2010,7.6 Jupiters,1.09 x Jupiter,0.027 AU,1.5 days,0.0,Transit
6213,Gas Giant,2010,1.308 Jupiters,0.885 x Jupiter,0.051 AU,4 days,0.0,Transit
6214,Gas Giant,2010,0.917 Jupiters,1.44 x Jupiter,0.04016 AU,2.8 days,0.07,Transit
6215,Gas Giant,2010,2.75 Jupiters,0.97 x Jupiter,0.1055 AU,13.2 days,0.53,Transit
6216,Neptune-like,2014,5.73 Earths,0.202 x Jupiter,0.122 AU,16.1 days,0.0,Transit
6217,Super Earth,2014,2.79 Earths,1.48 x Earth,0.132 AU,16.3 days,0.0,Transit
6218,Super Earth,2014,2.51 Earths,1.39 x Earth,0.079 AU,7.5 days,0.0,Transit
6219,Super Earth,2014,3.29 Earths,1.63 x Earth,0.054 AU,4.2 days,0.0,Transit
6220,Neptune-like,2014,11 Earths,0.295 x Jupiter,0.068 AU,5.9 days,0.0,Transit
6221,Super Earth,2014,3.09 Earths,1.57 x Earth,0.029 AU,1.6 days,0.0,Transit
6222,Super Earth,2014,1.81 Earths,1.19 x Earth,0.163 AU,23.4 days,0.0,Transit
6223,Super Earth,2014,3.78 Earths,1.77 x Earth,0.111 AU,13.1 days,0.0,Transit
6224,Super Earth,2014,3.33 Earths,1.64 x Earth,0.122 AU,20.3 days,0.0,Transit
6225,Super Earth,2014,2.89 Earths,1.51 x Earth,0.032 AU,2.8 days,0.0,Transit
6226,Super Earth,2014,3.86 Earths,1.79 x Earth,0.173 AU,25.7 days,0.0,Transit
6227,Super Earth,2014,33.9 Earths,1.44 x Earth,0.1 AU,11.3 days,0.0,Transit
6228,Super Earth,2014,2.36 Jupiters,2.47 x Earth,0.061 AU,5.4 days,0.0,Transit
6229,Neptune-like,2014,7.13 Earths,0.229 x Jupiter,0.043 AU,3.2 days,0.0,Transit
6230,Neptune-like,2014,8.5 Earths,0.254 x Jupiter,0.573 AU,151.9 days,0.0,Transit
6231,Neptune-like,2014,6.62 Earths,0.219 x Jupiter,0.175 AU,25.7 days,0.0,Transit
6232,Super Earth,2014,3.15 Earths,1.59 x Earth,0.09 AU,10.2 days,0.0,Transit
6233,Neptune-like,2014,10.6 Earths,0.29 x Jupiter,0.316 AU,67.1 days,0.0,Transit
6234,Neptune-like,2014,9.85 Earths,0.277 x Jupiter,0.158 AU,23.6 days,0.0,Transit
6235,Neptune-like,2014,6.66 Earths,0.22 x Jupiter,0.259 AU,49.6 days,0.0,Transit
6236,Terrestrial,2014,0.693 Earths,0.91 x Earth,0.164 AU,25.2 days,0.38,Transit
6237,Super Earth,2014,1.98 Earths,1.22 x Earth,0.119 AU,15.7 days,0.03,Transit
6238,Super Earth,2014,5.3 Earths,1.23 x Earth,0.09 AU,10.3 days,0.08,Transit
6239,Super Earth,2014,1.04 Earths,1.02 x Earth,0.06 AU,5.6 days,0.02,Transit
6240,Super Earth,2014,4.27 Earths,1.9 x Earth,0.138 AU,20.7 days,0.0,Transit
6241,Super Earth,2014,3.02 Earths,1.55 x Earth,0.197 AU,34.1 days,0.0,Transit
6242,Super Earth,2014,4.78 Earths,2.03 x Earth,0.077 AU,8.3 days,0.0,Transit
6243,Super Earth,2014,4.54 Earths,1.97 x Earth,0.11 AU,12.8 days,0.0,Transit
6244,Neptune-like,2014,9.64 Earths,0.274 x Jupiter,0.168 AU,23.9 days,0.0,Transit
6245,Neptune-like,2014,7.56 Earths,0.237 x Jupiter,0.071 AU,6.5 days,0.0,Transit
6246,Terrestrial,2014,0.48 Earths,0.74 x Earth,0.066 AU,7.4 days,0.0,Transit
6247,Neptune-like,2014,9.01 Earths,0.263 x Jupiter,0.488 AU,125.6 days,0.0,Transit
6248,Neptune-like,2014,7.32 Earths,0.233 x Jupiter,0.153 AU,22 days,0.0,Transit
6249,Neptune-like,2014,6.39 Earths,0.215 x Jupiter,0.088 AU,9 days,0.0,Transit
6250,Neptune-like,2014,6.76 Earths,0.222 x Jupiter,0.242 AU,39.5 days,0.0,Transit
6251,Super Earth,2014,4.5 Earths,1.96 x Earth,0.185 AU,26.2 days,0.0,Transit
6252,Neptune-like,2014,5.69 Earths,0.201 x Jupiter,0.128 AU,15.2 days,0.0,Transit
6253,Super Earth,2014,4.08 Earths,1.85 x Earth,0.182 AU,27.7 days,0.0,Transit
6254,Super Earth,2014,3.53 Earths,1.7 x Earth,0.08 AU,8 days,0.0,Transit
6255,Super Earth,2014,1.76 Earths,1.18 x Earth,0.06 AU,5.2 days,0.0,Transit
6256,Neptune-like,2014,11.3 Earths,0.301 x Jupiter,0.178 AU,22.8 days,0.0,Transit
6257,Neptune-like,2014,6.94 Earths,0.226 x Jupiter,0.134 AU,14.8 days,0.0,Transit
6258,Super Earth,2014,7.3 Earths,1.15 x Earth,0.069 AU,7 days,0.0,Transit
6259,Super Earth,2014,2.6 Earths,1.42 x Earth,0.055 AU,5 days,0.0,Transit
6260,Super Earth,2014,8.5 Earths,1.56 x Earth,0.08979 AU,9.3 days,0.05,Transit
6261,Neptune-like,2014,9.27 Earths,0.268 x Jupiter,0.257 AU,44.4 days,0.03,Transit
6262,Neptune-like,2014,6.08 Earths,0.209 x Jupiter,0.172 AU,24.3 days,0.03,Transit
6263,Super Earth,2014,30.6 Earths,2.44 x Earth,0.117 AU,13.7 days,0.04,Transit
6264,Super Earth,2014,4.86 Earths,2.05 x Earth,0.093 AU,9.7 days,0.0,Transit
6265,Super Earth,2014,2.99 Earths,1.54 x Earth,0.045 AU,3.3 days,0.0,Transit
6266,Neptune-like,2014,6.21 Earths,0.211 x Jupiter,0.154 AU,20.7 days,0.0,Transit
6267,Neptune-like,2014,5.06 Earths,2.1 x Earth,0.092 AU,9.6 days,0.0,Transit
6268,Terrestrial,2011,0.76 Earths,0.821 x Earth,0.0637 AU,6.1 days,< 0.092,Transit
6269,Neptune-like,2014,6.94 Earths,0.226 x Jupiter,0.117 AU,14.4 days,0.0,Transit
6270,Super Earth,2014,3.29 Earths,1.63 x Earth,0.045 AU,4.1 days,0.0,Transit
6271,Neptune-like,2014,5.18 Earths,2.13 x Earth,0.08 AU,8.6 days,0.0,Transit
6272,Neptune-like,2011,13.1 Earths,0.328 x Jupiter (estimate),0.1765736996 AU,28.7 days,0.21,Transit Timing Variations
6273,Neptune-like,2014,8.35 Earths,0.252 x Jupiter,0.131 AU,17.8 days,0.0,Transit
6274,Neptune-like,2014,5.65 Earths,2.24 x Earth,0.24 AU,47.4 days,0.0,Transit
6275,Neptune-like,2014,6.35 Earths,0.214 x Jupiter,0.275 AU,52.8 days,0.0,Transit
6276,Neptune-like,2014,6.3 Earths,0.213 x Jupiter,0.106 AU,11.4 days,0.0,Transit
6277,Super Earth,2014,2.36 Earths,1.34 x Earth,0.087 AU,9.9 days,0.0,Transit
6278,Super Earth,2011,6.9 Earths,2.0 x Earth,0.0447 AU,3.5 days,0.0,Transit
6279,Neptune-like,2014,10.3 Earths,0.285 x Jupiter,0.066 AU,6 days,0.0,Transit
6280,Super Earth,2014,1.71 Earths,1.17 x Earth,0.432 AU,129.9 days,0.04,Transit
6281,Super Earth,2014,1.24 Earths,1.07 x Earth,0.0343 AU,3.9 days,0.0,Transit
6282,Neptune-like,2014,14.8 Earths,0.352 x Jupiter,0.397 AU,96.7 days,0.0,Transit
6283,Neptune-like,2013,5.84 Earths,0.31224909 x Jupiter,0.21101 AU,36.9 days,0.0,Transit
6284,Neptune-like,2014,9.8 Earths,0.277 x Jupiter,0.213 AU,34 days,0.0,Transit
6285,Super Earth,2014,4.5 Earths,1.96 x Earth,0.1 AU,14 days,0.0,Transit
6286,Neptune-like,2014,5.69 Earths,0.201 x Jupiter,0.118 AU,14.6 days,0.0,Transit
6287,Neptune-like,2014,6.08 Earths,0.209 x Jupiter,0.05 AU,4.2 days,0.0,Transit
6288,Neptune-like,2014,5.48 Earths,2.2 x Earth,0.105 AU,13.8 days,0.0,Transit
6289,Neptune-like,2014,7.7 Earths,0.24 x Jupiter,0.116 AU,13.2 days,0.0,Transit
6290,Neptune-like,2014,5.77 Earths,0.203 x Jupiter,0.072 AU,7.7 days,0.0,Transit
6291,Neptune-like,2014,7.9 Earths,0.244 x Jupiter,0.097 AU,10.9 days,0.0,Transit
6292,Neptune-like,2014,9.43 Earths,0.27 x Jupiter,0.137 AU,19.4 days,0.0,Transit
6293,Gas Giant,2015,4.51 Jupiters,1.15 x Jupiter (estimate),1.287 AU,1.4 years,< 0.0053,Radial Velocity
6294,Super Earth,2015,3.71 Earths,1.75 x Earth,0.4757 AU,111 days,0.0,Transit
6295,Super Earth,2014,2.07 Earths,1.24 x Earth,0.172 AU,31.2 days,0.0,Transit
6296,Super Earth,2014,14.7 Earths,1.17 x Earth,0.091 AU,10.6 days,0.0,Transit
6297,Gas Giant,2013,39.4 Earths,0.482 x Jupiter,0.354 AU,71.3 days,0.0,Transit
6298,Super Earth,2014,1.98 Earths,1.22 x Earth,0.099 AU,12.6 days,0.0,Transit
6299,Neptune-like,2011,6.2 Earths,0.24266215 x Jupiter,0.10725 AU,17.3 days,0.01,Transit
6300,Super Earth,2014,4.08 Earths,1.85 x Earth,0.113 AU,16.3 days,0.0,Transit
6301,Neptune-like,2015,6.99 Earths,0.22660362 x Jupiter,0.1229 AU,19.1 days,,Transit
6302,Super Earth,2015,4.23 Earths,1.89 x Earth,0.2114 AU,39.9 days,,Transit
6303,Gas Giant,2014,2.2 Jupiters,1.59 x Jupiter,0.04378 AU,2.7 days,0.0,Transit
6304,Super Earth,2013,8.03 Earths,2.357 x Earth,0.06135 AU,5.4 days,< 0.09,Transit
6305,Neptune-like,2013,8.96 Earths,0.262 x Jupiter,0.1171 AU,15.7 days,0.0,Transit
6306,Super Earth,2012,4.14 Earths,1.52 x Earth,0.084 AU,8.1 days,0.01,Transit
6307,Super Earth,2012,2.4 Earths,1.42 x Earth,0.035 AU,2.2 days,0.03,Transit
6308,Gas Giant,2013,0.378 Jupiters,0.545 x Jupiter,0.08 AU,9.4 days,< 0.45,Transit
6309,Super Earth,2013,35 Earths,1.41 x Earth,0.718 AU,267.3 days,0.0,Transit
6310,Neptune-like,2013,14 Earths,1.95 x Earth,0.12 AU,18.2 days,0.0,Transit
6311,Terrestrial,2013,4 Earths,0.54 x Earth,0.0929 AU,12.4 days,0.0,Transit
6312,Super Earth,2013,9 Earths,1.31 x Earth,0.0553 AU,5.7 days,0.0,Transit
6313,Neptune-like,2012,4.16 Earths,1.99 x Earth,0.10203 AU,11.9 days,0.0,Transit
6314,Super Earth,2012,3.85 Earths,1.9 x Earth,0.08422 AU,8.9 days,0.04,Transit
6315,Super Earth,2012,4.19 Earths,1.71 x Earth,0.07255 AU,7.1 days,0.0,Transit
6316,Super Earth,2012,4.1 Earths,1.1 x Earth,0.09943 AU,11.9 days,0.0,Transit
6317,Neptune-like,2014,0.7719354 Jupiters,0.262 x Jupiter,0.236 AU,40.1 days,0.0,Transit
6318,Gas Giant,2012,0.16675665 Jupiters,0.255 x Jupiter,0.12307 AU,15.6 days,0.0,Transit
6319,Neptune-like,2012,35.5 Earths,0.248 x Jupiter,0.09291 AU,10.2 days,0.04,Transit
6320,Neptune-like,2012,25.06 Earths,0.27968645 x Jupiter,0.05988 AU,5.7 days,0.02,Transit
6321,Gas Giant,2012,0.57 Jupiters,0.874 x Jupiter,0.1652 AU,21.4 days,0.0,Transit
6322,Neptune-like,2012,22.1 Earths,0.581 x Jupiter,0.1028 AU,10.5 days,0.04,Transit
6323,Super Earth,2014,3.02 Earths,1.55 x Earth,0.048 AU,4.6 days,0.0,Transit
6324,Super Earth,2014,3.15 Earths,1.59 x Earth,0.029 AU,2.2 days,0.0,Transit
6325,Super Earth,2012,0.22 Jupiters,2.21 x Earth,0.2095 AU,42.2 days,0.0,Transit
6326,Super Earth,2014,12.0946 Earths,1.53 x Earth,0.126 AU,21 days,0.0,Transit
6327,Super Earth,2012,0.7 Earths,1.23 x Earth,0.0809 AU,12.1 days,0.0,Transit
6328,Terrestrial,2012,0.98 Earths,2.1 x Earth,0.0619 AU,8 days,0.02,Transit
6329,Neptune-like,2014,0.52387702 Jupiters,2.12 x Earth,0.091 AU,9.8 days,0.0,Transit
6330,Neptune-like,2014,7.22 Earths,0.231 x Jupiter,0.131 AU,17.3 days,0.0,Transit
6331,Super Earth,2014,2.89 Earths,1.51 x Earth,0.032 AU,2.1 days,0.0,Transit
6332,Neptune-like,2014,8 Earths,0.245 x Jupiter,0.286 AU,50.7 days,0.0,Transit
6333,Neptune-like,2014,8.2 Earths,0.249 x Jupiter,0.15 AU,21.2 days,0.0,Transit
6334,Neptune-like,2014,7.95 Earths,0.244 x Jupiter,0.09 AU,9.9 days,0.0,Transit
6335,Super Earth,2014,4.12 Earths,1.86 x Earth,0.128 AU,17.7 days,0.0,Transit
6336,Super Earth,2014,2.73 Earths,1.46 x Earth,0.045 AU,3.8 days,0.0,Transit
6337,Super Earth,2014,3.05 Earths,1.56 x Earth,0.03 AU,2 days,0.0,Transit
6338,Super Earth,2014,22.7 Earths,2.38 x Earth,0.137 AU,20.1 days,0.0,Transit
6339,Super Earth,2014,1.92 Earths,1.21 x Earth,0.088 AU,10.4 days,0.0,Transit
6340,Super Earth,2014,3.46 Earths,1.68 x Earth,0.032 AU,2.1 days,0.0,Transit
6341,Neptune-like,2014,7.61 Earths,0.238 x Jupiter,0.099 AU,10.6 days,0.0,Transit
6342,Super Earth,2014,2.57 Earths,1.41 x Earth,0.059 AU,4.9 days,0.0,Transit
6343,Super Earth,2014,2.15 Earths,1.27 x Earth,0.11 AU,22.4 days,0.0,Transit
6344,Super Earth,2014,2.54 Earths,1.4 x Earth,0.0781 AU,13.3 days,0.0,Transit
6345,Super Earth,2014,2.1 Earths,1.25 x Earth,0.0451 AU,7.3 days,0.0,Transit
6346,Super Earth,2014,4.74 Earths,2.02 x Earth,0.139 AU,20.7 days,0.0,Transit
6347,Super Earth,2014,1.71 Earths,1.17 x Earth,0.026 AU,1.6 days,0.0,Transit
6348,Neptune-like,2014,6.76 Earths,0.222 x Jupiter,0.179 AU,29 days,0.0,Transit
6349,Super Earth,2014,8.8 Earths,1.97 x Earth,0.141 AU,20.3 days,0.0,Transit
6350,Neptune-like,2014,6.17 Earths,0.211 x Jupiter,0.092 AU,10.7 days,0.0,Transit
6351,Super Earth,2014,35.7 Earths,2.27 x Earth,0.103 AU,11.6 days,0.0,Transit
6352,Super Earth,2014,4.9 Earths,2.06 x Earth,0.064 AU,5.7 days,0.0,Transit
6353,Neptune-like,2014,11.6 Earths,0.306 x Jupiter,0.157 AU,20.7 days,0.0,Transit
6354,Neptune-like,2014,7.18 Earths,0.23 x Jupiter,0.096 AU,9.8 days,0.0,Transit
6355,Neptune-like,2015,6.8 Earths,0.22303506 x Jupiter,0.1898 AU,30.9 days,,Transit
6356,Gas Giant,2015,0.14 Jupiters,0.67356588 x Jupiter,0.2257 AU,39.9 days,,Transit
6357,Gas Giant,2014,1.323 Jupiters,1.02 x Jupiter,0.0362 AU,2.5 days,0.01,Transit
6358,Gas Giant,2012,1.855 Jupiters,1.302 x Jupiter,0.0444 AU,3.4 days,0.12,Transit
6359,Gas Giant,2007,0.671 Jupiters,1.274 x Jupiter,0.04438 AU,3.1 days,0.0,Transit
