id,name,parsecs_from_earth,planet_mass,stellar_magnitude,discovery_date,hyperlink
0,KMT-2025-BLG-2272L b,6620,2.47 Jupiters,Unknown,2026,https://science.nasa.gov/exoplanet-catalog/kmt-2025-blg-2272l-b/
1,KMT-2025-BLG-0030L b,6720,1.15 Jupiters,Unknown,2026,https://science.nasa.gov/exoplanet-catalog/kmt-2025-blg-0030l-b/
2,KMT-2025-BLG-0026L b,7280,2.13 Jupiters,Unknown,2026,https://science.nasa.gov/exoplanet-catalog/kmt-2025-blg-0026l-b/
3,OGLE-2016-BLG-0261L b,7850,0.21 Jupiters,Unknown,2026,https://science.nasa.gov/exoplanet-catalog/ogle-2016-blg-0261l-b/
4,HD 715 b,167.253,0.635 Jupiters,8.703,2026,https://science.nasa.gov/exoplanet-catalog/hd-715-b/
5,HD 278555 b,289.829,0.84 Jupiters,11.046,2026,https://science.nasa.gov/exoplanet-catalog/hd-278555-b/
6,KMT-2025-BLG-1160L b,6580,25.36 Earths,Unknown,2026,https://science.nasa.gov/exoplanet-catalog/kmt-2025-blg-1160l-b/
7,KMT-2025-BLG-0975L b,7923,29.8 Earths,Unknown,2026,https://science.nasa.gov/exoplanet-catalog/kmt-2025-blg-0975l-b/
8,TOI-4409 b,179.419,14.93793513 Earths,12.691,2026,https://science.nasa.gov/exoplanet-catalog/toi-4409-b/
9,TOI-3278 b,904.752,0.3 Jupiters,14.161,2026,https://science.nasa.gov/exoplanet-catalog/toi-3278-b/
10,HD 50554 d,31.1664,10.4 Earths,6.8561,2026,https://science.nasa.gov/exoplanet-catalog/hd-50554-d/
11,HD 50554 c,31.1664,5.3 Earths,6.8561,2026,https://science.nasa.gov/exoplanet-catalog/hd-50554-c/
12,TOI-3053 b,337.627,0.85 Jupiters,13.108,2026,https://science.nasa.gov/exoplanet-catalog/toi-3053-b/
13,CD-35 2722 B b,Unknown,0.92 Jupiters,Unknown,2026,https://science.nasa.gov/exoplanet-catalog/cd-35-2722-b-b/
14,KOI-884 e,663.711,0.20782928 Jupiters,15.199,2014,https://science.nasa.gov/exoplanet-catalog/koi-884-e/
15,KOI-319 b,660.138,10 Jupiters,12.675,2014,https://science.nasa.gov/exoplanet-catalog/koi-319-b/
16,KOI-319 c,660.138,27.7 Jupiters,12.675,2014,https://science.nasa.gov/exoplanet-catalog/koi-319-c/
17,TOI-6158 b,180.96,0.425 Jupiters,16.29,2026,https://science.nasa.gov/exoplanet-catalog/toi-6158-b/
18,TOI-5811 B b,170.135,0.81 Jupiters,8.85,2026,https://science.nasa.gov/exoplanet-catalog/toi-5811-b-b/
19,TOI-7394 B b,189.986,2.1 Jupiters,15.5219,2026,https://science.nasa.gov/exoplanet-catalog/toi-7394-b-b/
20,Gl 725 B c,6.842357,3.4 Earths,9.7,2026,https://science.nasa.gov/exoplanet-catalog/gl-725-b-c/
21,HIP 81991 b,43.9016,9.5 Jupiters,6.56168,2026,https://science.nasa.gov/exoplanet-catalog/hip-81991-b/
22,HD 202206 b,45.9665,21.55 Jupiters,8.08,2026,https://science.nasa.gov/exoplanet-catalog/hd-202206-b/
23,MOA-2020-BLG-108L b,5130,10.67 Jupiters,26.34,2026,https://science.nasa.gov/exoplanet-catalog/moa-2020-blg-108l-b/
24,TOI-7393 b,189.038,0.61 Jupiters,14.834,2026,https://science.nasa.gov/exoplanet-catalog/toi-7393-b/
25,TOI-7265 B b,143.97,0.71 Jupiters,14.265,2026,https://science.nasa.gov/exoplanet-catalog/toi-7265-b-b/
26,TOI-7189 b,192.09,0.5 Jupiters,15.88,2026,https://science.nasa.gov/exoplanet-catalog/toi-7189-b/
27,TOI-7169 b,467.151,0.41 Jupiters,12.088,2026,https://science.nasa.gov/exoplanet-catalog/toi-7169-b/
28,TOI-5806 b,119.199,2.27 Jupiters,8.703,2026,https://science.nasa.gov/exoplanet-catalog/toi-5806-b/
29,TOI-4492 b,143.184,5.92 Jupiters,10.324,2026,https://science.nasa.gov/exoplanet-catalog/toi-4492-b/
30,TOI-2114 b,317.845,1.02 Jupiters,10.265,2026,https://science.nasa.gov/exoplanet-catalog/toi-2114-b/
31,TOI-603 b,205.924,33 Earths,10.312,2026,https://science.nasa.gov/exoplanet-catalog/toi-603-b/
32,HD 60779 c,35.4445,28.3 Earths,7.1634,2026,https://science.nasa.gov/exoplanet-catalog/hd-60779-c/
33,HD 60779 b,35.4445,14.19 Earths,7.1634,2026,https://science.nasa.gov/exoplanet-catalog/hd-60779-b/
34,TOI-5628 A b,110.03,28.60455663 Earths,17.75,2026,https://science.nasa.gov/exoplanet-catalog/toi-5628-a-b/
35,NGTS-39 b,278.402,1.467 Jupiters,11.568,2026,https://science.nasa.gov/exoplanet-catalog/ngts-39-b/
36,TOI-2040 b,144.717,0.781 Jupiters,11.489,2026,https://science.nasa.gov/exoplanet-catalog/toi-2040-b/
37,Gliese 48 b,8.23366,8.11 Earths,9.98,2026,https://science.nasa.gov/exoplanet-catalog/gliese-48-b/
38,TOI-2049 b,571.487,1.53 Jupiters,11.413,2026,https://science.nasa.gov/exoplanet-catalog/toi-2049-b/
39,TOI-2578 b,285.53,0.526 Jupiters,11.353,2026,https://science.nasa.gov/exoplanet-catalog/toi-2578-b/
40,HAT-P-47 b,282.096,0.206 Jupiters,10.609,2026,https://science.nasa.gov/exoplanet-catalog/hat-p-47-b/
41,TOI-4458 b,505.432,1.737 Jupiters,11.172,2026,https://science.nasa.gov/exoplanet-catalog/toi-4458-b/
42,Gaia23braL b,4330,1.63 Jupiters,19.8628,2026,https://science.nasa.gov/exoplanet-catalog/gaia23bral-b/
43,TOI-4427 b,198.251,0.276 Jupiters,11.983,2026,https://science.nasa.gov/exoplanet-catalog/toi-4427-b/
44,TOI-791 c,341.221,18.6 Earths,11.093,2026,https://science.nasa.gov/exoplanet-catalog/toi-791-c/
45,TOI-6884 b,562.376,26.32 Jupiters,11.985,2026,https://science.nasa.gov/exoplanet-catalog/toi-6884-b/
46,TOI-791 b,341.221,9.5 Earths,11.093,2026,https://science.nasa.gov/exoplanet-catalog/toi-791-b/
47,TOI-1533 c,100.051,36.6 Earths,10.953,2026,https://science.nasa.gov/exoplanet-catalog/toi-1533-c/
48,TOI-1533 b,100.051,28.1 Earths,10.953,2026,https://science.nasa.gov/exoplanet-catalog/toi-1533-b/
49,Beta Pictoris d,19.7442,2.4 Jupiters,3.85,2026,https://science.nasa.gov/exoplanet-catalog/beta-pictoris-d/
50,NGTS-38 b,268.637,4.77 Jupiters,10.225,2026,https://science.nasa.gov/exoplanet-catalog/ngts-38-b/
51,TOI-6019 b,260.342,0.46880643 Jupiters,10.791,2026,https://science.nasa.gov/exoplanet-catalog/toi-6019-b/
52,TOI-2147 b,282.108,0.36497682 Jupiters,11.098,2026,https://science.nasa.gov/exoplanet-catalog/toi-2147-b/
53,TIC 150070085 b,204.368,12.8 Earths,11.165,2026,https://science.nasa.gov/exoplanet-catalog/tic-150070085-b/
54,HD 126105 b,82.8811,1.67 Jupiters,7.32,2026,https://science.nasa.gov/exoplanet-catalog/hd-126105-b/
55,HD 127195 c,84.7167,0.65 Jupiters,7.18,2026,https://science.nasa.gov/exoplanet-catalog/hd-127195-c/
56,HD 127195 b,84.7167,0.67 Jupiters,7.18,2026,https://science.nasa.gov/exoplanet-catalog/hd-127195-b/
57,HD 125136 b,121.257,2.26 Jupiters,7.44,2026,https://science.nasa.gov/exoplanet-catalog/hd-125136-b/
58,HD 190360 d,16.0035,11.9 Earths,5.745,2026,https://science.nasa.gov/exoplanet-catalog/hd-190360-d/
59,KMT-2023-BLG-0332L b,6500,22 Jupiters,Unknown,2026,https://science.nasa.gov/exoplanet-catalog/kmt-2023-blg-0332l-b/
60,OGLE-2023-BLG-0766L b,7400,1.1 Jupiters,Unknown,2026,https://science.nasa.gov/exoplanet-catalog/ogle-2023-blg-0766l-b/
61,KMT-2023-BLG-1592L b,7200,0.58 Jupiters,Unknown,2026,https://science.nasa.gov/exoplanet-catalog/kmt-2023-blg-1592l-b/
62,HIP 98599 b,75.9428,6.85 Jupiters,8.11,2026,https://science.nasa.gov/exoplanet-catalog/hip-98599-b/
63,HIP 39330 b,36.3958,1.67 Jupiters,7.52,2026,https://science.nasa.gov/exoplanet-catalog/hip-39330-b/
64,HIP 8923 b,65.9957,9.98 Jupiters,8.24,2026,https://science.nasa.gov/exoplanet-catalog/hip-8923-b/
65,HIP 10090 c,82.3937,0.85 Jupiters,8.94,2026,https://science.nasa.gov/exoplanet-catalog/hip-10090-c/
66,HIP 10090 b,82.3937,3.87 Jupiters,8.94,2026,https://science.nasa.gov/exoplanet-catalog/hip-10090-b/
67,TOI-6564 b,191.372,0.699 Jupiters,10.236,2026,https://science.nasa.gov/exoplanet-catalog/toi-6564-b/
68,TIC 9344899 b,532.228,19.4 Jupiters,13.291,2026,https://science.nasa.gov/exoplanet-catalog/tic-9344899-b/
69,TOI-4034 b,745.145,0.87 Jupiters,13.262,2026,https://science.nasa.gov/exoplanet-catalog/toi-4034-b/
70,TOI-3664 b,464.748,0.36 Jupiters,13.883,2026,https://science.nasa.gov/exoplanet-catalog/toi-3664-b/
71,TIC 52059926 b,216.581,16.9 Jupiters,13.724,2026,https://science.nasa.gov/exoplanet-catalog/tic-52059926-b/
72,GJ 3378 b,7.72274,2.3 Earths,12.37,2026,https://science.nasa.gov/exoplanet-catalog/gj-3378-b/
73,HD 16760 b,50.17561,21.5 Jupiters,8.7,2009,https://science.nasa.gov/exoplanet-catalog/hd-16760-b/
74,HD 5388 b,53.0661,3.2 Jupiters,6.73,2010,https://science.nasa.gov/exoplanet-catalog/hd-5388-b/
75,TOI-3457 b,370.666,2.51 Jupiters,12.44,2026,https://science.nasa.gov/exoplanet-catalog/toi-3457-b/
76,TOI-707 b,130.959,6.42 Earths,10.71,2026,https://science.nasa.gov/exoplanet-catalog/toi-707-b/
77,HD 6718 b,51.3444,2.4 Jupiters,8.45,2009,https://science.nasa.gov/exoplanet-catalog/hd-6718-b/
78,HD 148427 b,71.3499,1.2 Jupiters,6.90498,2009,https://science.nasa.gov/exoplanet-catalog/hd-148427-b/
79,TOI-4311 b,134.988,4.5 Earths,11.388,2026,https://science.nasa.gov/exoplanet-catalog/toi-4311-b/
80,TOI-4311 c,134.988,13.58 Earths,11.388,2026,https://science.nasa.gov/exoplanet-catalog/toi-4311-c/
81,XO-2 S d,151.398,3.71 Jupiters,11.196,2024,https://science.nasa.gov/exoplanet-catalog/xo-2-s-d/
82,TOI-237 c,38.0749,1.9 Earths,16.37,2026,https://science.nasa.gov/exoplanet-catalog/toi-237-c/
83,TOI-159 b,347.593,3.49 Jupiters,11.021,2026,https://science.nasa.gov/exoplanet-catalog/toi-159-b/
84,TOI-1752 c,103.021,5.86 Earths,14.62,2026,https://science.nasa.gov/exoplanet-catalog/toi-1752-c/
85,TOI-1752 b,103.021,3.51 Earths,14.62,2026,https://science.nasa.gov/exoplanet-catalog/toi-1752-b/
86,TOI-5624 f,101.913,13 Earths,10.81,2026,https://science.nasa.gov/exoplanet-catalog/toi-5624-f/
87,TOI-5624 e,101.913,8.9 Earths,10.81,2026,https://science.nasa.gov/exoplanet-catalog/toi-5624-e/
88,TOI-5624 c,101.913,4.8 Earths,10.81,2026,https://science.nasa.gov/exoplanet-catalog/toi-5624-c/
89,TOI-5624 d,101.913,4.9 Earths,10.81,2026,https://science.nasa.gov/exoplanet-catalog/toi-5624-d/
90,TIC 183374187 b,1208.75,0.56 Jupiters,14.639,2026,https://science.nasa.gov/exoplanet-catalog/tic-183374187-b/
91,TOI-201 d,113.825,5.8 Earths,9.07,2026,https://science.nasa.gov/exoplanet-catalog/toi-201-d/
92,TIC 245076932 b,303.96,0.51 Jupiters,11.727,2026,https://science.nasa.gov/exoplanet-catalog/tic-245076932-b/
93,GJ 1137 c,28.5159,5.12 Earths,8.3,2026,https://science.nasa.gov/exoplanet-catalog/gj-1137-c/
94,TWA 7 b,33.9958,0.34 Jupiters,11.773,2025,https://science.nasa.gov/exoplanet-catalog/twa-7-b/
95,TIC 87422071 b,384.758,1.29 Jupiters,11.982,2026,https://science.nasa.gov/exoplanet-catalog/tic-87422071-b/
96,TIC 147027702 b,457.186,1.09 Jupiters,11.286,2026,https://science.nasa.gov/exoplanet-catalog/tic-147027702-b/
97,TIC 445839811 b,235.655,6.7 Earths,12.373,2026,https://science.nasa.gov/exoplanet-catalog/tic-445839811-b/
98,TIC 437041147 b,246.6,5.54 Earths,12.174,2026,https://science.nasa.gov/exoplanet-catalog/tic-437041147-b/
99,TIC 423703298 b,136.191,8.11 Earths,12.923,2026,https://science.nasa.gov/exoplanet-catalog/tic-423703298-b/
100,TIC 390586021 b,114.558,8.55 Earths,13.079,2026,https://science.nasa.gov/exoplanet-catalog/tic-390586021-b/
101,TIC 356227008 b,387.609,6.3 Earths,12.996,2026,https://science.nasa.gov/exoplanet-catalog/tic-356227008-b/
102,TIC 349520724 b,241.105,8.38 Earths,13.008,2026,https://science.nasa.gov/exoplanet-catalog/tic-349520724-b/
103,TIC 320419023 b,288.893,8.11 Earths,12.157,2026,https://science.nasa.gov/exoplanet-catalog/tic-320419023-b/
104,TIC 294329732 b,189.333,4.97 Earths,12.23,2026,https://science.nasa.gov/exoplanet-catalog/tic-294329732-b/
105,TIC 290487717 b,395.574,35.7 Earths,13.492,2026,https://science.nasa.gov/exoplanet-catalog/tic-290487717-b/
106,TIC 260969020 b,121.222,5.59 Earths,12.393,2026,https://science.nasa.gov/exoplanet-catalog/tic-260969020-b/
107,TIC 249022743 b,396.46,20.6 Earths,12.705,2026,https://science.nasa.gov/exoplanet-catalog/tic-249022743-b/
108,TIC 206466666 b,127.837,5.26 Earths,12.476,2026,https://science.nasa.gov/exoplanet-catalog/tic-206466666-b/
109,TIC 198190129 b,130.035,8.87 Earths,13.704,2026,https://science.nasa.gov/exoplanet-catalog/tic-198190129-b/
110,TIC 188624430 b,300.743,12.9 Earths,13.195,2026,https://science.nasa.gov/exoplanet-catalog/tic-188624430-b/
111,TIC 178172313 b,178.137,8.27 Earths,11.924,2026,https://science.nasa.gov/exoplanet-catalog/tic-178172313-b/
112,TIC 161045582 b,162.246,5.67 Earths,10.642,2026,https://science.nasa.gov/exoplanet-catalog/tic-161045582-b/
113,TIC 160113658 b,200.156,12 Earths,12.957,2026,https://science.nasa.gov/exoplanet-catalog/tic-160113658-b/
114,TIC 154870955 b,226.463,9.77 Earths,13.43,2026,https://science.nasa.gov/exoplanet-catalog/tic-154870955-b/
115,TIC 153919886 b,132.33,7.78 Earths,14.406,2026,https://science.nasa.gov/exoplanet-catalog/tic-153919886-b/
116,TIC 142589416 b,168.933,7.65 Earths,14.021,2026,https://science.nasa.gov/exoplanet-catalog/tic-142589416-b/
117,TIC 139702105 b,91.7884,6.59 Earths,9.651,2026,https://science.nasa.gov/exoplanet-catalog/tic-139702105-b/
118,TIC 117642575 b,188.758,8.38 Earths,11.029,2026,https://science.nasa.gov/exoplanet-catalog/tic-117642575-b/
119,TIC 88692598 b,73.5258,3.94 Earths,13.953,2026,https://science.nasa.gov/exoplanet-catalog/tic-88692598-b/
120,TIC 86380416 b,244.68,6.4 Earths,11.835,2026,https://science.nasa.gov/exoplanet-catalog/tic-86380416-b/
121,TIC 77552382 b,373.415,27.5 Earths,13.892,2026,https://science.nasa.gov/exoplanet-catalog/tic-77552382-b/
122,TIC 77319217 b,267.62,9.85 Earths,11.497,2026,https://science.nasa.gov/exoplanet-catalog/tic-77319217-b/
123,TIC 67686059 b,249.203,7.23 Earths,12.992,2026,https://science.nasa.gov/exoplanet-catalog/tic-67686059-b/
124,TIC 65612701 b,151.624,22.7 Earths,9.448,2026,https://science.nasa.gov/exoplanet-catalog/tic-65612701-b/
125,TIC 62895484 b,294.857,12 Earths,12.658,2026,https://science.nasa.gov/exoplanet-catalog/tic-62895484-b/
126,TIC 38828280 b,286.415,7.4 Earths,13.692,2026,https://science.nasa.gov/exoplanet-catalog/tic-38828280-b/
127,TIC 38825265 b,165.638,5.43 Earths,14.134,2026,https://science.nasa.gov/exoplanet-catalog/tic-38825265-b/
128,TIC 34085383 b,149.12,14.6 Earths,12.552,2026,https://science.nasa.gov/exoplanet-catalog/tic-34085383-b/
129,TIC 32032563 b,507.858,11.9 Earths,13.453,2026,https://science.nasa.gov/exoplanet-catalog/tic-32032563-b/
130,TIC 24750448 c,178.146,9.75 Earths,13.518,2026,https://science.nasa.gov/exoplanet-catalog/tic-24750448-c/
131,TIC 24750448 b,178.146,6.51 Earths,13.518,2026,https://science.nasa.gov/exoplanet-catalog/tic-24750448-b/
132,TIC 18942729 b,115.169,4.66 Earths,12.545,2026,https://science.nasa.gov/exoplanet-catalog/tic-18942729-b/
133,TOI-1839 c,116.086,6.39 Earths,10.9,2026,https://science.nasa.gov/exoplanet-catalog/toi-1839-c/
134,TOI-7333 b,157.217,5.04 Earths,13.102,2026,https://science.nasa.gov/exoplanet-catalog/toi-7333-b/
135,TOI-7155 b,144.751,6.38 Earths,12.758,2026,https://science.nasa.gov/exoplanet-catalog/toi-7155-b/
136,TOI-7008 b,410.467,21.7 Earths,13.6,2026,https://science.nasa.gov/exoplanet-catalog/toi-7008-b/
137,TOI-5624 b,101.913,9.4 Earths,10.81,2026,https://science.nasa.gov/exoplanet-catalog/toi-5624-b/
138,TOI-6954 b,190.042,12.8 Earths,12.262,2026,https://science.nasa.gov/exoplanet-catalog/toi-6954-b/
139,TOI-6707 b,641.467,27.8 Earths,12.93,2026,https://science.nasa.gov/exoplanet-catalog/toi-6707-b/
140,TOI-6699 b,85.8463,6.02 Earths,11.51,2026,https://science.nasa.gov/exoplanet-catalog/toi-6699-b/
141,TOI-6677 b,340.52,28.7 Earths,10.765,2026,https://science.nasa.gov/exoplanet-catalog/toi-6677-b/
142,TOI-6393 b,186.229,8.04 Earths,12.513,2026,https://science.nasa.gov/exoplanet-catalog/toi-6393-b/
143,TOI-6281 b,57.7451,4.36 Earths,10.885,2026,https://science.nasa.gov/exoplanet-catalog/toi-6281-b/
144,TOI-4156 c,213.719,8.87 Earths,11.504,2026,https://science.nasa.gov/exoplanet-catalog/toi-4156-c/
145,TOI-6080 b,188.183,11 Earths,11.178,2026,https://science.nasa.gov/exoplanet-catalog/toi-6080-b/
146,TOI-5926 b,275.103,0.14 Jupiters,12.593,2026,https://science.nasa.gov/exoplanet-catalog/toi-5926-b/
147,TOI-5777 b,114.277,9.78 Earths,13.012,2026,https://science.nasa.gov/exoplanet-catalog/toi-5777-b/
148,TOI-5630 b,134.047,6.22 Earths,10.896,2026,https://science.nasa.gov/exoplanet-catalog/toi-5630-b/
149,TOI-5614 b,223.016,10.4 Earths,14.093,2026,https://science.nasa.gov/exoplanet-catalog/toi-5614-b/
150,TOI-5605 b,95.0735,6.92 Earths,12.073,2026,https://science.nasa.gov/exoplanet-catalog/toi-5605-b/
151,TOI-5599 b,547.948,0.129 Jupiters,11.779,2026,https://science.nasa.gov/exoplanet-catalog/toi-5599-b/
152,TOI-5595 b,136.955,20.1 Earths,13.316,2026,https://science.nasa.gov/exoplanet-catalog/toi-5595-b/
153,TOI-5532 b,90.9985,6.93 Earths,13.072,2026,https://science.nasa.gov/exoplanet-catalog/toi-5532-b/
154,TOI-5515 b,135.459,7.53 Earths,11.147,2026,https://science.nasa.gov/exoplanet-catalog/toi-5515-b/
155,TOI-5502 b,248.654,15.9 Earths,10.881,2026,https://science.nasa.gov/exoplanet-catalog/toi-5502-b/
156,TOI-5486 b,89.6811,14.9 Earths,14.297,2026,https://science.nasa.gov/exoplanet-catalog/toi-5486-b/
157,TOI-5380 b,286.781,11.9 Earths,10.621,2026,https://science.nasa.gov/exoplanet-catalog/toi-5380-b/
158,TOI-5335 b,331.289,15.3 Earths,13.428,2026,https://science.nasa.gov/exoplanet-catalog/toi-5335-b/
159,TOI-5160 b,151.465,6.33 Earths,10.847,2026,https://science.nasa.gov/exoplanet-catalog/toi-5160-b/
160,TOI-5159 b,55.1788,3.01 Earths,9.369,2026,https://science.nasa.gov/exoplanet-catalog/toi-5159-b/
161,TOI-4930 b,413.757,38.4 Earths,12.704,2026,https://science.nasa.gov/exoplanet-catalog/toi-4930-b/
162,TOI-4898 b,98.5958,13.4 Earths,13.62,2026,https://science.nasa.gov/exoplanet-catalog/toi-4898-b/
163,TOI-4747 b,304.615,14.8 Earths,12.442,2026,https://science.nasa.gov/exoplanet-catalog/toi-4747-b/
164,TOI-4662 b,111.047,8.65 Earths,12.437,2026,https://science.nasa.gov/exoplanet-catalog/toi-4662-b/
165,TOI-4640 b,245.089,8.46 Earths,11.63,2026,https://science.nasa.gov/exoplanet-catalog/toi-4640-b/
166,TOI-4578 b,182.249,5.77 Earths,11.362,2026,https://science.nasa.gov/exoplanet-catalog/toi-4578-b/
167,TOI-4561 b,179.008,3.81 Earths,12.153,2026,https://science.nasa.gov/exoplanet-catalog/toi-4561-b/
168,TOI-4513 b,102.609,6.11 Earths,10.696,2026,https://science.nasa.gov/exoplanet-catalog/toi-4513-b/
169,TOI-4511 b,121.832,8.01 Earths,10.537,2026,https://science.nasa.gov/exoplanet-catalog/toi-4511-b/
170,TOI-4405 b,155.501,7.06 Earths,13.476,2026,https://science.nasa.gov/exoplanet-catalog/toi-4405-b/
171,TOI-4363 b,77.7751,3.77 Earths,12.678,2026,https://science.nasa.gov/exoplanet-catalog/toi-4363-b/
172,TOI-4156 b,213.719,6.98 Earths,11.504,2026,https://science.nasa.gov/exoplanet-catalog/toi-4156-b/
173,TOI-4030 b,571.615,28.8 Earths,13.862,2026,https://science.nasa.gov/exoplanet-catalog/toi-4030-b/
174,TOI-4029 b,274.436,36.6 Earths,11.554,2026,https://science.nasa.gov/exoplanet-catalog/toi-4029-b/
175,TOI-3896 b,181.653,10.1 Earths,12.43,2026,https://science.nasa.gov/exoplanet-catalog/toi-3896-b/
176,TOI-2654 b,248.964,0.152 Jupiters,14.131,2026,https://science.nasa.gov/exoplanet-catalog/toi-2654-b/
177,TOI-2518 b,160.825,5.77 Earths,10.954,2026,https://science.nasa.gov/exoplanet-catalog/toi-2518-b/
178,TOI-2453 b,81.9043,10.6 Earths,14.415,2026,https://science.nasa.gov/exoplanet-catalog/toi-2453-b/
179,TOI-2227 b,165.441,9.79 Earths,10.515,2026,https://science.nasa.gov/exoplanet-catalog/toi-2227-b/
180,TOI-2200 b,251.245,38.7 Earths,13.085,2026,https://science.nasa.gov/exoplanet-catalog/toi-2200-b/
181,TOI-2104 b,76.7418,2.95 Earths,10.838,2026,https://science.nasa.gov/exoplanet-catalog/toi-2104-b/
182,TOI-2092 b,176.759,9 Earths,11.295,2026,https://science.nasa.gov/exoplanet-catalog/toi-2092-b/
183,TOI-2071 b,231.311,7.1 Earths,11.541,2026,https://science.nasa.gov/exoplanet-catalog/toi-2071-b/
184,TOI-1873 b,182.014,8.57 Earths,11.215,2026,https://science.nasa.gov/exoplanet-catalog/toi-1873-b/
185,TOI-1839 b,116.086,5.56 Earths,10.9,2026,https://science.nasa.gov/exoplanet-catalog/toi-1839-b/
186,TOI-1814 b,362.522,23.5 Earths,11.182,2026,https://science.nasa.gov/exoplanet-catalog/toi-1814-b/
187,TOI-1756 b,86.7159,4.43 Earths,13.88,2026,https://science.nasa.gov/exoplanet-catalog/toi-1756-b/
188,TOI-1750 b,162.46,8.19 Earths,12.645,2026,https://science.nasa.gov/exoplanet-catalog/toi-1750-b/
189,TOI-1732 b,74.7599,6.78 Earths,12.889,2026,https://science.nasa.gov/exoplanet-catalog/toi-1732-b/
190,TOI-1722 b,136.419,17.6 Earths,10.025,2026,https://science.nasa.gov/exoplanet-catalog/toi-1722-b/
191,TOI-1718 b,52.3044,15.8 Earths,8.96,2026,https://science.nasa.gov/exoplanet-catalog/toi-1718-b/
192,TOI-1466 b,86.5783,6.65 Earths,12.189,2026,https://science.nasa.gov/exoplanet-catalog/toi-1466-b/
193,TOI-1291 b,428.123,27.1 Earths,11.516,2026,https://science.nasa.gov/exoplanet-catalog/toi-1291-b/
194,TOI-1269 c,172.138,5.6 Earths,11.618,2026,https://science.nasa.gov/exoplanet-catalog/toi-1269-c/
195,TOI-1226 b,257.93,6.39 Earths,12.118,2026,https://science.nasa.gov/exoplanet-catalog/toi-1226-b/
196,TOI-1105 b,79.5225,9.58 Earths,11.329,2026,https://science.nasa.gov/exoplanet-catalog/toi-1105-b/
197,TOI-1036 b,184.015,32.5 Earths,10.973,2026,https://science.nasa.gov/exoplanet-catalog/toi-1036-b/
198,TOI-941 b,263.386,34.6 Earths,11.456,2026,https://science.nasa.gov/exoplanet-catalog/toi-941-b/
199,TOI-938 b,215.034,20.8 Earths,11.389,2026,https://science.nasa.gov/exoplanet-catalog/toi-938-b/
200,TOI-929 b,114.421,7.7 Earths,12.489,2026,https://science.nasa.gov/exoplanet-catalog/toi-929-b/
201,TOI-921 b,294.015,12.2 Earths,11.813,2026,https://science.nasa.gov/exoplanet-catalog/toi-921-b/
202,TOI-883 b,102.637,0.128 Jupiters,9.957,2026,https://science.nasa.gov/exoplanet-catalog/toi-883-b/
203,TOI-808 b,98.1848,5.49 Earths,10.729,2026,https://science.nasa.gov/exoplanet-catalog/toi-808-b/
204,TOI-799 b,158.526,4.92 Earths,11.195,2026,https://science.nasa.gov/exoplanet-catalog/toi-799-b/
205,TOI-697 b,93.7714,6.16 Earths,10.004,2026,https://science.nasa.gov/exoplanet-catalog/toi-697-b/
206,TOI-209 b,113.387,6.32 Earths,11.671,2026,https://science.nasa.gov/exoplanet-catalog/toi-209-b/
207,TOI-205 b,177.759,6.81 Earths,9.921,2026,https://science.nasa.gov/exoplanet-catalog/toi-205-b/
208,TOI-4588 b,225.181,8.9 Earths,9.24,2026,https://science.nasa.gov/exoplanet-catalog/toi-4588-b/
209,TIC 270471727 b,182.104,8 Earths,11.948,2026,https://science.nasa.gov/exoplanet-catalog/tic-270471727-b/
210,TIC 231949697 b,50.2408,2.95 Earths,13.188,2026,https://science.nasa.gov/exoplanet-catalog/tic-231949697-b/
211,CWISEP J193518.59-154620.3 b,14.43,15.5 Jupiters,Unknown,2025,https://science.nasa.gov/exoplanet-catalog/cwisep-j193518-59-154620-3-b/
212,WISPIT 2 c,134.907,10 Jupiters,11.598,2026,https://science.nasa.gov/exoplanet-catalog/wispit-2-c/
213,TOI-1232 c,328.604,0.184 Jupiters,12.68,2026,https://science.nasa.gov/exoplanet-catalog/toi-1232-c/
214,KMT-2025-BLG-0481L b,7980,0.59 Jupiters,Unknown,2026,https://science.nasa.gov/exoplanet-catalog/kmt-2025-blg-0481l-b/
215,KMT-2024-BLG-2005L b,7720,0.16 Jupiters,Unknown,2026,https://science.nasa.gov/exoplanet-catalog/kmt-2024-blg-2005l-b/
216,KMT-2021-BLG-0852L b,7230,0.49 Jupiters,Unknown,2026,https://science.nasa.gov/exoplanet-catalog/kmt-2021-blg-0852l-b/
217,TOI-1232 b,328.604,0.694 Jupiters,12.68,2026,https://science.nasa.gov/exoplanet-catalog/toi-1232-b/
218,TOI-2431 b,36.0559,6.2 Earths,10.9,2026,https://science.nasa.gov/exoplanet-catalog/toi-2431-b/
219,TOI-4552 b,27.2684,1.83 Earths,14.44,2026,https://science.nasa.gov/exoplanet-catalog/toi-4552-b/
220,TOI-5916 b,199.724,0.688 Jupiters,16.602,2026,https://science.nasa.gov/exoplanet-catalog/toi-5916-b/
221,TOI-5292 A b,337.095,1.299 Jupiters,16.416,2026,https://science.nasa.gov/exoplanet-catalog/toi-5292-a-b/
222,TOI-5007 b,203.352,0.664 Jupiters,15.327,2026,https://science.nasa.gov/exoplanet-catalog/toi-5007-b/
223,KMT-2016-BLG-1337L b,6920,0.28 Jupiters,Unknown,2026,https://science.nasa.gov/exoplanet-catalog/kmt-2016-blg-1337l-b/
224,TOI-3862 b,249.02,0.1688 Jupiters,12.351,2026,https://science.nasa.gov/exoplanet-catalog/toi-3862-b/
225,TOI-1080 b,25.559,10.7 Earths,15.349,2026,https://science.nasa.gov/exoplanet-catalog/toi-1080-b/
226,HD 48265 c,90.5446,4.45 Jupiters,8.05,2026,https://science.nasa.gov/exoplanet-catalog/hd-48265-c/
227,KMT-2025-BLG-0121L b,6200,7.77 Jupiters,Unknown,2026,https://science.nasa.gov/exoplanet-catalog/kmt-2025-blg-0121l-b/
228,KMT-2023-BLG-0466L b,6800,3.25 Jupiters,Unknown,2026,https://science.nasa.gov/exoplanet-catalog/kmt-2023-blg-0466l-b/
229,KMT-2022-BLG-1551L b,6900,2.96 Jupiters,Unknown,2026,https://science.nasa.gov/exoplanet-catalog/kmt-2022-blg-1551l-b/
230,KMT-2020-BLG-0202L b,3840,12.28 Jupiters,Unknown,2026,https://science.nasa.gov/exoplanet-catalog/kmt-2020-blg-0202l-b/
231,HD 114386 c,27.9243,0.37 Jupiters,8.73,2026,https://science.nasa.gov/exoplanet-catalog/hd-114386-c/
232,HD 100508 b,32.7548,1.2 Jupiters,7.74,2026,https://science.nasa.gov/exoplanet-catalog/hd-100508-b/
233,HD 68475 b,33.4297,5.16 Jupiters,8.78,2026,https://science.nasa.gov/exoplanet-catalog/hd-68475-b/
234,TOI-2094 b,50.0248,4.27 Earths,14.409,2026,https://science.nasa.gov/exoplanet-catalog/toi-2094-b/
235,TOI-2267 d,22.55,3.78 Earths,Unknown,2025,https://science.nasa.gov/exoplanet-catalog/toi-2267-d/
236,TOI-2267 b,22.55,0.972 Earths,15.56,2025,https://science.nasa.gov/exoplanet-catalog/toi-2267-b/
237,TOI-2267 c,22.55,1.55 Earths,15.56,2025,https://science.nasa.gov/exoplanet-catalog/toi-2267-c/
238,DMPP-9 b,109.539,14.43 Earths,9.22,2026,https://science.nasa.gov/exoplanet-catalog/dmpp-9-b/
239,DMPP-8 b,76.1335,0.25513767 Jupiters,8.65,2026,https://science.nasa.gov/exoplanet-catalog/dmpp-8-b/
240,DMPP-7 b,101.386,0.21696613 Jupiters,8.79,2026,https://science.nasa.gov/exoplanet-catalog/dmpp-7-b/
241,DMPP-6 c,54.6303,13.47 Earths,7.71,2026,https://science.nasa.gov/exoplanet-catalog/dmpp-6-c/
242,DMPP-6 b,54.6303,5.8 Earths,7.71,2026,https://science.nasa.gov/exoplanet-catalog/dmpp-6-b/
243,DMPP-2 d,137.94,0.28880364 Jupiters,8.57,2026,https://science.nasa.gov/exoplanet-catalog/dmpp-2-d/
244,DMPP-2 c,137.94,0.16294956 Jupiters,8.57,2026,https://science.nasa.gov/exoplanet-catalog/dmpp-2-c/
245,TOI-4336 A c,22.5455,1.55 Earths,13.6,2026,https://science.nasa.gov/exoplanet-catalog/toi-4336-a-c/
246,KOINTREAU-4 b,145.434,15.3 Jupiters,15.902,2026,https://science.nasa.gov/exoplanet-catalog/kointreau-4-b/
247,KOINTREAU-3 b,140.563,3.4 Jupiters,Unknown,2026,https://science.nasa.gov/exoplanet-catalog/kointreau-3-b/
248,LHS 1903 e,35.6917,5.79 Earths,12.23,2026,https://science.nasa.gov/exoplanet-catalog/lhs-1903-e/
249,HD 164604 c,39.3633,9.5 Jupiters,9.62,2026,https://science.nasa.gov/exoplanet-catalog/hd-164604-c/
250,GJ 887 e,3.2871,1.46 Earths,7.33,2026,https://science.nasa.gov/exoplanet-catalog/gj-887-e/
251,GJ 887 d,3.2871,6.1 Earths,7.33,2026,https://science.nasa.gov/exoplanet-catalog/gj-887-d/
252,KMT-2024-BLG-2087L b,7190,4.39 Jupiters,Unknown,2026,https://science.nasa.gov/exoplanet-catalog/kmt-2024-blg-2087l-b/
253,KMT-2024-BLG-1870L b,5480,1.06 Jupiters,Unknown,2026,https://science.nasa.gov/exoplanet-catalog/kmt-2024-blg-1870l-b/
254,KMT-2024-BLG-0349L b,5750,11.86 Jupiters,Unknown,2026,https://science.nasa.gov/exoplanet-catalog/kmt-2024-blg-0349l-b/
255,KMT-2024-BLG-0176L b,8340,0.76 Jupiters,Unknown,2026,https://science.nasa.gov/exoplanet-catalog/kmt-2024-blg-0176l-b/
256,TOI-375 d,396.213,1.402 Jupiters,11.516,2026,https://science.nasa.gov/exoplanet-catalog/toi-375-d/
257,TOI-375 c,396.213,2.106 Jupiters,11.516,2026,https://science.nasa.gov/exoplanet-catalog/toi-375-c/
258,TOI-7009 b,184.12,13.3 Earths,14.161,2026,https://science.nasa.gov/exoplanet-catalog/toi-7009-b/
259,TOI-5938 b,114.035,14 Earths,12.31,2026,https://science.nasa.gov/exoplanet-catalog/toi-5938-b/
260,TOI-5734 b,32.5102,9.1 Earths,9.613,2026,https://science.nasa.gov/exoplanet-catalog/toi-5734-b/
261,TOI-2133 b,75.1973,6.21 Earths,12.008,2026,https://science.nasa.gov/exoplanet-catalog/toi-2133-b/
262,LHS 1903 d,35.6917,5.96 Earths,12.23,2026,https://science.nasa.gov/exoplanet-catalog/lhs-1903-d/
263,LHS 1903 b,35.6917,3.28 Earths,12.23,2026,https://science.nasa.gov/exoplanet-catalog/lhs-1903-b/
264,LHS 1903 c,35.6917,4.55 Earths,12.23,2026,https://science.nasa.gov/exoplanet-catalog/lhs-1903-c/
265,TOI-375 b,396.213,0.745 Jupiters,11.516,2026,https://science.nasa.gov/exoplanet-catalog/toi-375-b/
266,GJ 4274 c,7.23556,8.39 Earths,13.31,2026,https://science.nasa.gov/exoplanet-catalog/gj-4274-c/
267,GJ 4274 b,7.23556,2.97 Earths,13.31,2026,https://science.nasa.gov/exoplanet-catalog/gj-4274-b/
268,HD 85426 c,53.974,10.3 Earths,8.25,2026,https://science.nasa.gov/exoplanet-catalog/hd-85426-c/
269,HD 176986 d,27.7843,6.76 Earths,8.42,2026,https://science.nasa.gov/exoplanet-catalog/hd-176986-d/
270,KMT-2025-BLG-1616L b,7500,0.13315361 Jupiters,Unknown,2026,https://science.nasa.gov/exoplanet-catalog/kmt-2025-blg-1616l-b/
271,TOI-6692 b,312.903,0.62 Jupiters,11.434,2026,https://science.nasa.gov/exoplanet-catalog/toi-6692-b/
272,TOI-4495 b,132.214,7.7 Earths,9.531,2026,https://science.nasa.gov/exoplanet-catalog/toi-4495-b/
273,TOI-4495 c,132.214,23.2 Earths,9.531,2024,https://science.nasa.gov/exoplanet-catalog/toi-4495-c/
274,KOINTREAU-1 b,158.618,10.6 Jupiters,Unknown,2026,https://science.nasa.gov/exoplanet-catalog/kointreau-1-b/
275,GJ 3090 c,22.4751,10 Earths,11.403,2026,https://science.nasa.gov/exoplanet-catalog/gj-3090-c/
276,TOI-7384 b,66.7902,12.4 Earths,16.704,2026,https://science.nasa.gov/exoplanet-catalog/toi-7384-b/
277,TOI-6716 b,18.8873,0.911 Earths,14.8,2026,https://science.nasa.gov/exoplanet-catalog/toi-6716-b/
278,TOI-5788 b,97.614,3.72 Earths,10.153,2026,https://science.nasa.gov/exoplanet-catalog/toi-5788-b/
279,TOI-5788 c,97.614,6.4 Earths,10.153,2026,https://science.nasa.gov/exoplanet-catalog/toi-5788-c/
280,TOI-4529 b,28.384,4.9 Earths,12.214,2026,https://science.nasa.gov/exoplanet-catalog/toi-4529-b/
281,TOI-1774.01,53.974,8.5 Earths,8.25,2021,https://science.nasa.gov/exoplanet-catalog/toi-1774-01/
282,TOI-1243 b,43.1865,7.7 Earths,13.427,2026,https://science.nasa.gov/exoplanet-catalog/toi-1243-b/
283,TOI-1230.01,143.138,6.29 Earths,10.254,2021,https://science.nasa.gov/exoplanet-catalog/toi-1230-01/
284,TOI-1203.01,64.9943,7.39 Earths,8.59,2021,https://science.nasa.gov/exoplanet-catalog/toi-1203-01/
285,TOI-1054.01,88.4343,6.5 Earths,8.95,2021,https://science.nasa.gov/exoplanet-catalog/toi-1054-01/
286,TOI-836.01,27.5024,9.6 Earths,9.92,2021,https://science.nasa.gov/exoplanet-catalog/toi-836-01/
287,TOI-682.01,83.1548,13.5 Earths,9.969,2021,https://science.nasa.gov/exoplanet-catalog/toi-682-01/
288,TOI-469.01,68.192,9.1 Earths,9.49,2021,https://science.nasa.gov/exoplanet-catalog/toi-469-01/
289,TOI-261.02,114.495,11.2 Earths,9.56,2021,https://science.nasa.gov/exoplanet-catalog/toi-261-02/
290,TOI-1233.01,64.5978,6.98 Earths,9.25,2021,https://science.nasa.gov/exoplanet-catalog/toi-1233-01/
291,TOI-5789 e,20.4581,11.61 Earths,7.35063,2026,https://science.nasa.gov/exoplanet-catalog/toi-5789-e/
292,TOI-5789 d,20.4581,4.29 Earths,7.35063,2026,https://science.nasa.gov/exoplanet-catalog/toi-5789-d/
293,TOI-5789 b,20.4581,2.12 Earths,7.35063,2026,https://science.nasa.gov/exoplanet-catalog/toi-5789-b/
294,TOI-5789 c,20.4581,5 Earths,7.35063,2026,https://science.nasa.gov/exoplanet-catalog/toi-5789-c/
295,KMT-2022-BLG-1818L c,5300,0.36 Jupiters,Unknown,2026,https://science.nasa.gov/exoplanet-catalog/kmt-2022-blg-1818l-c/
296,KMT-2022-BLG-1818L b,5300,4 Jupiters,Unknown,2026,https://science.nasa.gov/exoplanet-catalog/kmt-2022-blg-1818l-b/
297,TOI-5422 b,346.141,28 Jupiters,11.499,2026,https://science.nasa.gov/exoplanet-catalog/toi-5422-b/
298,KMT-2024-BLG-1005L b,6950,21 Jupiters,Unknown,2025,https://science.nasa.gov/exoplanet-catalog/kmt-2024-blg-1005l-b/
299,NGTS-34 b,120.475,19.1 Earths,9.229,2025,https://science.nasa.gov/exoplanet-catalog/ngts-34-b/
300,TOI-7166 b,35.4153,4.7 Earths,15.79,2025,https://science.nasa.gov/exoplanet-catalog/toi-7166-b/
301,NGTS-35 b,183.078,0.47824548 Jupiters,13.059,2025,https://science.nasa.gov/exoplanet-catalog/ngts-35-b/
302,TOI-5349 b,188.336,0.4 Jupiters,15.685,2026,https://science.nasa.gov/exoplanet-catalog/toi-5349-b/
303,TOI-4666 b,154.749,0.489 Jupiters,15.333,2025,https://science.nasa.gov/exoplanet-catalog/toi-4666-b/
304,TOI-4507 b,178.26,20 Earths,10.806,2025,https://science.nasa.gov/exoplanet-catalog/toi-4507-b/
305,TOI-4940 b,345.659,0.28002532 Jupiters,12.448,2025,https://science.nasa.gov/exoplanet-catalog/toi-4940-b/
306,TOI-3288 b,200.5,1.687 Jupiters,14.979,2025,https://science.nasa.gov/exoplanet-catalog/toi-3288-b/
307,HD 128717 b,73.636,19.8 Jupiters,8.32,2025,https://science.nasa.gov/exoplanet-catalog/hd-128717-b/
308,V2376 Orionis b,Unknown,20 Jupiters,Unknown,2025,https://science.nasa.gov/exoplanet-catalog/v2376-orionis-b/
309,TOI-5489 c,45.0907,2.18 Earths,13.824,2025,https://science.nasa.gov/exoplanet-catalog/toi-5489-c/
310,TOI-5736 b,92.3604,3.05 Earths,13.553,2025,https://science.nasa.gov/exoplanet-catalog/toi-5736-b/
311,TOI-5728 b,54.7045,2.27 Earths,15.02,2025,https://science.nasa.gov/exoplanet-catalog/toi-5728-b/
312,TOI-5716 b,39.4122,0.84 Earths,15.83,2025,https://science.nasa.gov/exoplanet-catalog/toi-5716-b/
313,TOI-5489 b,45.0907,2.54 Earths,13.824,2025,https://science.nasa.gov/exoplanet-catalog/toi-5489-b/
314,TOI-6041 c,72.4731,0.24510081 Jupiters,9.838,2025,https://science.nasa.gov/exoplanet-catalog/toi-6041-c/
315,HIP 54515 b,82.8101,17.7 Jupiters,6.807,2026,https://science.nasa.gov/exoplanet-catalog/hip-54515-b/
316,TOI-6041 b,72.4731,28.9 Earths,9.838,2025,https://science.nasa.gov/exoplanet-catalog/toi-6041-b/
317,WASP-108 b,258.777,0.892 Jupiters,11.211,2020,https://science.nasa.gov/exoplanet-catalog/wasp-108-b/
318,TOI-1472 c,121.84,21.13 Earths,11.302,2025,https://science.nasa.gov/exoplanet-catalog/toi-1472-c/
319,TOI-7510 d,249.006,0.597 Jupiters,11.989,2025,https://science.nasa.gov/exoplanet-catalog/toi-7510-d/
320,TOI-7510 c,249.006,0.412 Jupiters,11.989,2025,https://science.nasa.gov/exoplanet-catalog/toi-7510-c/
321,TOI-7510 b,249.006,18.1 Earths,11.989,2025,https://science.nasa.gov/exoplanet-catalog/toi-7510-b/
322,TOI-1648 b,69.835,7.4 Earths,10.43,2025,https://science.nasa.gov/exoplanet-catalog/toi-1648-b/
323,TOI-912 b,26.1072,5.1 Earths,12.67,2025,https://science.nasa.gov/exoplanet-catalog/toi-912-b/
324,TOI-521 b,60.9425,5.3 Earths,14.691,2025,https://science.nasa.gov/exoplanet-catalog/toi-521-b/
325,TOI-1422 c,155.141,14 Earths,10.622,2025,https://science.nasa.gov/exoplanet-catalog/toi-1422-c/
326,2MASS J22501512+2325342 b,57.2309,30 Jupiters,14.784,2018,https://science.nasa.gov/exoplanet-catalog/2mass-j225015122325342-b/
327,TOI-6448 b,386.879,0.17 Jupiters,12.886,2025,https://science.nasa.gov/exoplanet-catalog/toi-6448-b/
328,TOI-333 b,352.269,20.1 Earths,12.205,2025,https://science.nasa.gov/exoplanet-catalog/toi-333-b/
329,KMT-2024-BLG-2242L b,7620,13.98444991 Earths,Unknown,2025,https://science.nasa.gov/exoplanet-catalog/kmt-2024-blg-2242l-b/
330,KMT-2024-BLG-2059L b,6070,6.99222495 Earths,Unknown,2025,https://science.nasa.gov/exoplanet-catalog/kmt-2024-blg-2059l-b/
331,KMT-2024-BLG-1281L b,7180,19.06970442 Earths,Unknown,2025,https://science.nasa.gov/exoplanet-catalog/kmt-2024-blg-1281l-b/
332,KMT-2023-BLG-0949L b,6060,5.98 Jupiters,Unknown,2025,https://science.nasa.gov/exoplanet-catalog/kmt-2023-blg-0949l-b/
333,KMT-2023-BLG-0830L b,7250,17.79839079 Earths,Unknown,2025,https://science.nasa.gov/exoplanet-catalog/kmt-2023-blg-0830l-b/
334,KMT-2023-BLG-0548L b,6830,3.42 Jupiters,Unknown,2025,https://science.nasa.gov/exoplanet-catalog/kmt-2023-blg-0548l-b/
335,BEBOP-4 AB b,234.294,26.3 Jupiters,9.646,2025,https://science.nasa.gov/exoplanet-catalog/bebop-4-ab-b/
336,TOI-756 c,86.1759,4.05 Jupiters,14.607,2025,https://science.nasa.gov/exoplanet-catalog/toi-756-c/
337,TOI-756 b,86.1759,9.83 Earths,14.607,2025,https://science.nasa.gov/exoplanet-catalog/toi-756-b/
338,TOI-283 b,82.7013,6.54 Earths,10.41,2025,https://science.nasa.gov/exoplanet-catalog/toi-283-b/
339,GJ 251 c,5.58057,3.88 Earths,9.89,2025,https://science.nasa.gov/exoplanet-catalog/gj-251-c/
340,BD+37 3172 b,454.251,10.6 Jupiters,9.162,2023,https://science.nasa.gov/exoplanet-catalog/bd37-3172-b/
341,OGLE-2016-BLG-1266L b,3080,12 Jupiters,Unknown,2018,https://science.nasa.gov/exoplanet-catalog/ogle-2016-blg-1266l-b/
342,HIP 111909 c,88.077,0.81 Jupiters,7.37,2025,https://science.nasa.gov/exoplanet-catalog/hip-111909-c/
343,HIP 111909 b,88.077,1.21 Jupiters,7.37,2025,https://science.nasa.gov/exoplanet-catalog/hip-111909-b/
344,HIP 18606 b,47.0288,0.77 Jupiters,5.83308,2025,https://science.nasa.gov/exoplanet-catalog/hip-18606-b/
345,TOI-2093 b,82.7982,10.6 Earths,11.925,2025,https://science.nasa.gov/exoplanet-catalog/toi-2093-b/
346,HD 196067 c,39.9346,10.4 Earths,6.51,2025,https://science.nasa.gov/exoplanet-catalog/hd-196067-c/
347,HD 23079 c,33.4591,8.26 Earths,7.12,2025,https://science.nasa.gov/exoplanet-catalog/hd-23079-c/
348,TOI-2345 c,81.6541,7.27 Earths,11.483,2025,https://science.nasa.gov/exoplanet-catalog/toi-2345-c/
349,TOI-2345 b,81.6541,3.49 Earths,11.483,2025,https://science.nasa.gov/exoplanet-catalog/toi-2345-b/
350,TOI-2093 c,82.7982,15.8 Earths,11.925,2025,https://science.nasa.gov/exoplanet-catalog/toi-2093-c/
351,55 Cancri B c,12.4773,5.3 Earths,13.152,2025,https://science.nasa.gov/exoplanet-catalog/55-cancri-b-c/
352,55 Cancri B b,12.4773,3.5 Earths,13.152,2025,https://science.nasa.gov/exoplanet-catalog/55-cancri-b-b/
353,BD+42 2315 b,610.715,0.55 Jupiters,9.723,2023,https://science.nasa.gov/exoplanet-catalog/bd42-2315-b/
354,NGTS-32 b,837.457,0.57 Jupiters,13.588,2025,https://science.nasa.gov/exoplanet-catalog/ngts-32-b/
355,TOI-6109 b,151.738,21.1 Earths,11.05,2025,https://science.nasa.gov/exoplanet-catalog/toi-6109-b/
356,TOI-6109 c,151.738,20.8 Earths,11.05,2025,https://science.nasa.gov/exoplanet-catalog/toi-6109-c/
357,NGTS-31 b,497.376,1.12 Jupiters,13.519,2025,https://science.nasa.gov/exoplanet-catalog/ngts-31-b/
358,TOI-2449 b,156.786,0.7 Jupiters,10.416,2025,https://science.nasa.gov/exoplanet-catalog/toi-2449-b/
359,HD 143811 AB b,136.608,6.1 Jupiters,8.91,2025,https://science.nasa.gov/exoplanet-catalog/hd-143811-ab-b/
360,TOI-5799 c,27.8123,3.75 Earths,13.29,2025,https://science.nasa.gov/exoplanet-catalog/toi-5799-c/
361,TOI-6223 b,133.122,22.6 Earths,14.22,2025,https://science.nasa.gov/exoplanet-catalog/toi-6223-b/
362,TOI-1743 b,41.2758,4.01 Earths,14.972,2025,https://science.nasa.gov/exoplanet-catalog/toi-1743-b/
363,TOI-1203 e,64.9943,0.13246141 Jupiters,8.59,2025,https://science.nasa.gov/exoplanet-catalog/toi-1203-e/
364,TOI-1203 c,64.9943,5.46 Earths,8.59,2025,https://science.nasa.gov/exoplanet-catalog/toi-1203-c/
365,TOI-1203 b,64.9943,3.51 Earths,8.59,2025,https://science.nasa.gov/exoplanet-catalog/toi-1203-b/
366,KMT-2024-BLG-0404L c,7210,17.3 Earths,Unknown,2025,https://science.nasa.gov/exoplanet-catalog/kmt-2024-blg-0404l-c/
367,KMT-2024-BLG-0404L b,7210,27.24 Jupiters,Unknown,2025,https://science.nasa.gov/exoplanet-catalog/kmt-2024-blg-0404l-b/
368,AU Microscopii e,9.7221,21.1 Earths,8.81,2025,https://science.nasa.gov/exoplanet-catalog/au-microscopii-e/
369,TOI-6420 b,634.712,8.2 Jupiters,12.994,2025,https://science.nasa.gov/exoplanet-catalog/toi-6420-b/
370,TOI-5350 b,277.419,6.59 Jupiters,11.953,2025,https://science.nasa.gov/exoplanet-catalog/toi-5350-b/
371,TOI-5261 b,377.054,11.49 Jupiters,12.68,2025,https://science.nasa.gov/exoplanet-catalog/toi-5261-b/
372,TOI-4773 b,492.888,5.31 Jupiters,12.075,2025,https://science.nasa.gov/exoplanet-catalog/toi-4773-b/
373,TOI-2141 d,77.682,14.9 Earths,9.46,2025,https://science.nasa.gov/exoplanet-catalog/toi-2141-d/
374,TOI-2141 c,77.682,6.14 Earths,9.46,2025,https://science.nasa.gov/exoplanet-catalog/toi-2141-c/
375,GJ 536 c,10.4092,5.89 Earths,9.71,2025,https://science.nasa.gov/exoplanet-catalog/gj-536-c/
376,TOI-1438 c,110.513,10.6 Earths,10.957,2025,https://science.nasa.gov/exoplanet-catalog/toi-1438-c/
377,TOI-1438 b,110.513,9.4 Earths,10.957,2025,https://science.nasa.gov/exoplanet-catalog/toi-1438-b/
378,HIP 41378 g,106.289,6.81 Earths,8.93,2025,https://science.nasa.gov/exoplanet-catalog/hip-41378-g/
379,K2-73 c,269.183,3.59313383 Jupiters,11.345,2025,https://science.nasa.gov/exoplanet-catalog/k2-73-c/
380,HD 28471 d,43.6455,4.91 Earths,7.89,2025,https://science.nasa.gov/exoplanet-catalog/hd-28471-d/
381,HD 28471 c,43.6455,5.72 Earths,7.89,2025,https://science.nasa.gov/exoplanet-catalog/hd-28471-c/
382,HD 28471 b,43.6455,3.72 Earths,7.89,2025,https://science.nasa.gov/exoplanet-catalog/hd-28471-b/
383,TOI-6330 b,139.042,10 Jupiters,16.33,2025,https://science.nasa.gov/exoplanet-catalog/toi-6330-b/
384,TOI-6303 b,152.219,7.84 Jupiters,14.639,2025,https://science.nasa.gov/exoplanet-catalog/toi-6303-b/
385,TOI-2322 b,59.861,2.31 Earths,10.912,2025,https://science.nasa.gov/exoplanet-catalog/toi-2322-b/
386,TOI-2322 c,59.861,18.1 Earths,10.912,2025,https://science.nasa.gov/exoplanet-catalog/toi-2322-c/
387,WISPIT 2 b,134.907,4.85 Jupiters,11.598,2025,https://science.nasa.gov/exoplanet-catalog/wispit-2-b/
388,WISPIT 1 c,230.007,5.3 Jupiters,13.182,2025,https://science.nasa.gov/exoplanet-catalog/wispit-1-c/
389,WISPIT 1 b,230.007,10.4 Jupiters,13.182,2025,https://science.nasa.gov/exoplanet-catalog/wispit-1-b/
390,HD 224018 d,105.48,4.2 Earths,9.715,2025,https://science.nasa.gov/exoplanet-catalog/hd-224018-d/
391,HD 224018 c,105.48,10.4 Earths,9.715,2025,https://science.nasa.gov/exoplanet-catalog/hd-224018-c/
392,HD 224018 b,105.48,4.1 Earths,9.715,2025,https://science.nasa.gov/exoplanet-catalog/hd-224018-b/
393,KMT-2023-BLG-1896L b,5490,16.35 Earths,Unknown,2025,https://science.nasa.gov/exoplanet-catalog/kmt-2023-blg-1896l-b/
394,KMT-2023-BLG-0119L b,5410,0.26334965 Jupiters,Unknown,2025,https://science.nasa.gov/exoplanet-catalog/kmt-2023-blg-0119l-b/
395,MOA-2022-BLG-033L b,1840,12.15 Earths,Unknown,2025,https://science.nasa.gov/exoplanet-catalog/moa-2022-blg-033l-b/
396,GJ 9773 b,15.9211,0.543 Jupiters,12.033,2025,https://science.nasa.gov/exoplanet-catalog/gj-9773-b/
397,TOI-880 c,60.6679,21.7 Earths,10.104,2025,https://science.nasa.gov/exoplanet-catalog/toi-880-c/
398,GJ 508.2 b,16.6374,1.85 Jupiters,10.61,2025,https://science.nasa.gov/exoplanet-catalog/gj-508-2-b/
399,OGLE-2015-BLG-1609L b,3300,0.24 Jupiters,Unknown,2025,https://science.nasa.gov/exoplanet-catalog/ogle-2015-blg-1609l-b/
400,TOI-6000 b,75.7664,0.779 Earths,15.454,2025,https://science.nasa.gov/exoplanet-catalog/toi-6000-b/
401,TOI-4155 b,240.737,10.4 Earths,11.85,2025,https://science.nasa.gov/exoplanet-catalog/toi-4155-b/
402,TOI-2719 b,588.368,29.9 Earths,12.684,2025,https://science.nasa.gov/exoplanet-catalog/toi-2719-b/
403,TOI-1346 b,115.45,6.3 Earths,11.693,2025,https://science.nasa.gov/exoplanet-catalog/toi-1346-b/
404,TOI-1346 c,115.45,5.6 Earths,11.693,2025,https://science.nasa.gov/exoplanet-catalog/toi-1346-c/
405,BEBOP-3 b,119.052,0.558 Jupiters,9.259,2025,https://science.nasa.gov/exoplanet-catalog/bebop-3-b/
406,TOI-7149 b,126.126,0.705 Jupiters,Unknown,2025,https://science.nasa.gov/exoplanet-catalog/toi-7149-b/
407,TOI-5817 b,80.7542,10.3 Earths,8.64,2025,https://science.nasa.gov/exoplanet-catalog/toi-5817-b/
408,TOI-5795 b,156.53,23.66 Earths,10.708,2025,https://science.nasa.gov/exoplanet-catalog/toi-5795-b/
409,Ross 176 b,46.4488,4.57 Earths,11.524,2025,https://science.nasa.gov/exoplanet-catalog/ross-176-b/
410,TOI-201 c,113.825,15.70029579 Jupiters,9.07,2025,https://science.nasa.gov/exoplanet-catalog/toi-201-c/
411,HD 135344 A b,141.595,10 Jupiters,7.765,2025,https://science.nasa.gov/exoplanet-catalog/hd-135344-a-b/
412,KMT-2024-BLG-1209L b,3930,2.64 Jupiters,Unknown,2025,https://science.nasa.gov/exoplanet-catalog/kmt-2024-blg-1209l-b/
413,MOA-2022-BLG-091L b,4250,3.59 Jupiters,Unknown,2025,https://science.nasa.gov/exoplanet-catalog/moa-2022-blg-091l-b/
414,TOI-1011 b,52.62,4.04 Earths,8.94,2025,https://science.nasa.gov/exoplanet-catalog/toi-1011-b/
415,L 98-59 f,10.6194,2.8 Earths,11.685,2025,https://science.nasa.gov/exoplanet-catalog/l-98-59-f/
416,TOI-5592 b,597.026,0.899 Jupiters,12.614,2025,https://science.nasa.gov/exoplanet-catalog/toi-5592-b/
417,TOI-5386 A b,394.486,0.488 Jupiters,11.554,2025,https://science.nasa.gov/exoplanet-catalog/toi-5386-a-b/
418,TOI-5340 b,532.629,0.85 Jupiters,12.399,2025,https://science.nasa.gov/exoplanet-catalog/toi-5340-b/
419,TOI-5322 b,476.899,0.579 Jupiters,12.733,2025,https://science.nasa.gov/exoplanet-catalog/toi-5322-b/
420,TOI-5210 b,302.086,0.258 Jupiters,12.118,2025,https://science.nasa.gov/exoplanet-catalog/toi-5210-b/
421,TOI-5181 A b,480.155,1.04 Jupiters,12.301,2025,https://science.nasa.gov/exoplanet-catalog/toi-5181-a-b/
422,TOI-4961 b,213.073,1.8 Jupiters,12.486,2025,https://science.nasa.gov/exoplanet-catalog/toi-4961-b/
423,TOI-4794 b,543.008,0.97 Jupiters,12.563,2025,https://science.nasa.gov/exoplanet-catalog/toi-4794-b/
424,TOI-4734 b,563.068,0.194 Jupiters,12.358,2025,https://science.nasa.gov/exoplanet-catalog/toi-4734-b/
425,TOI-4487 A b,479.145,1.25 Jupiters,12.109,2025,https://science.nasa.gov/exoplanet-catalog/toi-4487-a-b/
426,TOI-4214 b,346.881,0.52 Jupiters,11.79,2025,https://science.nasa.gov/exoplanet-catalog/toi-4214-b/
427,TOI-3980 b,486.721,0.59 Jupiters,12.549,2025,https://science.nasa.gov/exoplanet-catalog/toi-3980-b/
428,TOI-3877 b,493.77,0.314 Jupiters,12.215,2025,https://science.nasa.gov/exoplanet-catalog/toi-3877-b/
429,TOI-3856 b,314.443,0.54 Jupiters,12.292,2025,https://science.nasa.gov/exoplanet-catalog/toi-3856-b/
430,TOI-3682 b,404.211,0.218 Jupiters,11.678,2025,https://science.nasa.gov/exoplanet-catalog/toi-3682-b/
431,TOI-3593 b,226.63,1.78 Jupiters,12.201,2025,https://science.nasa.gov/exoplanet-catalog/toi-3593-b/
432,TOI-3523 A b,645.294,1.37 Jupiters,12.56,2025,https://science.nasa.gov/exoplanet-catalog/toi-3523-a-b/
433,TOI-3486 b,154.715,0.312 Jupiters,12.329,2025,https://science.nasa.gov/exoplanet-catalog/toi-3486-b/
434,TOI-3474 b,420.123,0.61 Jupiters,12.531,2025,https://science.nasa.gov/exoplanet-catalog/toi-3474-b/
435,TOI-3464 b,597.774,1.25 Jupiters,12.731,2025,https://science.nasa.gov/exoplanet-catalog/toi-3464-b/
436,TOI-3160 A b,567.678,1.19 Jupiters,12.649,2025,https://science.nasa.gov/exoplanet-catalog/toi-3160-a-b/
437,TOI-3135 b,221.673,1.03 Jupiters,11.79,2025,https://science.nasa.gov/exoplanet-catalog/toi-3135-b/
438,TOI-2992 b,542.026,3.33 Jupiters,12.603,2025,https://science.nasa.gov/exoplanet-catalog/toi-2992-b/
439,TOI-2986 b,563.149,0.304 Jupiters,12.633,2025,https://science.nasa.gov/exoplanet-catalog/toi-2986-b/
440,TOI-2886 b,413.673,1.4 Jupiters,12.265,2025,https://science.nasa.gov/exoplanet-catalog/toi-2886-b/
441,TOI-2876 b,225.744,0.17 Jupiters,12.401,2025,https://science.nasa.gov/exoplanet-catalog/toi-2876-b/
442,TOI-2382 b,434.92,0.74 Jupiters,11.814,2025,https://science.nasa.gov/exoplanet-catalog/toi-2382-b/
443,TOI-2346 b,437.484,1.24 Jupiters,12.366,2025,https://science.nasa.gov/exoplanet-catalog/toi-2346-b/
444,TOI-2169 A b,351.487,1.037 Jupiters,11.16,2025,https://science.nasa.gov/exoplanet-catalog/toi-2169-a-b/
445,TOI-2031 A b,276.105,0.8 Jupiters,11.254,2025,https://science.nasa.gov/exoplanet-catalog/toi-2031-a-b/
446,TOI-1238 b,70.7145,3.76 Earths,12.796,2022,https://science.nasa.gov/exoplanet-catalog/toi-1238-b/
447,TOI-1238 c,70.7145,8.32 Earths,12.796,2022,https://science.nasa.gov/exoplanet-catalog/toi-1238-c/
448,Proxima Centauri d,1.30119,0.26 Earths,11.01,2025,https://science.nasa.gov/exoplanet-catalog/proxima-centauri-d/
449,TOI-5800 b,42.9052,9.5 Earths,9.553001,2025,https://science.nasa.gov/exoplanet-catalog/toi-5800-b/
450,TOI-4465 b,121.139,5.89 Jupiters,10.427,2025,https://science.nasa.gov/exoplanet-catalog/toi-4465-b/
451,KOI-134 b,1159.21,1.09 Jupiters,13.773,2025,https://science.nasa.gov/exoplanet-catalog/koi-134-b/
452,KOI-134 c,1159.21,0.22 Jupiters,13.773,2025,https://science.nasa.gov/exoplanet-catalog/koi-134-c/
453,TIC 88785435 b,122.386,22.3 Earths,13.259,2025,https://science.nasa.gov/exoplanet-catalog/tic-88785435-b/
454,TOI-5882 b,416.104,22.01 Jupiters,11.315,2025,https://science.nasa.gov/exoplanet-catalog/toi-5882-b/
455,TOI-1846 b,47.2496,3.87 Earths,13.971,2025,https://science.nasa.gov/exoplanet-catalog/toi-1846-b/
456,WASP-149 b,211.73,0.991 Jupiters,11.687,2025,https://science.nasa.gov/exoplanet-catalog/wasp-149-b/
457,TIC 434398831 c,217.011,27 Earths,11.682,2025,https://science.nasa.gov/exoplanet-catalog/tic-434398831-c/
458,HD 102888 b,126.484,5.69 Jupiters,6.48,2025,https://science.nasa.gov/exoplanet-catalog/hd-102888-b/
459,TOI-771 c,25.2788,2.87 Earths,14.888,2025,https://science.nasa.gov/exoplanet-catalog/toi-771-c/
460,TOI-5573 b,186.562,0.35 Jupiters,15.508,2025,https://science.nasa.gov/exoplanet-catalog/toi-5573-b/
461,TOI-2005 b,328.475,6.4 Jupiters,9.867,2025,https://science.nasa.gov/exoplanet-catalog/toi-2005-b/
462,K2-157 c,298.373,30.8 Earths,12.942,2025,https://science.nasa.gov/exoplanet-catalog/k2-157-c/
463,OGLE-2016-BLG-0007L b,4300,1.32 Earths,Unknown,2025,https://science.nasa.gov/exoplanet-catalog/ogle-2016-blg-0007l-b/
464,TOI-1266 d,36.0118,3.68 Earths,12.941,2025,https://science.nasa.gov/exoplanet-catalog/toi-1266-d/
465,TOI-3493 b,96.7224,8.97 Earths,9.317,2025,https://science.nasa.gov/exoplanet-catalog/toi-3493-b/
466,G 261-6 b,10.6267,1.37 Earths,15.75,2025,https://science.nasa.gov/exoplanet-catalog/g-261-6-b/
467,G 192-15 b,9.53114,1.03 Earths,14.64,2025,https://science.nasa.gov/exoplanet-catalog/g-192-15-b/
468,G 192-15 c,9.53114,14.3 Earths,14.64,2025,https://science.nasa.gov/exoplanet-catalog/g-192-15-c/
469,G 268-110 b,1629.2960326397,1.52 Earths,14.7,2025,https://science.nasa.gov/exoplanet-catalog/g-268-110-b/
470,TOI-6695 b,282.536,0.21 Jupiters,10.768,2025,https://science.nasa.gov/exoplanet-catalog/toi-6695-b/
471,Kepler-279 e,1037.4,0.1761957 Jupiters,13.647,2025,https://science.nasa.gov/exoplanet-catalog/kepler-279-e/
472,HD 94890 c,61.7012,8.91 Jupiters,4.6,2025,https://science.nasa.gov/exoplanet-catalog/hd-94890-c/
473,TIC 434398831 b,217.011,12.1 Earths,11.682,2025,https://science.nasa.gov/exoplanet-catalog/tic-434398831-b/
474,WASP-102 b,535.689,0.622 Jupiters,12.667,2025,https://science.nasa.gov/exoplanet-catalog/wasp-102-b/
475,WASP-155 b,399.63,0.871 Jupiters,12.365,2025,https://science.nasa.gov/exoplanet-catalog/wasp-155-b/
476,HD 94890 b,61.7012,2.13 Jupiters,4.6,2025,https://science.nasa.gov/exoplanet-catalog/hd-94890-b/
477,HD 87816 c,133.233,12.2 Jupiters,6.5,2025,https://science.nasa.gov/exoplanet-catalog/hd-87816-c/
478,WASP-116 b,559.243,0.64 Jupiters,12.517,2025,https://science.nasa.gov/exoplanet-catalog/wasp-116-b/
479,WASP-195 b,484.852,33.05415433 Earths,11.947,2025,https://science.nasa.gov/exoplanet-catalog/wasp-195-b/
480,TOI-1803 b,119.24,10.32 Earths,11.871,2025,https://science.nasa.gov/exoplanet-catalog/toi-1803-b/
481,TOI-1803 c,119.24,8 Earths,11.871,2025,https://science.nasa.gov/exoplanet-catalog/toi-1803-c/
482,OGLE-2017-BLG-0364L b,7860,0.23849347 Jupiters,Unknown,2024,https://science.nasa.gov/exoplanet-catalog/ogle-2017-blg-0364l-b/
483,KMT-2021-BLG-0736L b,7000,21 Earths,Unknown,2025,https://science.nasa.gov/exoplanet-catalog/kmt-2021-blg-0736l-b/
484,ZTF J1230-2655 b,186.69,22.1 Jupiters,18.9116,2025,https://science.nasa.gov/exoplanet-catalog/ztf-j1230-2655-b/
485,HD 35843 c,69.6026,11.32 Earths,9.36,2025,https://science.nasa.gov/exoplanet-catalog/hd-35843-c/
486,LP 261-75 b,33.928,21 Jupiters,15.436,2006,https://science.nasa.gov/exoplanet-catalog/lp-261-75-b/
487,TOI-2969 b,163.996,1.16 Jupiters,12.796,2025,https://science.nasa.gov/exoplanet-catalog/toi-2969-b/
488,TOI-6894 b,73.8131,0.168 Jupiters,Unknown,2025,https://science.nasa.gov/exoplanet-catalog/toi-6894-b/
489,WASP-197 b,483.675,1.269 Jupiters,11.565,2025,https://science.nasa.gov/exoplanet-catalog/wasp-197-b/
490,KMT-2019-BLG-0578L b,7300,1.2 Jupiters,Unknown,2025,https://science.nasa.gov/exoplanet-catalog/kmt-2019-blg-0578l-b/
491,WASP-194 b,476.831,1.174 Jupiters,11.985,2025,https://science.nasa.gov/exoplanet-catalog/wasp-194-b/
492,K2-157 d,298.373,23.3 Earths,12.942,2025,https://science.nasa.gov/exoplanet-catalog/k2-157-d/
493,TOI-2076 e,41.9091,4.7 Earths,9.139,2025,https://science.nasa.gov/exoplanet-catalog/toi-2076-e/
494,TOI-2989 b,195.795,3 Jupiters,13.859,2025,https://science.nasa.gov/exoplanet-catalog/toi-2989-b/
495,Gl 410 b,11.9324,8.4 Earths,9.57,2025,https://science.nasa.gov/exoplanet-catalog/gl-410-b/
496,HD 87816 b,133.233,6.74 Jupiters,6.5,2025,https://science.nasa.gov/exoplanet-catalog/hd-87816-b/
497,KMT-2017-BLG-0849L b,7220,6.39 Earths,Unknown,2024,https://science.nasa.gov/exoplanet-catalog/kmt-2017-blg-0849l-b/
498,KMT-2017-BLG-2331L b,8030,0.53802617 Jupiters,Unknown,2024,https://science.nasa.gov/exoplanet-catalog/kmt-2017-blg-2331l-b/
499,TOI-5300 b,162.51,0.6 Jupiters,13.869,2025,https://science.nasa.gov/exoplanet-catalog/toi-5300-b/
500,KMT-2017-BLG-1057L b,6500,23.5 Earths,Unknown,2024,https://science.nasa.gov/exoplanet-catalog/kmt-2017-blg-1057l-b/
501,WASP-188 b,675.281,1.443 Jupiters,12.165,2025,https://science.nasa.gov/exoplanet-catalog/wasp-188-b/
502,Kepler-289 e,704.438,17.4 Earths,14.142,2025,https://science.nasa.gov/exoplanet-catalog/kepler-289-e/
503,BD+05 4868 A b,43.5687,6.2 Earths,10.158,2025,https://science.nasa.gov/exoplanet-catalog/bd05-4868-a-b/
504,TOI-6324 b,20.5488,1.17 Earths,13.386,2025,https://science.nasa.gov/exoplanet-catalog/toi-6324-b/
505,WASP-154 b,215.501,0.626 Jupiters,13.191,2025,https://science.nasa.gov/exoplanet-catalog/wasp-154-b/
506,HD 35843 b,69.6026,5.84 Earths,9.36,2025,https://science.nasa.gov/exoplanet-catalog/hd-35843-b/
507,TOI-6478 b,38.6057,19.2 Earths,15.99,2025,https://science.nasa.gov/exoplanet-catalog/toi-6478-b/
508,Kepler-725 c,758.469,9.7 Earths,15.145,2025,https://science.nasa.gov/exoplanet-catalog/kepler-725-c/
509,TOI-1117 d,167.598,10.71 Earths,11.016,2025,https://science.nasa.gov/exoplanet-catalog/toi-1117-d/
510,TOI-1117 c,167.598,8.78 Earths,11.016,2025,https://science.nasa.gov/exoplanet-catalog/toi-1117-c/
511,TOI-2407 b,92.4366,16.8 Earths,14.68,2025,https://science.nasa.gov/exoplanet-catalog/toi-2407-b/
512,TOI-1117 b,167.598,8.9 Earths,11.016,2025,https://science.nasa.gov/exoplanet-catalog/toi-1117-b/
513,CoRoT-32 b,576.683,0.15 Jupiters,13.626,2018,https://science.nasa.gov/exoplanet-catalog/corot-32-b/
514,TOI-6695 c,282.536,1.45 Jupiters,10.768,2025,https://science.nasa.gov/exoplanet-catalog/toi-6695-c/
515,Kepler-139 f,391.038,36 Earths,12.775,2025,https://science.nasa.gov/exoplanet-catalog/kepler-139-f/
516,AT2021ueyL b,1040,1.34 Jupiters,Unknown,2025,https://science.nasa.gov/exoplanet-catalog/at2021ueyl-b/
517,KMT-2017-BLG-2197L b,7800,8.84 Jupiters,Unknown,2025,https://science.nasa.gov/exoplanet-catalog/kmt-2017-blg-2197l-b/
518,KMT-2022-BLG-2076L b,5570,0.88 Jupiters,Unknown,2025,https://science.nasa.gov/exoplanet-catalog/kmt-2022-blg-2076l-b/
519,ZTF J1828+2308 b,201.827,20 Jupiters,18.0447,2025,https://science.nasa.gov/exoplanet-catalog/ztf-j18282308-b/
520,KMT-2022-BLG-1790L b,6480,1.73 Jupiters,Unknown,2025,https://science.nasa.gov/exoplanet-catalog/kmt-2022-blg-1790l-b/
521,KMT-2023-BLG-2209L b,5570,0.8 Jupiters,Unknown,2025,https://science.nasa.gov/exoplanet-catalog/kmt-2023-blg-2209l-b/
522,GJ 1289 b,8.35147,6.27 Earths,12.48,2024,https://science.nasa.gov/exoplanet-catalog/gj-1289-b/
523,TOI-1453 b,78.7415,2.32 Earths,11.113,2025,https://science.nasa.gov/exoplanet-catalog/toi-1453-b/
524,TOI-1453 c,78.7415,2.95 Earths,11.113,2025,https://science.nasa.gov/exoplanet-catalog/toi-1453-c/
525,TOI-7041 b,439.52,0.36 Jupiters,11.251,2025,https://science.nasa.gov/exoplanet-catalog/toi-7041-b/
526,TOI-5143 c,181.38,Unknown,11.935,2025,https://science.nasa.gov/exoplanet-catalog/toi-5143-c/
527,TOI-4364 b,43.9662,4.7 Earths,13.564,2025,https://science.nasa.gov/exoplanet-catalog/toi-4364-b/
528,KOI-1843.03,134.311,8 Earths,15.295,2013,https://science.nasa.gov/exoplanet-catalog/koi-1843-03/
529,TOI-2015 c,47.3444,8.91 Earths,16.11,2025,https://science.nasa.gov/exoplanet-catalog/toi-2015-c/
530,TOI-512 b,67.3975,3.57 Earths,9.735,2025,https://science.nasa.gov/exoplanet-catalog/toi-512-b/
531,GJ 3998 d,18.1459,6.07 Earths,10.844,2025,https://science.nasa.gov/exoplanet-catalog/gj-3998-d/
532,Barnard e,1.82655,0.193 Earths,9.54,2025,https://science.nasa.gov/exoplanet-catalog/barnard-e/
533,Barnard d,1.82655,0.263 Earths,9.54,2025,https://science.nasa.gov/exoplanet-catalog/barnard-d/
534,Barnard c,1.82655,0.335 Earths,9.54,2025,https://science.nasa.gov/exoplanet-catalog/barnard-c/
535,TOI-2295 c,126.279,5.61 Jupiters,9.595,2024,https://science.nasa.gov/exoplanet-catalog/toi-2295-c/
536,TOI-6628 b,320.527,0.74 Jupiters,12.9,2025,https://science.nasa.gov/exoplanet-catalog/toi-6628-b/
537,TOI-5027 b,204.429,2.02 Jupiters,11.566,2025,https://science.nasa.gov/exoplanet-catalog/toi-5027-b/
538,TOI-3837 b,311.705,0.59 Jupiters,11.673,2025,https://science.nasa.gov/exoplanet-catalog/toi-3837-b/
539,TOI-2328 b,231.782,0.16 Jupiters,12.331,2025,https://science.nasa.gov/exoplanet-catalog/toi-2328-b/
540,TOI-2295 b,126.279,0.875 Jupiters,9.595,2024,https://science.nasa.gov/exoplanet-catalog/toi-2295-b/
541,GJ 2126 b,38.129,1.3 Jupiters,10.7,2025,https://science.nasa.gov/exoplanet-catalog/gj-2126-b/
542,TOI-2537 c,184.986,7.23 Jupiters,13.236,2024,https://science.nasa.gov/exoplanet-catalog/toi-2537-c/
543,TOI-5110 b,392.259,2.9 Jupiters,11.06,2024,https://science.nasa.gov/exoplanet-catalog/toi-5110-b/
544,TOI-2537 b,184.986,1.307 Jupiters,13.236,2024,https://science.nasa.gov/exoplanet-catalog/toi-2537-b/
545,Gl 725 A b,3.5214,2.78 Earths,8.94,2025,https://science.nasa.gov/exoplanet-catalog/gl-725-a-b/
546,GJ 341 b,10.454,4 Earths,9.49,2025,https://science.nasa.gov/exoplanet-catalog/gj-341-b/
547,KOBE-1 c,23.9718,12.4 Earths,10.1,2025,https://science.nasa.gov/exoplanet-catalog/kobe-1-c/
548,KOBE-1 b,23.9718,8.8 Earths,10.1,2025,https://science.nasa.gov/exoplanet-catalog/kobe-1-b/
549,K2-99 c,519.229,8.4 Jupiters,11.149,2022,https://science.nasa.gov/exoplanet-catalog/k2-99-c/
550,Gaia-5 b,41.1813,20.87 Jupiters,14.61,2025,https://science.nasa.gov/exoplanet-catalog/gaia-5-b/
551,Gaia-4 b,73.4829,11.8 Jupiters,12.405,2025,https://science.nasa.gov/exoplanet-catalog/gaia-4-b/
552,HD 20794 f,6.0414,5.82 Earths,4.258,2025,https://science.nasa.gov/exoplanet-catalog/hd-20794-f/
553,K2-360 c,232.1,15.23 Earths,11.746,2024,https://science.nasa.gov/exoplanet-catalog/k2-360-c/
554,WASP-132 d,122.91,5.16 Jupiters,11.938,2024,https://science.nasa.gov/exoplanet-catalog/wasp-132-d/
555,HD 73344 d,35.26,2.55 Jupiters,6.89351,2025,https://science.nasa.gov/exoplanet-catalog/hd-73344-d/
556,HD 73344 c,35.26,0.373 Jupiters,6.89351,2025,https://science.nasa.gov/exoplanet-catalog/hd-73344-c/
557,HD 101581 b,12.7781,0.827 Earths,7.77,2025,https://science.nasa.gov/exoplanet-catalog/hd-101581-b/
558,HD 101581 c,12.7781,0.937 Earths,7.77,2025,https://science.nasa.gov/exoplanet-catalog/hd-101581-c/
559,TOI-6130 b,220.882,1.05 Jupiters,11.21,2024,https://science.nasa.gov/exoplanet-catalog/toi-6130-b/
560,TOI-6038 A b,179.147,0.24698862 Jupiters,9.913,2025,https://science.nasa.gov/exoplanet-catalog/toi-6038-a-b/
561,TOI-6016 b,364.715,1.17 Jupiters,11.886,2024,https://science.nasa.gov/exoplanet-catalog/toi-6016-b/
562,TOI-5786 b,192.475,0.22968369 Jupiters,10.186,2025,https://science.nasa.gov/exoplanet-catalog/toi-5786-b/
563,TOI-5108 b,130.919,32 Earths,9.75,2025,https://science.nasa.gov/exoplanet-catalog/toi-5108-b/
564,TOI-2580 b,379.253,0.63 Jupiters,11.419,2024,https://science.nasa.gov/exoplanet-catalog/toi-2580-b/
565,TOI-1295 b,388.227,1.42 Jupiters,11.303,2024,https://science.nasa.gov/exoplanet-catalog/toi-1295-b/
566,TOI-4504 d,342.605,2.02 Jupiters,13.364,2024,https://science.nasa.gov/exoplanet-catalog/toi-4504-d/
567,KMT-2023-BLG-1743L b,7130,20 Jupiters,Unknown,2024,https://science.nasa.gov/exoplanet-catalog/kmt-2023-blg-1743l-b/
568,KMT-2022-BLG-2286L b,7320,19 Jupiters,Unknown,2024,https://science.nasa.gov/exoplanet-catalog/kmt-2022-blg-2286l-b/
569,KMT-2024-BLG-1044L b,7140,7.75 Earths,Unknown,2024,https://science.nasa.gov/exoplanet-catalog/kmt-2024-blg-1044l-b/
570,TOI-6383 A b,171.319,1.04 Jupiters,16.63,2024,https://science.nasa.gov/exoplanet-catalog/toi-6383-a-b/
571,TOI-5688 A b,226.318,0.39 Jupiters,15.78,2024,https://science.nasa.gov/exoplanet-catalog/toi-5688-a-b/
572,TOI-4504 b,342.605,0.45 Jupiters,13.364,2024,https://science.nasa.gov/exoplanet-catalog/toi-4504-b/
573,TOI-4504 c,342.605,2.58 Jupiters,13.364,2024,https://science.nasa.gov/exoplanet-catalog/toi-4504-c/
574,HD 86728 b,14.9263,9.43 Earths,5.378,2025,https://science.nasa.gov/exoplanet-catalog/hd-86728-b/
575,KMT-2022-BLG-0303L b,6570,0.513 Jupiters,Unknown,2024,https://science.nasa.gov/exoplanet-catalog/kmt-2022-blg-0303l-b/
576,KMT-2021-BLG-2609L b,7480,10.17050902 Earths,Unknown,2024,https://science.nasa.gov/exoplanet-catalog/kmt-2021-blg-2609l-b/
577,TOI-4994 b,329.304,0.28 Jupiters,12.652,2024,https://science.nasa.gov/exoplanet-catalog/toi-4994-b/
578,TOI-406 c,31.0597,2.08 Earths,13.773,2024,https://science.nasa.gov/exoplanet-catalog/toi-406-c/
579,TOI-2458 c,112.958,10.22 Earths,9.202,2024,https://science.nasa.gov/exoplanet-catalog/toi-2458-c/
580,IRAS 04125+2902 b,159.244,0.254 Jupiters,15.642,2024,https://science.nasa.gov/exoplanet-catalog/iras-041252902-b/
581,NGTS-33 b,437.855,3.63 Jupiters,11.604,2024,https://science.nasa.gov/exoplanet-catalog/ngts-33-b/
582,TOI-6054.02,79.407,9.3 Earths,8.020001,2024,https://science.nasa.gov/exoplanet-catalog/toi-6054-02/
583,TOI-6054.01,79.407,12.5 Earths,8.020001,2024,https://science.nasa.gov/exoplanet-catalog/toi-6054-01/
584,TOI-5726.01,108.848,7.05 Earths,9.736,2024,https://science.nasa.gov/exoplanet-catalog/toi-5726-01/
585,TOI-4638.01,168.248,8.92 Earths,11.657,2024,https://science.nasa.gov/exoplanet-catalog/toi-4638-01/
586,TOI-2458 b,112.958,13.31 Earths,9.202,2024,https://science.nasa.gov/exoplanet-catalog/toi-2458-b/
587,TOI-2211.01,70.2932,3.06 Earths,10,2024,https://science.nasa.gov/exoplanet-catalog/toi-2211-01/
588,TOI-1782.02,95.2649,4.04 Earths,12.329,2024,https://science.nasa.gov/exoplanet-catalog/toi-1782-02/
589,TOI-1782.01,95.2649,6.2 Earths,12.329,2024,https://science.nasa.gov/exoplanet-catalog/toi-1782-01/
590,TOI-1777.01,79.7665,5.67 Earths,9.31,2024,https://science.nasa.gov/exoplanet-catalog/toi-1777-01/
591,TOI-1772.01,97.7562,8.78 Earths,9.955,2024,https://science.nasa.gov/exoplanet-catalog/toi-1772-01/
592,TOI-1768.01,157.597,11.8 Earths,10.419,2024,https://science.nasa.gov/exoplanet-catalog/toi-1768-01/
593,TOI-1744.01,114.39,7.65 Earths,9.543,2024,https://science.nasa.gov/exoplanet-catalog/toi-1744-01/
594,TOI-1716.01,104.158,10 Earths,9.406,2024,https://science.nasa.gov/exoplanet-catalog/toi-1716-01/
595,TOI-1659.01,122.494,5.71 Earths,10.078,2024,https://science.nasa.gov/exoplanet-catalog/toi-1659-01/
596,TOI-1630.01,66.0929,6.42 Earths,9.624,2024,https://science.nasa.gov/exoplanet-catalog/toi-1630-01/
597,TOI-1301.01,90.8693,6.7 Earths,11.337,2024,https://science.nasa.gov/exoplanet-catalog/toi-1301-01/
598,TOI-6651 b,212.128,0.19192746 Jupiters,10.242,2024,https://science.nasa.gov/exoplanet-catalog/toi-6651-b/
599,TOI-6002 b,32.0266,3.36 Earths,14.6,2024,https://science.nasa.gov/exoplanet-catalog/toi-6002-b/
600,TOI-5713 b,40.8668,3.78 Earths,15.355,2024,https://science.nasa.gov/exoplanet-catalog/toi-5713-b/
601,TOI-5319 b,61.171,8.4 Earths,13.947,2024,https://science.nasa.gov/exoplanet-catalog/toi-5319-b/
602,TOI-2768 b,78.4525,7.41 Earths,12.66,2024,https://science.nasa.gov/exoplanet-catalog/toi-2768-b/
603,TOI-2274 b,48.876,6.57 Earths,11.995,2024,https://science.nasa.gov/exoplanet-catalog/toi-2274-b/
604,TOI-1883 b,115.369,13.7 Earths,15.792,2024,https://science.nasa.gov/exoplanet-catalog/toi-1883-b/
605,Kepler-51 e,783.831,5.4 Earths,14.885,2024,https://science.nasa.gov/exoplanet-catalog/kepler-51-e/
606,TOI-5005 b,207.891,32.7 Earths,11.867,2024,https://science.nasa.gov/exoplanet-catalog/toi-5005-b/
607,KMT-2023-BLG-1866L b,6210,2.63 Earths,Unknown,2024,https://science.nasa.gov/exoplanet-catalog/kmt-2023-blg-1866l-b/
608,KMT-2016-BLG-2321L b,3580,0.95 Jupiters,Unknown,2024,https://science.nasa.gov/exoplanet-catalog/kmt-2016-blg-2321l-b/
609,MOA-2016-BLG-526L b,6930,14.93793513 Earths,Unknown,2024,https://science.nasa.gov/exoplanet-catalog/moa-2016-blg-526l-b/
610,OGLE-2016-BLG-1800L b,6480,2.59 Jupiters,Unknown,2024,https://science.nasa.gov/exoplanet-catalog/ogle-2016-blg-1800l-b/
611,OGLE-2016-BLG-1598L b,5910,0.38 Jupiters,Unknown,2024,https://science.nasa.gov/exoplanet-catalog/ogle-2016-blg-1598l-b/
612,KOI-4978 b,936.341,0.271 Earths,15.633,2024,https://science.nasa.gov/exoplanet-catalog/koi-4978-b/
613,HD 75898 c,78.0505,8.49 Jupiters,8.03,2024,https://science.nasa.gov/exoplanet-catalog/hd-75898-c/
614,Kepler-1489 c,1283.05,0.087 Earths,14.983,2024,https://science.nasa.gov/exoplanet-catalog/kepler-1489-c/
615,Kepler-879 c,802.672,0.0364 Earths,14.429,2024,https://science.nasa.gov/exoplanet-catalog/kepler-879-c/
616,Kepler-963 c,771.494,0.156 Earths,15.091,2024,https://science.nasa.gov/exoplanet-catalog/kepler-963-c/
617,Kepler-158 d,315.177,0.0472 Earths,14.743,2024,https://science.nasa.gov/exoplanet-catalog/kepler-158-d/
618,TOI-2485 b,397.953,2.412 Jupiters,11.935,2024,https://science.nasa.gov/exoplanet-catalog/toi-2485-b/
619,TOI-2420 b,435.174,0.927 Jupiters,11.574,2024,https://science.nasa.gov/exoplanet-catalog/toi-2420-b/
620,Barnard b,1.82655,0.299 Earths,9.54,2024,https://science.nasa.gov/exoplanet-catalog/barnard-b/
621,HD 222237 b,11.4469,5.19 Jupiters,7.09,2024,https://science.nasa.gov/exoplanet-catalog/hd-222237-b/
622,HIP 67522 c,127.28,0.152 Jupiters,9.79,2024,https://science.nasa.gov/exoplanet-catalog/hip-67522-c/
623,TOI-4562 c,339.605,5.77 Jupiters,12.14,2024,https://science.nasa.gov/exoplanet-catalog/toi-4562-c/
624,TOI-4914 b,299.89,0.71422187 Jupiters,12.235,2024,https://science.nasa.gov/exoplanet-catalog/toi-4914-b/
625,TOI-2981 b,527.789,2.00737249 Jupiters,13.361,2024,https://science.nasa.gov/exoplanet-catalog/toi-2981-b/
626,TOI-2714 b,597.873,0.71736822 Jupiters,13.468,2024,https://science.nasa.gov/exoplanet-catalog/toi-2714-b/
627,HD 21520 b,79.208,17.7 Earths,9.17,2024,https://science.nasa.gov/exoplanet-catalog/hd-21520-b/
628,TOI-3568 b,197.906,26.4 Earths,12.879,2024,https://science.nasa.gov/exoplanet-catalog/toi-3568-b/
629,TOI-2384 b,191.51,1.966 Jupiters,15.103,2024,https://science.nasa.gov/exoplanet-catalog/toi-2384-b/
630,TOI-2379 b,211.247,5.76 Jupiters,15.548,2024,https://science.nasa.gov/exoplanet-catalog/toi-2379-b/
631,TOI-6034 b,117.992,0.798 Jupiters,15.189,2024,https://science.nasa.gov/exoplanet-catalog/toi-6034-b/
632,TIC 4672985 b,253.385,12.74 Jupiters,11.501,2024,https://science.nasa.gov/exoplanet-catalog/tic-4672985-b/
633,OGLE-2017-BLG-0448L b,7530,15.6 Earths,Unknown,2024,https://science.nasa.gov/exoplanet-catalog/ogle-2017-blg-0448l-b/
634,TOI-5218 b,377.483,2.06715317 Jupiters,16.044,2024,https://science.nasa.gov/exoplanet-catalog/toi-5218-b/
635,TOI-2529 b,296.271,2.34 Jupiters,11.529,2024,https://science.nasa.gov/exoplanet-catalog/toi-2529-b/
636,TOI-286 c,59.2293,3.72 Earths,9.866,2024,https://science.nasa.gov/exoplanet-catalog/toi-286-c/
637,,59.2293,4.53 Earths,9.866,2024,https://science.nasa.gov/exoplanet-catalog/toi-286-b/
638,TOI-5616 b,390.415,1.96332356 Jupiters,16.74,2024,https://science.nasa.gov/exoplanet-catalog/toi-5616-b/
639,K2-419 A b,268.685,0.617 Jupiters,16.52,2024,https://science.nasa.gov/exoplanet-catalog/k2-419-a-b/
640,TOI-5634 A b,306.144,1.85005489 Jupiters,16.854,2024,https://science.nasa.gov/exoplanet-catalog/toi-5634-a-b/
641,"Debug: VIP-CLI v3.7.1, Node v18.20.1, linux 5.15.153.1-microsoft-standard-WSL2 x64",20.3167,1.44 Earths,12.747,2024,https://science.nasa.gov/exoplanet-catalog/toi-6255-b/
642,HD 118203 c,92.2589,11.79 Jupiters,8.05,2024,https://science.nasa.gov/exoplanet-catalog/hd-118203-c/
643,TOI-4379 b,645.158,1.113 Jupiters,12.661,2024,https://science.nasa.gov/exoplanet-catalog/toi-4379-b/
644,TOI-6029 b,603.119,1.635 Jupiters,12.858,2024,https://science.nasa.gov/exoplanet-catalog/toi-6029-b/
645,GJ 238 b,15.2142,0.126 Earths,11.62,2024,https://science.nasa.gov/exoplanet-catalog/gj-238-b/
646,TOI-1408 c,139.484,7.6 Earths,9.270001,2024,https://science.nasa.gov/exoplanet-catalog/toi-1408-c/
647,Gaia22dkvL b,1270,0.591 Jupiters,Unknown,2024,https://science.nasa.gov/exoplanet-catalog/gaia22dkvl-b/
648,TOI-1798.02,113.181,5.6 Earths,11.361,2024,https://science.nasa.gov/exoplanet-catalog/toi-1798-02/
649,HD 77946 b,99.451,10.9 Earths,8.99,2024,https://science.nasa.gov/exoplanet-catalog/hd-77946-b/
650,HD 6061 b,67.6203,10 Earths,8.844,2023,https://science.nasa.gov/exoplanet-catalog/hd-6061-b/
651,HD 135694 b,73.8713,6.1 Earths,9.08,2023,https://science.nasa.gov/exoplanet-catalog/hd-135694-b/
652,TOI-757 b,60.3418,10.5 Earths,9.743,2024,https://science.nasa.gov/exoplanet-catalog/toi-757-b/
653,HD 25463 c,45.6181,4.3 Earths,6.91134,2023,https://science.nasa.gov/exoplanet-catalog/hd-25463-c/
654,HD 25463 b,45.6181,8.7 Earths,6.91134,2023,https://science.nasa.gov/exoplanet-catalog/hd-25463-b/
655,HIP 8152 c,101.694,10.7 Earths,10.07,2023,https://science.nasa.gov/exoplanet-catalog/hip-8152-c/
656,HIP 8152 b,101.694,8.9 Earths,10.07,2023,https://science.nasa.gov/exoplanet-catalog/hip-8152-b/
657,WASP-156 b,122.066,0.13214678 Jupiters,11.559,2017,https://science.nasa.gov/exoplanet-catalog/wasp-156-b/
658,TOI-1410 c,72.7512,27 Earths,11.111,2024,https://science.nasa.gov/exoplanet-catalog/toi-1410-c/
659,TOI-1294 c,332.648,0.46251372 Jupiters,11.314,2024,https://science.nasa.gov/exoplanet-catalog/toi-1294-c/
660,TIC 46432937 b,90.5369,3.2 Jupiters,14.268,2024,https://science.nasa.gov/exoplanet-catalog/tic-46432937-b/
661,TIC 241249530 b,324.448,4.98 Jupiters,11.908,2024,https://science.nasa.gov/exoplanet-catalog/tic-241249530-b/
662,TOI-3261 b,300.141,30.3 Earths,13.261,2024,https://science.nasa.gov/exoplanet-catalog/toi-3261-b/
663,TOI-2128 b,36.578,4.5 Earths,7.22142,2024,https://science.nasa.gov/exoplanet-catalog/toi-2128-b/
664,TOI-2088 b,126.46,37 Earths,11.638,2024,https://science.nasa.gov/exoplanet-catalog/toi-2088-b/
665,TOI-1836 c,191.649,8 Earths,9.765,2024,https://science.nasa.gov/exoplanet-catalog/toi-1836-c/
666,TOI-1836 b,191.649,38.45723725 Earths,9.765,2024,https://science.nasa.gov/exoplanet-catalog/toi-1836-b/
667,TOI-1824 b,59.4314,16 Earths,9.721,2024,https://science.nasa.gov/exoplanet-catalog/toi-1824-b/
668,TOI-1799 b,62.1274,4 Earths,8.98,2024,https://science.nasa.gov/exoplanet-catalog/toi-1799-b/
669,TOI-1794 b,155.791,8.7 Earths,10.32,2024,https://science.nasa.gov/exoplanet-catalog/toi-1794-b/
670,TOI-1776 b,44.647,1.4 Earths,8.26,2024,https://science.nasa.gov/exoplanet-catalog/toi-1776-b/
671,TOI-1775 b,149.234,0.30204978 Jupiters,11.648,2024,https://science.nasa.gov/exoplanet-catalog/toi-1775-b/
672,TOI-1758 b,96.6215,6.9 Earths,10.794,2024,https://science.nasa.gov/exoplanet-catalog/toi-1758-b/
673,TOI-1753 b,226.671,16.6 Earths,11.831,2024,https://science.nasa.gov/exoplanet-catalog/toi-1753-b/
674,TOI-1723 b,100.727,10.4 Earths,9.664,2024,https://science.nasa.gov/exoplanet-catalog/toi-1723-b/
675,TOI-1691 b,111.445,14.6 Earths,10.134,2024,https://science.nasa.gov/exoplanet-catalog/toi-1691-b/
676,TOI-1669 c,111.276,13 Earths,10.218,2024,https://science.nasa.gov/exoplanet-catalog/toi-1669-c/
677,TOI-1472 b,121.84,18.05 Earths,11.302,2024,https://science.nasa.gov/exoplanet-catalog/toi-1472-b/
678,TOI-1451 b,91.9362,15.2 Earths,9.584,2024,https://science.nasa.gov/exoplanet-catalog/toi-1451-b/
679,TOI-1443 b,85.8034,30 Earths,10.675,2024,https://science.nasa.gov/exoplanet-catalog/toi-1443-b/
680,TOI-1437 b,103.297,9.6 Earths,9.173,2024,https://science.nasa.gov/exoplanet-catalog/toi-1437-b/
681,TOI-1294 b,332.648,0.20105188 Jupiters,11.314,2024,https://science.nasa.gov/exoplanet-catalog/toi-1294-b/
682,TOI-1279 b,107.055,10.6 Earths,10.714,2024,https://science.nasa.gov/exoplanet-catalog/toi-1279-b/
683,TOI-1269 b,172.138,6.4 Earths,11.618,2024,https://science.nasa.gov/exoplanet-catalog/toi-1269-b/
684,TOI-1249 b,139.49,11.9 Earths,11.089,2024,https://science.nasa.gov/exoplanet-catalog/toi-1249-b/
685,TOI-1248 b,168.735,27.4 Earths,11.806,2024,https://science.nasa.gov/exoplanet-catalog/toi-1248-b/
686,TOI-1244 b,102.551,6.6 Earths,11.929,2024,https://science.nasa.gov/exoplanet-catalog/toi-1244-b/
687,TOI-1184 b,58.5946,6.8 Earths,10.988,2024,https://science.nasa.gov/exoplanet-catalog/toi-1184-b/
688,TOI-1180 b,72.0238,10 Earths,11.017,2024,https://science.nasa.gov/exoplanet-catalog/toi-1180-b/
689,TOI-1174 b,94.6375,32 Earths,10.964,2024,https://science.nasa.gov/exoplanet-catalog/toi-1174-b/
690,TOI-1173 b,132.353,28.28672822 Earths,11.038,2024,https://science.nasa.gov/exoplanet-catalog/toi-1173-b/
691,TOI-762 A b,98.4458,0.251 Jupiters,16,2024,https://science.nasa.gov/exoplanet-catalog/toi-762-a-b/
692,TOI-480 b,54.5306,20.8 Earths,7.28,2024,https://science.nasa.gov/exoplanet-catalog/toi-480-b/
693,TOI-260 b,20.1852,4.23 Earths,9.9,2024,https://science.nasa.gov/exoplanet-catalog/toi-260-b/
694,TOI-5301 b,629.161,3.72 Jupiters,11.738,2024,https://science.nasa.gov/exoplanet-catalog/toi-5301-b/
695,TOI-5232 b,609.388,2.34 Jupiters,12.246,2024,https://science.nasa.gov/exoplanet-catalog/toi-5232-b/
696,TOI-4153 b,423.84,1.15 Jupiters,11.601,2024,https://science.nasa.gov/exoplanet-catalog/toi-4153-b/
697,TOI-3919 b,604.591,3.88 Jupiters,12.858,2024,https://science.nasa.gov/exoplanet-catalog/toi-3919-b/
698,TOI-3894 b,417.365,0.82 Jupiters,11.992,2024,https://science.nasa.gov/exoplanet-catalog/toi-3894-b/
699,TOI-3321 b,285.895,0.554 Jupiters,11.076,2024,https://science.nasa.gov/exoplanet-catalog/toi-3321-b/
700,TOI-2368 b,210.915,0.65 Jupiters,12.486,2024,https://science.nasa.gov/exoplanet-catalog/toi-2368-b/
701,TOI-2107 b,236.705,0.83 Jupiters,12.0363,2024,https://science.nasa.gov/exoplanet-catalog/toi-2107-b/
702,TOI-2019 b,198.007,34.4 Earths,10.263,2024,https://science.nasa.gov/exoplanet-catalog/toi-2019-b/
703,TOI-1898 b,79.6682,0.40587939 Jupiters,7.87,2024,https://science.nasa.gov/exoplanet-catalog/toi-1898-b/
704,TOI-1855 b,176.833,1.133 Jupiters,11.197,2024,https://science.nasa.gov/exoplanet-catalog/toi-1855-b/
705,TOI-1823 b,71.6456,0.21206412 Jupiters,10.728,2024,https://science.nasa.gov/exoplanet-catalog/toi-1823-b/
706,TOI-1742 b,72.8871,9.7 Earths,8.863,2024,https://science.nasa.gov/exoplanet-catalog/toi-1742-b/
707,TOI-1439 b,230.306,38.5 Earths,10.55,2024,https://science.nasa.gov/exoplanet-catalog/toi-1439-b/
708,TOI-329 b,284.388,0.12711262 Jupiters,11.262,2024,https://science.nasa.gov/exoplanet-catalog/toi-329-b/
709,TOI-1798.01,113.181,6.5 Earths,11.361,2024,https://science.nasa.gov/exoplanet-catalog/toi-1798-01/
710,HD 48948 d,16.9043,10.59 Earths,8.58,2024,https://science.nasa.gov/exoplanet-catalog/hd-48948-d/
711,HD 48948 c,16.9043,7.27 Earths,8.58,2024,https://science.nasa.gov/exoplanet-catalog/hd-48948-c/
712,HD 48948 b,16.9043,4.88 Earths,8.58,2024,https://science.nasa.gov/exoplanet-catalog/hd-48948-b/
713,OGLE-2014-BLG-0221L b,3680,4.35 Jupiters,Unknown,2024,https://science.nasa.gov/exoplanet-catalog/ogle-2014-blg-0221l-b/
714,TOI-1224 c,37.3312,8.67 Earths,13.95,2024,https://science.nasa.gov/exoplanet-catalog/toi-1224-c/
715,TOI-1224 b,37.3312,5.08 Earths,13.95,2024,https://science.nasa.gov/exoplanet-catalog/toi-1224-b/
716,TOI-669 b,142.867,10 Earths,10.606,2023,https://science.nasa.gov/exoplanet-catalog/toi-669-b/
717,TOI-663 d,64.2308,5.2 Earths,13.667,2024,https://science.nasa.gov/exoplanet-catalog/toi-663-d/
718,TOI-663 c,64.2308,3.65 Earths,13.667,2024,https://science.nasa.gov/exoplanet-catalog/toi-663-c/
719,TOI-663 b,64.2308,4.45 Earths,13.667,2024,https://science.nasa.gov/exoplanet-catalog/toi-663-b/
720,KMT-2023-BLG-1431L b,6800,13.6 Earths,Unknown,2024,https://science.nasa.gov/exoplanet-catalog/kmt-2023-blg-1431l-b/
721,TIC 365102760 b,555.546,19.2 Earths,12.154,2024,https://science.nasa.gov/exoplanet-catalog/tic-365102760-b/
722,BD-14 3065 b,589.423,12.37 Jupiters,11.1,2024,https://science.nasa.gov/exoplanet-catalog/bd-14-3065-b/
723,TOI-3071 b,485.219,0.2145812 Jupiters,12.383,2024,https://science.nasa.gov/exoplanet-catalog/toi-3071-b/
724,TOI-2374 b,134.655,0.194 Jupiters,12.095,2024,https://science.nasa.gov/exoplanet-catalog/toi-2374-b/
725,HD 284149 AB b,117.807,26.28 Jupiters,9.57,2017,https://science.nasa.gov/exoplanet-catalog/hd-284149-ab-b/
726,TOI-5076 b,82.857,16.14568308 Earths,10.9,2024,https://science.nasa.gov/exoplanet-catalog/toi-5076-b/
727,KMT-2023-BLG-0735L b,6390,38.77506565 Earths,Unknown,2024,https://science.nasa.gov/exoplanet-catalog/kmt-2023-blg-0735l-b/
728,KMT-2023-BLG-0469L b,7070,39.41072247 Earths,Unknown,2024,https://science.nasa.gov/exoplanet-catalog/kmt-2023-blg-0469l-b/
729,MOA-2022-BLG-563L b,6530,0.4 Jupiters,Unknown,2024,https://science.nasa.gov/exoplanet-catalog/moa-2022-blg-563l-b/
730,NGTS-26 b,1093.69,0.292 Jupiters,15.009,2024,https://science.nasa.gov/exoplanet-catalog/ngts-26-b/
731,NGTS-27 b,942.122,0.593 Jupiters,13.523,2024,https://science.nasa.gov/exoplanet-catalog/ngts-27-b/
732,TOI-2120 b,32.1755,6.8 Earths,15.648,2024,https://science.nasa.gov/exoplanet-catalog/toi-2120-b/
733,TOI-1448 b,73.3345,19.5 Earths,15.678,2024,https://science.nasa.gov/exoplanet-catalog/toi-1448-b/
734,TOI-782 b,52.5122,19.1 Earths,14.83,2024,https://science.nasa.gov/exoplanet-catalog/toi-782-b/
735,TOI-4527.01,18.1037,0.689 Earths,10.917,2024,https://science.nasa.gov/exoplanet-catalog/toi-4527-01/
736,"Debug: VIP-CLI v3.7.1, Node v18.20.1, linux 5.15.153.1-microsoft-standard-WSL2 x64",18.5226,2.2 Earths,12.728,2024,https://science.nasa.gov/exoplanet-catalog/toi-5388-01/
737,TOI-5082.01,43.1406,7.03 Earths,8.25,2024,https://science.nasa.gov/exoplanet-catalog/toi-5082-01/
738,TOI-4602.01,63.0637,5.53 Earths,8.32,2024,https://science.nasa.gov/exoplanet-catalog/toi-4602-01/
739,TOI-4443.01,56.0739,3.6 Earths,8.493,2024,https://science.nasa.gov/exoplanet-catalog/toi-4443-01/
740,TOI-3353.01,78.7577,7.59 Earths,9.327,2024,https://science.nasa.gov/exoplanet-catalog/toi-3353-01/
741,TOI-1806.01,55.5211,11.5 Earths,15.193,2024,https://science.nasa.gov/exoplanet-catalog/toi-1806-01/
742,TOI-1683.01,51.1884,7.45 Earths,10.97,2024,https://science.nasa.gov/exoplanet-catalog/toi-1683-01/
743,TOI-1410.01,72.7512,12.5 Earths,11.111,2024,https://science.nasa.gov/exoplanet-catalog/toi-1410-01/
744,TOI-907.01,312.529,0.211 Jupiters,10.394,2024,https://science.nasa.gov/exoplanet-catalog/toi-907-01/
745,TOI-880.02,60.6679,5.43 Earths,10.104,2024,https://science.nasa.gov/exoplanet-catalog/toi-880-02/
746,TOI-261.01,114.495,9.51 Earths,9.56,2021,https://science.nasa.gov/exoplanet-catalog/toi-261-01/
747,TOI-128.01,68.4727,5.56 Earths,8.44,2024,https://science.nasa.gov/exoplanet-catalog/toi-128-01/
748,TOI-654.01,57.7553,8.71 Earths,14.54,2024,https://science.nasa.gov/exoplanet-catalog/toi-654-01/
749,TOI-406.01,31.0597,6.57 Earths,13.773,2024,https://science.nasa.gov/exoplanet-catalog/toi-406-01/
750,OGLE-2023-BLG-0836L b,5120,4.36 Jupiters,Unknown,2024,https://science.nasa.gov/exoplanet-catalog/ogle-2023-blg-0836l-b/
751,TOI-1450 A c,22.4467,1.527 Earths,12.28,2024,https://science.nasa.gov/exoplanet-catalog/toi-1450-a-c/
752,TIC 393818343 b,93.7345,4.34 Jupiters,9.48,2024,https://science.nasa.gov/exoplanet-catalog/tic-393818343-b/
753,TOI-2447 b,148.987,0.393 Jupiters,10.507,2024,https://science.nasa.gov/exoplanet-catalog/toi-2447-b/
754,TOI-1450 A b,22.4467,1.258 Earths,12.28,2024,https://science.nasa.gov/exoplanet-catalog/toi-1450-a-b/
755,HD 73344 b,35.26,10.48 Earths,6.89351,2024,https://science.nasa.gov/exoplanet-catalog/hd-73344-b/
756,TOI-2015 b,47.3444,9.2 Earths,16.11,2023,https://science.nasa.gov/exoplanet-catalog/toi-2015-b/
757,TOI-6086 b,31.4566,1.76 Earths,14.981,2024,https://science.nasa.gov/exoplanet-catalog/toi-6086-b/
758,TOI-6008 b,23.1008,4 Earths,15.97,2024,https://science.nasa.gov/exoplanet-catalog/toi-6008-b/
759,TOI-5720 b,35.8256,4.3 Earths,13.847,2024,https://science.nasa.gov/exoplanet-catalog/toi-5720-b/
760,GJ 900 b,20.8065,11 Jupiters,9.59,2024,https://science.nasa.gov/exoplanet-catalog/gj-900-b/
761,UCAC4 328-061594 b,39.9089,21 Jupiters,15.689,2024,https://science.nasa.gov/exoplanet-catalog/ucac4-328-061594-b/
762,UCAC3 113-933 b,52.5829,21 Jupiters,12.501,2024,https://science.nasa.gov/exoplanet-catalog/ucac3-113-933-b/
763,Gliese 12 b,12.21,0.95 Earths,12.6,2024,https://science.nasa.gov/exoplanet-catalog/gliese-12-b/
764,SPECULOOS-3 b,6792.0363261718,0.894 Earths,17.8,2024,https://science.nasa.gov/exoplanet-catalog/speculoos-3-b/
765,TOI-4633 c,95.2016,0.38700128 Jupiters,9.017,2024,https://science.nasa.gov/exoplanet-catalog/toi-4633-c/
766,2MASS J0249-0557 c,66.0613,11.38 Jupiters,18.3,2018,https://science.nasa.gov/exoplanet-catalog/2mass-j0249-0557-c/
767,TOI-815 c,59.7117,23.5 Earths,10.217,2024,https://science.nasa.gov/exoplanet-catalog/toi-815-c/
768,TOI-815 b,59.7117,7.6 Earths,10.217,2024,https://science.nasa.gov/exoplanet-catalog/toi-815-b/
769,TOI-4559 b,31.6354,2.59 Earths,13.115,2024,https://science.nasa.gov/exoplanet-catalog/toi-4559-b/
770,TOI-1739 b,70.9819,4.45 Earths,10.692,2024,https://science.nasa.gov/exoplanet-catalog/toi-1739-b/
771,Kepler-1660 AB b,1188.54,4.992 Jupiters,13.595,2023,https://science.nasa.gov/exoplanet-catalog/kepler-1660-ab-b/
772,ITG 15 b,136.37,21 Jupiters,Unknown,2024,https://science.nasa.gov/exoplanet-catalog/itg-15-b/
773,TIC 139270665 c,189.875,4.89 Jupiters,10.385,2024,https://science.nasa.gov/exoplanet-catalog/tic-139270665-c/
774,TIC 139270665 b,189.875,0.463 Jupiters,10.385,2024,https://science.nasa.gov/exoplanet-catalog/tic-139270665-b/
775,HIP 77900 b,150.862,21 Jupiters,6.15,2024,https://science.nasa.gov/exoplanet-catalog/hip-77900-b/
776,2MASS J11011926-7732383 b,Unknown,28 Jupiters,Unknown,2024,https://science.nasa.gov/exoplanet-catalog/2mass-j11011926-7732383-b/
777,G 196-3 b,21.7912,26 Jupiters,11.672,2024,https://science.nasa.gov/exoplanet-catalog/g-196-3-b/
778,2MASS J03590986+2009361 b,117.435,18 Jupiters,Unknown,2024,https://science.nasa.gov/exoplanet-catalog/2mass-j035909862009361-b/
779,2MASS J21252752-8138278 b,34.1154,12 Jupiters,11.804,2024,https://science.nasa.gov/exoplanet-catalog/2mass-j21252752-8138278-b/
780,2MASS J11550485-7919108 b,100.862,20 Jupiters,16.957,2024,https://science.nasa.gov/exoplanet-catalog/2mass-j11550485-7919108-b/
781,TOI-4336 A b,22.5455,3.33 Earths,13.6,2024,https://science.nasa.gov/exoplanet-catalog/toi-4336-a-b/
782,TOI-871 b,68.0473,3.41 Earths,10.569,2024,https://science.nasa.gov/exoplanet-catalog/toi-871-b/
783,KMT-2023-BLG-1642L b,6980,1.08 Jupiters,Unknown,2024,https://science.nasa.gov/exoplanet-catalog/kmt-2023-blg-1642l-b/
784,KMT-2023-BLG-1454L b,7220,0.63 Jupiters,Unknown,2024,https://science.nasa.gov/exoplanet-catalog/kmt-2023-blg-1454l-b/
785,KMT-2023-BLG-0416L b,5900,13.03096469 Earths,Unknown,2024,https://science.nasa.gov/exoplanet-catalog/kmt-2023-blg-0416l-b/
786,HIP 39017 b,66.3217,23.6 Jupiters,6.96076,2024,https://science.nasa.gov/exoplanet-catalog/hip-39017-b/
787,TOI-1467 b,37.4418,9 Earths,12.293,2024,https://science.nasa.gov/exoplanet-catalog/toi-1467-b/
788,TOI-771 b,25.2788,2.47 Earths,14.888,2024,https://science.nasa.gov/exoplanet-catalog/toi-771-b/
789,NGTS-30 b,238.377,0.96 Jupiters,12.537,2024,https://science.nasa.gov/exoplanet-catalog/ngts-30-b/
790,KOI-2513.01,1369.87,23 Jupiters,14.913,2023,https://science.nasa.gov/exoplanet-catalog/koi-2513-01/
791,TOI-2068 b,52.9328,3.97 Earths,13.007,2024,https://science.nasa.gov/exoplanet-catalog/toi-2068-b/
792,TOI-5799 b,27.8123,3.65 Earths,13.29,2024,https://science.nasa.gov/exoplanet-catalog/toi-5799-b/
793,KMT-2021-BLG-1150L b,3800,0.88 Jupiters,Unknown,2023,https://science.nasa.gov/exoplanet-catalog/kmt-2021-blg-1150l-b/
794,OGLE-2017-BLG-0640L b,6630,1.62 Jupiters,Unknown,2024,https://science.nasa.gov/exoplanet-catalog/ogle-2017-blg-0640l-b/
795,OGLE-2017-BLG-1275L b,7690,5.9 Jupiters,Unknown,2024,https://science.nasa.gov/exoplanet-catalog/ogle-2017-blg-1275l-b/
796,OGLE-2017-BLG-1237L b,6030,3.8 Jupiters,Unknown,2024,https://science.nasa.gov/exoplanet-catalog/ogle-2017-blg-1237l-b/
797,HD 104067 c,20.3632,13.2 Earths,7.92,2024,https://science.nasa.gov/exoplanet-catalog/hd-104067-c/
798,M62H b,Unknown,2.47 Jupiters,Unknown,2024,https://science.nasa.gov/exoplanet-catalog/m62h-b/
799,Luhman 16 b,Unknown,29.4 Jupiters,Unknown,2017,https://science.nasa.gov/exoplanet-catalog/luhman-16-b/
800,TOI-4438 b,30.0346,4.11 Earths,13.69,2024,https://science.nasa.gov/exoplanet-catalog/toi-4438-b/
801,OGLE-2016-BLG-1093L b,8120,0.71 Jupiters,Unknown,2022,https://science.nasa.gov/exoplanet-catalog/ogle-2016-blg-1093l-b/
802,NGC 2682 Sand 1429 b,852.793,1.8 Jupiters,12.704,2024,https://science.nasa.gov/exoplanet-catalog/ngc-2682-sand-1429-b/
803,CI Tauri c,157.998,3.6 Jupiters,13.642,2024,https://science.nasa.gov/exoplanet-catalog/ci-tauri-c/
804,HS Piscium b,37.6604,1.46 Jupiters,10.769,2024,https://science.nasa.gov/exoplanet-catalog/hs-piscium-b/
805,TOI-1994 b,515.603,22.1 Jupiters,10.514,2024,https://science.nasa.gov/exoplanet-catalog/toi-1994-b/
806,TOI-4515 b,193.499,2.005 Jupiters,11.938,2024,https://science.nasa.gov/exoplanet-catalog/toi-4515-b/
807,LHS 1678 d,19.8782,0.907 Earths,12.6,2024,https://science.nasa.gov/exoplanet-catalog/lhs-1678-d/
808,Teegarden’s Star d,3.83078,0.82 Earths,15.13,2024,https://science.nasa.gov/exoplanet-catalog/teegardens-star-d/
809,TOI-1199 b,248.427,0.239 Jupiters,11.093,2024,https://science.nasa.gov/exoplanet-catalog/toi-1199-b/
810,TOI-1273 b,177.118,0.222 Jupiters,10.98,2024,https://science.nasa.gov/exoplanet-catalog/toi-1273-b/
811,TOI-1347 b,147.476,11.1 Earths,11.168,2024,https://science.nasa.gov/exoplanet-catalog/toi-1347-b/
812,TOI-1347 c,147.476,6.4 Earths,11.168,2024,https://science.nasa.gov/exoplanet-catalog/toi-1347-c/
813,TOI-1135 b,114.048,0.185 Jupiters,9.54,2024,https://science.nasa.gov/exoplanet-catalog/toi-1135-b/
814,TOI-904 b,46.0891,6.46 Earths,12.588,2023,https://science.nasa.gov/exoplanet-catalog/toi-904-b/
815,TOI-904 c,46.0891,5.34 Earths,12.588,2023,https://science.nasa.gov/exoplanet-catalog/toi-904-c/
816,TOI-1386 b,146.858,0.14410292 Jupiters,10.61,2024,https://science.nasa.gov/exoplanet-catalog/toi-1386-b/
817,TOI-1386 c,146.858,0.23660566 Jupiters,10.61,2024,https://science.nasa.gov/exoplanet-catalog/toi-1386-c/
818,Kepler-139 d,391.038,2 Earths,12.775,2023,https://science.nasa.gov/exoplanet-catalog/kepler-139-d/
819,Kepler-48 f,306.738,0.93944088 Jupiters,13.174,2023,https://science.nasa.gov/exoplanet-catalog/kepler-48-f/
820,Kepler-100 e,304.645,24.14271827 Earths,11.055,2023,https://science.nasa.gov/exoplanet-catalog/kepler-100-e/
821,Kepler-139 e,391.038,1.189321 Jupiters,12.775,2023,https://science.nasa.gov/exoplanet-catalog/kepler-139-e/
822,HD 134606 b,26.7909,9.09 Earths,6.86,2024,https://science.nasa.gov/exoplanet-catalog/hd-134606-b/
823,HD 134606 f,26.7909,5.63 Earths,6.86,2024,https://science.nasa.gov/exoplanet-catalog/hd-134606-f/
824,HD 134606 c,26.7909,11.31 Earths,6.86,2024,https://science.nasa.gov/exoplanet-catalog/hd-134606-c/
825,HD 134606 d,26.7909,0.14095656 Jupiters,6.86,2024,https://science.nasa.gov/exoplanet-catalog/hd-134606-d/
826,HD 134606 e,26.7909,2.34 Earths,6.86,2024,https://science.nasa.gov/exoplanet-catalog/hd-134606-e/
827,TOI-238 b,80.5407,3.37 Earths,10.748,2024,https://science.nasa.gov/exoplanet-catalog/toi-238-b/
828,TOI-1751 b,113.335,19.5 Earths,9.327,2024,https://science.nasa.gov/exoplanet-catalog/toi-1751-b/
829,TOI-238 c,80.5407,6.7 Earths,10.748,2024,https://science.nasa.gov/exoplanet-catalog/toi-238-c/
830,Wolf 327 b,28.5321,2.53 Earths,13.018,2024,https://science.nasa.gov/exoplanet-catalog/wolf-327-b/
831,TOI-2266 b,51.6004,2.99 Earths,16.54,2024,https://science.nasa.gov/exoplanet-catalog/toi-2266-b/
832,KMT-2018-BLG-0885L b,6890,29 Jupiters,Unknown,2023,https://science.nasa.gov/exoplanet-catalog/kmt-2018-blg-0885l-b/
833,KMT-2019-BLG-0297L b,3090,19 Jupiters,Unknown,2023,https://science.nasa.gov/exoplanet-catalog/kmt-2019-blg-0297l-b/
834,KMT-2019-BLG-0335L b,7710,21 Jupiters,Unknown,2023,https://science.nasa.gov/exoplanet-catalog/kmt-2019-blg-0335l-b/
835,OGLE-2019-BLG-1180L b,6070,1.747 Jupiters,Unknown,2023,https://science.nasa.gov/exoplanet-catalog/ogle-2019-blg-1180l-b/
836,HD 63433 d,22.4035,1.25 Earths,6.92035,2023,https://science.nasa.gov/exoplanet-catalog/hd-63433-d/
837,KMT-2021-BLG-1770L b,6920,21 Jupiters,Unknown,2023,https://science.nasa.gov/exoplanet-catalog/kmt-2021-blg-1770l-b/
838,TOI-2416 b,557.733,3 Jupiters,13.019,2023,https://science.nasa.gov/exoplanet-catalog/toi-2416-b/
839,TOI-2524 b,438.842,0.64 Jupiters,12.8,2023,https://science.nasa.gov/exoplanet-catalog/toi-2524-b/
840,LHS 3154 b,15.7606,13.15 Earths,17.65,2023,https://science.nasa.gov/exoplanet-catalog/lhs-3154-b/
841,TOI-2373 b,508.686,9.3 Jupiters,13.251,2023,https://science.nasa.gov/exoplanet-catalog/toi-2373-b/
842,TOI-4641 b,86.3501,3.87 Jupiters,7.51,2023,https://science.nasa.gov/exoplanet-catalog/toi-4641-b/
843,HD 112570 b,101.166,3.42 Jupiters,6.11055,2023,https://science.nasa.gov/exoplanet-catalog/hd-112570-b/
844,HD 154391 b,100.947,9.1 Jupiters,6.1552,2023,https://science.nasa.gov/exoplanet-catalog/hd-154391-b/
845,KMT-2021-BLG-1547L b,5070,1.47 Jupiters,Unknown,2023,https://science.nasa.gov/exoplanet-catalog/kmt-2021-blg-1547l-b/
846,TOI-544 c,41.1166,21.5 Earths,10.777,2023,https://science.nasa.gov/exoplanet-catalog/toi-544-c/
847,HD 88986 b,33.2673,17.2 Earths,6.46974,2023,https://science.nasa.gov/exoplanet-catalog/hd-88986-b/
848,HD 110067 b,32.1585,5.69 Earths,8.419,2023,https://science.nasa.gov/exoplanet-catalog/hd-110067-b/
849,HD 110067 c,32.1585,6.3 Earths,8.419,2023,https://science.nasa.gov/exoplanet-catalog/hd-110067-c/
850,HD 110067 d,32.1585,8.52 Earths,8.419,2023,https://science.nasa.gov/exoplanet-catalog/hd-110067-d/
851,HD 110067 e,32.1585,3.9 Earths,8.419,2023,https://science.nasa.gov/exoplanet-catalog/hd-110067-e/
852,HD 110067 f,32.1585,5.04 Earths,8.419,2023,https://science.nasa.gov/exoplanet-catalog/hd-110067-f/
853,HD 110067 g,32.1585,8.4 Earths,8.419,2023,https://science.nasa.gov/exoplanet-catalog/hd-110067-g/
854,TOI-2134 b,22.6202,9.37 Earths,8.933,2023,https://science.nasa.gov/exoplanet-catalog/toi-2134-b/
855,TOI-2134 c,22.6202,0.18343231 Jupiters,8.933,2023,https://science.nasa.gov/exoplanet-catalog/toi-2134-c/
856,TOI-4377 b,455.82,0.957 Jupiters,11.707,2023,https://science.nasa.gov/exoplanet-catalog/toi-4377-b/
857,TOI-1736 b,88.9482,12.3 Earths,8.953,2023,https://science.nasa.gov/exoplanet-catalog/toi-1736-b/
858,TOI-2010 b,109.19,1.286 Jupiters,9.849,2023,https://science.nasa.gov/exoplanet-catalog/toi-2010-b/
859,TOI-2141 b,77.682,20.1 Earths,9.46,2023,https://science.nasa.gov/exoplanet-catalog/toi-2141-b/
860,TOI-4551 b,215.986,1.49 Jupiters,9.973,2023,https://science.nasa.gov/exoplanet-catalog/toi-4551-b/
861,TOI-1736 c,88.9482,8.7 Jupiters,8.953,2023,https://science.nasa.gov/exoplanet-catalog/toi-1736-c/
862,AU Microscopii d,9.7221,1.053 Earths,8.81,2023,https://science.nasa.gov/exoplanet-catalog/au-microscopii-d/
863,GJ 806 b,12.0445,1.9 Earths,10.79,2023,https://science.nasa.gov/exoplanet-catalog/gj-806-b/
864,GJ 806 c,12.0445,5.8 Earths,10.79,2023,https://science.nasa.gov/exoplanet-catalog/gj-806-c/
865,TOI-1420 b,201.918,25.1 Earths,11.655,2023,https://science.nasa.gov/exoplanet-catalog/toi-1420-b/
866,TOI-1194 b,149.667,0.37756222 Jupiters,11.302,2023,https://science.nasa.gov/exoplanet-catalog/toi-1194-b/
867,TOI-5344 b,138.367,0.412 Jupiters,15.402,2023,https://science.nasa.gov/exoplanet-catalog/toi-5344-b/
868,TOI-5398 c,130.855,11.8 Earths,10.059,2023,https://science.nasa.gov/exoplanet-catalog/toi-5398-c/
869,TOI-5126 b,160.414,20.2 Earths,10.141,2023,https://science.nasa.gov/exoplanet-catalog/toi-5126-b/
870,TOI-5126 c,160.414,14.2 Earths,10.141,2023,https://science.nasa.gov/exoplanet-catalog/toi-5126-c/
871,HIP 66074 b,35.4438,5 Jupiters,10.25,2023,https://science.nasa.gov/exoplanet-catalog/hip-66074-b/
872,Kepler-1513 c,349.247,0.266 Jupiters,13.071,2023,https://science.nasa.gov/exoplanet-catalog/kepler-1513-c/
873,GJ 724 b,16.9658,10.75 Earths,10.638,2023,https://science.nasa.gov/exoplanet-catalog/gj-724-b/
874,GJ 3988 b,9.9105,3.69 Earths,13.627,2023,https://science.nasa.gov/exoplanet-catalog/gj-3988-b/
875,TOI-1801 b,30.6796,5.738 Earths,11.58,2023,https://science.nasa.gov/exoplanet-catalog/toi-1801-b/
876,TOI-858 B b,250.489,1.1 Jupiters,11.183,2023,https://science.nasa.gov/exoplanet-catalog/toi-858-b-b/
877,HAT-P-2 c,127.774,10.7 Jupiters,8.72,2023,https://science.nasa.gov/exoplanet-catalog/hat-p-2-c/
878,TOI-199 c,102.27,0.28 Jupiters,10.701,2023,https://science.nasa.gov/exoplanet-catalog/toi-199-c/
879,TOI-199 b,102.27,0.17 Jupiters,10.701,2023,https://science.nasa.gov/exoplanet-catalog/toi-199-b/
880,TOI-1408 b,139.484,1.86578665 Jupiters,9.270001,2023,https://science.nasa.gov/exoplanet-catalog/toi-1408-b/
881,TOI-4600 c,216.056,9.27 Jupiters,12.577,2023,https://science.nasa.gov/exoplanet-catalog/toi-4600-c/
882,TOI-4600 b,216.056,3.02 Jupiters,12.577,2023,https://science.nasa.gov/exoplanet-catalog/toi-4600-b/
883,TOI-4201 b,189.011,2.48 Jupiters,15.163,2023,https://science.nasa.gov/exoplanet-catalog/toi-4201-b/
884,TOI-1853 b,165.105,0.23031296 Jupiters,12.178,2023,https://science.nasa.gov/exoplanet-catalog/toi-1853-b/
885,LHS 475 b,12.4814,0.941 Earths,13,2023,https://science.nasa.gov/exoplanet-catalog/lhs-475-b/
886,HIP 113103 c,46.2122,6.35 Earths,9.95,2023,https://science.nasa.gov/exoplanet-catalog/hip-113103-c/
887,HIP 113103 b,46.2122,4 Earths,9.95,2023,https://science.nasa.gov/exoplanet-catalog/hip-113103-b/
888,HD 99492 c,18.2038,17.9 Earths,7.56727,2023,https://science.nasa.gov/exoplanet-catalog/hd-99492-c/
889,75 Ceti c,82.9613,0.912 Jupiters,5.3532,2023,https://science.nasa.gov/exoplanet-catalog/75-ceti-c/
890,TOI-332 b,222.852,0.17997133 Jupiters,12.349,2023,https://science.nasa.gov/exoplanet-catalog/toi-332-b/
891,KMT-2022-BLG-1013L b,7710,0.31 Jupiters,Unknown,2023,https://science.nasa.gov/exoplanet-catalog/kmt-2022-blg-1013l-b/
892,KMT-2022-BLG-0371L b,7140,0.26 Jupiters,Unknown,2023,https://science.nasa.gov/exoplanet-catalog/kmt-2022-blg-0371l-b/
893,KMT-2021-BLG-2010L b,7090,1.07 Jupiters,Unknown,2023,https://science.nasa.gov/exoplanet-catalog/kmt-2021-blg-2010l-b/
894,HIP 29442 d,68.192,5.14 Earths,9.49,2023,https://science.nasa.gov/exoplanet-catalog/hip-29442-d/
895,HIP 29442 c,68.192,4.5 Earths,9.49,2023,https://science.nasa.gov/exoplanet-catalog/hip-29442-c/
896,HD 75302 b,30.3288,5.4 Jupiters,7.45,2023,https://science.nasa.gov/exoplanet-catalog/hd-75302-b/
897,HD 73256 c,36.708,16 Jupiters,8.08,2023,https://science.nasa.gov/exoplanet-catalog/hd-73256-c/
898,HD 185283 b,31.395,1.3 Jupiters,9.03,2023,https://science.nasa.gov/exoplanet-catalog/hd-185283-b/
899,HD 135625 b,56.518,2.3 Jupiters,7.72,2023,https://science.nasa.gov/exoplanet-catalog/hd-135625-b/
900,HD 108202 b,38.6846,3 Jupiters,10.26,2023,https://science.nasa.gov/exoplanet-catalog/hd-108202-b/
901,GJ 9404 b,23.8839,11.9 Earths,10.62,2023,https://science.nasa.gov/exoplanet-catalog/gj-9404-b/
902,TOI-4860 b,80.1423,0.273 Jupiters,16.47,2023,https://science.nasa.gov/exoplanet-catalog/toi-4860-b/
903,TOI-2095 c,41.9176,7.4 Earths,13.19,2023,https://science.nasa.gov/exoplanet-catalog/toi-2095-c/
904,TOI-2095 b,41.9176,4.1 Earths,13.19,2023,https://science.nasa.gov/exoplanet-catalog/toi-2095-b/
905,TOI-198 b,23.7262,3.17 Earths,11.688,2023,https://science.nasa.gov/exoplanet-catalog/toi-198-b/
906,MWC 758 c,159.537,Unknown,8.270001,2023,https://science.nasa.gov/exoplanet-catalog/mwc-758-c/
907,HD 36384 b,209.309,6.6 Jupiters,6.18839,2023,https://science.nasa.gov/exoplanet-catalog/hd-36384-b/
908,TOI-1052 c,129.804,34.3 Earths,9.511,2023,https://science.nasa.gov/exoplanet-catalog/toi-1052-c/
909,TOI-1052 b,129.804,16.9 Earths,9.511,2023,https://science.nasa.gov/exoplanet-catalog/toi-1052-b/
910,TOI-470 b,130.46,17.4 Earths,11.171,2023,https://science.nasa.gov/exoplanet-catalog/toi-470-b/
911,TOI-444 b,57.3973,8.1 Earths,9.86,2023,https://science.nasa.gov/exoplanet-catalog/toi-444-b/
912,TOI-262 b,43.932,4.94 Earths,8.91,2023,https://science.nasa.gov/exoplanet-catalog/toi-262-b/
913,HN Librae b,6.24442,5.46 Earths,11.311,2023,https://science.nasa.gov/exoplanet-catalog/hn-librae-b/
914,TOI-1470 c,51.9503,7.24 Earths,13.459,2023,https://science.nasa.gov/exoplanet-catalog/toi-1470-c/
915,TOI-1470 b,51.9503,7.32 Earths,13.459,2023,https://science.nasa.gov/exoplanet-catalog/toi-1470-b/
916,HD 6860 b,61.12469,28.26 Jupiters,2.06763,2023,https://science.nasa.gov/exoplanet-catalog/hd-6860-b/
917,HD 112300 b,62.07324,15.83 Jupiters,3.39515,2023,https://science.nasa.gov/exoplanet-catalog/hd-112300-b/
918,GJ 367 d,9.41263,6.03 Earths,10.153,2023,https://science.nasa.gov/exoplanet-catalog/gj-367-d/
919,GJ 367 c,9.41263,4.13 Earths,10.153,2023,https://science.nasa.gov/exoplanet-catalog/gj-367-c/
920,DMPP-4 b,25.3284,12.2 Earths,5.72936,2023,https://science.nasa.gov/exoplanet-catalog/dmpp-4-b/
921,TOI-615 b,360.408,0.435 Jupiters,10.825,2023,https://science.nasa.gov/exoplanet-catalog/toi-615-b/
922,TOI-4184 b,69.3649,6.48 Earths,17.12,2023,https://science.nasa.gov/exoplanet-catalog/toi-4184-b/
923,TOI-622 b,123.297,0.303 Jupiters,8.995,2023,https://science.nasa.gov/exoplanet-catalog/toi-622-b/
924,TOI-5293 A b,162.229,0.54 Jupiters,16.19,2023,https://science.nasa.gov/exoplanet-catalog/toi-5293-a-b/
925,TOI-3984 A b,108.883,0.14 Jupiters,15.694,2023,https://science.nasa.gov/exoplanet-catalog/toi-3984-a-b/
926,TOI-3785 b,79.7634,14.95 Earths,14.595,2023,https://science.nasa.gov/exoplanet-catalog/toi-3785-b/
927,TOI-2641 b,344.045,0.386 Jupiters,11.693,2023,https://science.nasa.gov/exoplanet-catalog/toi-2641-b/
928,TOI-2084 b,114.549,6.66 Earths,15.115,2023,https://science.nasa.gov/exoplanet-catalog/toi-2084-b/
929,HIP 81208 C b,147.533,14.8 Jupiters,Unknown,2023,https://science.nasa.gov/exoplanet-catalog/hip-81208-c-b/
930,HD 235088 b,41.1706,4.15 Earths,9.19,2023,https://science.nasa.gov/exoplanet-catalog/hd-235088-b/
931,WASP-193 b,362.087,35.59678158 Earths,11.972,2023,https://science.nasa.gov/exoplanet-catalog/wasp-193-b/
932,TOI-1680 b,37.2209,2.75 Earths,15.87,2023,https://science.nasa.gov/exoplanet-catalog/toi-1680-b/
933,MOA-2022-BLG-249L b,2000,4.83 Earths,Unknown,2023,https://science.nasa.gov/exoplanet-catalog/moa-2022-blg-249l-b/
934,TOI-784 b,64.5997,9.67 Earths,9.412,2023,https://science.nasa.gov/exoplanet-catalog/toi-784-b/
935,WASP-84 c,100.588,15.2 Earths,10.825,2023,https://science.nasa.gov/exoplanet-catalog/wasp-84-c/
936,TOI-411 c,62.7792,9.72 Earths,8.270001,2022,https://science.nasa.gov/exoplanet-catalog/toi-411-c/
937,TOI-411 b,62.7792,13.71 Earths,8.270001,2022,https://science.nasa.gov/exoplanet-catalog/toi-411-b/
938,TOI-1634 c,35.2736,Unknown,13.217,2022,https://science.nasa.gov/exoplanet-catalog/toi-1634-c/
939,Rho Coronae Borealis e,17.5108,3.71 Earths,5.41,2023,https://science.nasa.gov/exoplanet-catalog/rho-coronae-borealis-e/
940,HD 22946 d,62.7792,26.57 Earths,8.270001,2023,https://science.nasa.gov/exoplanet-catalog/hd-22946-d/
941,BD-210397 c,23.7324,4.8 Jupiters,9.84,2023,https://science.nasa.gov/exoplanet-catalog/bd-210397-c/
942,BD-210397 b,23.7324,0.7 Jupiters,9.84,2023,https://science.nasa.gov/exoplanet-catalog/bd-210397-b/
943,TOI-908 b,175.748,16.137 Earths,11.316,2023,https://science.nasa.gov/exoplanet-catalog/toi-908-b/
944,TOI-4010 e,177.504,2.17727549 Jupiters,12.291,2023,https://science.nasa.gov/exoplanet-catalog/toi-4010-e/
945,TOI-4010 d,177.504,38.15 Earths,12.291,2023,https://science.nasa.gov/exoplanet-catalog/toi-4010-d/
946,TOI-4010 c,177.504,20.31 Earths,12.291,2023,https://science.nasa.gov/exoplanet-catalog/toi-4010-c/
947,TOI-4010 b,177.504,11 Earths,12.291,2023,https://science.nasa.gov/exoplanet-catalog/toi-4010-b/
948,TOI-2000 c,175.713,0.257 Jupiters,10.984,2023,https://science.nasa.gov/exoplanet-catalog/toi-2000-c/
949,TOI-2000 b,175.713,11 Earths,10.984,2023,https://science.nasa.gov/exoplanet-catalog/toi-2000-b/
950,HIP 9618 c,67.5478,7 Earths,9.2,2023,https://science.nasa.gov/exoplanet-catalog/hip-9618-c/
951,HIP 9618 b,67.5478,8.3 Earths,9.2,2023,https://science.nasa.gov/exoplanet-catalog/hip-9618-b/
952,HIP 54597 b,39.7429,2.4 Jupiters,9.83,2023,https://science.nasa.gov/exoplanet-catalog/hip-54597-b/
953,HD 94771 b,57.7807,0.53 Jupiters,7.37,2023,https://science.nasa.gov/exoplanet-catalog/hd-94771-b/
954,HD 74698 c,52.0648,0.4 Jupiters,7.78,2023,https://science.nasa.gov/exoplanet-catalog/hd-74698-c/
955,HD 74698 b,52.0648,23 Earths,7.78,2023,https://science.nasa.gov/exoplanet-catalog/hd-74698-b/
956,HD 15906 c,45.5621,8.91 Earths,9.78,2023,https://science.nasa.gov/exoplanet-catalog/hd-15906-c/
957,HD 15906 b,45.5621,5.65 Earths,9.78,2023,https://science.nasa.gov/exoplanet-catalog/hd-15906-b/
958,GJ 328 c,20.5266,21.4 Earths,9.99,2023,https://science.nasa.gov/exoplanet-catalog/gj-328-c/
959,TOI-2018 b,27.9956,9.2 Earths,10.25,2023,https://science.nasa.gov/exoplanet-catalog/toi-2018-b/
960,MOA-2020-BLG-208L b,7490,0.14473219 Jupiters,Unknown,2023,https://science.nasa.gov/exoplanet-catalog/moa-2020-blg-208l-b/
961,HD 89839 b,57.3063,5.5 Jupiters,7.64,2023,https://science.nasa.gov/exoplanet-catalog/hd-89839-b/
962,HD 167677 b,54.3258,2.85 Jupiters,8.9,2023,https://science.nasa.gov/exoplanet-catalog/hd-167677-b/
963,HD 165131 b,57.4263,18.7 Jupiters,8.42,2023,https://science.nasa.gov/exoplanet-catalog/hd-165131-b/
964,TOI-4127 b,319.632,2.34 Jupiters,11.441,2023,https://science.nasa.gov/exoplanet-catalog/toi-4127-b/
965,TOI-1416 b,55.0135,3.48 Earths,9.91,2023,https://science.nasa.gov/exoplanet-catalog/toi-1416-b/
966,TOI-5678 b,165.393,20 Earths,11.438,2023,https://science.nasa.gov/exoplanet-catalog/toi-5678-b/
967,K2-417 b,94.0424,2.2 Jupiters,13.909,2023,https://science.nasa.gov/exoplanet-catalog/k2-417-b/
968,K2-416 b,120.311,5.2 Jupiters,14.794,2023,https://science.nasa.gov/exoplanet-catalog/k2-416-b/
969,TOI-1859 b,224.385,0.216 Jupiters,10.33,2023,https://science.nasa.gov/exoplanet-catalog/toi-1859-b/
970,OGLE-2019-BLG-0679L b,5630,3.34 Jupiters,Unknown,2023,https://science.nasa.gov/exoplanet-catalog/ogle-2019-blg-0679l-b/
971,OGLE-2019-BLG-0249L b,6370,7.12 Jupiters,Unknown,2023,https://science.nasa.gov/exoplanet-catalog/ogle-2019-blg-0249l-b/
972,KMT-2019-BLG-2783L b,5910,1.16 Jupiters,Unknown,2023,https://science.nasa.gov/exoplanet-catalog/kmt-2019-blg-2783l-b/
973,TOI-913 b,65.1769,6.59 Earths,10.452,2023,https://science.nasa.gov/exoplanet-catalog/toi-913-b/
974,TOI-715 b,42.4048,3.02 Earths,16.683,2023,https://science.nasa.gov/exoplanet-catalog/toi-715-b/
975,TOI-672 b,66.9071,0.16014931 Jupiters,13.576,2023,https://science.nasa.gov/exoplanet-catalog/toi-672-b/
976,TOI-5803 b,84.0126,10.7 Earths,10.655,2023,https://science.nasa.gov/exoplanet-catalog/toi-5803-b/
977,TOI-5704 b,89.637,10.5 Earths,11.529,2023,https://science.nasa.gov/exoplanet-catalog/toi-5704-b/
978,TOI-4308 b,108.932,6.43 Earths,11.251,2023,https://science.nasa.gov/exoplanet-catalog/toi-4308-b/
979,TOI-3082 b,113.048,13 Earths,12.934,2023,https://science.nasa.gov/exoplanet-catalog/toi-3082-b/
980,TOI-2498 b,275.265,34.62 Earths,11.196,2023,https://science.nasa.gov/exoplanet-catalog/toi-2498-b/
981,TOI-2459 b,36.6113,9.03 Earths,10.772,2023,https://science.nasa.gov/exoplanet-catalog/toi-2459-b/
982,TOI-2443 b,23.9258,4.8 Earths,9.51,2023,https://science.nasa.gov/exoplanet-catalog/toi-2443-b/
983,TOI-2194 b,19.5711,4.61 Earths,8.42,2023,https://science.nasa.gov/exoplanet-catalog/toi-2194-b/
984,TOI-139 b,42.4061,6.6 Earths,10.55,2023,https://science.nasa.gov/exoplanet-catalog/toi-139-b/
985,KMT-2022-BLG-0440L b,3500,15.4 Earths,Unknown,2023,https://science.nasa.gov/exoplanet-catalog/kmt-2022-blg-0440l-b/
986,KMT-2019-BLG-1216L b,2740,29.87587026 Earths,Unknown,2023,https://science.nasa.gov/exoplanet-catalog/kmt-2019-blg-1216l-b/
987,KMT-2019-BLG-0298L b,6710,1.81 Jupiters,Unknown,2023,https://science.nasa.gov/exoplanet-catalog/kmt-2019-blg-0298l-b/
988,HD 207496 b,23.606,6.1 Earths,8.23,2023,https://science.nasa.gov/exoplanet-catalog/hd-207496-b/
989,LP 791-18 d,26.4927,0.91 Earths,16.91,2023,https://science.nasa.gov/exoplanet-catalog/lp-791-18-d/
990,TOI-244 b,22.0337,2.68 Earths,12.861,2023,https://science.nasa.gov/exoplanet-catalog/toi-244-b/
991,TOI-1221 b,138.411,3.5 Jupiters,10.494,2023,https://science.nasa.gov/exoplanet-catalog/toi-1221-b/
992,Kepler-2001 c,776.55,3.97 Earths,15.981,2023,https://science.nasa.gov/exoplanet-catalog/kepler-2001-c/
993,Kepler-2001 b,776.55,1.12 Earths,15.981,2023,https://science.nasa.gov/exoplanet-catalog/kepler-2001-b/
994,Kepler-2000 c,320.588,3.09 Earths,15.642,2023,https://science.nasa.gov/exoplanet-catalog/kepler-2000-c/
995,Kepler-2000 b,320.588,7.9 Earths,15.642,2023,https://science.nasa.gov/exoplanet-catalog/kepler-2000-b/
996,Kepler-1999 b,701.255,10.8 Earths,16.433,2023,https://science.nasa.gov/exoplanet-catalog/kepler-1999-b/
997,Kepler-1998 b,340.965,0.156 Earths,12.74,2023,https://science.nasa.gov/exoplanet-catalog/kepler-1998-b/
998,Kepler-1997 b,1502.34,5.82 Earths,15.454,2023,https://science.nasa.gov/exoplanet-catalog/kepler-1997-b/
999,Kepler-1996 c,440.561,8.3 Earths,15.11,2023,https://science.nasa.gov/exoplanet-catalog/kepler-1996-c/
1000,Kepler-1996 b,440.561,5.73 Earths,15.11,2023,https://science.nasa.gov/exoplanet-catalog/kepler-1996-b/
1001,Kepler-1995 b,595.331,16.9 Earths,15.516,2023,https://science.nasa.gov/exoplanet-catalog/kepler-1995-b/
1002,Kepler-1994 b,241.991,0.087 Earths,12.01,2023,https://science.nasa.gov/exoplanet-catalog/kepler-1994-b/
1003,Kepler-1993 b,1031.91,16.1 Earths,13.451,2023,https://science.nasa.gov/exoplanet-catalog/kepler-1993-b/
1004,Kepler-1992 b,532.955,0.693 Earths,13.79,2023,https://science.nasa.gov/exoplanet-catalog/kepler-1992-b/
1005,Kepler-1991 c,855.82,7.13 Earths,15.048,2023,https://science.nasa.gov/exoplanet-catalog/kepler-1991-c/
1006,Kepler-1991 b,855.82,2.76 Earths,15.048,2023,https://science.nasa.gov/exoplanet-catalog/kepler-1991-b/
1007,Kepler-1990 c,392.739,0.904 Earths,11.946,2023,https://science.nasa.gov/exoplanet-catalog/kepler-1990-c/
1008,Kepler-1989 b,1252.13,19.3 Earths,14.289,2023,https://science.nasa.gov/exoplanet-catalog/kepler-1989-b/
1009,Kepler-1988 b,513.426,2.96 Earths,12.128,2023,https://science.nasa.gov/exoplanet-catalog/kepler-1988-b/
1010,Kepler-1987 e,595.683,4.35 Earths,15.477,2023,https://science.nasa.gov/exoplanet-catalog/kepler-1987-e/
1011,Kepler-1987 d,595.683,7.56 Earths,15.477,2023,https://science.nasa.gov/exoplanet-catalog/kepler-1987-d/
1012,Kepler-1987 c,595.683,2.33 Earths,15.477,2023,https://science.nasa.gov/exoplanet-catalog/kepler-1987-c/
1013,Kepler-1987 b,595.683,2.04 Earths,15.477,2023,https://science.nasa.gov/exoplanet-catalog/kepler-1987-b/
1014,Kepler-1986 b,912.085,4.23 Earths,15.661,2023,https://science.nasa.gov/exoplanet-catalog/kepler-1986-b/
1015,Kepler-1985 b,2073.0033312894,5.77 Earths,15.223,2023,https://science.nasa.gov/exoplanet-catalog/kepler-1985-b/
1016,Kepler-1984 b,3238.9183499688,37.3 Earths,16.192,2023,https://science.nasa.gov/exoplanet-catalog/kepler-1984-b/
1017,Kepler-1983 b,424.428,6.04 Earths,14.518,2023,https://science.nasa.gov/exoplanet-catalog/kepler-1983-b/
1018,Kepler-1982 b,558.855,0.381 Earths,12.696,2023,https://science.nasa.gov/exoplanet-catalog/kepler-1982-b/
1019,Kepler-1981 b,659.395,0.197 Jupiters,13.563,2023,https://science.nasa.gov/exoplanet-catalog/kepler-1981-b/
1020,Kepler-1980 b,1709.4,5.52 Earths,15.906,2023,https://science.nasa.gov/exoplanet-catalog/kepler-1980-b/
1021,Kepler-1979 b,1076.27,Unknown,15.484,2023,https://science.nasa.gov/exoplanet-catalog/kepler-1979-b/
1022,Kepler-1978 b,865.512,7.61 Earths,15.49,2023,https://science.nasa.gov/exoplanet-catalog/kepler-1978-b/
1023,Kepler-1977 b,592.711,3.39 Earths,16.047,2023,https://science.nasa.gov/exoplanet-catalog/kepler-1977-b/
1024,Kepler-1990 b,392.739,10.7 Earths,11.946,2023,https://science.nasa.gov/exoplanet-catalog/kepler-1990-b/
1025,Kepler-619 d,900.678,16.2 Earths,14.84,2023,https://science.nasa.gov/exoplanet-catalog/kepler-619-d/
1026,Kepler-880 c,601.324,8.6 Earths,11.845,2023,https://science.nasa.gov/exoplanet-catalog/kepler-880-c/
1027,Kepler-865 c,586.137,0.64 Earths,14.635,2023,https://science.nasa.gov/exoplanet-catalog/kepler-865-c/
1028,Kepler-864 c,2022.9,3.26 Earths,15.898,2023,https://science.nasa.gov/exoplanet-catalog/kepler-864-c/
1029,Kepler-784 c,1303.72,3.02 Earths,13.392,2023,https://science.nasa.gov/exoplanet-catalog/kepler-784-c/
1030,Kepler-763 c,962.459,2.6 Earths,15.965,2023,https://science.nasa.gov/exoplanet-catalog/kepler-763-c/
1031,Kepler-656 c,890.352,2.57 Earths,15.549,2023,https://science.nasa.gov/exoplanet-catalog/kepler-656-c/
1032,Kepler-58 e,969.252,1.88087656 Jupiters,15.086,2023,https://science.nasa.gov/exoplanet-catalog/kepler-58-e/
1033,Kepler-549 d,635.145,16.4 Earths,14.805,2023,https://science.nasa.gov/exoplanet-catalog/kepler-549-d/
1034,Kepler-416 d,690.819,3.22 Earths,14.166,2023,https://science.nasa.gov/exoplanet-catalog/kepler-416-d/
1035,Kepler-347 d,1298.88,9.48 Earths,14.567,2023,https://science.nasa.gov/exoplanet-catalog/kepler-347-d/
1036,Kepler-311 d,778.654,4.86 Earths,13.902,2023,https://science.nasa.gov/exoplanet-catalog/kepler-311-d/
1037,Kepler-290 d,694.627,0.566 Earths,15.775,2023,https://science.nasa.gov/exoplanet-catalog/kepler-290-d/
1038,Kepler-1921 c,928.989,2.57 Earths,13.103,2023,https://science.nasa.gov/exoplanet-catalog/kepler-1921-c/
1039,Kepler-1894 c,935.191,1.92 Earths,15.452,2023,https://science.nasa.gov/exoplanet-catalog/kepler-1894-c/
1040,Kepler-1869 c,113.025,0.33 Earths,10.31,2023,https://science.nasa.gov/exoplanet-catalog/kepler-1869-c/
1041,,1331.25,3.39 Earths,15.178,2023,https://science.nasa.gov/exoplanet-catalog/kepler-1859-c/
1042,Kepler-1834 c,500.395,1.98 Earths,15.18,2023,https://science.nasa.gov/exoplanet-catalog/kepler-1834-c/
1043,Kepler-1814 c,726.346,3.75 Earths,15.814,2023,https://science.nasa.gov/exoplanet-catalog/kepler-1814-c/
1044,Kepler-1801 c,839.332,8.8 Earths,15.28,2023,https://science.nasa.gov/exoplanet-catalog/kepler-1801-c/
1045,Kepler-1669 d,543.444,1.98 Earths,16.473,2023,https://science.nasa.gov/exoplanet-catalog/kepler-1669-d/
1046,Kepler-164 e,890.758,16.7 Earths,14.379,2023,https://science.nasa.gov/exoplanet-catalog/kepler-164-e/
1047,Kepler-1610 c,864.331,5.02 Earths,16.077,2023,https://science.nasa.gov/exoplanet-catalog/kepler-1610-c/
1048,Kepler-1518 c,903.51,8.75 Earths,13.374,2023,https://science.nasa.gov/exoplanet-catalog/kepler-1518-c/
1049,Kepler-1491 c,2065.59,6.53 Earths,15.796,2023,https://science.nasa.gov/exoplanet-catalog/kepler-1491-c/
1050,Kepler-1487 c,1014.62,0.153 Jupiters,13.6,2023,https://science.nasa.gov/exoplanet-catalog/kepler-1487-c/
1051,Kepler-1471 c,978.678,4.19 Earths,15.421,2023,https://science.nasa.gov/exoplanet-catalog/kepler-1471-c/
1052,Kepler-1181 c,938.417,4.01 Earths,13.549,2023,https://science.nasa.gov/exoplanet-catalog/kepler-1181-c/
1053,Kepler-1162 c,940.211,3.93 Earths,15.749,2023,https://science.nasa.gov/exoplanet-catalog/kepler-1162-c/
1054,Kepler-1126 c,635.736,2.7 Earths,14.221,2023,https://science.nasa.gov/exoplanet-catalog/kepler-1126-c/
1055,Kepler-1052 c,943.444,5.9 Earths,14.932,2023,https://science.nasa.gov/exoplanet-catalog/kepler-1052-c/
1056,Kepler-297 d,692.14,Unknown,14.326,2023,https://science.nasa.gov/exoplanet-catalog/kepler-297-d/
1057,Kepler-975 c,426.088,0.252 Jupiters,14.633,2023,https://science.nasa.gov/exoplanet-catalog/kepler-975-c/
1058,Kepler-949 c,486.105,9.11 Earths,14.718,2023,https://science.nasa.gov/exoplanet-catalog/kepler-949-c/
1059,Kepler-896 c,2334.93,10.1 Earths,15.457,2023,https://science.nasa.gov/exoplanet-catalog/kepler-896-c/
1060,Kepler-763 d,962.459,3.43 Earths,15.965,2023,https://science.nasa.gov/exoplanet-catalog/kepler-763-d/
1061,TOI-778 b,161.743,2.8 Jupiters,9.109,2023,https://science.nasa.gov/exoplanet-catalog/toi-778-b/
1062,OGLE-2018-BLG-1647L b,7880,0.97 Jupiters,Unknown,2022,https://science.nasa.gov/exoplanet-catalog/ogle-2018-blg-1647l-b/
1063,OGLE-2018-BLG-1367L b,5370,0.95 Jupiters,Unknown,2022,https://science.nasa.gov/exoplanet-catalog/ogle-2018-blg-1367l-b/
1064,OGLE-2018-BLG-1212L b,1550,0.2 Jupiters,Unknown,2022,https://science.nasa.gov/exoplanet-catalog/ogle-2018-blg-1212l-b/
1065,OGLE-2018-BLG-1126L b,5700,17.79839079 Earths,Unknown,2022,https://science.nasa.gov/exoplanet-catalog/ogle-2018-blg-1126l-b/
1066,OGLE-2018-BLG-0932L b,6620,0.89 Jupiters,Unknown,2022,https://science.nasa.gov/exoplanet-catalog/ogle-2018-blg-0932l-b/
1067,EPIC 229004835 b,121.971,10.4 Earths,10.23,2023,https://science.nasa.gov/exoplanet-catalog/epic-229004835-b/
1068,WISE J033605.05-014350.4 b,Unknown,8.25 Jupiters,Unknown,2023,https://science.nasa.gov/exoplanet-catalog/wise-j03360505-0143504-b/
1069,K2-2016-BLG-0005L b,5200,1.1 Jupiters,Unknown,2023,https://science.nasa.gov/exoplanet-catalog/k2-2016-blg-0005l-b/
1070,TOI-733 b,75.2092,5.72 Earths,9.44,2023,https://science.nasa.gov/exoplanet-catalog/toi-733-b/
1071,Kepler-68 e,144.166,0.272 Jupiters,10.077,2023,https://science.nasa.gov/exoplanet-catalog/kepler-68-e/
1072,Kepler-454 d,230.869,2.31 Jupiters,11.567,2023,https://science.nasa.gov/exoplanet-catalog/kepler-454-d/
1073,Kepler-10 d,185.506,12 Earths,11.043,2023,https://science.nasa.gov/exoplanet-catalog/kepler-10-d/
1074,K2-312 c,109.86,5.29 Jupiters,9.452,2023,https://science.nasa.gov/exoplanet-catalog/k2-312-c/
1075,HIP 99770 b,40.0765,17 Jupiters,4.94292,2023,https://science.nasa.gov/exoplanet-catalog/hip-99770-b/
1076,TOI-4406 b,261.834,0.3 Jupiters,10.937,2023,https://science.nasa.gov/exoplanet-catalog/toi-4406-b/
1077,TOI-2589 b,200.273,3.5 Jupiters,11.415,2023,https://science.nasa.gov/exoplanet-catalog/toi-2589-b/
1078,TOI-2338 b,313.996,5.98 Jupiters,12.483,2023,https://science.nasa.gov/exoplanet-catalog/toi-2338-b/
1079,PZ Telescopii b,47.0648,27 Jupiters,8.43,2023,https://science.nasa.gov/exoplanet-catalog/pz-telescopii-b/
1080,OGLE-2018-BLG-1119L b,5760,0.91 Jupiters,Unknown,2022,https://science.nasa.gov/exoplanet-catalog/ogle-2018-blg-1119l-b/
1081,OGLE-2018-BLG-0298L b,6540,0.14 Jupiters,Unknown,2022,https://science.nasa.gov/exoplanet-catalog/ogle-2018-blg-0298l-b/
1082,KMT-2018-BLG-2602L b,4310,1.15 Jupiters,Unknown,2022,https://science.nasa.gov/exoplanet-catalog/kmt-2018-blg-2602l-b/
1083,KMT-2018-BLG-0247L b,6760,2.11 Jupiters,Unknown,2022,https://science.nasa.gov/exoplanet-catalog/kmt-2018-blg-0247l-b/
1084,KMT-2018-BLG-0087L b,7020,0.23 Jupiters,Unknown,2022,https://science.nasa.gov/exoplanet-catalog/kmt-2018-blg-0087l-b/
1085,KMT-2018-BLG-0030L b,6480,1.45 Jupiters,Unknown,2022,https://science.nasa.gov/exoplanet-catalog/kmt-2018-blg-0030l-b/
1086,TOI-4603 b,225.643,12.89 Jupiters,9.24,2023,https://science.nasa.gov/exoplanet-catalog/toi-4603-b/
1087,TOI-1338 c,399.017,0.23723493 Jupiters,11.722,2023,https://science.nasa.gov/exoplanet-catalog/toi-1338-c/
1088,TOI-1338 b,399.017,11.3 Earths,11.722,2020,https://science.nasa.gov/exoplanet-catalog/toi-1338-b/
1089,KMT-2021-BLG-1105L b,4540,1.3 Jupiters,Unknown,2023,https://science.nasa.gov/exoplanet-catalog/kmt-2021-blg-1105l-b/
1090,K2-415 b,21.8182,7.5 Earths,15.33,2023,https://science.nasa.gov/exoplanet-catalog/k2-415-b/
1091,TOI-2096 c,48.4809,4.32 Earths,15.92,2023,https://science.nasa.gov/exoplanet-catalog/toi-2096-c/
1092,TOI-2096 b,48.4809,2.08 Earths,15.92,2023,https://science.nasa.gov/exoplanet-catalog/toi-2096-b/
1093,KMT-2021-BLG-2478L b,2970,0.9 Jupiters,Unknown,2023,https://science.nasa.gov/exoplanet-catalog/kmt-2021-blg-2478l-b/
1094,KMT-2021-BLG-0909L b,6480,1.26 Jupiters,Unknown,2023,https://science.nasa.gov/exoplanet-catalog/kmt-2021-blg-0909l-b/
1095,KMT-2021-BLG-0712L b,3090,38.19 Earths,Unknown,2023,https://science.nasa.gov/exoplanet-catalog/kmt-2021-blg-0712l-b/
1096,HD 18438 b,224.146,21 Jupiters,5.50474,2023,https://science.nasa.gov/exoplanet-catalog/hd-18438-b/
1097,OGLE-2018-BLG-0799L b,4050,0.26 Jupiters,Unknown,2022,https://science.nasa.gov/exoplanet-catalog/ogle-2018-blg-0799l-b/
1098,Kepler-1976 b,1314.51,Unknown,15.445,2023,https://science.nasa.gov/exoplanet-catalog/kepler-1976-b/
1099,HD 169142 b,113.6,3 Jupiters,8.156,2023,https://science.nasa.gov/exoplanet-catalog/hd-169142-b/
1100,TOI-5205 b,86.4493,1.08 Jupiters,15.899,2023,https://science.nasa.gov/exoplanet-catalog/toi-5205-b/
1101,TOI-2497 b,285.289,4.82 Jupiters,9.547,2023,https://science.nasa.gov/exoplanet-catalog/toi-2497-b/
1102,TOI-2154 b,296.46,0.92 Jupiters,11.068,2023,https://science.nasa.gov/exoplanet-catalog/toi-2154-b/
1103,TOI-2152 A b,303.006,2.83 Jupiters,11.436,2023,https://science.nasa.gov/exoplanet-catalog/toi-2152-a-b/
1104,TOI-2145 b,224.731,5.68 Jupiters,9.07,2023,https://science.nasa.gov/exoplanet-catalog/toi-2145-b/
1105,TOI-181 b,96.2338,0.1452 Jupiters,11.191,2023,https://science.nasa.gov/exoplanet-catalog/toi-181-b/
1106,TOI-1811 b,128.23,0.972 Jupiters,11.966,2023,https://science.nasa.gov/exoplanet-catalog/toi-1811-b/
1107,TIC 279401253 c,285.584,8.02 Jupiters,11.938,2023,https://science.nasa.gov/exoplanet-catalog/tic-279401253-c/
1108,TIC 279401253 b,285.584,6.14 Jupiters,11.938,2023,https://science.nasa.gov/exoplanet-catalog/tic-279401253-b/
1109,GJ 463 b,18.3554,3.4 Jupiters,11.595,2022,https://science.nasa.gov/exoplanet-catalog/gj-463-b/
1110,TOI-4791 b,328.802,2.31 Jupiters,11.541,2023,https://science.nasa.gov/exoplanet-catalog/toi-4791-b/
1111,TOI-4463 A b,173.117,0.794 Jupiters,11.036,2023,https://science.nasa.gov/exoplanet-catalog/toi-4463-a-b/
1112,TOI-4145 A b,205.387,0.43 Jupiters,12.084,2023,https://science.nasa.gov/exoplanet-catalog/toi-4145-a-b/
1113,TOI-4087 b,301.676,0.73 Jupiters,12.107,2023,https://science.nasa.gov/exoplanet-catalog/toi-4087-b/
1114,TOI-3976 A b,516.087,0.175 Jupiters,12.403,2023,https://science.nasa.gov/exoplanet-catalog/toi-3976-a-b/
1115,TOI-3912 b,465.992,0.406 Jupiters,12.507,2023,https://science.nasa.gov/exoplanet-catalog/toi-3912-b/
1116,TOI-3819 b,558.141,1.11 Jupiters,12.542,2023,https://science.nasa.gov/exoplanet-catalog/toi-3819-b/
1117,TOI-3807 b,421.745,1.04 Jupiters,11.856,2023,https://science.nasa.gov/exoplanet-catalog/toi-3807-b/
1118,TOI-3688 A b,396.378,0.98 Jupiters,12.241,2023,https://science.nasa.gov/exoplanet-catalog/toi-3688-a-b/
1119,TOI-3364 b,277.899,1.67 Jupiters,11.875,2023,https://science.nasa.gov/exoplanet-catalog/toi-3364-b/
1120,TOI-3023 b,389.916,0.62 Jupiters,12.252,2023,https://science.nasa.gov/exoplanet-catalog/toi-3023-b/
1121,TOI-2977 b,629.04251640238,1.68 Jupiters,12.6334,2023,https://science.nasa.gov/exoplanet-catalog/toi-2977-b/
1122,TOI-2842 b,460.995,0.37 Jupiters,12.59,2023,https://science.nasa.gov/exoplanet-catalog/toi-2842-b/
1123,TOI-2818 b,312.674,0.71 Jupiters,11.937,2023,https://science.nasa.gov/exoplanet-catalog/toi-2818-b/
1124,TOI-2803 A b,494.818,0.975 Jupiters,12.537,2023,https://science.nasa.gov/exoplanet-catalog/toi-2803-a-b/
1125,L 363-38 b,10.2295,4.67 Earths,13.027,2023,https://science.nasa.gov/exoplanet-catalog/l-363-38-b/
1126,TOI-836 b,27.5024,4.53 Earths,9.92,2023,https://science.nasa.gov/exoplanet-catalog/toi-836-b/
1127,TOI-2796 b,350.343,0.44 Jupiters,12.475,2023,https://science.nasa.gov/exoplanet-catalog/toi-2796-b/
1128,TOI-2587 A b,373.675,0.218 Jupiters,11.544,2023,https://science.nasa.gov/exoplanet-catalog/toi-2587-a-b/
1129,TOI-2583 A b,566.189,0.25 Jupiters,12.586,2023,https://science.nasa.gov/exoplanet-catalog/toi-2583-a-b/
1130,TOI-2364 b,219.614,0.225 Jupiters,12.234,2023,https://science.nasa.gov/exoplanet-catalog/toi-2364-b/
1131,TOI-1937 A b,415.135,2.01 Jupiters,13.18,2023,https://science.nasa.gov/exoplanet-catalog/toi-1937-a-b/
1132,Wolf 1069 b,9.58341,1.26 Earths,13.993,2023,https://science.nasa.gov/exoplanet-catalog/wolf-1069-b/
1133,TOI-3235 b,72.811,0.665 Jupiters,15.16,2023,https://science.nasa.gov/exoplanet-catalog/toi-3235-b/
1134,TOI-2525 c,395.398,0.657 Jupiters,14.216,2023,https://science.nasa.gov/exoplanet-catalog/toi-2525-c/
1135,TOI-2525 b,395.398,26.69758619 Earths,14.216,2023,https://science.nasa.gov/exoplanet-catalog/toi-2525-b/
1136,AF Leporis b,26.8564,3.61 Jupiters,6.332,2023,https://science.nasa.gov/exoplanet-catalog/af-leporis-b/
1137,OGLE-2019-BLG-1492L b,5600,37.1 Earths,Unknown,2022,https://science.nasa.gov/exoplanet-catalog/ogle-2019-blg-1492l-b/
1138,OGLE-2019-BLG-1053L b,6800,2.48 Earths,Unknown,2021,https://science.nasa.gov/exoplanet-catalog/ogle-2019-blg-1053l-b/
1139,OGLE-2018-BLG-0977L b,6500,6.4 Earths,Unknown,2022,https://science.nasa.gov/exoplanet-catalog/ogle-2018-blg-0977l-b/
1140,OGLE-2018-BLG-0516L b,7000,20.1 Earths,Unknown,2022,https://science.nasa.gov/exoplanet-catalog/ogle-2018-blg-0516l-b/
1141,OGLE-2018-BLG-0506L b,5600,16.3 Earths,Unknown,2022,https://science.nasa.gov/exoplanet-catalog/ogle-2018-blg-0506l-b/
1142,OGLE-2017-BLG-1806L b,6400,5.27 Earths,Unknown,2023,https://science.nasa.gov/exoplanet-catalog/ogle-2017-blg-1806l-b/
1143,KMT-2021-BLG-1391L b,5720,4.55 Earths,Unknown,2022,https://science.nasa.gov/exoplanet-catalog/kmt-2021-blg-1391l-b/
1144,KMT-2021-BLG-1372L b,5970,0.19277698 Jupiters,Unknown,2022,https://science.nasa.gov/exoplanet-catalog/kmt-2021-blg-1372l-b/
1145,KMT-2021-BLG-1253L b,6640,19.05 Earths,Unknown,2022,https://science.nasa.gov/exoplanet-catalog/kmt-2021-blg-1253l-b/
1146,KMT-2021-BLG-0748L b,6090,0.45 Jupiters,Unknown,2022,https://science.nasa.gov/exoplanet-catalog/kmt-2021-blg-0748l-b/
1147,KMT-2019-BLG-2974L b,6100,0.28 Jupiters,Unknown,2022,https://science.nasa.gov/exoplanet-catalog/kmt-2019-blg-2974l-b/
1148,KMT-2019-BLG-1806L b,6640,4.67 Earths,Unknown,2023,https://science.nasa.gov/exoplanet-catalog/kmt-2019-blg-1806l-b/
1149,KMT-2019-BLG-1552L b,4600,4.05 Jupiters,Unknown,2022,https://science.nasa.gov/exoplanet-catalog/kmt-2019-blg-1552l-b/
1150,KMT-2019-BLG-1367L b,4670,4.08 Earths,Unknown,2023,https://science.nasa.gov/exoplanet-catalog/kmt-2019-blg-1367l-b/
1151,KMT-2019-BLG-1042L b,6600,0.19 Jupiters,Unknown,2022,https://science.nasa.gov/exoplanet-catalog/kmt-2019-blg-1042l-b/
1152,KMT-2019-BLG-0953L b,7200,15.5 Earths,Unknown,2022,https://science.nasa.gov/exoplanet-catalog/kmt-2019-blg-0953l-b/
1153,KMT-2019-BLG-0253L b,4900,9.2 Earths,Unknown,2022,https://science.nasa.gov/exoplanet-catalog/kmt-2019-blg-0253l-b/
1154,KMT-2017-BLG-1194L b,4240,3.54 Earths,Unknown,2023,https://science.nasa.gov/exoplanet-catalog/kmt-2017-blg-1194l-b/
1155,KMT-2017-BLG-1003L b,7090,5.19 Earths,Unknown,2023,https://science.nasa.gov/exoplanet-catalog/kmt-2017-blg-1003l-b/
1156,KMT-2017-BLG-0428L b,5400,5.59 Earths,Unknown,2023,https://science.nasa.gov/exoplanet-catalog/kmt-2017-blg-0428l-b/
1157,KMT-2016-BLG-1105L b,5080,2.32 Earths,Unknown,2023,https://science.nasa.gov/exoplanet-catalog/kmt-2016-blg-1105l-b/
1158,TOI-1694 c,124.68,0.996 Jupiters,11.446,2023,https://science.nasa.gov/exoplanet-catalog/toi-1694-c/
1159,TOI-1669 b,111.276,0.60095321 Jupiters,10.218,2023,https://science.nasa.gov/exoplanet-catalog/toi-1669-b/
1160,OGLE-2019-BLG-0468L c,4400,10.22 Jupiters,Unknown,2022,https://science.nasa.gov/exoplanet-catalog/ogle-2019-blg-0468l-c/
1161,TOI-4562 b,339.605,2.3 Jupiters,12.14,2023,https://science.nasa.gov/exoplanet-catalog/toi-4562-b/
1162,TOI-4342 c,61.5204,4.8 Earths,12.669,2023,https://science.nasa.gov/exoplanet-catalog/toi-4342-c/
1163,TOI-4342 b,61.5204,7.3 Earths,12.669,2023,https://science.nasa.gov/exoplanet-catalog/toi-4342-b/
1164,TOI-1694 b,124.68,28.24 Earths,11.446,2023,https://science.nasa.gov/exoplanet-catalog/toi-1694-b/
1165,OGLE-2019-BLG-0468L b,4400,3.43 Jupiters,Unknown,2022,https://science.nasa.gov/exoplanet-catalog/ogle-2019-blg-0468l-b/
1166,TOI-4582 b,383.846,0.53 Jupiters,11.27,2023,https://science.nasa.gov/exoplanet-catalog/toi-4582-b/
1167,GJ 1151 c,8.03625,10.62 Earths,13.76,2023,https://science.nasa.gov/exoplanet-catalog/gj-1151-c/
1168,Nu Octantis A b,21.1999,2.19 Jupiters,3.73,2016,https://science.nasa.gov/exoplanet-catalog/nu-octantis-a-b/
1169,TOI-700 e,31.1265,0.818 Earths,13.151,2023,https://science.nasa.gov/exoplanet-catalog/toi-700-e/
1170,OGLE-2006-BLG-284L A b,4000,0.45307467 Jupiters,Unknown,2020,https://science.nasa.gov/exoplanet-catalog/ogle-2006-blg-284l-a-b/
1171,MOA-2020-BLG-135L b,7900,11.3 Earths,Unknown,2022,https://science.nasa.gov/exoplanet-catalog/moa-2020-blg-135l-b/
1172,KMT-2021-BLG-1077L c,8240,0.25 Jupiters,Unknown,2022,https://science.nasa.gov/exoplanet-catalog/kmt-2021-blg-1077l-c/
1173,KMT-2021-BLG-1077L b,8240,0.22 Jupiters,Unknown,2022,https://science.nasa.gov/exoplanet-catalog/kmt-2021-blg-1077l-b/
1174,TOI-1288 c,114.865,0.26964235 Jupiters,10.445,2022,https://science.nasa.gov/exoplanet-catalog/toi-1288-c/
1175,Kepler-138 e,66.8624,0.43 Earths,13.04,2022,https://science.nasa.gov/exoplanet-catalog/kepler-138-e/
1176,KMT-2021-BLG-0240L b,6600,0.21 Jupiters,Unknown,2022,https://science.nasa.gov/exoplanet-catalog/kmt-2021-blg-0240l-b/
1177,KMT-2017-BLG-0673L b,5080,3.67 Jupiters,Unknown,2022,https://science.nasa.gov/exoplanet-catalog/kmt-2017-blg-0673l-b/
1178,GJ 1002 c,4.84867,1.36 Earths,13.76,2022,https://science.nasa.gov/exoplanet-catalog/gj-1002-c/
1179,GJ 1002 b,4.84867,1.08 Earths,13.76,2022,https://science.nasa.gov/exoplanet-catalog/gj-1002-b/
1180,TOI-1260 d,73.5977,11.84 Earths,11.922,2022,https://science.nasa.gov/exoplanet-catalog/toi-1260-d/
1181,KMT-2019-BLG-0414L b,4410,4.57 Jupiters,Unknown,2022,https://science.nasa.gov/exoplanet-catalog/kmt-2019-blg-0414l-b/
1182,HD 109833 c,79.5561,7.22 Earths,9.29,2022,https://science.nasa.gov/exoplanet-catalog/hd-109833-c/
1183,HD 109833 b,79.5561,8.69 Earths,9.29,2022,https://science.nasa.gov/exoplanet-catalog/hd-109833-b/
1184,TOI-1136 g,84.5362,5.6 Earths,9.534,2022,https://science.nasa.gov/exoplanet-catalog/toi-1136-g/
1185,TOI-1136 f,84.5362,9.7 Earths,9.534,2022,https://science.nasa.gov/exoplanet-catalog/toi-1136-f/
1186,TOI-1136 e,84.5362,6.07 Earths,9.534,2022,https://science.nasa.gov/exoplanet-catalog/toi-1136-e/
1187,TOI-1136 d,84.5362,8.35 Earths,9.534,2022,https://science.nasa.gov/exoplanet-catalog/toi-1136-d/
1188,TOI-1136 c,84.5362,6.32 Earths,9.534,2022,https://science.nasa.gov/exoplanet-catalog/toi-1136-c/
1189,TOI-1136 b,84.5362,3.5 Earths,9.534,2022,https://science.nasa.gov/exoplanet-catalog/toi-1136-b/
1190,HD 206893 c,40.7583,11.1 Jupiters,6.68804,2022,https://science.nasa.gov/exoplanet-catalog/hd-206893-c/
1191,KMT-2021-BLG-2294L b,6800,22.24798849 Earths,Unknown,2022,https://science.nasa.gov/exoplanet-catalog/kmt-2021-blg-2294l-b/
1192,KMT-2021-BLG-0192L b,5120,34.96112477 Earths,Unknown,2022,https://science.nasa.gov/exoplanet-catalog/kmt-2021-blg-0192l-b/
1193,KMT-2021-BLG-0119L b,3130,5.52 Jupiters,Unknown,2022,https://science.nasa.gov/exoplanet-catalog/kmt-2021-blg-0119l-b/
1194,MOA-2019-BLG-008L b,2700,18 Jupiters,Unknown,2022,https://science.nasa.gov/exoplanet-catalog/moa-2019-blg-008l-b/
1195,TOI-1695 b,45.1309,6.36 Earths,12.989,2022,https://science.nasa.gov/exoplanet-catalog/toi-1695-b/
1196,HD 167768 b,107.214,0.85 Jupiters,5.98894,2022,https://science.nasa.gov/exoplanet-catalog/hd-167768-b/
1197,HD 114082 b,95.3906,1.6 Jupiters,8.2,2022,https://science.nasa.gov/exoplanet-catalog/hd-114082-b/
1198,TOI-277 b,64.6692,7.51 Earths,13.632,2022,https://science.nasa.gov/exoplanet-catalog/toi-277-b/
1199,TOI-1288 b,114.865,0.13875412 Jupiters,10.445,2022,https://science.nasa.gov/exoplanet-catalog/toi-1288-b/
1200,HD 20329 b,63.6796,7.42 Earths,8.76,2022,https://science.nasa.gov/exoplanet-catalog/hd-20329-b/
1201,NGTS-25 b,521.233,0.639 Jupiters,14.333,2022,https://science.nasa.gov/exoplanet-catalog/ngts-25-b/
1202,NGTS-24 b,683.062,0.52 Jupiters,13.214,2022,https://science.nasa.gov/exoplanet-catalog/ngts-24-b/
1203,NGTS-23 b,1074.95,0.613 Jupiters,14.126,2022,https://science.nasa.gov/exoplanet-catalog/ngts-23-b/
1204,HD 191939 g,53.6089,13.5 Earths,8.97,2022,https://science.nasa.gov/exoplanet-catalog/hd-191939-g/
1205,TOI-1468 c,24.7399,4.1 Earths,12.5,2022,https://science.nasa.gov/exoplanet-catalog/toi-1468-c/
1206,TOI-1468 b,24.7399,3.04 Earths,12.5,2022,https://science.nasa.gov/exoplanet-catalog/toi-1468-b/
1207,K2-412 b,654.085,5.13 Earths,15.746,2022,https://science.nasa.gov/exoplanet-catalog/k2-412-b/
1208,K2-414 c,260.036,4.38 Earths,14.289,2022,https://science.nasa.gov/exoplanet-catalog/k2-414-c/
1209,K2-414 b,260.036,1.98 Earths,14.289,2022,https://science.nasa.gov/exoplanet-catalog/k2-414-b/
1210,K2-413 c,285.162,2.05 Earths,15.013,2022,https://science.nasa.gov/exoplanet-catalog/k2-413-c/
1211,K2-413 b,285.162,0.363 Earths,15.013,2022,https://science.nasa.gov/exoplanet-catalog/k2-413-b/
1212,K2-411 b,298.219,0.937 Earths,12.27,2022,https://science.nasa.gov/exoplanet-catalog/k2-411-b/
1213,HD 18599 b,38.5653,24.1 Earths,8.99,2022,https://science.nasa.gov/exoplanet-catalog/hd-18599-b/
1214,TOI-969 c,77.2554,11.3 Jupiters,11.646,2022,https://science.nasa.gov/exoplanet-catalog/toi-969-c/
1215,TOI-969 b,77.2554,9.1 Earths,11.646,2022,https://science.nasa.gov/exoplanet-catalog/toi-969-b/
1216,HD 206893 b,40.7583,19.5 Jupiters,6.68804,2021,https://science.nasa.gov/exoplanet-catalog/hd-206893-b/
1217,OGLE-2017-BLG-1691L b,7290,14.62010672 Earths,Unknown,2022,https://science.nasa.gov/exoplanet-catalog/ogle-2017-blg-1691l-b/
1218,KMT-2021-BLG-1554L b,7680,38.13940884 Earths,Unknown,2022,https://science.nasa.gov/exoplanet-catalog/kmt-2021-blg-1554l-b/
1219,TOI-3884 b,43.1448,32.59 Earths,15.744,2022,https://science.nasa.gov/exoplanet-catalog/toi-3884-b/
1220,KMT-2021-BLG-1303L b,6280,0.38 Jupiters,Unknown,2022,https://science.nasa.gov/exoplanet-catalog/kmt-2021-blg-1303l-b/
1221,KMT-2021-BLG-0320L b,6950,31.7828407 Earths,Unknown,2022,https://science.nasa.gov/exoplanet-catalog/kmt-2021-blg-0320l-b/
1222,NGTS-21 b,592.891,2.36 Jupiters,15.506,2022,https://science.nasa.gov/exoplanet-catalog/ngts-21-b/
1223,mu2 Scorpii b,9.6382902362397,14.4 Jupiters,3.56,2022,https://science.nasa.gov/exoplanet-catalog/mu2-scorpii-b/
1224,gam1 Leonis b,39.8883,8.78 Jupiters,1.99509,2009,https://science.nasa.gov/exoplanet-catalog/gam1-leonis-b/
1225,psi1 Draconis B b,22.7188,1.53 Jupiters,5.808,2015,https://science.nasa.gov/exoplanet-catalog/psi1-draconis-b-b/
1226,KMT-2021-BLG-1898L b,6900,0.73 Jupiters,Unknown,2022,https://science.nasa.gov/exoplanet-catalog/kmt-2021-blg-1898l-b/
1227,HD 3167 e,47.2899,14.9 Earths,8.97,2022,https://science.nasa.gov/exoplanet-catalog/hd-3167-e/
1228,TOI-5542 b,348.849,1.32 Jupiters,12.42,2022,https://science.nasa.gov/exoplanet-catalog/toi-5542-b/
1229,KOI-7913 b,271.277,6.08 Earths,14.23,2022,https://science.nasa.gov/exoplanet-catalog/koi-7913-b/
1230,KOI-7368 b,264.995,5.56 Earths,12.969,2022,https://science.nasa.gov/exoplanet-catalog/koi-7368-b/
1231,KIC 3526061 b,401.229,18.15 Jupiters,10.372,2022,https://science.nasa.gov/exoplanet-catalog/kic-3526061-b/
1232,HD 184010 d,60.7993,0.45 Jupiters,5.88639,2022,https://science.nasa.gov/exoplanet-catalog/hd-184010-d/
1233,HD 184010 c,60.7993,0.3 Jupiters,5.88639,2022,https://science.nasa.gov/exoplanet-catalog/hd-184010-c/
1234,HD 184010 b,60.7993,0.31 Jupiters,5.88639,2022,https://science.nasa.gov/exoplanet-catalog/hd-184010-b/
1235,TOI-5398 b,130.855,0.18469085 Jupiters,10.059,2022,https://science.nasa.gov/exoplanet-catalog/toi-5398-b/
1236,TOI-5238 b,290.646,23.7 Earths,12.214,2022,https://science.nasa.gov/exoplanet-catalog/toi-5238-b/
1237,TOI-5174 b,197.243,24.8 Earths,11.583,2022,https://science.nasa.gov/exoplanet-catalog/toi-5174-b/
1238,TOI-2545 b,107.118,8 Earths,9.521,2022,https://science.nasa.gov/exoplanet-catalog/toi-2545-b/
1239,HD 23472 f,39.0341,0.77 Earths,9.73,2022,https://science.nasa.gov/exoplanet-catalog/hd-23472-f/
1240,HD 23472 e,39.0341,0.72 Earths,9.73,2022,https://science.nasa.gov/exoplanet-catalog/hd-23472-e/
1241,HD 23472 d,39.0341,0.55 Earths,9.73,2022,https://science.nasa.gov/exoplanet-catalog/hd-23472-d/
1242,OGLE-2019-BLG-1470L AB c,5900,2.2 Jupiters,Unknown,2022,https://science.nasa.gov/exoplanet-catalog/ogle-2019-blg-1470l-ab-c/
1243,HIP 19976 b,40.2707,21.61233168 Earths,10.48,2022,https://science.nasa.gov/exoplanet-catalog/hip-19976-b/
1244,HD 93351 c,56.163,13.07 Jupiters,9.12,2022,https://science.nasa.gov/exoplanet-catalog/hd-93351-c/
1245,HD 204313 e,47.7945,15.317 Jupiters,7.99,2022,https://science.nasa.gov/exoplanet-catalog/hd-204313-e/
1246,HD 203387 c,61.7477,7.485 Jupiters,4.28,2022,https://science.nasa.gov/exoplanet-catalog/hd-203387-c/
1247,HD 203387 b,61.7477,3.48 Jupiters,4.28,2022,https://science.nasa.gov/exoplanet-catalog/hd-203387-b/
1248,HD 12235 c,31.7627,9.866 Jupiters,5.88051,2022,https://science.nasa.gov/exoplanet-catalog/hd-12235-c/
1249,HD 12235 b,31.7627,10.48833743 Earths,5.88051,2022,https://science.nasa.gov/exoplanet-catalog/hd-12235-b/
1250,HD 11506 d,51.261,12.8 Jupiters,7.51,2022,https://science.nasa.gov/exoplanet-catalog/hd-11506-d/
1251,HD 11343 c,155.121,0.804 Jupiters,7.88,2022,https://science.nasa.gov/exoplanet-catalog/hd-11343-c/
1252,HD 113337 c,36.18,19.821 Jupiters,6.02078,2020,https://science.nasa.gov/exoplanet-catalog/hd-113337-c/
1253,GJ 2030 c,37.0788,12.803 Jupiters,6.20902,2022,https://science.nasa.gov/exoplanet-catalog/gj-2030-c/
1254,GJ 2030 b,37.0788,4.76742611 Earths,6.20902,2022,https://science.nasa.gov/exoplanet-catalog/gj-2030-b/
1255,HD 93351 b,56.163,3.49611248 Earths,9.12,2022,https://science.nasa.gov/exoplanet-catalog/hd-93351-b/
1256,HD 28192 b,49.8063,0.314 Jupiters,8.06,2022,https://science.nasa.gov/exoplanet-catalog/hd-28192-b/
1257,HD 25912 c,49.1661,16.527 Jupiters,8.2,2022,https://science.nasa.gov/exoplanet-catalog/hd-25912-c/
1258,HD 25912 b,49.1661,38.13940884 Earths,8.2,2022,https://science.nasa.gov/exoplanet-catalog/hd-25912-b/
1259,HD 213519 b,41.0014,9.2170238 Earths,7.68,2022,https://science.nasa.gov/exoplanet-catalog/hd-213519-b/
1260,HD 205158 b,86.6159,0.392 Jupiters,7.84,2022,https://science.nasa.gov/exoplanet-catalog/hd-205158-b/
1261,HD 156098 c,48.249,5.228 Jupiters,5.53,2022,https://science.nasa.gov/exoplanet-catalog/hd-156098-c/
1262,HD 156098 b,48.249,15.89142035 Earths,5.53,2022,https://science.nasa.gov/exoplanet-catalog/hd-156098-b/
1263,HD 151450 c,43.6002,5.148 Jupiters,7.43,2022,https://science.nasa.gov/exoplanet-catalog/hd-151450-c/
1264,HD 151450 b,43.6002,38.45723725 Earths,7.43,2022,https://science.nasa.gov/exoplanet-catalog/hd-151450-b/
1265,HD 144899 b,115.665,20.34101805 Earths,8.97,2022,https://science.nasa.gov/exoplanet-catalog/hd-144899-b/
1266,HD 111232 c,28.9571,18.063 Jupiters,7.59,2022,https://science.nasa.gov/exoplanet-catalog/hd-111232-c/
1267,HD 13724 c,43.465,0.16 Jupiters,7.89,2022,https://science.nasa.gov/exoplanet-catalog/hd-13724-c/
1268,HD 122562 c,53.2528,0.23 Jupiters,7.659,2022,https://science.nasa.gov/exoplanet-catalog/hd-122562-c/
1269,HD 105618 c,70.0837,26.491 Jupiters,8.63,2022,https://science.nasa.gov/exoplanet-catalog/hd-105618-c/
1270,HD 105618 b,70.0837,25.42627256 Earths,8.63,2022,https://science.nasa.gov/exoplanet-catalog/hd-105618-b/
1271,HD 81817 c,269.126,22.609 Jupiters,4.26489,2022,https://science.nasa.gov/exoplanet-catalog/hd-81817-c/
1272,HD 73267 c,50.4093,5.131 Jupiters,8.9,2022,https://science.nasa.gov/exoplanet-catalog/hd-73267-c/
1273,HD 72659 c,51.8949,19.4 Jupiters,7.46,2022,https://science.nasa.gov/exoplanet-catalog/hd-72659-c/
1274,HD 43197 c,62.4112,7.868 Jupiters,8.98,2022,https://science.nasa.gov/exoplanet-catalog/hd-43197-c/
1275,HD 28185 c,39.3809,6 Jupiters,7.8,2022,https://science.nasa.gov/exoplanet-catalog/hd-28185-c/
1276,HD 217786 c,55.4847,7.31005336 Earths,7.78,2022,https://science.nasa.gov/exoplanet-catalog/hd-217786-c/
1277,HIP 55507 b,25.4893,8.135 Jupiters,9.8,2022,https://science.nasa.gov/exoplanet-catalog/hip-55507-b/
1278,HD 115404 A c,10.9869,10.319 Jupiters,6.55,2022,https://science.nasa.gov/exoplanet-catalog/hd-115404-a-c/
1279,HD 115404 A b,10.9869,30.82935548 Earths,6.55,2022,https://science.nasa.gov/exoplanet-catalog/hd-115404-a-b/
1280,GJ 9714 b,20.5121,9.403 Jupiters,9.37,2022,https://science.nasa.gov/exoplanet-catalog/gj-9714-b/
1281,HD 199509 b,24.3056,0.136 Jupiters,6.98,2022,https://science.nasa.gov/exoplanet-catalog/hd-199509-b/
1282,HD 18143 c,22.5243,9.998 Jupiters,7.518,2022,https://science.nasa.gov/exoplanet-catalog/hd-18143-c/
1283,HD 18143 b,22.5243,10.80616584 Earths,7.518,2022,https://science.nasa.gov/exoplanet-catalog/hd-18143-b/
1284,HD 155918 c,27.561,5.909 Jupiters,7,2022,https://science.nasa.gov/exoplanet-catalog/hd-155918-c/
1285,HD 155918 b,27.561,7.62788177 Earths,7,2022,https://science.nasa.gov/exoplanet-catalog/hd-155918-b/
1286,HD 153557 d,17.9412,27.454 Jupiters,7.83,2022,https://science.nasa.gov/exoplanet-catalog/hd-153557-d/
1287,HD 153557 c,17.9412,17.48056238 Earths,7.83,2022,https://science.nasa.gov/exoplanet-catalog/hd-153557-c/
1288,HD 153557 b,17.9412,20.34101805 Earths,7.83,2022,https://science.nasa.gov/exoplanet-catalog/hd-153557-b/
1289,GJ 680 b,9.67315,25.1 Jupiters,10.129,2022,https://science.nasa.gov/exoplanet-catalog/gj-680-b/
1290,GJ 3222 b,18.23817,11.44182265 Earths,6.9,2022,https://science.nasa.gov/exoplanet-catalog/gj-3222-b/
1291,HD 149806 b,20.2727,12.597 Jupiters,7.08308,2022,https://science.nasa.gov/exoplanet-catalog/hd-149806-b/
1292,HD 142 A d,26.1853,0.26 Jupiters,5.7,2022,https://science.nasa.gov/exoplanet-catalog/hd-142-a-d/
1293,HD 140901 c,15.2465,1.8 Jupiters,6.012,2022,https://science.nasa.gov/exoplanet-catalog/hd-140901-c/
1294,HD 140901 b,15.2465,15.57359194 Earths,6.012,2022,https://science.nasa.gov/exoplanet-catalog/hd-140901-b/
1295,HD 127506 b,22.5279,27.333243 Earths,8.7,2022,https://science.nasa.gov/exoplanet-catalog/hd-127506-b/
1296,HD 110537 b,45.0858,27.099 Jupiters,7.83,2022,https://science.nasa.gov/exoplanet-catalog/hd-110537-b/
1297,HIP 948 b,34.8523,20.6 Jupiters,9.92,2022,https://science.nasa.gov/exoplanet-catalog/hip-948-b/
1298,HIP 35965 b,50.1677,8.149 Jupiters,10.18,2022,https://science.nasa.gov/exoplanet-catalog/hip-35965-b/
1299,HD 97037 b,32.413,21.105 Jupiters,6.81828,2022,https://science.nasa.gov/exoplanet-catalog/hd-97037-b/
1300,HD 88072 b,35.9098,7.903 Jupiters,7.55,2022,https://science.nasa.gov/exoplanet-catalog/hd-88072-b/
1301,HD 86065 b,40.3661,9.053 Jupiters,9.36,2022,https://science.nasa.gov/exoplanet-catalog/hd-86065-b/
1302,HD 80913 b,61.3603,23.614 Jupiters,7.49,2022,https://science.nasa.gov/exoplanet-catalog/hd-80913-b/
1303,HD 80883 b,34.6011,5.5 Jupiters,8.6,2022,https://science.nasa.gov/exoplanet-catalog/hd-80883-b/
1304,HD 62549 b,49.3305,8.519 Jupiters,7.72,2022,https://science.nasa.gov/exoplanet-catalog/hd-62549-b/
1305,HD 62364 c,53.112,24.93 Jupiters,7.32,2022,https://science.nasa.gov/exoplanet-catalog/hd-62364-c/
1306,HD 62364 b,53.112,18.77 Jupiters,7.32,2022,https://science.nasa.gov/exoplanet-catalog/hd-62364-b/
1307,HD 56957 b,61.4925,5.918 Jupiters,7.57,2022,https://science.nasa.gov/exoplanet-catalog/hd-56957-b/
1308,HD 457 b,55.0375,26.572 Jupiters,7.72,2022,https://science.nasa.gov/exoplanet-catalog/hd-457-b/
1309,TOI-2158 b,198.473,0.82 Jupiters,10.887,2022,https://science.nasa.gov/exoplanet-catalog/toi-2158-b/
1310,TOI-2025 b,335.985,3.6 Jupiters,11.599,2022,https://science.nasa.gov/exoplanet-catalog/toi-2025-b/
1311,TOI-1820 b,248.504,2.3 Jupiters,10.899,2022,https://science.nasa.gov/exoplanet-catalog/toi-1820-b/
1312,HD 29985 b,31.2707,5.473 Jupiters,9.98,2022,https://science.nasa.gov/exoplanet-catalog/hd-29985-b/
1313,HD 217958 b,61.7957,0.524 Jupiters,8.05,2022,https://science.nasa.gov/exoplanet-catalog/hd-217958-b/
1314,HD 194490 b,80.2349,11.207 Jupiters,8.99,2022,https://science.nasa.gov/exoplanet-catalog/hd-194490-b/
1315,HD 190228 b,62.7146,5.03 Jupiters,7.3,2022,https://science.nasa.gov/exoplanet-catalog/hd-190228-b/
1316,HD 188641 b,64.3399,29.365 Jupiters,7.34,2022,https://science.nasa.gov/exoplanet-catalog/hd-188641-b/
1317,HD 16905 b,39.7401,11.3 Jupiters,9.44,2022,https://science.nasa.gov/exoplanet-catalog/hd-16905-b/
1318,HD 168863 b,39.8979,6.78 Jupiters,9.35,2022,https://science.nasa.gov/exoplanet-catalog/hd-168863-b/
1319,HD 136118 b,51.4359,13.102 Jupiters,6.9456,2022,https://science.nasa.gov/exoplanet-catalog/hd-136118-b/
1320,HD 135872 b,82.4251,5.489 Jupiters,7.28103,2022,https://science.nasa.gov/exoplanet-catalog/hd-135872-b/
1321,HD 125271 b,39.3466,10.904 Jupiters,9.68,2022,https://science.nasa.gov/exoplanet-catalog/hd-125271-b/
1322,HD 11505 b,38.9679,7.899 Jupiters,7.43,2022,https://science.nasa.gov/exoplanet-catalog/hd-11505-b/
1323,HD 11112 b,44.3804,8.176 Jupiters,7.13,2022,https://science.nasa.gov/exoplanet-catalog/hd-11112-b/
1324,HD 109988 b,42.5279,21.821 Jupiters,8.9,2022,https://science.nasa.gov/exoplanet-catalog/hd-109988-b/
1325,TOI-2048 b,116.567,7.32 Earths,11.431,2022,https://science.nasa.gov/exoplanet-catalog/toi-2048-b/
1326,LP 890-9 c,32.4298,25.3 Earths,18,2022,https://science.nasa.gov/exoplanet-catalog/lp-890-9-c/
1327,LP 890-9 b,32.4298,13.2 Earths,18,2022,https://science.nasa.gov/exoplanet-catalog/lp-890-9-b/
1328,HD 56414 b,272.217,13.3 Earths,9.217,2022,https://science.nasa.gov/exoplanet-catalog/hd-56414-b/
1329,GJ 896 A b,6.26022,2.26 Jupiters,10.05,2022,https://science.nasa.gov/exoplanet-catalog/gj-896-a-b/
1330,GJ 3090 b,22.4751,4.52 Earths,11.403,2022,https://science.nasa.gov/exoplanet-catalog/gj-3090-b/
1331,TOI-1452 b,30.5212,4.82 Earths,14.354,2022,https://science.nasa.gov/exoplanet-catalog/toi-1452-b/
1332,KMT-2021-BLG-0171L b,4600,11.2 Earths,Unknown,2022,https://science.nasa.gov/exoplanet-catalog/kmt-2021-blg-0171l-b/
1333,TOI-712 d,58.6212,6.68 Earths,10.838,2022,https://science.nasa.gov/exoplanet-catalog/toi-712-d/
1334,TOI-712 c,58.6212,7.76 Earths,10.838,2022,https://science.nasa.gov/exoplanet-catalog/toi-712-c/
1335,TOI-712 b,58.6212,4.85 Earths,10.838,2022,https://science.nasa.gov/exoplanet-catalog/toi-712-b/
1336,TOI-3757 b,181.139,0.26838381 Jupiters,14.812,2022,https://science.nasa.gov/exoplanet-catalog/toi-3757-b/
1337,TOI-3540 A b,375.66436461446,1.18 Jupiters,11.514,2022,https://science.nasa.gov/exoplanet-catalog/toi-3540-a-b/
1338,KMT-2021-BLG-1689L b,7200,0.14473219 Jupiters,Unknown,2022,https://science.nasa.gov/exoplanet-catalog/kmt-2021-blg-1689l-b/
1339,TOI-4137 b,334.993,1.44 Jupiters,11.31,2022,https://science.nasa.gov/exoplanet-catalog/toi-4137-b/
1340,TOI-3693 b,176.436,1.02 Jupiters,11.948,2022,https://science.nasa.gov/exoplanet-catalog/toi-3693-b/
1341,TOI-3331 A b,217.193,2.27 Jupiters,11.635,2022,https://science.nasa.gov/exoplanet-catalog/toi-3331-a-b/
1342,TOI-2570 b,361.857,0.82 Jupiters,12.569,2022,https://science.nasa.gov/exoplanet-catalog/toi-2570-b/
1343,TOI-2567 b,504.775,0.201 Jupiters,12.3,2022,https://science.nasa.gov/exoplanet-catalog/toi-2567-b/
1344,TOI-2421 b,327.927,0.333 Jupiters,11.419,2022,https://science.nasa.gov/exoplanet-catalog/toi-2421-b/
1345,TOI-2236 b,355.59,1.58 Jupiters,11.6,2022,https://science.nasa.gov/exoplanet-catalog/toi-2236-b/
1346,TOI-2207 b,373.345,0.64 Jupiters,11.316,2022,https://science.nasa.gov/exoplanet-catalog/toi-2207-b/
1347,TOI-2193 A b,337.064,0.94 Jupiters,11.976,2022,https://science.nasa.gov/exoplanet-catalog/toi-2193-a-b/
1348,TOI-2196 b,259.947,26 Earths,12.297,2022,https://science.nasa.gov/exoplanet-catalog/toi-2196-b/
1349,OGLE-2019-BLG-0362L b,5830,3.26 Jupiters,Unknown,2022,https://science.nasa.gov/exoplanet-catalog/ogle-2019-blg-0362l-b/
1350,KMT-2020-BLG-0414L c,1220,27 Jupiters,Unknown,2021,https://science.nasa.gov/exoplanet-catalog/kmt-2020-blg-0414l-c/
1351,KMT-2020-BLG-0414L b,1220,1.87 Earths,Unknown,2021,https://science.nasa.gov/exoplanet-catalog/kmt-2020-blg-0414l-b/
1352,CoRoT-36 b,925.958,0.68 Jupiters,13.126,2022,https://science.nasa.gov/exoplanet-catalog/corot-36-b/
1353,HD 93963 A c,82.3432,18.4 Earths,9.182,2022,https://science.nasa.gov/exoplanet-catalog/hd-93963-a-c/
1354,HD 93963 A b,82.3432,2.8 Earths,9.182,2022,https://science.nasa.gov/exoplanet-catalog/hd-93963-a-b/
1355,GJ 3929 c,15.8095,5.71 Earths,12.675,2022,https://science.nasa.gov/exoplanet-catalog/gj-3929-c/
1356,CoRoT-35 b,1123.21,1.1 Jupiters,15.635,2022,https://science.nasa.gov/exoplanet-catalog/corot-35-b/
1357,CoRoT-7 d,159.906,17.142 Earths,11.728,2022,https://science.nasa.gov/exoplanet-catalog/corot-7-d/
1358,GJ 3512 c,9.48637,0.453 Jupiters,15.18,2020,https://science.nasa.gov/exoplanet-catalog/gj-3512-c/
1359,TOI-1422 b,155.141,9.5 Earths,10.622,2022,https://science.nasa.gov/exoplanet-catalog/toi-1422-b/
1360,TOI-1272 b,137.572,24.1 Earths,11.758,2022,https://science.nasa.gov/exoplanet-catalog/toi-1272-b/
1361,TOI-5153 b,390.484,3.26 Jupiters,11.932,2022,https://science.nasa.gov/exoplanet-catalog/toi-5153-b/
1362,NGTS-20 b,382.898,2.98 Jupiters,11.233,2022,https://science.nasa.gov/exoplanet-catalog/ngts-20-b/
1363,KOI-984 c,252.667,0.66010462 Jupiters,12.795,2022,https://science.nasa.gov/exoplanet-catalog/koi-984-c/
1364,KOI-984 b,252.667,17.1 Earths,12.795,2022,https://science.nasa.gov/exoplanet-catalog/koi-984-b/
1365,HIP 21152 b,43.4073,24 Jupiters,6.37009,2022,https://science.nasa.gov/exoplanet-catalog/hip-21152-b/
1366,TOI-4479 b,80.6532,8.35 Earths,15.18,2022,https://science.nasa.gov/exoplanet-catalog/toi-4479-b/
1367,TOI-3629 b,130.091,0.26 Jupiters,14.639,2022,https://science.nasa.gov/exoplanet-catalog/toi-3629-b/
1368,TOI-2081 b,62.3446,4.82 Earths,13.369,2022,https://science.nasa.gov/exoplanet-catalog/toi-2081-b/
1369,TOI-3714 b,112.71,0.7 Jupiters,15.7,2022,https://science.nasa.gov/exoplanet-catalog/toi-3714-b/
1370,HD 33142 d,121.375,0.2 Jupiters,7.96,2022,https://science.nasa.gov/exoplanet-catalog/hd-33142-d/
1371,HD 260655 c,10.0055,3.09 Earths,9.63,2022,https://science.nasa.gov/exoplanet-catalog/hd-260655-c/
1372,HD 260655 b,10.0055,2.14 Earths,9.63,2022,https://science.nasa.gov/exoplanet-catalog/hd-260655-b/
1373,HD 19615 b,265.155,8.5 Jupiters,6.55594,2022,https://science.nasa.gov/exoplanet-catalog/hd-19615-b/
1374,HD 174205 b,234.027,4.2 Jupiters,6.28209,2022,https://science.nasa.gov/exoplanet-catalog/hd-174205-b/
1375,HD 150010 b,144.49,2.4 Jupiters,6.2893,2022,https://science.nasa.gov/exoplanet-catalog/hd-150010-b/
1376,TOI-1107 b,281.314,3.35 Jupiters,10.553,2022,https://science.nasa.gov/exoplanet-catalog/toi-1107-b/
1377,Ross 508 b,11.2103,4 Earths,14.18,2022,https://science.nasa.gov/exoplanet-catalog/ross-508-b/
1378,HD 83443 c,40.8991,1.5 Jupiters,8.23,2022,https://science.nasa.gov/exoplanet-catalog/hd-83443-c/
1379,HD 28109 d,139.611,5.8 Earths,9.42,2022,https://science.nasa.gov/exoplanet-catalog/hd-28109-d/
1380,HD 28109 c,139.611,9.2 Earths,9.42,2022,https://science.nasa.gov/exoplanet-catalog/hd-28109-c/
1381,HD 28109 b,139.611,6.2 Earths,9.42,2022,https://science.nasa.gov/exoplanet-catalog/hd-28109-b/
1382,Gaia-2 b,209.229,0.817 Jupiters,11.277,2022,https://science.nasa.gov/exoplanet-catalog/gaia-2-b/
1383,Gaia-1 b,363.66,1.68 Jupiters,13.242,2022,https://science.nasa.gov/exoplanet-catalog/gaia-1-b/
1384,WASP-132 c,122.91,6.26 Earths,11.938,2022,https://science.nasa.gov/exoplanet-catalog/wasp-132-c/
1385,TOI-2046 b,289.668,2.3 Jupiters,11.552,2022,https://science.nasa.gov/exoplanet-catalog/toi-2046-b/
1386,TOI-1516 b,247.054,3.16 Jupiters,10.858,2022,https://science.nasa.gov/exoplanet-catalog/toi-1516-b/
1387,TOI-1181 b,302.819,1.179 Jupiters,10.582,2022,https://science.nasa.gov/exoplanet-catalog/toi-1181-b/
1388,Kepler-1656 c,185.875,0.4 Jupiters,11.64,2022,https://science.nasa.gov/exoplanet-catalog/kepler-1656-c/
1389,TOI-500 e,47.3924,15.05 Earths,10.54,2022,https://science.nasa.gov/exoplanet-catalog/toi-500-e/
1390,TOI-500 d,47.3924,33.12 Earths,10.54,2022,https://science.nasa.gov/exoplanet-catalog/toi-500-d/
1391,TOI-500 c,47.3924,5.03 Earths,10.54,2022,https://science.nasa.gov/exoplanet-catalog/toi-500-c/
1392,TOI-1710 b,81.2271,19.1 Earths,9.545,2022,https://science.nasa.gov/exoplanet-catalog/toi-1710-b/
1393,HD 105779 b,55.2411,0.64 Jupiters,8.65,2022,https://science.nasa.gov/exoplanet-catalog/hd-105779-b/
1394,HD 103891 b,55.5213,2.89 Jupiters,6.59451,2022,https://science.nasa.gov/exoplanet-catalog/hd-103891-b/
1395,TOI-2136 b,33.3631,6.37 Earths,14.32,2022,https://science.nasa.gov/exoplanet-catalog/toi-2136-b/
1396,TOI-1696 b,64.9172,0.15354197 Jupiters,16.82,2022,https://science.nasa.gov/exoplanet-catalog/toi-1696-b/
1397,HIP 94235 b,58.5146,1.19246736 Jupiters,8.31,2022,https://science.nasa.gov/exoplanet-catalog/hip-94235-b/
1398,TYC 2187-512-1 b,15.4744,0.33 Jupiters,10.58,2022,https://science.nasa.gov/exoplanet-catalog/tyc-2187-512-1-b/
1399,TOI-1246 e,169.422,14.5 Earths,11.632,2022,https://science.nasa.gov/exoplanet-catalog/toi-1246-e/
1400,TOI-1246 d,169.422,5.4 Earths,11.632,2022,https://science.nasa.gov/exoplanet-catalog/toi-1246-d/
1401,TOI-1246 c,169.422,9.1 Earths,11.632,2022,https://science.nasa.gov/exoplanet-catalog/toi-1246-c/
1402,TOI-1246 b,169.422,8.1 Earths,11.632,2022,https://science.nasa.gov/exoplanet-catalog/toi-1246-b/
1403,Pi Mensae d,18.2874,13.38 Earths,5.666,2022,https://science.nasa.gov/exoplanet-catalog/pi-mensae-d/
1404,Iota Draconis c,31.32832,15.6 Jupiters,3.29668,2021,https://science.nasa.gov/exoplanet-catalog/iota-draconis-c/
1405,Kepler-451 d,396.332,1.76 Jupiters,12.651,2022,https://science.nasa.gov/exoplanet-catalog/kepler-451-d/
1406,Kepler-451 c,396.332,1.61 Jupiters,12.651,2022,https://science.nasa.gov/exoplanet-catalog/kepler-451-c/
1407,GJ 514 b,7.61778,5.2 Earths,9.05,2022,https://science.nasa.gov/exoplanet-catalog/gj-514-b/
1408,TOI-620 b,33.0231,13.6 Earths,12.262,2022,https://science.nasa.gov/exoplanet-catalog/toi-620-b/
1409,AB Aurigae b,162.127,9 Jupiters,7.076,2022,https://science.nasa.gov/exoplanet-catalog/ab-aurigae-b/
1410,TOI-1227 b,100.641,0.209 Jupiters,16.999,2022,https://science.nasa.gov/exoplanet-catalog/toi-1227-b/
1411,OGLE-2014-BLG-0319L b,7730,0.57 Jupiters,Unknown,2022,https://science.nasa.gov/exoplanet-catalog/ogle-2014-blg-0319l-b/
1412,HD 191939 f,53.6089,2.88 Jupiters,8.97,2022,https://science.nasa.gov/exoplanet-catalog/hd-191939-f/
1413,HD 191939 e,53.6089,0.35302068 Jupiters,8.97,2022,https://science.nasa.gov/exoplanet-catalog/hd-191939-e/
1414,WASP-189 b,99.731,1.99 Jupiters,6.59776,2020,https://science.nasa.gov/exoplanet-catalog/wasp-189-b/
1415,TOI-1670 c,168.067,0.63 Jupiters,9.889,2022,https://science.nasa.gov/exoplanet-catalog/toi-1670-c/
1416,TOI-1670 b,168.067,0.13 Jupiters,9.889,2022,https://science.nasa.gov/exoplanet-catalog/toi-1670-b/
1417,K2-409 b,431.031,6.72 Earths,12.902,2022,https://science.nasa.gov/exoplanet-catalog/k2-409-b/
1418,K2-396 c,274.864,9.93 Earths,13.32,2022,https://science.nasa.gov/exoplanet-catalog/k2-396-c/
1419,K2-384 b,82.6603,1.26 Earths,16.12,2022,https://science.nasa.gov/exoplanet-catalog/k2-384-b/
1420,K2-378 b,687.973,8.65 Earths,16.029,2022,https://science.nasa.gov/exoplanet-catalog/k2-378-b/
1421,K2-377 b,195.149,3.51 Earths,14.107,2022,https://science.nasa.gov/exoplanet-catalog/k2-377-b/
1422,K2-376 b,161.61,3.66 Earths,10.415,2022,https://science.nasa.gov/exoplanet-catalog/k2-376-b/
1423,K2-375 b,696.1,5.66 Earths,13.164,2022,https://science.nasa.gov/exoplanet-catalog/k2-375-b/
1424,K2-374 c,359.439,5.53 Earths,12.783,2022,https://science.nasa.gov/exoplanet-catalog/k2-374-c/
1425,K2-374 b,359.439,3.16 Earths,12.783,2022,https://science.nasa.gov/exoplanet-catalog/k2-374-b/
1426,K2-372 b,463.88,8.98 Earths,13.589,2022,https://science.nasa.gov/exoplanet-catalog/k2-372-b/
1427,K2-371 b,442.813,Unknown,14.492,2022,https://science.nasa.gov/exoplanet-catalog/k2-371-b/
1428,K2-369 b,185.55,2.28 Earths,11.789,2022,https://science.nasa.gov/exoplanet-catalog/k2-369-b/
1429,K2-368 b,206.608,2.34 Earths,13.581,2022,https://science.nasa.gov/exoplanet-catalog/k2-368-b/
1430,K2-367 b,176.965,6.41 Earths,13.794,2022,https://science.nasa.gov/exoplanet-catalog/k2-367-b/
1431,K2-366 b,185.947,6.16 Earths,12.636,2022,https://science.nasa.gov/exoplanet-catalog/k2-366-b/
1432,K2-365 b,187.222,8.78 Earths,11.372,2022,https://science.nasa.gov/exoplanet-catalog/k2-365-b/
1433,HD 73583 c,31.5666,9.7 Earths,9.67,2022,https://science.nasa.gov/exoplanet-catalog/hd-73583-c/
1434,HD 73583 b,31.5666,10.2 Earths,9.67,2022,https://science.nasa.gov/exoplanet-catalog/hd-73583-b/
1435,EPIC 206317286 c,314.35,5.03 Earths,14.005,2022,https://science.nasa.gov/exoplanet-catalog/epic-206317286-c/
1436,K2-408 b,162.306,3.45 Earths,12.056,2022,https://science.nasa.gov/exoplanet-catalog/k2-408-b/
1437,K2-407 c,218.376,2.42 Earths,11.969,2022,https://science.nasa.gov/exoplanet-catalog/k2-407-c/
1438,K2-407 b,218.376,2.19 Earths,11.969,2022,https://science.nasa.gov/exoplanet-catalog/k2-407-b/
1439,K2-406 b,85.3751,19.2 Earths,9.465,2022,https://science.nasa.gov/exoplanet-catalog/k2-406-b/
1440,K2-405 b,197.234,18.9 Earths,12.816,2022,https://science.nasa.gov/exoplanet-catalog/k2-405-b/
1441,K2-404 b,121.63,6.94 Earths,14.622,2022,https://science.nasa.gov/exoplanet-catalog/k2-404-b/
1442,K2-403 b,246.599,24.6 Earths,12.305,2022,https://science.nasa.gov/exoplanet-catalog/k2-403-b/
1443,K2-402 b,523.055,7.65 Earths,13.032,2022,https://science.nasa.gov/exoplanet-catalog/k2-402-b/
1444,K2-401 b,200.727,5.74 Earths,14.014,2022,https://science.nasa.gov/exoplanet-catalog/k2-401-b/
1445,K2-400 b,62.3804,1.67 Earths,15.108,2022,https://science.nasa.gov/exoplanet-catalog/k2-400-b/
1446,K2-398 c,606.992,22.8 Earths,13.287,2022,https://science.nasa.gov/exoplanet-catalog/k2-398-c/
1447,K2-398 b,606.992,5.79 Earths,13.287,2022,https://science.nasa.gov/exoplanet-catalog/k2-398-b/
1448,K2-397 b,199.354,6.42 Earths,11.865,2022,https://science.nasa.gov/exoplanet-catalog/k2-397-b/
1449,K2-396 b,274.864,3.12 Earths,13.32,2022,https://science.nasa.gov/exoplanet-catalog/k2-396-b/
1450,K2-395 c,286.727,11.4 Earths,15.131,2022,https://science.nasa.gov/exoplanet-catalog/k2-395-c/
1451,K2-395 b,286.727,7.26 Earths,15.131,2022,https://science.nasa.gov/exoplanet-catalog/k2-395-b/
1452,K2-394 b,98.0152,3.51 Earths,12.768,2022,https://science.nasa.gov/exoplanet-catalog/k2-394-b/
1453,K2-393 b,265.914,6.13 Earths,11.84,2022,https://science.nasa.gov/exoplanet-catalog/k2-393-b/
1454,K2-392 b,406.985,4.08 Earths,12.922,2022,https://science.nasa.gov/exoplanet-catalog/k2-392-b/
1455,K2-391 b,507.94,2.45 Earths,12.527,2022,https://science.nasa.gov/exoplanet-catalog/k2-391-b/
1456,K2-390 b,456.122,19.6 Earths,13.611,2022,https://science.nasa.gov/exoplanet-catalog/k2-390-b/
1457,K2-389 c,259.208,4.82 Earths,11.827,2022,https://science.nasa.gov/exoplanet-catalog/k2-389-c/
1458,K2-389 b,259.208,6.04 Earths,11.827,2022,https://science.nasa.gov/exoplanet-catalog/k2-389-b/
1459,K2-388 b,290.495,14.5 Earths,12.861,2022,https://science.nasa.gov/exoplanet-catalog/k2-388-b/
1460,K2-386 b,428.785,5.99 Earths,13.241,2022,https://science.nasa.gov/exoplanet-catalog/k2-386-b/
1461,K2-385 b,420.819,2.98 Earths,14.645,2022,https://science.nasa.gov/exoplanet-catalog/k2-385-b/
1462,K2-384 f,82.6603,5.57 Earths,16.12,2022,https://science.nasa.gov/exoplanet-catalog/k2-384-f/
1463,K2-384 e,82.6603,2.37 Earths,16.12,2022,https://science.nasa.gov/exoplanet-catalog/k2-384-e/
1464,K2-384 d,82.6603,2.52 Earths,16.12,2022,https://science.nasa.gov/exoplanet-catalog/k2-384-d/
1465,K2-384 c,82.6603,1.82 Earths,16.12,2022,https://science.nasa.gov/exoplanet-catalog/k2-384-c/
1466,K2-380 b,249.303,7.89 Earths,11.688,2022,https://science.nasa.gov/exoplanet-catalog/k2-380-b/
1467,K2-379 b,182.207,5.4 Earths,13.265,2022,https://science.nasa.gov/exoplanet-catalog/k2-379-b/
1468,K2-373 b,229.567,4.9 Earths,10.47,2022,https://science.nasa.gov/exoplanet-catalog/k2-373-b/
1469,K2-370 b,144.202,11.1 Earths,11.109,2022,https://science.nasa.gov/exoplanet-catalog/k2-370-b/
1470,K2-387 b,266.318,0.133 Jupiters,16.147,2022,https://science.nasa.gov/exoplanet-catalog/k2-387-b/
1471,K2-383 b,203.788,3.07 Earths,12.689,2022,https://science.nasa.gov/exoplanet-catalog/k2-383-b/
1472,K2-382 b,278.412,4.95 Earths,12.977,2022,https://science.nasa.gov/exoplanet-catalog/k2-382-b/
1473,K2-381 d,145.701,3.5 Earths,12.883,2022,https://science.nasa.gov/exoplanet-catalog/k2-381-d/
1474,K2-381 c,145.701,4.66 Earths,12.883,2022,https://science.nasa.gov/exoplanet-catalog/k2-381-c/
1475,K2-381 b,145.701,1.26 Earths,12.883,2022,https://science.nasa.gov/exoplanet-catalog/k2-381-b/
1476,K2-368 d,206.608,4.45 Earths,13.581,2022,https://science.nasa.gov/exoplanet-catalog/k2-368-d/
1477,K2-368 c,206.608,2.42 Earths,13.581,2022,https://science.nasa.gov/exoplanet-catalog/k2-368-c/
1478,OGLE-2019-BLG-0299L b,5830,6.22 Jupiters,Unknown,2021,https://science.nasa.gov/exoplanet-catalog/ogle-2019-blg-0299l-b/
1479,OGLE-2017-BLG-1099L b,7250,3.02 Jupiters,Unknown,2021,https://science.nasa.gov/exoplanet-catalog/ogle-2017-blg-1099l-b/
1480,KMT-2021-BLG-0912L b,5560,2.81 Earths,Unknown,2022,https://science.nasa.gov/exoplanet-catalog/kmt-2021-blg-0912l-b/
1481,KMT-2018-BLG-1988L b,4150,5.56 Earths,Unknown,2022,https://science.nasa.gov/exoplanet-catalog/kmt-2018-blg-1988l-b/
1482,KMT-2017-BLG-2509L b,7040,2.09 Jupiters,Unknown,2021,https://science.nasa.gov/exoplanet-catalog/kmt-2017-blg-2509l-b/
1483,TOI-1759 b,40.0654,10.8 Earths,11.93,2022,https://science.nasa.gov/exoplanet-catalog/toi-1759-b/
1484,GJ 3929 b,15.8095,1.75 Earths,12.675,2022,https://science.nasa.gov/exoplanet-catalog/gj-3929-b/
1485,2M0437 b,128.484,4 Jupiters,16.186,2021,https://science.nasa.gov/exoplanet-catalog/2m0437-b/
1486,TOI-833 b,41.7148,2.15 Earths,11.724,2022,https://science.nasa.gov/exoplanet-catalog/toi-833-b/
1487,TOI-544 b,41.1166,2.89 Earths,10.777,2022,https://science.nasa.gov/exoplanet-catalog/toi-544-b/
1488,TOI-500 b,47.3924,1.42 Earths,10.54,2022,https://science.nasa.gov/exoplanet-catalog/toi-500-b/
1489,TOI-2445 b,48.582,2.1 Earths,15.692,2022,https://science.nasa.gov/exoplanet-catalog/toi-2445-b/
1490,TOI-2427 b,28.5147,3.89 Earths,10.295,2022,https://science.nasa.gov/exoplanet-catalog/toi-2427-b/
1491,TOI-2411 b,59.5362,3.46 Earths,11.272,2022,https://science.nasa.gov/exoplanet-catalog/toi-2411-b/
1492,TOI-2260 b,101.251,3.26 Earths,10.474,2022,https://science.nasa.gov/exoplanet-catalog/toi-2260-b/
1493,TOI-206 b,47.7465,2.24 Earths,14.938,2022,https://science.nasa.gov/exoplanet-catalog/toi-206-b/
1494,TOI-1860 b,45.864,2.27 Earths,8.4,2022,https://science.nasa.gov/exoplanet-catalog/toi-1860-b/
1495,TOI-1693 b,30.7947,2.57 Earths,12.962,2022,https://science.nasa.gov/exoplanet-catalog/toi-1693-b/
1496,TOI-1442 b,41.1659,1.71 Earths,15.39,2022,https://science.nasa.gov/exoplanet-catalog/toi-1442-b/
1497,TOI-1411 b,32.4778,2 Earths,10.51,2022,https://science.nasa.gov/exoplanet-catalog/toi-1411-b/
1498,TOI-1075 b,61.4592,9.95 Earths,12.615,2022,https://science.nasa.gov/exoplanet-catalog/toi-1075-b/
1499,Kepler-1972 c,287.339,2.11 Earths,11.23,2022,https://science.nasa.gov/exoplanet-catalog/kepler-1972-c/
1500,Kepler-1972 b,287.339,2.02 Earths,11.23,2022,https://science.nasa.gov/exoplanet-catalog/kepler-1972-b/
1501,TOI-4329 b,717.128,0.45 Jupiters,12.724,2022,https://science.nasa.gov/exoplanet-catalog/toi-4329-b/
1502,TOI-2669 b,393.443,0.61 Jupiters,10.916,2022,https://science.nasa.gov/exoplanet-catalog/toi-2669-b/
1503,TOI-2337 b,536.046,1.6 Jupiters,12.524,2022,https://science.nasa.gov/exoplanet-catalog/toi-2337-b/
1504,TOI-1268 b,109.557,0.30330832 Jupiters,10.92,2022,https://science.nasa.gov/exoplanet-catalog/toi-1268-b/
1505,TOI-2184 b,788.317,0.65 Jupiters,12.254,2022,https://science.nasa.gov/exoplanet-catalog/toi-2184-b/
1506,TOI-1064 c,68.0726,2.5 Earths,10.938,2022,https://science.nasa.gov/exoplanet-catalog/toi-1064-c/
1507,TOI-1064 b,68.0726,13.5 Earths,10.938,2022,https://science.nasa.gov/exoplanet-catalog/toi-1064-b/
1508,HD 69123 b,75.116,3.09 Jupiters,5.77,2022,https://science.nasa.gov/exoplanet-catalog/hd-69123-b/
1509,HD 64121 b,129.966,2.56 Jupiters,7.43,2022,https://science.nasa.gov/exoplanet-catalog/hd-64121-b/
1510,HD 22532 b,161.183,2.12 Jupiters,7.85,2022,https://science.nasa.gov/exoplanet-catalog/hd-22532-b/
1511,b Centauri AB b,98.0935,10.9 Jupiters,4.01,2021,https://science.nasa.gov/exoplanet-catalog/b-centauri-ab-b/
1512,OGLE-2018-BLG-0532L b,773,6.228 Earths,Unknown,2020,https://science.nasa.gov/exoplanet-catalog/ogle-2018-blg-0532l-b/
1513,OGLE-2018-BLG-0383L b,7700,6.4 Earths,Unknown,2022,https://science.nasa.gov/exoplanet-catalog/ogle-2018-blg-0383l-b/
1514,LTT 1445 A c,6.86929,1.54 Earths,10.59,2022,https://science.nasa.gov/exoplanet-catalog/ltt-1445-a-c/
1515,KMT-2021-BLG-0322L b,6600,6.4 Jupiters,Unknown,2021,https://science.nasa.gov/exoplanet-catalog/kmt-2021-blg-0322l-b/
1516,Upsilon Leonis b,52.5973,0.51 Jupiters,4.3049,2021,https://science.nasa.gov/exoplanet-catalog/upsilon-leonis-b/
1517,TOI-2180 b,116.685,2.755 Jupiters,9.162,2022,https://science.nasa.gov/exoplanet-catalog/toi-2180-b/
1518,OGLE-2019-BLG-0960L b,980,2.5 Earths,Unknown,2021,https://science.nasa.gov/exoplanet-catalog/ogle-2019-blg-0960l-b/
1519,KOI-4777.01,172.245,0.3121181 Jupiters,16.413,2022,https://science.nasa.gov/exoplanet-catalog/koi-477701/
1520,Kepler-1708 b,1666.69,4.6 Jupiters,15.823,2021,https://science.nasa.gov/exoplanet-catalog/kepler-1708-b/
1521,Kepler-1705 c,1633.49,5.42 Earths,15.8,2021,https://science.nasa.gov/exoplanet-catalog/kepler-1705-c/
1522,Kepler-1705 b,1633.49,4.47 Earths,15.8,2021,https://science.nasa.gov/exoplanet-catalog/kepler-1705-b/
1523,HIP 86221 b,29.4898,0.71 Jupiters,9.25,2021,https://science.nasa.gov/exoplanet-catalog/hip-86221-b/
1524,HIP 5763 b,31.9043,0.51 Jupiters,9.82,2021,https://science.nasa.gov/exoplanet-catalog/hip-5763-b/
1525,HIP 34222 b,22.8386,0.83 Jupiters,10.14,2021,https://science.nasa.gov/exoplanet-catalog/hip-34222-b/
1526,HD 99283 b,111.093,0.97 Jupiters,5.72916,2021,https://science.nasa.gov/exoplanet-catalog/hd-99283-b/
1527,HD 79181 b,103.335,0.64 Jupiters,5.72,2021,https://science.nasa.gov/exoplanet-catalog/hd-79181-b/
1528,HD 360 b,111.542,0.75 Jupiters,5.986,2021,https://science.nasa.gov/exoplanet-catalog/hd-360-b/
1529,HD 219139 b,104.935,0.78 Jupiters,5.84863,2021,https://science.nasa.gov/exoplanet-catalog/hd-219139-b/
1530,HD 161178 b,107.188,0.57 Jupiters,5.88375,2021,https://science.nasa.gov/exoplanet-catalog/hd-161178-b/
1531,HD 10975 b,116.506,0.45 Jupiters,5.94188,2021,https://science.nasa.gov/exoplanet-catalog/hd-10975-b/
1532,Gamma Piscium b,41.3107,1.34 Jupiters,3.69252,2021,https://science.nasa.gov/exoplanet-catalog/gamma-piscium-b/
1533,BD+60 1417 b,44.9543,15 Jupiters,9.374,2021,https://science.nasa.gov/exoplanet-catalog/bd60-1417-b/
1534,TOI-2109 b,262.041,5.02 Jupiters,10.217,2021,https://science.nasa.gov/exoplanet-catalog/toi-2109-b/
1535,TOI-1842 b,223.465,0.28128386 Jupiters,9.815,2021,https://science.nasa.gov/exoplanet-catalog/toi-1842-b/
1536,HATS-77 b,436.176,1.374 Jupiters,16.195,2021,https://science.nasa.gov/exoplanet-catalog/hats-77-b/
1537,HATS-76 b,385.689,2.629 Jupiters,16.68,2021,https://science.nasa.gov/exoplanet-catalog/hats-76-b/
1538,HATS-75 b,194.964,0.491 Jupiters,15.689,2021,https://science.nasa.gov/exoplanet-catalog/hats-75-b/
1539,HATS-74 A b,299.389,1.46 Jupiters,17.26,2021,https://science.nasa.gov/exoplanet-catalog/hats-74-a-b/
1540,Kepler-633 c,680.54,5.89 Earths,13.812,2021,https://science.nasa.gov/exoplanet-catalog/kepler-633-c/
1541,Kepler-281 d,1745.45,2.05771412 Jupiters,15.931,2021,https://science.nasa.gov/exoplanet-catalog/kepler-281-d/
1542,Kepler-1940 b,798.595,3.01 Earths,15.674,2021,https://science.nasa.gov/exoplanet-catalog/kepler-1940-b/
1543,Kepler-1938 b,421.152,4 Earths,15.246,2021,https://science.nasa.gov/exoplanet-catalog/kepler-1938-b/
1544,Kepler-1934 b,428.514,0.702 Earths,12.874,2021,https://science.nasa.gov/exoplanet-catalog/kepler-1934-b/
1545,Kepler-1907 c,292.111,1.63 Earths,13.989,2021,https://science.nasa.gov/exoplanet-catalog/kepler-1907-c/
1546,Kepler-1893 b,1050.72,3.55 Earths,15.152,2021,https://science.nasa.gov/exoplanet-catalog/kepler-1893-b/
1547,Kepler-1889 b,1395.13,8.98 Earths,15.715,2021,https://science.nasa.gov/exoplanet-catalog/kepler-1889-b/
1548,Kepler-1887 b,1366.18,8.88 Earths,15.955,2021,https://science.nasa.gov/exoplanet-catalog/kepler-1887-b/
1549,Kepler-1869 b,113.025,1.46 Earths,10.31,2021,https://science.nasa.gov/exoplanet-catalog/kepler-1869-b/
1550,Kepler-1841 b,631.7,2.82 Earths,14.855,2021,https://science.nasa.gov/exoplanet-catalog/kepler-1841-b/
1551,Kepler-1831 b,1053.49,4.54 Earths,15.158,2021,https://science.nasa.gov/exoplanet-catalog/kepler-1831-b/
1552,Kepler-1822 b,897.597,7.5 Earths,15.804,2021,https://science.nasa.gov/exoplanet-catalog/kepler-1822-b/
1553,Kepler-1796 b,825.883,8 Earths,14.493,2021,https://science.nasa.gov/exoplanet-catalog/kepler-1796-b/
1554,Kepler-1794 b,561.229,3.87 Earths,15.497,2021,https://science.nasa.gov/exoplanet-catalog/kepler-1794-b/
1555,Kepler-1743 b,538.807,3.18 Earths,12.062,2021,https://science.nasa.gov/exoplanet-catalog/kepler-1743-b/
1556,Kepler-1720 b,629.445,10.4 Earths,14.822,2021,https://science.nasa.gov/exoplanet-catalog/kepler-1720-b/
1557,Kepler-1693 c,760.065,0.894 Earths,14.857,2021,https://science.nasa.gov/exoplanet-catalog/kepler-1693-c/
1558,Kepler-1669 c,543.444,4.27 Earths,16.473,2021,https://science.nasa.gov/exoplanet-catalog/kepler-1669-c/
1559,Kepler-394 d,1058.72,2.86 Earths,14.948,2021,https://science.nasa.gov/exoplanet-catalog/kepler-394-d/
1560,Kepler-1953 b,605.631,2.2 Earths,15.936,2021,https://science.nasa.gov/exoplanet-catalog/kepler-1953-b/
1561,Kepler-1925 b,1771.31,9.28 Earths,15.382,2021,https://science.nasa.gov/exoplanet-catalog/kepler-1925-b/
1562,Kepler-1920 b,885.913,9.03 Earths,14.392,2021,https://science.nasa.gov/exoplanet-catalog/kepler-1920-b/
1563,Kepler-1911 b,269.912,1.01 Earths,12.245,2021,https://science.nasa.gov/exoplanet-catalog/kepler-1911-b/
1564,Kepler-1896 b,1732.91,9.8 Earths,15.844,2021,https://science.nasa.gov/exoplanet-catalog/kepler-1896-b/
1565,Kepler-1890 b,529.596,0.587 Earths,12.916,2021,https://science.nasa.gov/exoplanet-catalog/kepler-1890-b/
1566,Kepler-1867 b,680.583,1.65 Earths,13.549,2021,https://science.nasa.gov/exoplanet-catalog/kepler-1867-b/
1567,Kepler-1854 b,423.348,7.21 Earths,14.381,2021,https://science.nasa.gov/exoplanet-catalog/kepler-1854-b/
1568,Kepler-1851 b,1589.81,14.5 Earths,15.699,2021,https://science.nasa.gov/exoplanet-catalog/kepler-1851-b/
1569,Kepler-1820 b,1425.39,9.9 Earths,15.759,2021,https://science.nasa.gov/exoplanet-catalog/kepler-1820-b/
1570,Kepler-1814 b,726.346,6.21 Earths,15.814,2021,https://science.nasa.gov/exoplanet-catalog/kepler-1814-b/
1571,Kepler-1804 b,434.456,3.18 Earths,14.679,2021,https://science.nasa.gov/exoplanet-catalog/kepler-1804-b/
1572,Kepler-1792 b,601.029,6.89 Earths,15.566,2021,https://science.nasa.gov/exoplanet-catalog/kepler-1792-b/
1573,Kepler-1788 b,560.445,6.25 Earths,15.484,2021,https://science.nasa.gov/exoplanet-catalog/kepler-1788-b/
1574,Kepler-1773 b,681.255,12.1 Earths,13.085,2021,https://science.nasa.gov/exoplanet-catalog/kepler-1773-b/
1575,Kepler-1764 b,1542.48,18.8 Earths,14.91,2021,https://science.nasa.gov/exoplanet-catalog/kepler-1764-b/
1576,Kepler-1760 b,1466.8982822063,5.86 Earths,14.472,2021,https://science.nasa.gov/exoplanet-catalog/kepler-1760-b/
1577,Kepler-1756 b,2625.4273189937,2.77 Earths,15.736,2021,https://science.nasa.gov/exoplanet-catalog/kepler-1756-b/
1578,Kepler-1754 b,718.945,6.53 Earths,16.007,2021,https://science.nasa.gov/exoplanet-catalog/kepler-1754-b/
1579,Kepler-1746 b,979.541,0.186 Jupiters,13.572,2021,https://science.nasa.gov/exoplanet-catalog/kepler-1746-b/
1580,Kepler-1745 b,996.105,4.38 Earths,14.854,2021,https://science.nasa.gov/exoplanet-catalog/kepler-1745-b/
1581,Kepler-1734 b,1482.83,9.74 Earths,15.598,2021,https://science.nasa.gov/exoplanet-catalog/kepler-1734-b/
1582,Kepler-1731 b,169.948,8.92 Earths,12.742,2021,https://science.nasa.gov/exoplanet-catalog/kepler-1731-b/
1583,Kepler-1728 b,651.783,9.04 Earths,15.279,2021,https://science.nasa.gov/exoplanet-catalog/kepler-1728-b/
1584,Kepler-1722 b,772.283,8.58 Earths,14.997,2021,https://science.nasa.gov/exoplanet-catalog/kepler-1722-b/
1585,Kepler-1711 b,590.268,4.36 Earths,13.298,2021,https://science.nasa.gov/exoplanet-catalog/kepler-1711-b/
1586,Kepler-1130 c,249.343,0.422 Earths,12.509,2021,https://science.nasa.gov/exoplanet-catalog/kepler-1130-c/
1587,Kepler-529 d,799.008,8.22 Earths,13.779,2021,https://science.nasa.gov/exoplanet-catalog/kepler-529-d/
1588,Kepler-511 c,651.999,16.5 Earths,12.711,2021,https://science.nasa.gov/exoplanet-catalog/kepler-511-c/
1589,Kepler-381 d,267.323,1.23 Earths,10.47,2021,https://science.nasa.gov/exoplanet-catalog/kepler-381-d/
1590,Kepler-1957 b,460.899,0.79 Earths,15.13,2021,https://science.nasa.gov/exoplanet-catalog/kepler-1957-b/
1591,Kepler-1932 b,713.733,2.91 Earths,15.286,2021,https://science.nasa.gov/exoplanet-catalog/kepler-1932-b/
1592,Kepler-1915 b,1514.66,10.4 Earths,16.261,2021,https://science.nasa.gov/exoplanet-catalog/kepler-1915-b/
1593,Kepler-1901 b,1028.37,2.77 Earths,15.097,2021,https://science.nasa.gov/exoplanet-catalog/kepler-1901-b/
1594,Kepler-1898 b,360.921,0.76 Earths,13.387,2021,https://science.nasa.gov/exoplanet-catalog/kepler-1898-b/
1595,Kepler-1873 b,820.957,3.28 Earths,15.889,2021,https://science.nasa.gov/exoplanet-catalog/kepler-1873-b/
1596,Kepler-1872 b,840.182,6.28 Earths,15.966,2021,https://science.nasa.gov/exoplanet-catalog/kepler-1872-b/
1597,Kepler-1855 b,3830.0108122645,1.96 Earths,16.556,2021,https://science.nasa.gov/exoplanet-catalog/kepler-1855-b/
1598,Kepler-1849 b,631.884,6.29 Earths,15.997,2021,https://science.nasa.gov/exoplanet-catalog/kepler-1849-b/
1599,Kepler-1838 b,451.242,3.4 Earths,11.443,2021,https://science.nasa.gov/exoplanet-catalog/kepler-1838-b/
1600,Kepler-1837 b,1229.18,4.92 Earths,15.48,2021,https://science.nasa.gov/exoplanet-catalog/kepler-1837-b/
1601,Kepler-1806 b,978.066,6.15 Earths,16.173,2021,https://science.nasa.gov/exoplanet-catalog/kepler-1806-b/
1602,Kepler-1791 b,602.218,9.91 Earths,13.529,2021,https://science.nasa.gov/exoplanet-catalog/kepler-1791-b/
1603,Kepler-1790 b,1070.17,10 Earths,14.179,2021,https://science.nasa.gov/exoplanet-catalog/kepler-1790-b/
1604,Kepler-1771 b,565.752,15.5 Earths,13.802,2021,https://science.nasa.gov/exoplanet-catalog/kepler-1771-b/
1605,Kepler-1765 b,764.456,6.78 Earths,15.04,2021,https://science.nasa.gov/exoplanet-catalog/kepler-1765-b/
1606,Kepler-1755 b,982.383,29.4 Earths,14.544,2021,https://science.nasa.gov/exoplanet-catalog/kepler-1755-b/
1607,Kepler-1752 b,962.888,18.7 Earths,16.0249,2021,https://science.nasa.gov/exoplanet-catalog/kepler-1752-b/
1608,Kepler-1739 b,783.666,6.48 Earths,14.899,2021,https://science.nasa.gov/exoplanet-catalog/kepler-1739-b/
1609,Kepler-1729 b,576.181,14.4 Earths,15.676,2021,https://science.nasa.gov/exoplanet-catalog/kepler-1729-b/
1610,Kepler-1714 b,409.46,10.7 Earths,11.041,2021,https://science.nasa.gov/exoplanet-catalog/kepler-1714-b/
1611,Kepler-913 c,991.618,14.2 Earths,15.522,2021,https://science.nasa.gov/exoplanet-catalog/kepler-913-c/
1612,Kepler-799 c,1509.084,8.15 Earths,15.166,2021,https://science.nasa.gov/exoplanet-catalog/kepler-799-c/
1613,Kepler-324 e,501.574,0.73943674 Jupiters,14.222,2021,https://science.nasa.gov/exoplanet-catalog/kepler-324-e/
1614,Kepler-1937 b,905.069,9.39 Earths,14.163,2021,https://science.nasa.gov/exoplanet-catalog/kepler-1937-b/
1615,Kepler-1935 b,904.702,6.82 Earths,14.522,2021,https://science.nasa.gov/exoplanet-catalog/kepler-1935-b/
1616,Kepler-1924 b,1910.77,7.53 Earths,15.084,2021,https://science.nasa.gov/exoplanet-catalog/kepler-1924-b/
1617,Kepler-1895 b,984.187,5.14 Earths,15.787,2021,https://science.nasa.gov/exoplanet-catalog/kepler-1895-b/
1618,Kepler-1891 b,596.24,2.93 Earths,14.412,2021,https://science.nasa.gov/exoplanet-catalog/kepler-1891-b/
1619,Kepler-1879 b,627.171,4.92 Earths,12.825,2021,https://science.nasa.gov/exoplanet-catalog/kepler-1879-b/
1620,Kepler-1876 b,259.935,2.4 Earths,10.793,2021,https://science.nasa.gov/exoplanet-catalog/kepler-1876-b/
1621,Kepler-1875 b,1660.45,10.5 Earths,15.201,2021,https://science.nasa.gov/exoplanet-catalog/kepler-1875-b/
1622,Kepler-1859 b,1331.25,3.13 Earths,15.178,2021,https://science.nasa.gov/exoplanet-catalog/kepler-1859-b/
1623,Kepler-1852 b,772.481,4.22 Earths,15.726,2021,https://science.nasa.gov/exoplanet-catalog/kepler-1852-b/
1624,Kepler-1847 b,1693.86,7.97 Earths,16.027,2021,https://science.nasa.gov/exoplanet-catalog/kepler-1847-b/
1625,Kepler-1846 b,374.615,3.76 Earths,14.412,2021,https://science.nasa.gov/exoplanet-catalog/kepler-1846-b/
1626,Kepler-1826 b,336.952,2.78 Earths,16.83,2021,https://science.nasa.gov/exoplanet-catalog/kepler-1826-b/
1627,Kepler-1813 b,2510.7299313735,2.58 Earths,15.639,2021,https://science.nasa.gov/exoplanet-catalog/kepler-1813-b/
1628,Kepler-1808 b,1022.01,9.4 Earths,15.424,2021,https://science.nasa.gov/exoplanet-catalog/kepler-1808-b/
1629,Kepler-1785 b,745.74,7.77 Earths,14.245,2021,https://science.nasa.gov/exoplanet-catalog/kepler-1785-b/
1630,Kepler-1779 b,908.501,9.44 Earths,15.132,2021,https://science.nasa.gov/exoplanet-catalog/kepler-1779-b/
1631,Kepler-1776 b,690.336,7.33 Earths,13.68,2021,https://science.nasa.gov/exoplanet-catalog/kepler-1776-b/
1632,Kepler-1770 b,582.942,8.45 Earths,14.418,2021,https://science.nasa.gov/exoplanet-catalog/kepler-1770-b/
1633,Kepler-1767 b,820.506,9.34 Earths,16.206,2021,https://science.nasa.gov/exoplanet-catalog/kepler-1767-b/
1634,Kepler-1738 b,1302.87,8.37 Earths,15.649,2021,https://science.nasa.gov/exoplanet-catalog/kepler-1738-b/
1635,Kepler-1600 c,1030.81,4.43 Earths,16.076,2021,https://science.nasa.gov/exoplanet-catalog/kepler-1600-c/
1636,Kepler-1315 c,480.869,4.06 Earths,15.133,2021,https://science.nasa.gov/exoplanet-catalog/kepler-1315-c/
1637,Kepler-1090 c,858.77,10.9 Earths,15.31,2021,https://science.nasa.gov/exoplanet-catalog/kepler-1090-c/
1638,Kepler-534 c,570.659,2.02 Earths,13.387,2021,https://science.nasa.gov/exoplanet-catalog/kepler-534-c/
1639,Kepler-1966 b,484.601,1.39 Earths,15.222,2021,https://science.nasa.gov/exoplanet-catalog/kepler-1966-b/
1640,Kepler-1960 b,1527.56,2.26 Earths,15.181,2021,https://science.nasa.gov/exoplanet-catalog/kepler-1960-b/
1641,Kepler-1942 b,842.492,5.13 Earths,14.91,2021,https://science.nasa.gov/exoplanet-catalog/kepler-1942-b/
1642,Kepler-1933 b,328.007,1.76 Earths,12.81,2021,https://science.nasa.gov/exoplanet-catalog/kepler-1933-b/
1643,Kepler-1929 b,508.201,9.65 Earths,11.788,2021,https://science.nasa.gov/exoplanet-catalog/kepler-1929-b/
1644,Kepler-1922 b,1344.29,5.86 Earths,15.388,2021,https://science.nasa.gov/exoplanet-catalog/kepler-1922-b/
1645,Kepler-1914 b,1621.56,8.97 Earths,15.911,2021,https://science.nasa.gov/exoplanet-catalog/kepler-1914-b/
1646,Kepler-1900 b,1540.43,3.27 Earths,15.502,2021,https://science.nasa.gov/exoplanet-catalog/kepler-1900-b/
1647,Kepler-1899 b,711.509,3.02 Earths,16.136,2021,https://science.nasa.gov/exoplanet-catalog/kepler-1899-b/
1648,Kepler-1866 b,976.737,4.99 Earths,14.418,2021,https://science.nasa.gov/exoplanet-catalog/kepler-1866-b/
1649,Kepler-1865 b,922.255,3.11 Earths,15.468,2021,https://science.nasa.gov/exoplanet-catalog/kepler-1865-b/
1650,Kepler-1863 b,865.546,5.74 Earths,13.64,2021,https://science.nasa.gov/exoplanet-catalog/kepler-1863-b/
1651,Kepler-1848 b,309.696,2.57 Earths,13.887,2021,https://science.nasa.gov/exoplanet-catalog/kepler-1848-b/
1652,Kepler-1835 b,1404.38,12.2 Earths,15.615,2021,https://science.nasa.gov/exoplanet-catalog/kepler-1835-b/
1653,Kepler-1818 b,1034.59,3.58 Earths,14.514,2021,https://science.nasa.gov/exoplanet-catalog/kepler-1818-b/
1654,Kepler-1811 b,1390.56,14.1 Earths,15.327,2021,https://science.nasa.gov/exoplanet-catalog/kepler-1811-b/
1655,Kepler-1809 b,409.602,2.9 Earths,14.271,2021,https://science.nasa.gov/exoplanet-catalog/kepler-1809-b/
1656,Kepler-1807 b,1299.32,7.77 Earths,14.127,2021,https://science.nasa.gov/exoplanet-catalog/kepler-1807-b/
1657,Kepler-1805 b,221.639,3 Earths,15.536,2021,https://science.nasa.gov/exoplanet-catalog/kepler-1805-b/
1658,Kepler-1789 b,611.461,8.4 Earths,14.449,2021,https://science.nasa.gov/exoplanet-catalog/kepler-1789-b/
1659,Kepler-1781 b,962.63,6.26 Earths,15.713,2021,https://science.nasa.gov/exoplanet-catalog/kepler-1781-b/
1660,Kepler-1774 b,816.592,10.2 Earths,14.02,2021,https://science.nasa.gov/exoplanet-catalog/kepler-1774-b/
1661,Kepler-1768 b,632.766,5.62 Earths,13.565,2021,https://science.nasa.gov/exoplanet-catalog/kepler-1768-b/
1662,Kepler-1751 b,1291.47,3.98 Earths,15.455,2021,https://science.nasa.gov/exoplanet-catalog/kepler-1751-b/
1663,Kepler-1727 b,894.187,10.2 Earths,15.751,2021,https://science.nasa.gov/exoplanet-catalog/kepler-1727-b/
1664,Kepler-1311 d,866.331,0.212 Jupiters,13.528,2021,https://science.nasa.gov/exoplanet-catalog/kepler-1311-d/
1665,Kepler-1073 d,809.897,2.82 Earths,14.749,2021,https://science.nasa.gov/exoplanet-catalog/kepler-1073-d/
1666,Kepler-495 c,658.924,1.98 Earths,14.942,2021,https://science.nasa.gov/exoplanet-catalog/kepler-495-c/
1667,Kepler-487 d,872.343,8.12 Earths,14.882,2021,https://science.nasa.gov/exoplanet-catalog/kepler-487-d/
1668,Kepler-418 c,1002.53,23.7 Earths,14.824,2021,https://science.nasa.gov/exoplanet-catalog/kepler-418-c/
1669,Kepler-1964 b,3504.2896826444,3.83 Earths,16.363,2021,https://science.nasa.gov/exoplanet-catalog/kepler-1964-b/
1670,Kepler-1951 b,1277.32,6 Earths,14.367,2021,https://science.nasa.gov/exoplanet-catalog/kepler-1951-b/
1671,Kepler-1941 b,1494.39,7.51 Earths,14.943,2021,https://science.nasa.gov/exoplanet-catalog/kepler-1941-b/
1672,Kepler-1923 b,990.838,4.5 Earths,14.454,2021,https://science.nasa.gov/exoplanet-catalog/kepler-1923-b/
1673,Kepler-1918 b,1030.11,5.89 Earths,15.533,2021,https://science.nasa.gov/exoplanet-catalog/kepler-1918-b/
1674,Kepler-1916 b,2055.82,7.35 Earths,15.779,2021,https://science.nasa.gov/exoplanet-catalog/kepler-1916-b/
1675,Kepler-1913 b,876.3,2.92 Earths,14.814,2021,https://science.nasa.gov/exoplanet-catalog/kepler-1913-b/
1676,Kepler-1907 b,292.111,0.589 Earths,13.989,2021,https://science.nasa.gov/exoplanet-catalog/kepler-1907-b/
1677,Kepler-1906 b,1360.63,8.13 Earths,15.322,2021,https://science.nasa.gov/exoplanet-catalog/kepler-1906-b/
1678,Kepler-1888 b,402.947,2.32 Earths,12.099,2021,https://science.nasa.gov/exoplanet-catalog/kepler-1888-b/
1679,Kepler-1884 b,1443.09,3.95 Earths,15.433,2021,https://science.nasa.gov/exoplanet-catalog/kepler-1884-b/
1680,Kepler-1883 b,1377.61,10.6 Earths,15.642,2021,https://science.nasa.gov/exoplanet-catalog/kepler-1883-b/
1681,Kepler-1877 b,285.312,0.179 Earths,12.29,2021,https://science.nasa.gov/exoplanet-catalog/kepler-1877-b/
1682,Kepler-1874 b,408.007,5.52 Earths,15.434,2021,https://science.nasa.gov/exoplanet-catalog/kepler-1874-b/
1683,Kepler-1856 b,848.76,3.66 Earths,15.621,2021,https://science.nasa.gov/exoplanet-catalog/kepler-1856-b/
1684,Kepler-1853 b,562.348,2.92 Earths,15.229,2021,https://science.nasa.gov/exoplanet-catalog/kepler-1853-b/
1685,Kepler-1844 b,1804.36,9.46 Earths,15.995,2021,https://science.nasa.gov/exoplanet-catalog/kepler-1844-b/
1686,Kepler-1840 b,513.107,8.13 Earths,15.192,2021,https://science.nasa.gov/exoplanet-catalog/kepler-1840-b/
1687,Kepler-1833 b,591.602,2.24 Earths,12.645,2021,https://science.nasa.gov/exoplanet-catalog/kepler-1833-b/
1688,Kepler-1819 b,1363.19,14.5 Earths,15.489,2021,https://science.nasa.gov/exoplanet-catalog/kepler-1819-b/
1689,Kepler-1799 b,2254.69,15.9 Earths,15.99,2021,https://science.nasa.gov/exoplanet-catalog/kepler-1799-b/
1690,Kepler-1798 b,395.196,5.94 Earths,16.391,2021,https://science.nasa.gov/exoplanet-catalog/kepler-1798-b/
1691,Kepler-1795 b,3232.9575336809,3.4 Earths,16.188,2021,https://science.nasa.gov/exoplanet-catalog/kepler-1795-b/
1692,Kepler-1766 b,501.229,5.81 Earths,12.96,2021,https://science.nasa.gov/exoplanet-catalog/kepler-1766-b/
1693,Kepler-1757 b,807.308,8.99 Earths,15.817,2021,https://science.nasa.gov/exoplanet-catalog/kepler-1757-b/
1694,Kepler-501 c,1125.24,3.47 Earths,14.886,2021,https://science.nasa.gov/exoplanet-catalog/kepler-501-c/
1695,Kepler-196 d,451.312,7.56 Earths,14.239,2021,https://science.nasa.gov/exoplanet-catalog/kepler-196-d/
1696,Kepler-1956 b,360.468,1.32 Earths,15.989,2021,https://science.nasa.gov/exoplanet-catalog/kepler-1956-b/
1697,Kepler-1954 b,1373.83,3.9 Earths,15.875,2021,https://science.nasa.gov/exoplanet-catalog/kepler-1954-b/
1698,Kepler-1949 b,2617.35,5.56 Earths,15.231,2021,https://science.nasa.gov/exoplanet-catalog/kepler-1949-b/
1699,Kepler-1946 b,1002.12,6.75 Earths,15.508,2021,https://science.nasa.gov/exoplanet-catalog/kepler-1946-b/
1700,Kepler-1921 b,928.989,8.72 Earths,13.103,2021,https://science.nasa.gov/exoplanet-catalog/kepler-1921-b/
1701,"Debug: VIP-CLI v3.7.1, Node v18.20.1, linux 5.15.153.1-microsoft-standard-WSL2 x64",3093.143010949,1.78 Earths,16.092,2021,https://science.nasa.gov/exoplanet-catalog/kepler-1910-b/
1702,Kepler-1904 b,270.854,2.51 Earths,16.367,2021,https://science.nasa.gov/exoplanet-catalog/kepler-1904-b/
1703,Kepler-1903 b,1775.44,5.85 Earths,15.456,2021,https://science.nasa.gov/exoplanet-catalog/kepler-1903-b/
1704,Kepler-1885 b,818.482,2.89 Earths,14.851,2021,https://science.nasa.gov/exoplanet-catalog/kepler-1885-b/
1705,Kepler-1861 b,829.985,5.5 Earths,13.709,2021,https://science.nasa.gov/exoplanet-catalog/kepler-1861-b/
1706,Kepler-1860 b,438.703,1.55 Earths,13.569,2021,https://science.nasa.gov/exoplanet-catalog/kepler-1860-b/
1707,Kepler-1830 b,1056.88,11.1 Earths,13.605,2021,https://science.nasa.gov/exoplanet-catalog/kepler-1830-b/
1708,Kepler-1823 b,724.971,5 Earths,13.477,2021,https://science.nasa.gov/exoplanet-catalog/kepler-1823-b/
1709,Kepler-1815 b,1006.63,7.99 Earths,15.621,2021,https://science.nasa.gov/exoplanet-catalog/kepler-1815-b/
1710,Kepler-1812 b,1409.19,6.01 Earths,15.631,2021,https://science.nasa.gov/exoplanet-catalog/kepler-1812-b/
1711,Kepler-1810 b,1009.87,14.6 Earths,15.4,2021,https://science.nasa.gov/exoplanet-catalog/kepler-1810-b/
1712,Kepler-1782 b,305.792,5.6 Earths,13.875,2021,https://science.nasa.gov/exoplanet-catalog/kepler-1782-b/
1713,Kepler-1761 b,221.186,2.51 Earths,15.619,2021,https://science.nasa.gov/exoplanet-catalog/kepler-1761-b/
1714,Kepler-1747 b,1321.38,16.8 Earths,16.1966,2021,https://science.nasa.gov/exoplanet-catalog/kepler-1747-b/
1715,Kepler-1744 b,1091.63,13.6 Earths,15.566,2021,https://science.nasa.gov/exoplanet-catalog/kepler-1744-b/
1716,Kepler-1742 b,669.573,5.38 Earths,14.512,2021,https://science.nasa.gov/exoplanet-catalog/kepler-1742-b/
1717,Kepler-1737 b,2352.8812019382,25.1 Earths,15.498,2021,https://science.nasa.gov/exoplanet-catalog/kepler-1737-b/
1718,Kepler-1736 b,1430,14.3 Earths,14.808,2021,https://science.nasa.gov/exoplanet-catalog/kepler-1736-b/
1719,Kepler-1715 b,522.605,16 Earths,12.881,2021,https://science.nasa.gov/exoplanet-catalog/kepler-1715-b/
1720,Kepler-1710 b,305.193,3.49494179 Earths,12.695,2021,https://science.nasa.gov/exoplanet-catalog/kepler-1710-b/
1721,Kepler-1709 b,273.946,9.93 Earths,11.642,2021,https://science.nasa.gov/exoplanet-catalog/kepler-1709-b/
1722,Kepler-1321 d,769.146,7.41 Earths,17.5054,2021,https://science.nasa.gov/exoplanet-catalog/kepler-1321-d/
1723,Kepler-1967 b,249.102,0.315 Earths,13.519,2021,https://science.nasa.gov/exoplanet-catalog/kepler-1967-b/
1724,Kepler-1947 b,468.771,1.01 Earths,12.973,2021,https://science.nasa.gov/exoplanet-catalog/kepler-1947-b/
1725,Kepler-1944 b,1076.48,8.05 Earths,15.582,2021,https://science.nasa.gov/exoplanet-catalog/kepler-1944-b/
1726,Kepler-1931 b,620.091,7.53 Earths,12.671,2021,https://science.nasa.gov/exoplanet-catalog/kepler-1931-b/
1727,Kepler-1926 b,667.405,5.97 Earths,15.8,2021,https://science.nasa.gov/exoplanet-catalog/kepler-1926-b/
1728,Kepler-1892 b,851.595,4.03 Earths,15.592,2021,https://science.nasa.gov/exoplanet-catalog/kepler-1892-b/
1729,Kepler-1880 b,611.041,5.13 Earths,16.088,2021,https://science.nasa.gov/exoplanet-catalog/kepler-1880-b/
1730,Kepler-1870 b,407.216,5.07 Earths,13.566,2021,https://science.nasa.gov/exoplanet-catalog/kepler-1870-b/
1731,Kepler-1858 b,833.055,6.44 Earths,15.959,2021,https://science.nasa.gov/exoplanet-catalog/kepler-1858-b/
1732,Kepler-1857 b,853.275,4.5 Earths,14.36,2021,https://science.nasa.gov/exoplanet-catalog/kepler-1857-b/
1733,Kepler-1845 b,710.724,6.52 Earths,16.117,2021,https://science.nasa.gov/exoplanet-catalog/kepler-1845-b/
1734,Kepler-1836 b,1472.62,7.05 Earths,15.558,2021,https://science.nasa.gov/exoplanet-catalog/kepler-1836-b/
1735,Kepler-1828 b,871.81,5.13 Earths,14.985,2021,https://science.nasa.gov/exoplanet-catalog/kepler-1828-b/
1736,Kepler-1827 b,686.461,4.1 Earths,13.228,2021,https://science.nasa.gov/exoplanet-catalog/kepler-1827-b/
1737,Kepler-1802 c,636.694,6 Earths,15.905,2021,https://science.nasa.gov/exoplanet-catalog/kepler-1802-c/
1738,Kepler-1800 b,350.455,0.961 Earths,13.194,2021,https://science.nasa.gov/exoplanet-catalog/kepler-1800-b/
1739,Kepler-1793 b,1189.88,13.8 Earths,15.949,2021,https://science.nasa.gov/exoplanet-catalog/kepler-1793-b/
1740,Kepler-1762 b,1663.74,8.05 Earths,15.239,2021,https://science.nasa.gov/exoplanet-catalog/kepler-1762-b/
1741,Kepler-1759 b,385.348,0.676 Earths,14.532,2021,https://science.nasa.gov/exoplanet-catalog/kepler-1759-b/
1742,Kepler-1758 b,1588.41,7.13 Earths,15.119,2021,https://science.nasa.gov/exoplanet-catalog/kepler-1758-b/
1743,Kepler-1753 b,707.688,5.59 Earths,15.59,2021,https://science.nasa.gov/exoplanet-catalog/kepler-1753-b/
1744,Kepler-1749 b,268.2,3.23 Earths,14.95,2021,https://science.nasa.gov/exoplanet-catalog/kepler-1749-b/
1745,Kepler-1748 b,1083.28,7.81 Earths,16.004,2021,https://science.nasa.gov/exoplanet-catalog/kepler-1748-b/
1746,Kepler-1733 b,2080.51,12.8 Earths,15.612,2021,https://science.nasa.gov/exoplanet-catalog/kepler-1733-b/
1747,Kepler-1725 b,558.652,8.31 Earths,13.153,2021,https://science.nasa.gov/exoplanet-catalog/kepler-1725-b/
1748,Kepler-1718 b,375.522,7.12 Earths,12.821,2021,https://science.nasa.gov/exoplanet-catalog/kepler-1718-b/
1749,Kepler-1130 d,249.343,0.202 Earths,12.509,2021,https://science.nasa.gov/exoplanet-catalog/kepler-1130-d/
1750,Kepler-1067 c,667.693,3.7 Earths,14.395,2021,https://science.nasa.gov/exoplanet-catalog/kepler-1067-c/
1751,Kepler-616 d,945.775,7.52 Earths,15.021,2021,https://science.nasa.gov/exoplanet-catalog/kepler-616-d/
1752,Kepler-589 c,612.803,1.45 Earths,14.775,2021,https://science.nasa.gov/exoplanet-catalog/kepler-589-c/
1753,Kepler-352 d,252.733,0.449 Earths,13.142,2021,https://science.nasa.gov/exoplanet-catalog/kepler-352-d/
1754,Kepler-1958 b,1320.38,4.86 Earths,15.486,2021,https://science.nasa.gov/exoplanet-catalog/kepler-1958-b/
1755,Kepler-1950 b,697.253,2.95 Earths,14.845,2021,https://science.nasa.gov/exoplanet-catalog/kepler-1950-b/
1756,Kepler-1948 b,193.903,1.09 Earths,14.569,2021,https://science.nasa.gov/exoplanet-catalog/kepler-1948-b/
1757,Kepler-1928 b,326.362,4.63 Earths,12.679,2021,https://science.nasa.gov/exoplanet-catalog/kepler-1928-b/
1758,Kepler-1919 b,1177.53,7.38 Earths,16.161,2021,https://science.nasa.gov/exoplanet-catalog/kepler-1919-b/
1759,Kepler-1902 b,344.337,1.74 Earths,16.113,2021,https://science.nasa.gov/exoplanet-catalog/kepler-1902-b/
1760,Kepler-1882 b,443.371,2.81 Earths,12.516,2021,https://science.nasa.gov/exoplanet-catalog/kepler-1882-b/
1761,Kepler-1881 b,1057.21,9.17 Earths,15.898,2021,https://science.nasa.gov/exoplanet-catalog/kepler-1881-b/
1762,Kepler-1878 b,1494.3,8.86 Earths,15.587,2021,https://science.nasa.gov/exoplanet-catalog/kepler-1878-b/
1763,Kepler-1871 b,854.623,6.44 Earths,14.822,2021,https://science.nasa.gov/exoplanet-catalog/kepler-1871-b/
1764,Kepler-1850 b,250.199,0.313 Earths,14.44,2021,https://science.nasa.gov/exoplanet-catalog/kepler-1850-b/
1765,Kepler-1842 b,923.551,6.14 Earths,14.746,2021,https://science.nasa.gov/exoplanet-catalog/kepler-1842-b/
1766,Kepler-1801 b,839.332,7.8 Earths,15.28,2021,https://science.nasa.gov/exoplanet-catalog/kepler-1801-b/
1767,Kepler-1784 b,883.045,8.24 Earths,15.423,2021,https://science.nasa.gov/exoplanet-catalog/kepler-1784-b/
1768,Kepler-1778 b,1276.29,9.36 Earths,15.273,2021,https://science.nasa.gov/exoplanet-catalog/kepler-1778-b/
1769,Kepler-1735 b,245.303,1.84 Earths,15.896,2021,https://science.nasa.gov/exoplanet-catalog/kepler-1735-b/
1770,Kepler-1732 b,1289.41,15.7 Earths,14.884,2021,https://science.nasa.gov/exoplanet-catalog/kepler-1732-b/
1771,Kepler-1724 b,1060.77,8.43 Earths,14.961,2021,https://science.nasa.gov/exoplanet-catalog/kepler-1724-b/
1772,Kepler-1721 b,641.374,9.9 Earths,15.085,2021,https://science.nasa.gov/exoplanet-catalog/kepler-1721-b/
1773,Kepler-1719 b,905.406,14.8 Earths,13.478,2021,https://science.nasa.gov/exoplanet-catalog/kepler-1719-b/
1774,Kepler-1716 b,195.439,6.46 Earths,13.129,2021,https://science.nasa.gov/exoplanet-catalog/kepler-1716-b/
1775,Kepler-1488 c,905.825,3.37 Earths,13.146,2021,https://science.nasa.gov/exoplanet-catalog/kepler-1488-c/
1776,Kepler-1312 c,299.104,1.07 Earths,12.491,2021,https://science.nasa.gov/exoplanet-catalog/kepler-1312-c/
1777,Kepler-1266 c,849.312,3.46 Earths,16.016,2021,https://science.nasa.gov/exoplanet-catalog/kepler-1266-c/
1778,Kepler-1038 c,584.136,2.59 Earths,15.03,2021,https://science.nasa.gov/exoplanet-catalog/kepler-1038-c/
1779,Kepler-607 c,519.122,8.05 Earths,14.672,2021,https://science.nasa.gov/exoplanet-catalog/kepler-607-c/
1780,Kepler-1968 b,750.93,2.86 Earths,16.303,2021,https://science.nasa.gov/exoplanet-catalog/kepler-1968-b/
1781,Kepler-1961 b,1042.45,3.25 Earths,15.809,2021,https://science.nasa.gov/exoplanet-catalog/kepler-1961-b/
1782,Kepler-1952 b,852.062,2.07 Earths,13.828,2021,https://science.nasa.gov/exoplanet-catalog/kepler-1952-b/
1783,Kepler-1945 b,975.4387404403,2.21 Earths,13.586,2021,https://science.nasa.gov/exoplanet-catalog/kepler-1945-b/
1784,Kepler-1939 b,189.833,1.68 Earths,13.622,2021,https://science.nasa.gov/exoplanet-catalog/kepler-1939-b/
1785,Kepler-1905 b,1051.53,2.69 Earths,15.086,2021,https://science.nasa.gov/exoplanet-catalog/kepler-1905-b/
1786,Kepler-1886 b,1059.51,7.18 Earths,15.627,2021,https://science.nasa.gov/exoplanet-catalog/kepler-1886-b/
1787,Kepler-1864 b,298.894,0.353 Earths,12.123,2021,https://science.nasa.gov/exoplanet-catalog/kepler-1864-b/
1788,Kepler-1862 b,1232.19,5.49 Earths,15.847,2021,https://science.nasa.gov/exoplanet-catalog/kepler-1862-b/
1789,Kepler-1843 b,784.625,7.8 Earths,13.086,2021,https://science.nasa.gov/exoplanet-catalog/kepler-1843-b/
1790,Kepler-1839 b,1136.6,4.46 Earths,14.935,2021,https://science.nasa.gov/exoplanet-catalog/kepler-1839-b/
1791,Kepler-1832 b,486.174,2.02 Earths,14.577,2021,https://science.nasa.gov/exoplanet-catalog/kepler-1832-b/
1792,Kepler-1829 b,679.921,6.71 Earths,15.218,2021,https://science.nasa.gov/exoplanet-catalog/kepler-1829-b/
1793,Kepler-1824 b,1040.1,6.26 Earths,14.976,2021,https://science.nasa.gov/exoplanet-catalog/kepler-1824-b/
1794,Kepler-1821 b,799.699,7.24 Earths,14.795,2021,https://science.nasa.gov/exoplanet-catalog/kepler-1821-b/
1795,Kepler-1787 b,778.602,5.99 Earths,14.564,2021,https://science.nasa.gov/exoplanet-catalog/kepler-1787-b/
1796,Kepler-1777 b,619.146,5.19 Earths,14.112,2021,https://science.nasa.gov/exoplanet-catalog/kepler-1777-b/
1797,Kepler-1775 b,657.023,12.9 Earths,13.429,2021,https://science.nasa.gov/exoplanet-catalog/kepler-1775-b/
1798,Kepler-1763 b,756.486,1.59 Earths,13.634,2021,https://science.nasa.gov/exoplanet-catalog/kepler-1763-b/
1799,Kepler-1750 b,1497.33,30.1 Earths,15.702,2021,https://science.nasa.gov/exoplanet-catalog/kepler-1750-b/
1800,Kepler-1741 b,270.739,2.16 Earths,16.154,2021,https://science.nasa.gov/exoplanet-catalog/kepler-1741-b/
1801,Kepler-1740 b,1061.77,11 Earths,15.454,2021,https://science.nasa.gov/exoplanet-catalog/kepler-1740-b/
1802,Kepler-1730 b,1427.08,18.4 Earths,15.478,2021,https://science.nasa.gov/exoplanet-catalog/kepler-1730-b/
1803,Kepler-1713 b,295.293,3.59 Earths,11.065,2021,https://science.nasa.gov/exoplanet-catalog/kepler-1713-b/
1804,Kepler-1712 b,156.264,5.83 Earths,14.946,2021,https://science.nasa.gov/exoplanet-catalog/kepler-1712-b/
1805,Kepler-1530 d,489.876,10.8 Earths,14.15,2021,https://science.nasa.gov/exoplanet-catalog/kepler-1530-d/
1806,Kepler-1322 c,1350.32,5.29 Earths,15.876,2021,https://science.nasa.gov/exoplanet-catalog/kepler-1322-c/
1807,Kepler-1165 c,1575.2,11.2 Earths,14.521,2021,https://science.nasa.gov/exoplanet-catalog/kepler-1165-c/
1808,Kepler-457 d,1072.3,9.19 Earths,14.411,2021,https://science.nasa.gov/exoplanet-catalog/kepler-457-d/
1809,Kepler-27 d,1044.36,7.78 Earths,15.822,2021,https://science.nasa.gov/exoplanet-catalog/kepler-27-d/
1810,Kepler-1965 b,521.791,2.4 Earths,13.839,2021,https://science.nasa.gov/exoplanet-catalog/kepler-1965-b/
1811,Kepler-1963 b,492.847,0.337 Earths,14.054,2021,https://science.nasa.gov/exoplanet-catalog/kepler-1963-b/
1812,Kepler-1962 b,866.826,1.95 Earths,15.146,2021,https://science.nasa.gov/exoplanet-catalog/kepler-1962-b/
1813,Kepler-1959 b,479.263,1.57 Earths,14.797,2021,https://science.nasa.gov/exoplanet-catalog/kepler-1959-b/
1814,Kepler-1955 b,449.351,1.69 Earths,12.609,2021,https://science.nasa.gov/exoplanet-catalog/kepler-1955-b/
1815,Kepler-1943 b,1004.55,3.02 Earths,13.868,2021,https://science.nasa.gov/exoplanet-catalog/kepler-1943-b/
1816,Kepler-1936 b,871.096,10.2 Earths,13.393,2021,https://science.nasa.gov/exoplanet-catalog/kepler-1936-b/
1817,Kepler-1930 b,275.694,2.95 Earths,13.447,2021,https://science.nasa.gov/exoplanet-catalog/kepler-1930-b/
1818,Kepler-1927 b,1091,11.5 Earths,13.312,2021,https://science.nasa.gov/exoplanet-catalog/kepler-1927-b/
1819,Kepler-1912 b,297.017,2.41 Earths,12.36,2021,https://science.nasa.gov/exoplanet-catalog/kepler-1912-b/
1820,Kepler-1909 b,763.662,1.33 Earths,15.933,2021,https://science.nasa.gov/exoplanet-catalog/kepler-1909-b/
1821,Kepler-1897 b,983.174,8.32 Earths,16.01,2021,https://science.nasa.gov/exoplanet-catalog/kepler-1897-b/
1822,Kepler-1868 b,274.18,10.1 Earths,14.157,2021,https://science.nasa.gov/exoplanet-catalog/kepler-1868-b/
1823,Kepler-1834 b,500.395,2.73 Earths,15.18,2021,https://science.nasa.gov/exoplanet-catalog/kepler-1834-b/
1824,Kepler-1825 b,430.254,2.61 Earths,14.605,2021,https://science.nasa.gov/exoplanet-catalog/kepler-1825-b/
1825,Kepler-1816 b,437.823,4.53 Earths,14.734,2021,https://science.nasa.gov/exoplanet-catalog/kepler-1816-b/
1826,Kepler-1802 b,636.694,3.43 Earths,15.905,2021,https://science.nasa.gov/exoplanet-catalog/kepler-1802-b/
1827,Kepler-1783 b,264.078,2.3 Earths,13.309,2021,https://science.nasa.gov/exoplanet-catalog/kepler-1783-b/
1828,Kepler-1772 b,871.564,7.68 Earths,13.546,2021,https://science.nasa.gov/exoplanet-catalog/kepler-1772-b/
1829,Kepler-1769 b,438.412,18.2 Earths,12.487,2021,https://science.nasa.gov/exoplanet-catalog/kepler-1769-b/
1830,Kepler-1726 b,390.552,6.84 Earths,13.851,2021,https://science.nasa.gov/exoplanet-catalog/kepler-1726-b/
1831,Kepler-1723 b,811.278,8.65 Earths,14.383,2021,https://science.nasa.gov/exoplanet-catalog/kepler-1723-b/
1832,Kepler-1717 b,1008.79,9.21 Earths,13.323,2021,https://science.nasa.gov/exoplanet-catalog/kepler-1717-b/
1833,Kepler-1468 d,1899.24,11.1 Earths,15.111,2021,https://science.nasa.gov/exoplanet-catalog/kepler-1468-d/
1834,Kepler-1969 b,1204.54,3.47 Earths,15.851,2021,https://science.nasa.gov/exoplanet-catalog/kepler-1969-b/
1835,Kepler-1917 b,909.037,4.23 Earths,15.474,2021,https://science.nasa.gov/exoplanet-catalog/kepler-1917-b/
1836,Kepler-1894 b,935.191,1.87 Earths,15.452,2021,https://science.nasa.gov/exoplanet-catalog/kepler-1894-b/
1837,Kepler-1817 b,748.569,5.79 Earths,15.346,2021,https://science.nasa.gov/exoplanet-catalog/kepler-1817-b/
1838,Kepler-1797 b,1338.49,9.58 Earths,15.421,2021,https://science.nasa.gov/exoplanet-catalog/kepler-1797-b/
1839,Kepler-1786 b,863.909,10.1 Earths,14.088,2021,https://science.nasa.gov/exoplanet-catalog/kepler-1786-b/
1840,Kepler-1780 b,790.516,12.7 Earths,14.907,2021,https://science.nasa.gov/exoplanet-catalog/kepler-1780-b/
1841,GJ 367 b,9.41263,0.503 Earths,10.153,2021,https://science.nasa.gov/exoplanet-catalog/gj-367-b/
1842,OGLE-2019-BLG-0304L b,6980,0.51 Jupiters,Unknown,2021,https://science.nasa.gov/exoplanet-catalog/ogle-2019-blg-0304l-b/
1843,KMT-2016-BLG-2605L b,6421,0.771 Jupiters,Unknown,2021,https://science.nasa.gov/exoplanet-catalog/kmt-2016-blg-2605l-b/
1844,HD 29399 b,44.1518,1.57 Jupiters,5.79,2022,https://science.nasa.gov/exoplanet-catalog/hd-29399-b/
1845,HD 207897 b,28.2938,14.8 Earths,8.37,2021,https://science.nasa.gov/exoplanet-catalog/hd-207897-b/
1846,HD 137496 c,155.317,7.66 Jupiters,9.899,2021,https://science.nasa.gov/exoplanet-catalog/hd-137496-c/
1847,HD 137496 b,155.317,4.04 Earths,9.899,2021,https://science.nasa.gov/exoplanet-catalog/hd-137496-b/
1848,TOI-2257 b,57.7911,5.45 Earths,15.211,2021,https://science.nasa.gov/exoplanet-catalog/toi-2257-b/
1849,HIP 97166 c,65.9501,8 Earths,9.92,2021,https://science.nasa.gov/exoplanet-catalog/hip-97166-c/
1850,HIP 97166 b,65.9501,19.1 Earths,9.92,2021,https://science.nasa.gov/exoplanet-catalog/hip-97166-b/
1851,LHS 1678 c,19.8782,1.4 Earths,12.6,2021,https://science.nasa.gov/exoplanet-catalog/lhs-1678-c/
1852,HD 96700 d,25.4111,12.7 Earths,6.51,2021,https://science.nasa.gov/exoplanet-catalog/hd-96700-d/
1853,HD 96700 c,25.4111,3.5 Earths,6.51,2021,https://science.nasa.gov/exoplanet-catalog/hd-96700-c/
1854,HD 96700 b,25.4111,8.9 Earths,6.51,2021,https://science.nasa.gov/exoplanet-catalog/hd-96700-b/
1855,HD 93385 d,43.3475,8.7 Earths,7.49,2021,https://science.nasa.gov/exoplanet-catalog/hd-93385-d/
1856,HD 93385 c,43.3475,7.1 Earths,7.49,2021,https://science.nasa.gov/exoplanet-catalog/hd-93385-c/
1857,HD 93385 b,43.3475,4.2 Earths,7.49,2021,https://science.nasa.gov/exoplanet-catalog/hd-93385-b/
1858,HD 39194 d,26.4131,5.16 Earths,8.09,2021,https://science.nasa.gov/exoplanet-catalog/hd-39194-d/
1859,HD 39194 c,26.4131,7.49 Earths,8.09,2021,https://science.nasa.gov/exoplanet-catalog/hd-39194-c/
1860,HD 39194 b,26.4131,4.62 Earths,8.09,2021,https://science.nasa.gov/exoplanet-catalog/hd-39194-b/
1861,HD 189567 c,17.9323,7 Earths,6.07,2021,https://science.nasa.gov/exoplanet-catalog/hd-189567-c/
1862,HD 189567 b,17.9323,8.5 Earths,6.07,2021,https://science.nasa.gov/exoplanet-catalog/hd-189567-b/
1863,HD 154088 b,18.2692,6.6 Earths,6.59,2021,https://science.nasa.gov/exoplanet-catalog/hd-154088-b/
1864,LHS 1678 b,19.8782,0.35 Earths,12.6,2021,https://science.nasa.gov/exoplanet-catalog/lhs-1678-b/
1865,CD Ceti b,8.60715,3.95 Earths,13.95,2020,https://science.nasa.gov/exoplanet-catalog/cd-ceti-b/
1866,EPIC 206042996 c,451.769,1.87 Earths,16.59,2021,https://science.nasa.gov/exoplanet-catalog/epic-206042996-c/
1867,EPIC 206024342 c,369.888,2.54 Earths,13.096,2021,https://science.nasa.gov/exoplanet-catalog/epic-206024342-c/
1868,TOI-2285 b,42.409,19.5 Earths,13.403,2021,https://science.nasa.gov/exoplanet-catalog/toi-2285-b/
1869,HD 25723 b,114.816,2.5 Jupiters,5.60075,2020,https://science.nasa.gov/exoplanet-catalog/hd-25723-b/
1870,GJ 9689 b,30.6203,9.65 Earths,11.297,2020,https://science.nasa.gov/exoplanet-catalog/gj-9689-b/
1871,EPIC 228836835 b,150.124,1.37 Earths,16.77,2021,https://science.nasa.gov/exoplanet-catalog/epic-228836835-b/
1872,EPIC 220492298 b,624.512,0.937 Earths,13.991,2021,https://science.nasa.gov/exoplanet-catalog/epic-220492298-b/
1873,EPIC 212624936 c,561.929,5.9 Earths,13.976,2021,https://science.nasa.gov/exoplanet-catalog/epic-212624936-c/
1874,EPIC 212624936 b,561.929,1.87 Earths,13.976,2021,https://science.nasa.gov/exoplanet-catalog/epic-212624936-b/
1875,EPIC 206024342 d,369.888,7.27 Earths,13.096,2021,https://science.nasa.gov/exoplanet-catalog/epic-206024342-d/
1876,EPIC 201595106 b,232.1,7.67 Earths,11.746,2021,https://science.nasa.gov/exoplanet-catalog/epic-201595106-b/
1877,EPIC 201427007 b,706.391,2.86 Earths,14.321,2021,https://science.nasa.gov/exoplanet-catalog/epic-201427007-b/
1878,17 Scorpii b,124.953,4.32 Jupiters,5.22606,2020,https://science.nasa.gov/exoplanet-catalog/17-scorpii-b/
1879,TOI-3362 b,366.987,5.029 Jupiters,10.86,2021,https://science.nasa.gov/exoplanet-catalog/toi-3362-b/
1880,TOI-1789 b,229.067,0.7 Jupiters,9.721,2021,https://science.nasa.gov/exoplanet-catalog/toi-1789-b/
1881,TOI-1298 b,319.036,0.31148883 Jupiters,11.889,2021,https://science.nasa.gov/exoplanet-catalog/toi-1298-b/
1882,TOI-1296 b,323.265,0.29984733 Jupiters,11.37,2021,https://science.nasa.gov/exoplanet-catalog/toi-1296-b/
1883,OGLE-2018-BLG-1185L b,7400,8.4 Earths,29.3,2021,https://science.nasa.gov/exoplanet-catalog/ogle-2018-blg-1185l-b/
1884,HD 63935 c,48.9739,11.1 Earths,8.58,2021,https://science.nasa.gov/exoplanet-catalog/hd-63935-c/
1885,HD 63935 b,48.9739,10.5 Earths,8.58,2021,https://science.nasa.gov/exoplanet-catalog/hd-63935-b/
1886,TOI-530 b,148.762,0.4 Jupiters,15.403,2021,https://science.nasa.gov/exoplanet-catalog/toi-530-b/
1887,TOI-1431 b,148.925,3.12 Jupiters,8.03,2021,https://science.nasa.gov/exoplanet-catalog/toi-1431-b/
1888,KMT-2018-BLG-1743L b,6483,0.245 Jupiters,Unknown,2021,https://science.nasa.gov/exoplanet-catalog/kmt-2018-blg-1743l-b/
1889,TOI-559 b,233.266,6.01 Jupiters,11.091,2021,https://science.nasa.gov/exoplanet-catalog/toi-559-b/
1890,TOI-558 b,402.63,3.61 Jupiters,11.233,2021,https://science.nasa.gov/exoplanet-catalog/toi-558-b/
1891,TIC 257060897 b,505.703,0.634 Jupiters,11.814,2021,https://science.nasa.gov/exoplanet-catalog/tic-257060897-b/
1892,GPX-1 b,655.013,19.7 Jupiters,12.316,2021,https://science.nasa.gov/exoplanet-catalog/gpx-1-b/
1893,TOI-1201 b,37.8871,6.28 Earths,12.26,2021,https://science.nasa.gov/exoplanet-catalog/toi-1201-b/
1894,OGLE-2018-BLG-0962L b,6500,1.34 Jupiters,Unknown,2021,https://science.nasa.gov/exoplanet-catalog/ogle-2018-blg-0962l-b/
1895,OGLE-2018-BLG-0567L b,7060,0.32 Jupiters,Unknown,2021,https://science.nasa.gov/exoplanet-catalog/ogle-2018-blg-0567l-b/
1896,K2-357 b,517.687,13.4 Earths,13.748,2021,https://science.nasa.gov/exoplanet-catalog/k2-357-b/
1897,K2-356 b,355.54,5.86 Earths,13.268,2021,https://science.nasa.gov/exoplanet-catalog/k2-356-b/
1898,K2-355 b,500.497,5.69 Earths,13.707,2021,https://science.nasa.gov/exoplanet-catalog/k2-355-b/
1899,K2-358 b,480.307,7.65 Earths,13.699,2021,https://science.nasa.gov/exoplanet-catalog/k2-358-b/
1900,HD 22496 b,13.5956,5.57 Earths,8.57,2021,https://science.nasa.gov/exoplanet-catalog/hd-22496-b/
1901,TOI-1518 b,225.888,1.83 Jupiters,8.952,2021,https://science.nasa.gov/exoplanet-catalog/toi-1518-b/
1902,TIC 172900988 b,250.956,2.96386345 Jupiters,10.141,2021,https://science.nasa.gov/exoplanet-catalog/tic-172900988-b/
1903,KMT-2019-BLG-1715L b,3860,2.56 Jupiters,Unknown,2021,https://science.nasa.gov/exoplanet-catalog/kmt-2019-blg-1715l-b/
1904,KMT-2018-BLG-1025L b,6705,6.059 Earths,Unknown,2021,https://science.nasa.gov/exoplanet-catalog/kmt-2018-blg-1025l-b/
1905,K2-351 b,694.734,6.99 Earths,14.195,2021,https://science.nasa.gov/exoplanet-catalog/k2-351-b/
1906,K2-350 c,489.368,7.95 Earths,13.449,2016,https://science.nasa.gov/exoplanet-catalog/k2-350-c/
1907,K2-349 b,453.567,2.48 Earths,14.585,2021,https://science.nasa.gov/exoplanet-catalog/k2-349-b/
1908,K2-347 b,320.336,6.39 Earths,15.15,2021,https://science.nasa.gov/exoplanet-catalog/k2-347-b/
1909,K2-346 b,105.58,5.73 Earths,11.903,2021,https://science.nasa.gov/exoplanet-catalog/k2-346-b/
1910,K2-345 b,162.408,5.1 Earths,15.72,2021,https://science.nasa.gov/exoplanet-catalog/k2-345-b/
1911,K2-340 b,738.136,11.2 Earths,14.428,2021,https://science.nasa.gov/exoplanet-catalog/k2-340-b/
1912,K2-338 b,156.951,1.08 Earths,13.322,2021,https://science.nasa.gov/exoplanet-catalog/k2-338-b/
1913,K2-337 b,421.636,7.37 Earths,12.385,2021,https://science.nasa.gov/exoplanet-catalog/k2-337-b/
1914,K2-336 b,239.289,1.98 Earths,12.803,2021,https://science.nasa.gov/exoplanet-catalog/k2-336-b/
1915,K2-335 b,557.993,5.52 Earths,12.556,2021,https://science.nasa.gov/exoplanet-catalog/k2-335-b/
1916,K2-332 b,123.202,5.48 Earths,Unknown,2021,https://science.nasa.gov/exoplanet-catalog/k2-332-b/
1917,K2-330 b,160.125,8.1 Earths,9.608,2021,https://science.nasa.gov/exoplanet-catalog/k2-330-b/
1918,EPIC 212587672 c,320.07,5.99 Earths,12.488,2021,https://science.nasa.gov/exoplanet-catalog/epic-212587672-c/
1919,EPIC 212297394 c,418.395,5.77 Earths,14.611,2021,https://science.nasa.gov/exoplanet-catalog/epic-212297394-c/
1920,TOI-2202 c,235.933,0.369 Jupiters,13.004,2021,https://science.nasa.gov/exoplanet-catalog/toi-2202-c/
1921,TOI-2202 b,235.933,0.904 Jupiters,13.004,2021,https://science.nasa.gov/exoplanet-catalog/toi-2202-b/
1922,L 98-59 e,10.6194,2.82 Earths,11.685,2021,https://science.nasa.gov/exoplanet-catalog/l-98-59-e/
1923,K2-354 b,91.722,3.05 Earths,15.296,2021,https://science.nasa.gov/exoplanet-catalog/k2-354-b/
1924,K2-353 b,268.515,26.3 Earths,12.337,2021,https://science.nasa.gov/exoplanet-catalog/k2-353-b/
1925,K2-352 d,176.051,5.6 Earths,11.125,2021,https://science.nasa.gov/exoplanet-catalog/k2-352-d/
1926,K2-352 c,176.051,4.35 Earths,11.125,2021,https://science.nasa.gov/exoplanet-catalog/k2-352-c/
1927,K2-352 b,176.051,2.45 Earths,11.125,2021,https://science.nasa.gov/exoplanet-catalog/k2-352-b/
1928,K2-350 b,489.368,2.99 Earths,13.449,2021,https://science.nasa.gov/exoplanet-catalog/k2-350-b/
1929,K2-348 c,201.856,7.61 Earths,12.572,2021,https://science.nasa.gov/exoplanet-catalog/k2-348-c/
1930,K2-348 b,201.856,10.7 Earths,12.572,2021,https://science.nasa.gov/exoplanet-catalog/k2-348-b/
1931,K2-344 b,75.1691,3.15 Earths,13.423,2021,https://science.nasa.gov/exoplanet-catalog/k2-344-b/
1932,K2-343 c,166.169,4.74 Earths,16.01,2021,https://science.nasa.gov/exoplanet-catalog/k2-343-c/
1933,K2-343 b,166.169,3.36 Earths,16.01,2021,https://science.nasa.gov/exoplanet-catalog/k2-343-b/
1934,K2-342 b,208.357,4.78 Earths,11.338,2021,https://science.nasa.gov/exoplanet-catalog/k2-342-b/
1935,K2-341 b,421.408,10.4 Earths,12.725,2021,https://science.nasa.gov/exoplanet-catalog/k2-341-b/
1936,K2-339 b,360.36,4.35 Earths,14.487,2021,https://science.nasa.gov/exoplanet-catalog/k2-339-b/
1937,K2-334 b,371.823,27.2 Earths,11.842,2021,https://science.nasa.gov/exoplanet-catalog/k2-334-b/
1938,K2-333 b,343.99,31.6 Earths,12.073,2021,https://science.nasa.gov/exoplanet-catalog/k2-333-b/
1939,K2-331 c,211.43,7.85 Earths,11.305,2021,https://science.nasa.gov/exoplanet-catalog/k2-331-c/
1940,K2-331 b,211.43,3.86 Earths,11.305,2021,https://science.nasa.gov/exoplanet-catalog/k2-331-b/
1941,K2-268 f,327.783,5.6 Earths,13.848,2021,https://science.nasa.gov/exoplanet-catalog/k2-268-f/
1942,K2-268 e,327.783,2.33 Earths,13.848,2021,https://science.nasa.gov/exoplanet-catalog/k2-268-e/
1943,K2-268 d,327.783,2.83 Earths,13.848,2021,https://science.nasa.gov/exoplanet-catalog/k2-268-d/
1944,K2-185 c,268.357,6.3 Earths,12.235,2018,https://science.nasa.gov/exoplanet-catalog/k2-185-c/
1945,TOI-532 b,135.047,0.19350064 Jupiters,14.413,2021,https://science.nasa.gov/exoplanet-catalog/toi-532-b/
1946,TOI-431 d,32.5686,9.9 Earths,9.12,2021,https://science.nasa.gov/exoplanet-catalog/toi-431-d/
1947,TOI-431 c,32.5686,2.83 Earths,9.12,2021,https://science.nasa.gov/exoplanet-catalog/toi-431-c/
1948,TOI-431 b,32.5686,3.07 Earths,9.12,2021,https://science.nasa.gov/exoplanet-catalog/toi-431-b/
1949,TOI-2406 b,55.419,15.6 Earths,Unknown,2021,https://science.nasa.gov/exoplanet-catalog/toi-2406-b/
1950,COCONUTS-2 b,10.8864,7.5 Jupiters,11.298,2021,https://science.nasa.gov/exoplanet-catalog/coconuts-2-b/
1951,KMT-2019-BLG-0371L b,7010,7.7 Jupiters,Unknown,2021,https://science.nasa.gov/exoplanet-catalog/kmt-2019-blg-0371l-b/
1952,KIC 8121913 b,707.303,2.1 Jupiters,12.38,2021,https://science.nasa.gov/exoplanet-catalog/kic-8121913-b/
1953,KIC 5479689 b,454.95,0.5 Jupiters,13.929,2021,https://science.nasa.gov/exoplanet-catalog/kic-5479689-b/
1954,KIC 10068024 b,721.105,2 Jupiters,13.144,2021,https://science.nasa.gov/exoplanet-catalog/kic-10068024-b/
1955,AU Microscopii c,9.7221,14.46 Earths,8.81,2021,https://science.nasa.gov/exoplanet-catalog/au-microscopii-c/
1956,TOI-1278 b,75.5759,18.5 Jupiters,13.502,2021,https://science.nasa.gov/exoplanet-catalog/toi-1278-b/
1957,TOI-1062 c,82.1733,9.78 Earths,10.249,2021,https://science.nasa.gov/exoplanet-catalog/toi-1062-c/
1958,TOI-1062 b,82.1733,10.15 Earths,10.249,2021,https://science.nasa.gov/exoplanet-catalog/toi-1062-b/
1959,OGLE-2019-BLG-0954L b,3630,14.2 Jupiters,Unknown,2021,https://science.nasa.gov/exoplanet-catalog/ogle-2019-blg-0954l-b/
1960,KMT-2018-BLG-1996L b,5910,1.09 Jupiters,Unknown,2021,https://science.nasa.gov/exoplanet-catalog/kmt-2018-blg-1996l-b/
1961,KMT-2018-BLG-1976L b,5840,2.22 Jupiters,Unknown,2021,https://science.nasa.gov/exoplanet-catalog/kmt-2018-blg-1976l-b/
1962,TOI-1749 d,99.5561,15 Earths,13.86,2021,https://science.nasa.gov/exoplanet-catalog/toi-1749-d/
1963,TOI-1749 c,99.5561,14 Earths,13.86,2021,https://science.nasa.gov/exoplanet-catalog/toi-1749-c/
1964,TOI-1749 b,99.5561,0.17934206 Jupiters,13.86,2021,https://science.nasa.gov/exoplanet-catalog/toi-1749-b/
1965,Kepler-1704 b,835.455,4.16 Jupiters,13.392,2021,https://science.nasa.gov/exoplanet-catalog/kepler-1704-b/
1966,HD 95544 b,87.8049,6.021 Jupiters,8.39,2021,https://science.nasa.gov/exoplanet-catalog/hd-95544-b/
1967,HD 80869 b,85.3951,5.065 Jupiters,8.48,2021,https://science.nasa.gov/exoplanet-catalog/hd-80869-b/
1968,HD 27969 b,67.9328,4.8 Jupiters,7.66,2021,https://science.nasa.gov/exoplanet-catalog/hd-27969-b/
1969,HD 211403 b,83.0919,5.54 Jupiters,8.48,2021,https://science.nasa.gov/exoplanet-catalog/hd-211403-b/
1970,HD 115954 b,87.6437,8.45 Jupiters,8.34,2021,https://science.nasa.gov/exoplanet-catalog/hd-115954-b/
1971,HD 109286 b,55.4156,2.99 Jupiters,8.78,2021,https://science.nasa.gov/exoplanet-catalog/hd-109286-b/
1972,HAT-P-64 b,651.897,0.58 Jupiters,12.855,2021,https://science.nasa.gov/exoplanet-catalog/hat-p-64-b/
1973,HAT-P-63 b,403.458,0.614 Jupiters,13.657,2021,https://science.nasa.gov/exoplanet-catalog/hat-p-63-b/
1974,HAT-P-62 b,348.815,0.761 Jupiters,12.539,2021,https://science.nasa.gov/exoplanet-catalog/hat-p-62-b/
1975,HAT-P-61 b,338.84,1.057 Jupiters,13.096,2021,https://science.nasa.gov/exoplanet-catalog/hat-p-61-b/
1976,HAT-P-60 b,233.22,0.574 Jupiters,9.727,2021,https://science.nasa.gov/exoplanet-catalog/hat-p-60-b/
1977,HAT-P-59 b,265.471,1.54 Jupiters,11.64,2021,https://science.nasa.gov/exoplanet-catalog/hat-p-59-b/
1978,HAT-P-58 b,515.59,0.372 Jupiters,12.925,2021,https://science.nasa.gov/exoplanet-catalog/hat-p-58-b/
1979,TOI-2076 d,41.9091,7.3 Earths,9.139,2021,https://science.nasa.gov/exoplanet-catalog/toi-2076-d/
1980,TOI-2076 c,41.9091,7.2 Earths,9.139,2021,https://science.nasa.gov/exoplanet-catalog/toi-2076-c/
1981,TOI-2076 b,41.9091,6.7 Earths,9.139,2021,https://science.nasa.gov/exoplanet-catalog/toi-2076-b/
1982,TOI-1807 b,42.5775,2.44 Earths,10,2021,https://science.nasa.gov/exoplanet-catalog/toi-1807-b/
1983,TOI-1259 A b,118.106,0.44363561 Jupiters,12.079,2021,https://science.nasa.gov/exoplanet-catalog/toi-1259-a-b/
1984,TOI-674 b,46.0851,23.6 Earths,14.203,2021,https://science.nasa.gov/exoplanet-catalog/toi-674-b/
1985,TOI-1685 b,37.6153,3.07 Earths,13.378,2021,https://science.nasa.gov/exoplanet-catalog/toi-1685-b/
1986,TOI-1634 b,35.2736,4.9 Earths,13.217,2021,https://science.nasa.gov/exoplanet-catalog/toi-1634-b/
1987,TOI-1260 c,73.5977,13.2 Earths,11.922,2021,https://science.nasa.gov/exoplanet-catalog/toi-1260-c/
1988,TOI-1260 b,73.5977,8.56 Earths,11.922,2021,https://science.nasa.gov/exoplanet-catalog/toi-1260-b/
1989,GJ 720 A b,15.5575,13.64 Earths,9.84,2021,https://science.nasa.gov/exoplanet-catalog/gj-720-a-b/
1990,GJ 393 b,7.03149,1.71 Earths,9.65,2021,https://science.nasa.gov/exoplanet-catalog/gj-393-b/
1991,G 264-012 c,16.009,3.75 Earths,13.078,2021,https://science.nasa.gov/exoplanet-catalog/g-264-012-c/
1992,G 264-012 b,16.009,2.5 Earths,13.078,2021,https://science.nasa.gov/exoplanet-catalog/g-264-012-b/
1993,Kepler-129 d,408.845,8.3 Jupiters,11.809,2021,https://science.nasa.gov/exoplanet-catalog/kepler-129-d/
1994,GJ 849 c,8.80058,0.99 Jupiters,10.41,2014,https://science.nasa.gov/exoplanet-catalog/gj-849-c/
1995,WASP-110 b,274.96,0.487 Jupiters,12.762,2021,https://science.nasa.gov/exoplanet-catalog/wasp-110-b/
1996,KOI-3503 c,887.064,10.36 Earths,13.831,2021,https://science.nasa.gov/exoplanet-catalog/koi-3503-c/
1997,KOI-3503 b,887.064,9.2 Earths,13.831,2021,https://science.nasa.gov/exoplanet-catalog/koi-3503-b/
1998,KOI-1833 d,290.324,11.02 Earths,14.626,2021,https://science.nasa.gov/exoplanet-catalog/koi-1833-d/
1999,KOI-1831 d,501.574,2.23 Earths,14.222,2018,https://science.nasa.gov/exoplanet-catalog/koi-1831-d/
2000,HD 95735 c,2.5461,13.6 Earths,7.421,2021,https://science.nasa.gov/exoplanet-catalog/hd-95735-c/
2001,HD 68988 c,60.8447,15.03 Jupiters,8.2,2021,https://science.nasa.gov/exoplanet-catalog/hd-68988-c/
2002,HD 66428 c,53.2817,1.764 Jupiters,8.25,2021,https://science.nasa.gov/exoplanet-catalog/hd-66428-c/
2003,HD 3765 b,17.926,0.173 Jupiters,7.36,2021,https://science.nasa.gov/exoplanet-catalog/hd-3765-b/
2004,HD 26161 b,40.9128,28.46 Jupiters,6.89333,2021,https://science.nasa.gov/exoplanet-catalog/hd-26161-b/
2005,HD 24040 c,46.6224,0.201 Jupiters,7.515,2021,https://science.nasa.gov/exoplanet-catalog/hd-24040-c/
2006,HD 213472 b,64.4527,3.5 Jupiters,8.17,2021,https://science.nasa.gov/exoplanet-catalog/hd-213472-b/
2007,HD 168009 b,23.3032,9.53485221 Earths,6.295,2021,https://science.nasa.gov/exoplanet-catalog/hd-168009-b/
2008,HD 164922 e,22.0016,10.52012027 Earths,7.01227,2021,https://science.nasa.gov/exoplanet-catalog/hd-164922-e/
2009,HD 156668 c,24.3323,31.49679513 Earths,8.43,2021,https://science.nasa.gov/exoplanet-catalog/hd-156668-c/
2010,HD 152843 c,107.898,9.67 Earths,8.855,2021,https://science.nasa.gov/exoplanet-catalog/hd-152843-c/
2011,HD 152843 b,107.898,9.82 Earths,8.855,2021,https://science.nasa.gov/exoplanet-catalog/hd-152843-b/
2012,HD 145675 c,17.9323,7.9 Jupiters,6.61935,2021,https://science.nasa.gov/exoplanet-catalog/hd-145675-c/
2013,HD 141004 b,11.9159,13.63483866 Earths,4.422,2021,https://science.nasa.gov/exoplanet-catalog/hd-141004-b/
2014,HD 136925 b,47.874,0.84 Jupiters,7.91433,2021,https://science.nasa.gov/exoplanet-catalog/hd-136925-b/
2015,HD 107148 c,49.4156,19.89605828 Earths,8.01,2021,https://science.nasa.gov/exoplanet-catalog/hd-107148-c/
2016,TOI-220 b,90.7402,13.8 Earths,10.466,2021,https://science.nasa.gov/exoplanet-catalog/toi-220-b/
2017,TOI-1444 b,125.463,3.58 Earths,10.936,2021,https://science.nasa.gov/exoplanet-catalog/toi-1444-b/
2018,TOI-1231 b,27.6227,15.4 Earths,12.36,2021,https://science.nasa.gov/exoplanet-catalog/toi-1231-b/
2019,HD 331093 b,50.1928,1.5 Jupiters,8.38,2021,https://science.nasa.gov/exoplanet-catalog/hd-331093-b/
2020,HD 155193 b,57.7995,0.75 Jupiters,7.0092,2021,https://science.nasa.gov/exoplanet-catalog/hd-155193-b/
2021,HD 124330 b,60.1977,0.75 Jupiters,7.88,2021,https://science.nasa.gov/exoplanet-catalog/hd-124330-b/
2022,BD+63 1405 b,38.0473,10.4 Jupiters,8.96,2021,https://science.nasa.gov/exoplanet-catalog/bd63-1405-b/
2023,BD+55 362 b,52.5697,0.72 Jupiters,9.38,2021,https://science.nasa.gov/exoplanet-catalog/bd55-362-b/
2024,BD+45 564 b,53.622,1.36 Jupiters,9.67,2021,https://science.nasa.gov/exoplanet-catalog/bd45-564-b/
2025,TOI-269 b,57.0225,8.8 Earths,14.37,2021,https://science.nasa.gov/exoplanet-catalog/toi-269-b/
2026,HIP 90988 b,94.0349,2.102 Jupiters,7.75,2021,https://science.nasa.gov/exoplanet-catalog/hip-90988-b/
2027,HIP 75092 b,81.6696,1.79 Jupiters,7.11,2021,https://science.nasa.gov/exoplanet-catalog/hip-75092-b/
2028,HIP 56640 b,122.324,6.77 Jupiters,7.94,2021,https://science.nasa.gov/exoplanet-catalog/hip-56640-b/
2029,HIP 114933 b,101.766,1.94 Jupiters,7.25,2021,https://science.nasa.gov/exoplanet-catalog/hip-114933-b/
2030,CFHTWIR-Oph 98 b,Unknown,7.8 Jupiters,Unknown,2020,https://science.nasa.gov/exoplanet-catalog/cfhtwir-oph-98-b/
2031,TOI-257 b,76.9028,0.138 Jupiters,7.57,2021,https://science.nasa.gov/exoplanet-catalog/toi-257-b/
2032,NGTS-18 b,1096.19,0.409 Jupiters,14.588,2021,https://science.nasa.gov/exoplanet-catalog/ngts-18-b/
2033,NGTS-17 b,1040.28,0.764 Jupiters,14.412,2021,https://science.nasa.gov/exoplanet-catalog/ngts-17-b/
2034,NGTS-16 b,898.168,0.667 Jupiters,14.529,2021,https://science.nasa.gov/exoplanet-catalog/ngts-16-b/
2035,NGTS-15 b,786.485,0.751 Jupiters,14.669,2021,https://science.nasa.gov/exoplanet-catalog/ngts-15-b/
2036,LHS 1478 b,18.2276,2.33 Earths,13.304,2021,https://science.nasa.gov/exoplanet-catalog/lhs-1478-b/
2037,HD 5278 c,57.5846,18.4 Earths,7.94,2021,https://science.nasa.gov/exoplanet-catalog/hd-5278-c/
2038,HD 5278 b,57.5846,7.8 Earths,7.94,2021,https://science.nasa.gov/exoplanet-catalog/hd-5278-b/
2039,TOI-519 b,115.557,0.463 Jupiters,17.35,2021,https://science.nasa.gov/exoplanet-catalog/toi-519-b/
2040,TOI-201 b,113.825,0.51600171 Jupiters,9.07,2021,https://science.nasa.gov/exoplanet-catalog/toi-201-b/
2041,HD 60292 b,315.211,6.5 Jupiters,6.94657,2020,https://science.nasa.gov/exoplanet-catalog/hd-60292-b/
2042,HD 112640 b,323.335,5 Jupiters,6.53649,2020,https://science.nasa.gov/exoplanet-catalog/hd-112640-b/
2043,OGLE-2018-BLG-1428L b,6220,0.77 Jupiters,Unknown,2021,https://science.nasa.gov/exoplanet-catalog/ogle-2018-blg-1428l-b/
2044,OGLE-2017-BLG-1049L b,5670,5.53 Jupiters,Unknown,2020,https://science.nasa.gov/exoplanet-catalog/ogle-2017-blg-1049l-b/
2045,GJ 740 b,11.1017,2.96 Earths,9.22,2021,https://science.nasa.gov/exoplanet-catalog/gj-740-b/
2046,GJ 486 b,8.07426,2.77 Earths,11.39,2021,https://science.nasa.gov/exoplanet-catalog/gj-486-b/
2047,GJ 414 A c,11.8893,0.16936727 Jupiters,8.31,2021,https://science.nasa.gov/exoplanet-catalog/gj-414-a-c/
2048,GJ 414 A b,11.8893,7.6 Earths,8.31,2021,https://science.nasa.gov/exoplanet-catalog/gj-414-a-b/
2049,TOI-640 b,341.997,0.57 Jupiters,10.51,2021,https://science.nasa.gov/exoplanet-catalog/toi-640-b/
2050,TOI-628 b,178.68,6.33 Jupiters,10.112,2021,https://science.nasa.gov/exoplanet-catalog/toi-628-b/
2051,TOI-1601 b,336.608,1.21763817 Jupiters,10.66,2021,https://science.nasa.gov/exoplanet-catalog/toi-1601-b/
2052,TOI-1478 b,152.892,0.88 Jupiters,10.723,2021,https://science.nasa.gov/exoplanet-catalog/toi-1478-b/
2053,TOI-1333 b,200.492,2.37 Jupiters,9.438,2021,https://science.nasa.gov/exoplanet-catalog/toi-1333-b/
2054,NGTS-14 A b,322.148,29.24036 Earths,13.268,2021,https://science.nasa.gov/exoplanet-catalog/ngts-14-a-b/
2055,HD 238090 b,15.2354,6.89 Earths,9.71,2020,https://science.nasa.gov/exoplanet-catalog/hd-238090-b/
2056,GJ 251 b,5.58057,3.85 Earths,9.89,2020,https://science.nasa.gov/exoplanet-catalog/gj-251-b/
2057,HD 183579 b,57.2651,20.4 Earths,8.67,2021,https://science.nasa.gov/exoplanet-catalog/hd-183579-b/
2058,K2-138 g,202.585,4.32 Earths,12.246,2021,https://science.nasa.gov/exoplanet-catalog/k2-138-g/
2059,HD 13808 c,28.2305,9.96 Earths,8.36,2021,https://science.nasa.gov/exoplanet-catalog/hd-13808-c/
2060,HD 13808 b,28.2305,11.2 Earths,8.36,2021,https://science.nasa.gov/exoplanet-catalog/hd-13808-b/
2061,HD 110082 b,105.096,10.3 Earths,9.23,2021,https://science.nasa.gov/exoplanet-catalog/hd-110082-b/
2062,TYC 0434-04538-1 b,613.422,6.1 Jupiters,10.247,2021,https://science.nasa.gov/exoplanet-catalog/tyc-0434-04538-1-b/
2063,HD 96992 b,396.082,1.14 Jupiters,8.57,2021,https://science.nasa.gov/exoplanet-catalog/hd-96992-b/
2064,HD 4760 b,537.873,13.9 Jupiters,7.51,2021,https://science.nasa.gov/exoplanet-catalog/hd-4760-b/
2065,TOI-178 g,62.699,4.4 Earths,11.955,2021,https://science.nasa.gov/exoplanet-catalog/toi-178-g/
2066,TOI-178 f,62.699,5.63 Earths,11.955,2021,https://science.nasa.gov/exoplanet-catalog/toi-178-f/
2067,TOI-178 e,62.699,3.48 Earths,11.955,2021,https://science.nasa.gov/exoplanet-catalog/toi-178-e/
2068,TOI-178 d,62.699,5.2 Earths,11.955,2021,https://science.nasa.gov/exoplanet-catalog/toi-178-d/
2069,TOI-178 c,62.699,4.64 Earths,11.955,2021,https://science.nasa.gov/exoplanet-catalog/toi-178-c/
2070,TOI-178 b,62.699,0.96 Earths,11.955,2021,https://science.nasa.gov/exoplanet-catalog/toi-178-b/
2071,NGTS-13 b,647.595,4.84 Jupiters,12.744,2021,https://science.nasa.gov/exoplanet-catalog/ngts-13-b/
2072,HD 110113 c,106.307,10.5 Earths,10.09,2021,https://science.nasa.gov/exoplanet-catalog/hd-110113-c/
2073,HD 110113 b,106.307,4.55 Earths,10.09,2021,https://science.nasa.gov/exoplanet-catalog/hd-110113-b/
2074,TOI-905 b,158.649,0.667 Jupiters,11.08,2020,https://science.nasa.gov/exoplanet-catalog/toi-905-b/
2075,TOI-564 b,199.581,1.463 Jupiters,11.097,2020,https://science.nasa.gov/exoplanet-catalog/toi-564-b/
2076,K2-329 b,233.237,0.26 Jupiters,12.697,2020,https://science.nasa.gov/exoplanet-catalog/k2-329-b/
2077,TOI-451 d,123.739,10.2 Earths,10.939,2020,https://science.nasa.gov/exoplanet-catalog/toi-451-d/
2078,TOI-451 c,123.739,3.7 Earths,10.939,2020,https://science.nasa.gov/exoplanet-catalog/toi-451-c/
2079,TOI-451 b,123.739,4.7 Earths,10.939,2020,https://science.nasa.gov/exoplanet-catalog/toi-451-b/
2080,HD 108236 f,64.5978,4.72 Earths,9.25,2021,https://science.nasa.gov/exoplanet-catalog/hd-108236-f/
2081,HD 108236 e,64.5978,9.71 Earths,9.25,2020,https://science.nasa.gov/exoplanet-catalog/hd-108236-e/
2082,HD 108236 c,64.5978,4.94 Earths,9.25,2020,https://science.nasa.gov/exoplanet-catalog/hd-108236-c/
2083,HD 108236 b,64.5978,3.24 Earths,9.25,2020,https://science.nasa.gov/exoplanet-catalog/hd-108236-b/
2084,TOI-776 c,27.1701,6.9 Earths,11.536,2020,https://science.nasa.gov/exoplanet-catalog/toi-776-c/
2085,TOI-776 b,27.1701,5 Earths,11.536,2020,https://science.nasa.gov/exoplanet-catalog/toi-776-b/
2086,TOI-561 e,85.799,12.4 Earths,10.252,2020,https://science.nasa.gov/exoplanet-catalog/toi-561-e/
2087,TOI-561 d,85.799,13.33 Earths,10.252,2020,https://science.nasa.gov/exoplanet-catalog/toi-561-d/
2088,TOI-561 c,85.799,5.93 Earths,10.252,2020,https://science.nasa.gov/exoplanet-catalog/toi-561-c/
2089,TOI-561 b,85.799,2.02 Earths,10.252,2020,https://science.nasa.gov/exoplanet-catalog/toi-561-b/
2090,HAT-P-68 b,202.152,0.724 Jupiters,13.802,2020,https://science.nasa.gov/exoplanet-catalog/hat-p-68-b/
2091,WASP-187 b,371.414,0.8 Jupiters,10.295,2020,https://science.nasa.gov/exoplanet-catalog/wasp-187-b/
2092,WASP-186 b,278.514,4.22 Jupiters,10.81,2020,https://science.nasa.gov/exoplanet-catalog/wasp-186-b/
2093,WASP-107 c,64.7414,0.35 Jupiters,11.592,2020,https://science.nasa.gov/exoplanet-catalog/wasp-107-c/
2094,TOI-942 c,152.601,37 Earths,11.982,2020,https://science.nasa.gov/exoplanet-catalog/toi-942-c/
2095,TOI-942 b,152.601,2.6 Jupiters,11.982,2020,https://science.nasa.gov/exoplanet-catalog/toi-942-b/
2096,TOI-892 b,340.543,0.95 Jupiters,11.43,2020,https://science.nasa.gov/exoplanet-catalog/toi-892-b/
2097,TOI-481 b,179.366,1.53 Jupiters,9.972,2020,https://science.nasa.gov/exoplanet-catalog/toi-481-b/
2098,TOI-251 b,99.523,1 Jupiter,9.887,2021,https://science.nasa.gov/exoplanet-catalog/toi-251-b/
2099,TOI-237 b,38.0749,2.67 Earths,16.37,2020,https://science.nasa.gov/exoplanet-catalog/toi-237-b/
2100,TOI-122 b,62.118,7.85 Earths,15.526,2020,https://science.nasa.gov/exoplanet-catalog/toi-122-b/
2101,TIC 237913194 b,306.063,1.942 Jupiters,12.144,2020,https://science.nasa.gov/exoplanet-catalog/tic-237913194-b/
2102,MOA-2013-BLG-220L b,6720,2.74 Jupiters,Unknown,2014,https://science.nasa.gov/exoplanet-catalog/moa-2013-blg-220l-b/
2103,LP 714-47 b,52.616,28.38 Earths,12.492,2020,https://science.nasa.gov/exoplanet-catalog/lp-714-47-b/
2104,K2-111 c,200.394,11.1 Earths,11.13,2020,https://science.nasa.gov/exoplanet-catalog/k2-111-c/
2105,HD 216520 c,19.552,9.44 Earths,7.53,2020,https://science.nasa.gov/exoplanet-catalog/hd-216520-c/
2106,HD 216520 b,19.552,10.26 Earths,7.53,2020,https://science.nasa.gov/exoplanet-catalog/hd-216520-b/
2107,HD 190007 b,12.7141,15.5 Earths,7.46,2020,https://science.nasa.gov/exoplanet-catalog/hd-190007-b/
2108,TOI-954 b,238.768,0.174 Jupiters,10.343,2020,https://science.nasa.gov/exoplanet-catalog/toi-954-b/
2109,Kepler-595 c,643.009,3.3 Earths,15.067,2020,https://science.nasa.gov/exoplanet-catalog/kepler-595-c/
2110,EPIC 201757695.02,577.6,0.688 Earths,14.974,2020,https://science.nasa.gov/exoplanet-catalog/epic-20175769502/
2111,EPIC 201170410.02,134,1.15 Earths,17.6984,2020,https://science.nasa.gov/exoplanet-catalog/epic-20117041002/
2112,OGLE-2017-BLG-1375L b,3930,11.28 Jupiters,Unknown,2020,https://science.nasa.gov/exoplanet-catalog/ogle-2017-blg-1375l-b/
2113,OGLE-2017-BLG-0604L b,3950,0.51 Jupiters,Unknown,2020,https://science.nasa.gov/exoplanet-catalog/ogle-2017-blg-0604l-b/
2114,KMT-2016-BLG-2397L b,4880,2.63 Jupiters,Unknown,2020,https://science.nasa.gov/exoplanet-catalog/kmt-2016-blg-2397l-b/
2115,KMT-2016-BLG-2364L b,6440,3.93 Jupiters,Unknown,2020,https://science.nasa.gov/exoplanet-catalog/kmt-2016-blg-2364l-b/
2116,Kepler-462 c,596.625,6 Earths,11.632,2018,https://science.nasa.gov/exoplanet-catalog/kepler-462-c/
2117,TOI-837 b,142.488,0.379 Jupiters,10.635,2020,https://science.nasa.gov/exoplanet-catalog/toi-837-b/
2118,NGTS-12 b,446.442,0.208 Jupiters,12.382,2020,https://science.nasa.gov/exoplanet-catalog/ngts-12-b/
2119,GJ 3473 c,27.3644,7.41 Earths,13.74,2020,https://science.nasa.gov/exoplanet-catalog/gj-3473-c/
2120,GJ 3473 b,27.3644,1.86 Earths,13.74,2020,https://science.nasa.gov/exoplanet-catalog/gj-3473-b/
2121,TOI-540 b,14.0022,0.674 Earths,14.823,2020,https://science.nasa.gov/exoplanet-catalog/toi-540-b/
2122,OGLE-2018-BLG-1269L b,2510,0.67 Jupiters,Unknown,2020,https://science.nasa.gov/exoplanet-catalog/ogle-2018-blg-1269l-b/
2123,KMT-2019-BLG-0842L b,3320,10.28 Earths,Unknown,2020,https://science.nasa.gov/exoplanet-catalog/kmt-2019-blg-0842l-b/
2124,TOI-421 c,74.7969,14.1 Earths,9.931,2020,https://science.nasa.gov/exoplanet-catalog/toi-421-c/
2125,TOI-421 b,74.7969,6.7 Earths,9.931,2020,https://science.nasa.gov/exoplanet-catalog/toi-421-b/
2126,TOI-1266 c,36.0118,3.17 Earths,12.941,2020,https://science.nasa.gov/exoplanet-catalog/toi-1266-c/
2127,TOI-1266 b,36.0118,4.46 Earths,12.941,2020,https://science.nasa.gov/exoplanet-catalog/toi-1266-b/
2128,KMT-2018-BLG-0748L b,7300,0.19 Jupiters,Unknown,2020,https://science.nasa.gov/exoplanet-catalog/kmt-2018-blg-0748l-b/
2129,TOI-824 b,63.9262,18.467 Earths,11.314,2020,https://science.nasa.gov/exoplanet-catalog/toi-824-b/
2130,TOI-763 c,95.1274,9.32 Earths,10.265,2020,https://science.nasa.gov/exoplanet-catalog/toi-763-c/
2131,TOI-763 b,95.1274,9.79 Earths,10.265,2020,https://science.nasa.gov/exoplanet-catalog/toi-763-b/
2132,LTT 9779 b,80.4373,29.32 Earths,9.79,2020,https://science.nasa.gov/exoplanet-catalog/ltt-9779-b/
2133,HD 63433 c,22.4035,15.539 Earths,6.92035,2020,https://science.nasa.gov/exoplanet-catalog/hd-63433-c/
2134,HD 63433 b,22.4035,21.755 Earths,6.92035,2020,https://science.nasa.gov/exoplanet-catalog/hd-63433-b/
2135,HATS-71 b,140.225,0.37 Jupiters,16.437,2020,https://science.nasa.gov/exoplanet-catalog/hats-71-b/
2136,GJ 9066 c,4.471,0.21 Jupiters,12.71,2020,https://science.nasa.gov/exoplanet-catalog/gj-9066-c/
2137,WD 1856+534 b,24.7359,13.8 Jupiters,17.244,2020,https://science.nasa.gov/exoplanet-catalog/wd-1856534-b/
2138,Kepler-1702 b,857.14,3.2 Earths,16.231,2020,https://science.nasa.gov/exoplanet-catalog/kepler-1702-b/
2139,Kepler-1701 b,584.142,5.57 Earths,14.722,2020,https://science.nasa.gov/exoplanet-catalog/kepler-1701-b/
2140,Kepler-1700 b,717.597,8.76 Earths,13.764,2020,https://science.nasa.gov/exoplanet-catalog/kepler-1700-b/
2141,Kepler-1699 b,818.759,3.08 Earths,14.836,2020,https://science.nasa.gov/exoplanet-catalog/kepler-1699-b/
2142,Kepler-1698 b,222.345,1.25 Earths,13.054,2020,https://science.nasa.gov/exoplanet-catalog/kepler-1698-b/
2143,Kepler-1697 b,247.771,2.12 Earths,13.556,2020,https://science.nasa.gov/exoplanet-catalog/kepler-1697-b/
2144,Kepler-1696 b,1506.36,8.29 Earths,15.505,2020,https://science.nasa.gov/exoplanet-catalog/kepler-1696-b/
2145,Kepler-1695 b,791.175,1.46 Earths,14.762,2020,https://science.nasa.gov/exoplanet-catalog/kepler-1695-b/
2146,Kepler-1514 c,397.292,1.74 Earths,11.766,2020,https://science.nasa.gov/exoplanet-catalog/kepler-1514-c/
2147,Kepler-783 c,516.09,6.04 Earths,14.153,2020,https://science.nasa.gov/exoplanet-catalog/kepler-783-c/
2148,Kepler-385 d,1432.61,7.36 Earths,15.76,2020,https://science.nasa.gov/exoplanet-catalog/kepler-385-d/
2149,Kepler-305 e,868.477,3.87 Earths,15.851,2020,https://science.nasa.gov/exoplanet-catalog/kepler-305-e/
2150,Kepler-1694 b,513.329,1.76 Earths,14.901,2020,https://science.nasa.gov/exoplanet-catalog/kepler-1694-b/
2151,Kepler-1693 b,760.065,2.21 Earths,14.857,2020,https://science.nasa.gov/exoplanet-catalog/kepler-1693-b/
2152,Kepler-1692 b,591.019,1.42 Earths,14.674,2020,https://science.nasa.gov/exoplanet-catalog/kepler-1692-b/
2153,Kepler-1691 b,1267.67,4.02 Earths,14.893,2020,https://science.nasa.gov/exoplanet-catalog/kepler-1691-b/
2154,Kepler-1690 b,703.789,8.3 Earths,14.882,2020,https://science.nasa.gov/exoplanet-catalog/kepler-1690-b/
2155,Kepler-1689 b,294.122,0.799 Earths,12.227,2020,https://science.nasa.gov/exoplanet-catalog/kepler-1689-b/
2156,Kepler-1688 b,567.44687087,2.13 Earths,14.142,2020,https://science.nasa.gov/exoplanet-catalog/kepler-1688-b/
2157,Kepler-1687 b,417.014,3.38 Earths,15.928,2020,https://science.nasa.gov/exoplanet-catalog/kepler-1687-b/
2158,Kepler-1686 b,729.823,2.62 Earths,13.661,2020,https://science.nasa.gov/exoplanet-catalog/kepler-1686-b/
2159,Kepler-1685 b,1141.89,7.16 Earths,16.096,2020,https://science.nasa.gov/exoplanet-catalog/kepler-1685-b/
2160,Kepler-1684 b,621.996,8.6 Earths,15.951,2020,https://science.nasa.gov/exoplanet-catalog/kepler-1684-b/
2161,Kepler-1683 b,733.143,4.17 Earths,14.962,2020,https://science.nasa.gov/exoplanet-catalog/kepler-1683-b/
2162,Kepler-1682 b,1159.85,8.7 Earths,15.907,2020,https://science.nasa.gov/exoplanet-catalog/kepler-1682-b/
2163,Kepler-1681 b,758.3,7.05 Earths,14.646,2020,https://science.nasa.gov/exoplanet-catalog/kepler-1681-b/
2164,Kepler-1680 b,310.315,2.42 Earths,13.85,2020,https://science.nasa.gov/exoplanet-catalog/kepler-1680-b/
2165,Kepler-1679 b,909.28,4.93 Earths,15.327,2020,https://science.nasa.gov/exoplanet-catalog/kepler-1679-b/
2166,Kepler-1678 b,847.339,10.9 Earths,15.02,2020,https://science.nasa.gov/exoplanet-catalog/kepler-1678-b/
2167,Kepler-1677 b,735.369,7.76 Earths,13.806,2020,https://science.nasa.gov/exoplanet-catalog/kepler-1677-b/
2168,Kepler-1676 b,931.10787546783,11.3 Earths,13.485,2020,https://science.nasa.gov/exoplanet-catalog/kepler-1676-b/
2169,Kepler-1675 b,651.117,9.93 Earths,13.672,2020,https://science.nasa.gov/exoplanet-catalog/kepler-1675-b/
2170,Kepler-1674 b,1012.48,10.4 Earths,15.697,2020,https://science.nasa.gov/exoplanet-catalog/kepler-1674-b/
2171,Kepler-1673 b,727.187,8.93 Earths,13.783,2020,https://science.nasa.gov/exoplanet-catalog/kepler-1673-b/
2172,Kepler-1672 b,391.181,9.11 Earths,12.548,2020,https://science.nasa.gov/exoplanet-catalog/kepler-1672-b/
2173,Kepler-1671 b,357.059,2.32 Earths,13.439,2020,https://science.nasa.gov/exoplanet-catalog/kepler-1671-b/
2174,Kepler-1670 b,2065.98,11.2 Earths,15.743,2020,https://science.nasa.gov/exoplanet-catalog/kepler-1670-b/
2175,Kepler-1669 b,543.444,8.15 Earths,16.473,2020,https://science.nasa.gov/exoplanet-catalog/kepler-1669-b/
2176,Kepler-1668 b,1335.64,17.4 Earths,15.792,2020,https://science.nasa.gov/exoplanet-catalog/kepler-1668-b/
2177,Kepler-1667 b,626.819,9.19 Earths,13.52,2020,https://science.nasa.gov/exoplanet-catalog/kepler-1667-b/
2178,Kepler-1666 c,1379.37,10.5 Earths,15.104,2020,https://science.nasa.gov/exoplanet-catalog/kepler-1666-c/
2179,Kepler-1085 c,1364.53,10.7 Earths,15.273,2020,https://science.nasa.gov/exoplanet-catalog/kepler-1085-c/
2180,Kepler-1001 c,928.978,3.11 Earths,15.582,2020,https://science.nasa.gov/exoplanet-catalog/kepler-1001-c/
2181,Kepler-716 c,635.009,2.52 Earths,15.314,2020,https://science.nasa.gov/exoplanet-catalog/kepler-716-c/
2182,Kepler-647 c,1087.87,15.1 Earths,14.067,2020,https://science.nasa.gov/exoplanet-catalog/kepler-647-c/
2183,Kepler-598 c,681.086,9.4 Earths,14.829,2020,https://science.nasa.gov/exoplanet-catalog/kepler-598-c/
2184,Kepler-1666 b,1379.37,8.66 Earths,15.104,2020,https://science.nasa.gov/exoplanet-catalog/kepler-1666-b/
2185,Kepler-1665 b,335.515,8.44 Earths,13.737,2020,https://science.nasa.gov/exoplanet-catalog/kepler-1665-b/
2186,Kepler-1664 b,626.691,9.45 Earths,13.621,2020,https://science.nasa.gov/exoplanet-catalog/kepler-1664-b/
2187,Kepler-1663 b,337.926,10.9 Earths,16.069,2020,https://science.nasa.gov/exoplanet-catalog/kepler-1663-b/
2188,K2-326 b,282.308,5.82 Earths,15.982,2020,https://science.nasa.gov/exoplanet-catalog/k2-326-b/
2189,K2-325 b,111.638,5.48 Earths,17.77,2020,https://science.nasa.gov/exoplanet-catalog/k2-325-b/
2190,K2-324 b,136.667,6.48 Earths,15.223,2020,https://science.nasa.gov/exoplanet-catalog/k2-324-b/
2191,K2-323 b,118.318,5.06 Earths,14.935,2020,https://science.nasa.gov/exoplanet-catalog/k2-323-b/
2192,K2-322 b,123.415,4.35 Earths,13.963,2020,https://science.nasa.gov/exoplanet-catalog/k2-322-b/
2193,K2-321 b,77.6888,4.86 Earths,13.677,2020,https://science.nasa.gov/exoplanet-catalog/k2-321-b/
2194,K2-320 b,108.74,7.37 Earths,17.81,2020,https://science.nasa.gov/exoplanet-catalog/k2-320-b/
2195,K2-319 b,209.071,8.2 Earths,12.213,2020,https://science.nasa.gov/exoplanet-catalog/k2-319-b/
2196,K2-318 b,147.866,3.39 Earths,15.8,2020,https://science.nasa.gov/exoplanet-catalog/k2-318-b/
2197,K2-317 b,176.291,8.91 Earths,17.74,2020,https://science.nasa.gov/exoplanet-catalog/k2-317-b/
2198,K2-316 c,112.486,4.01 Earths,17.14,2020,https://science.nasa.gov/exoplanet-catalog/k2-316-c/
2199,K2-316 b,112.486,2.33 Earths,17.14,2020,https://science.nasa.gov/exoplanet-catalog/k2-316-b/
2200,HIP 48714 b,10.5298,22.9 Earths,8.99,2020,https://science.nasa.gov/exoplanet-catalog/hip-48714-b/
2201,HIP 4845 b,21.0974,14.4 Earths,10.06,2020,https://science.nasa.gov/exoplanet-catalog/hip-4845-b/
2202,HIP 38594 c,17.7886,0.15228267 Jupiters,9.75,2020,https://science.nasa.gov/exoplanet-catalog/hip-38594-c/
2203,HIP 38594 b,17.7886,8.1 Earths,9.75,2020,https://science.nasa.gov/exoplanet-catalog/hip-38594-b/
2204,HIP 107772 b,23.6434,12.9 Earths,10.56,2020,https://science.nasa.gov/exoplanet-catalog/hip-107772-b/
2205,GJ 687 c,4.54939,16 Earths,9.15,2020,https://science.nasa.gov/exoplanet-catalog/gj-687-c/
2206,GJ 480 b,14.2358,8.8 Earths,11.49,2020,https://science.nasa.gov/exoplanet-catalog/gj-480-b/
2207,GJ 2056 b,28.4434,16.2 Earths,10.37,2020,https://science.nasa.gov/exoplanet-catalog/gj-2056-b/
2208,2MASS J01033563-5515561 AB b,47.2,13 Jupiters,15.788,2013,https://science.nasa.gov/exoplanet-catalog/2mass-j01033563-5515561-ab-b/
2209,KMT-2019-BLG-1953L b,7040,0.64 Jupiters,Unknown,2020,https://science.nasa.gov/exoplanet-catalog/kmt-2019-blg-1953l-b/
2210,KMT-2019-BLG-1339L b,6120,1.25 Jupiters,Unknown,2020,https://science.nasa.gov/exoplanet-catalog/kmt-2019-blg-1339l-b/
2211,K2-315 b,56.9686,0.809 Earths,17.67,2020,https://science.nasa.gov/exoplanet-catalog/k2-315-b/
2212,HATS-38 b,343.525,23.51942 Earths,11.967,2020,https://science.nasa.gov/exoplanet-catalog/hats-38-b/
2213,HATS-37 A b,211.896,31.46517 Earths,12.341,2020,https://science.nasa.gov/exoplanet-catalog/hats-37-a-b/
2214,HD 86226 c,45.683,7.25 Earths,7.93,2020,https://science.nasa.gov/exoplanet-catalog/hd-86226-c/
2215,BD-11 4672 c,27.1665,15.37 Earths,10.03,2020,https://science.nasa.gov/exoplanet-catalog/bd-11-4672-c/
2216,TOI-700 d,31.1265,1.25 Earths,13.151,2020,https://science.nasa.gov/exoplanet-catalog/toi-700-d/
2217,TOI-700 c,31.1265,7.27 Earths,13.151,2020,https://science.nasa.gov/exoplanet-catalog/toi-700-c/
2218,TOI-700 b,31.1265,0.704 Earths,13.151,2020,https://science.nasa.gov/exoplanet-catalog/toi-700-b/
2219,TOI-1899 b,128.438,0.67 Jupiters,14.88,2020,https://science.nasa.gov/exoplanet-catalog/toi-1899-b/
2220,TOI-169 b,407.84,0.791 Jupiters,12.355,2020,https://science.nasa.gov/exoplanet-catalog/toi-169-b/
2221,TOI-157 b,355.683,1.18 Jupiters,12.725,2020,https://science.nasa.gov/exoplanet-catalog/toi-157-b/
2222,HIP 67522 b,127.28,0.225 Jupiters,9.79,2020,https://science.nasa.gov/exoplanet-catalog/hip-67522-b/
2223,HIP 65 A b,61.7856,3.213 Jupiters,11,2020,https://science.nasa.gov/exoplanet-catalog/hip-65-a-b/
2224,HD 95338 b,36.9941,0.135 Jupiters,8.62,2020,https://science.nasa.gov/exoplanet-catalog/hd-95338-b/
2225,HD 191939 d,53.6089,2.8 Earths,8.97,2020,https://science.nasa.gov/exoplanet-catalog/hd-191939-d/
2226,HD 191939 c,53.6089,8 Earths,8.97,2020,https://science.nasa.gov/exoplanet-catalog/hd-191939-c/
2227,HD 191939 b,53.6089,10 Earths,8.97,2020,https://science.nasa.gov/exoplanet-catalog/hd-191939-b/
2228,TYC 8998-760-1 c,94.6177,6 Jupiters,11.124,2020,https://science.nasa.gov/exoplanet-catalog/tyc-8998-760-1-c/
2229,WASP-148 c,246.353,0.392 Jupiters,12.036,2020,https://science.nasa.gov/exoplanet-catalog/wasp-148-c/
2230,WASP-148 b,246.353,0.287 Jupiters,12.036,2020,https://science.nasa.gov/exoplanet-catalog/wasp-148-b/
2231,Wendelstein-2 b,565.541,0.731 Jupiters,16.186,2020,https://science.nasa.gov/exoplanet-catalog/wendelstein-2-b/
2232,Wendelstein-1 b,305.3,0.592 Jupiters,15.564,2020,https://science.nasa.gov/exoplanet-catalog/wendelstein-1-b/
2233,TOI-1728 b,60.798,26.78 Earths,12.39,2020,https://science.nasa.gov/exoplanet-catalog/toi-1728-b/
2234,GJ 338 B b,6.33256,10.6 Earths,7.7,2020,https://science.nasa.gov/exoplanet-catalog/gj-338-b-b/
2235,OGLE-2017-BLG-0406L b,5200,0.41 Jupiters,26.1,2020,https://science.nasa.gov/exoplanet-catalog/ogle-2017-blg-0406l-b/
2236,TOI-849 b,225.734,0.13151751 Jupiters,11.981,2020,https://science.nasa.gov/exoplanet-catalog/toi-849-b/
2237,NGTS-11 b,190.422,0.344 Jupiters,12.456,2020,https://science.nasa.gov/exoplanet-catalog/ngts-11-b/
2238,Kepler-160 d,937.013,0.31463361 Jupiters,14.816,2020,https://science.nasa.gov/exoplanet-catalog/kepler-160-d/
2239,GJ 887 c,3.2871,6.5 Earths,7.33,2020,https://science.nasa.gov/exoplanet-catalog/gj-887-c/
2240,GJ 887 b,3.2871,3.9 Earths,7.33,2020,https://science.nasa.gov/exoplanet-catalog/gj-887-b/
2241,OGLE-2018-BLG-1700L b,7600,4.4 Jupiters,Unknown,2020,https://science.nasa.gov/exoplanet-catalog/ogle-2018-blg-1700l-b/
2242,KMT-2018-BLG-1292L b,3460,4.42 Jupiters,Unknown,2020,https://science.nasa.gov/exoplanet-catalog/kmt-2018-blg-1292l-b/
2243,KMT-2018-BLG-0029L b,3380,7.59 Earths,Unknown,2020,https://science.nasa.gov/exoplanet-catalog/kmt-2018-blg-0029l-b/
2244,OGLE-2018-BLG-0677L b,7580,3.96 Earths,Unknown,2020,https://science.nasa.gov/exoplanet-catalog/ogle-2018-blg-0677l-b/
2245,OGLE-2015-BLG-1771L b,7070,0.433 Jupiters,Unknown,2020,https://science.nasa.gov/exoplanet-catalog/ogle-2015-blg-1771l-b/
2246,OGLE-2012-BLG-0838L b,6320,0.167 Jupiters,Unknown,2020,https://science.nasa.gov/exoplanet-catalog/ogle-2012-blg-0838l-b/
2247,AU Microscopii b,9.7221,8.99 Earths,8.81,2020,https://science.nasa.gov/exoplanet-catalog/au-microscopii-b/
2248,HD 81817 b,269.126,24.128 Jupiters,4.26489,2020,https://science.nasa.gov/exoplanet-catalog/hd-81817-b/
2249,TOI-1235 b,39.6345,6.69 Earths,11.495,2020,https://science.nasa.gov/exoplanet-catalog/toi-1235-b/
2250,LTT 3780 c,21.9814,8.04 Earths,13.14,2020,https://science.nasa.gov/exoplanet-catalog/ltt-3780-c/
2251,LTT 3780 b,21.9814,2.46 Earths,13.14,2020,https://science.nasa.gov/exoplanet-catalog/ltt-3780-b/
2252,Kepler-88 d,376.863,3.0504646 Jupiters,13.209,2020,https://science.nasa.gov/exoplanet-catalog/kepler-88-d/
2253,WASP-176 b,568.42,0.855 Jupiters,12.006,2020,https://science.nasa.gov/exoplanet-catalog/wasp-176-b/
2254,WASP-150 b,527.995,8.46 Jupiters,12.026,2020,https://science.nasa.gov/exoplanet-catalog/wasp-150-b/
2255,HD 332231 b,80.6665,0.23314467 Jupiters,8.558,2020,https://science.nasa.gov/exoplanet-catalog/hd-332231-b/
2256,HD 164922 d,22.0016,4 Earths,7.01227,2020,https://science.nasa.gov/exoplanet-catalog/hd-164922-d/
2257,K2-292 b,114.293,24.5 Earths,9.885,2019,https://science.nasa.gov/exoplanet-catalog/k2-292-b/
2258,TOI-677 b,141.812,1.234 Jupiters,9.822,2020,https://science.nasa.gov/exoplanet-catalog/toi-677-b/
2259,KOI-1783.01,865.73,0.22338986 Jupiters,13.978,2020,https://science.nasa.gov/exoplanet-catalog/koi-178301/
2260,KOI-1783.02,865.73,15 Earths,13.978,2020,https://science.nasa.gov/exoplanet-catalog/koi-178302/
2261,OGLE-TR-56 b,282.83913869,1.39 Jupiters,15.3,2002,https://science.nasa.gov/exoplanet-catalog/ogle-tr-56-b/
2262,Kepler-1649 c,92.1913,1.2 Earths,17.95,2020,https://science.nasa.gov/exoplanet-catalog/kepler-1649-c/
2263,HD 158259 f,27.0498,6.14 Earths,6.47915,2020,https://science.nasa.gov/exoplanet-catalog/hd-158259-f/
2264,HD 158259 e,27.0498,6.08 Earths,6.47915,2020,https://science.nasa.gov/exoplanet-catalog/hd-158259-e/
2265,HD 158259 d,27.0498,5.41 Earths,6.47915,2020,https://science.nasa.gov/exoplanet-catalog/hd-158259-d/
2266,HD 158259 c,27.0498,5.6 Earths,6.47915,2020,https://science.nasa.gov/exoplanet-catalog/hd-158259-c/
2267,HD 158259 b,27.0498,2.22 Earths,6.47915,2020,https://science.nasa.gov/exoplanet-catalog/hd-158259-b/
2268,CoRoT-31 b,2005.76,0.84 Jupiters,15.479,2020,https://science.nasa.gov/exoplanet-catalog/corot-31-b/
2269,CoRoT-30 b,1032.23,2.9 Jupiters,15.571,2020,https://science.nasa.gov/exoplanet-catalog/corot-30-b/
2270,TYC 8998-760-1 b,94.6177,21.8 Jupiters,11.124,2020,https://science.nasa.gov/exoplanet-catalog/tyc-8998-760-1-b/
2271,TOI-1130 c,58.2609,1.05717423 Jupiters,11.595,2020,https://science.nasa.gov/exoplanet-catalog/toi-1130-c/
2272,TOI-1130 b,58.2609,19.8 Earths,11.595,2020,https://science.nasa.gov/exoplanet-catalog/toi-1130-b/
2273,OGLE-2016-BLG-1227L b,Unknown,0.79 Jupiters,Unknown,2020,https://science.nasa.gov/exoplanet-catalog/ogle-2016-blg-1227l-b/
2274,NGTS-10 b,324.69865036,2.162 Jupiters,14.506,2020,https://science.nasa.gov/exoplanet-catalog/ngts-10-b/
2275,KMT-2016-BLG-1836L b,7100,2.2 Jupiters,Unknown,2019,https://science.nasa.gov/exoplanet-catalog/kmt-2016-blg-1836l-b/
2276,OGLE-2013-BLG-0911L b,3220,9.51 Jupiters,26.42,2019,https://science.nasa.gov/exoplanet-catalog/ogle-2013-blg-0911l-b/
2277,MASCARA-4 b,170.696,1.675 Jupiters,8.191,2020,https://science.nasa.gov/exoplanet-catalog/mascara-4-b/
2278,LHS 1815 b,29.8424,1.58 Earths,12.167,2020,https://science.nasa.gov/exoplanet-catalog/lhs-1815-b/
2279,TOI-132 b,163.678,22.4 Earths,11.197,2020,https://science.nasa.gov/exoplanet-catalog/toi-132-b/
2280,Kepler-1661 b,410.607,17 Earths,14.357,2020,https://science.nasa.gov/exoplanet-catalog/kepler-1661-b/
2281,HATS-72 b,127.589,39.855882 Earths,12.324,2020,https://science.nasa.gov/exoplanet-catalog/hats-72-b/
2282,HATS-49 b,324.413,0.353 Jupiters,14.988,2020,https://science.nasa.gov/exoplanet-catalog/hats-49-b/
2283,HATS-48 A b,263.609,0.243 Jupiters,14.226,2020,https://science.nasa.gov/exoplanet-catalog/hats-48-a-b/
2284,HATS-47 b,300.67,0.369 Jupiters,14.602,2020,https://science.nasa.gov/exoplanet-catalog/hats-47-b/
2285,GJ 1061 d,3.67278,1.67 Earths,12.7,2020,https://science.nasa.gov/exoplanet-catalog/gj-1061-d/
2286,GJ 1061 c,3.67278,1.81 Earths,12.7,2020,https://science.nasa.gov/exoplanet-catalog/gj-1061-c/
2287,GJ 1061 b,3.67278,1.11 Earths,12.7,2020,https://science.nasa.gov/exoplanet-catalog/gj-1061-b/
2288,EPIC 249893012 d,321.296,10.18 Earths,11.429,2020,https://science.nasa.gov/exoplanet-catalog/epic-249893012-d/
2289,EPIC 249893012 c,321.296,14.67 Earths,11.429,2020,https://science.nasa.gov/exoplanet-catalog/epic-249893012-c/
2290,EPIC 249893012 b,321.296,8.75 Earths,11.429,2020,https://science.nasa.gov/exoplanet-catalog/epic-249893012-b/
2291,TOI-125 d,111.059,13.6 Earths,11.023,2020,https://science.nasa.gov/exoplanet-catalog/toi-125-d/
2292,L 168-9 b,25.1496,4.07 Earths,11.005,2020,https://science.nasa.gov/exoplanet-catalog/l-168-9-b/
2293,GJ 433 d,9.06456,5.223 Earths,9.81,2020,https://science.nasa.gov/exoplanet-catalog/gj-433-d/
2294,GJ 3082 b,16.6186,8.2 Earths,11.041,2020,https://science.nasa.gov/exoplanet-catalog/gj-3082-b/
2295,GJ 229 A c,5.75624,8.58136699 Earths,8.15,2020,https://science.nasa.gov/exoplanet-catalog/gj-229-a-c/
2296,GJ 180 d,11.9407,7.56 Earths,10.914,2020,https://science.nasa.gov/exoplanet-catalog/gj-180-d/
2297,GJ 1252 b,20.373,1.32 Earths,12.68,2020,https://science.nasa.gov/exoplanet-catalog/gj-1252-b/
2298,TOI-216.02,177.945,18.75187601 Earths,12.324,2019,https://science.nasa.gov/exoplanet-catalog/toi-21602/
2299,TOI-216.01,177.945,0.56 Jupiters,12.324,2019,https://science.nasa.gov/exoplanet-catalog/toi-21601/
2300,TOI-150.01,336.267,2.51 Jupiters,11.39,2019,https://science.nasa.gov/exoplanet-catalog/toi-15001/
2301,DMPP-3 A b,46.8917,2.67 Earths,9.1,2019,https://science.nasa.gov/exoplanet-catalog/dmpp-3-a-b/
2302,TOI-270 d,22.4793,4.2 Earths,12.603,2019,https://science.nasa.gov/exoplanet-catalog/toi-270-d/
2303,TOI-270 c,22.4793,6.2 Earths,12.603,2019,https://science.nasa.gov/exoplanet-catalog/toi-270-c/
2304,TOI-270 b,22.4793,1.48 Earths,12.603,2019,https://science.nasa.gov/exoplanet-catalog/toi-270-b/
2305,TOI-172 b,342.831,5.42 Jupiters,11.299,2019,https://science.nasa.gov/exoplanet-catalog/toi-172-b/
2306,TOI-163 b,411.719,1.22 Jupiters,11.467,2019,https://science.nasa.gov/exoplanet-catalog/toi-163-b/
2307,TOI-125 c,111.059,6.63 Earths,11.023,2019,https://science.nasa.gov/exoplanet-catalog/toi-125-c/
2308,TOI-125 b,111.059,9.5 Earths,11.023,2019,https://science.nasa.gov/exoplanet-catalog/toi-125-b/
2309,TOI-813 b,263.145,36.4 Earths,10.358,2020,https://science.nasa.gov/exoplanet-catalog/toi-813-b/
2310,HD 80653 b,109.86,5.61 Earths,9.452,2020,https://science.nasa.gov/exoplanet-catalog/hd-80653-b/
2311,DMPP-2 b,137.94,0.53953642 Jupiters,8.57,2019,https://science.nasa.gov/exoplanet-catalog/dmpp-2-b/
2312,DMPP-1 e,62.5388,4.13 Earths,7.98,2019,https://science.nasa.gov/exoplanet-catalog/dmpp-1-e/
2313,DMPP-1 d,62.5388,4.72 Earths,7.98,2019,https://science.nasa.gov/exoplanet-catalog/dmpp-1-d/
2314,DMPP-1 c,62.5388,10.94 Earths,7.98,2019,https://science.nasa.gov/exoplanet-catalog/dmpp-1-c/
2315,DMPP-1 b,62.5388,16.8 Earths,7.98,2019,https://science.nasa.gov/exoplanet-catalog/dmpp-1-b/
2316,XO-7 b,234.149,0.709 Jupiters,10.521,2019,https://science.nasa.gov/exoplanet-catalog/xo-7-b/
2317,G 9-40 b,27.9276,4 Earths,13.821,2019,https://science.nasa.gov/exoplanet-catalog/g-9-40-b/
2318,USco1621 b,137.901,16 Jupiters,15.543,2019,https://science.nasa.gov/exoplanet-catalog/usco1621-b/
2319,USco1556 b,140.635,15 Jupiters,15.36,2019,https://science.nasa.gov/exoplanet-catalog/usco1556-b/
2320,HD 213885 c,48.0883,19.95 Earths,7.95,2019,https://science.nasa.gov/exoplanet-catalog/hd-213885-c/
2321,HD 213885 b,48.0883,8.83 Earths,7.95,2019,https://science.nasa.gov/exoplanet-catalog/hd-213885-b/
2322,Qatar-6 b,100.848,0.668 Jupiters,11.496,2017,https://science.nasa.gov/exoplanet-catalog/qatar-6-b/
2323,PSR B0329+54 b,504.93312058,1.97 Earths,20.8671,2017,https://science.nasa.gov/exoplanet-catalog/psr-b032954-b/
2324,NGTS-9 b,609.128,2.9 Jupiters,12.868,2019,https://science.nasa.gov/exoplanet-catalog/ngts-9-b/
2325,NGTS-8 b,428.976,0.93 Jupiters,13.69,2019,https://science.nasa.gov/exoplanet-catalog/ngts-8-b/
2326,HD 233832 b,58.742,1.78 Jupiters,10.15,2018,https://science.nasa.gov/exoplanet-catalog/hd-233832-b/
2327,HD 220197 b,64.411,0.2 Jupiters,8.92,2018,https://science.nasa.gov/exoplanet-catalog/hd-220197-b/
2328,HD 196885 A b,34.1692,2.58 Jupiters,6.39677,2007,https://science.nasa.gov/exoplanet-catalog/hd-196885-a-b/
2329,Kepler-448 c,399.398,22 Jupiters,11.51,2017,https://science.nasa.gov/exoplanet-catalog/kepler-448-c/
2330,LP 791-18 c,26.4927,7.16 Earths,16.91,2019,https://science.nasa.gov/exoplanet-catalog/lp-791-18-c/
2331,LP 791-18 b,26.4927,1.94 Earths,16.91,2019,https://science.nasa.gov/exoplanet-catalog/lp-791-18-b/
2332,HD 125390 b,153.647,27.204 Jupiters,8.21,2019,https://science.nasa.gov/exoplanet-catalog/hd-125390-b/
2333,MOA-bin-29 b,7120,0.6 Jupiters,44.61,2019,https://science.nasa.gov/exoplanet-catalog/moa-bin-29-b/
2334,KMT-2018-BLG-1990L b,967,0.348 Jupiters,Unknown,2019,https://science.nasa.gov/exoplanet-catalog/kmt-2018-blg-1990l-b/
2335,V1298 Tauri e,108.199,15.3 Earths,10.115,2019,https://science.nasa.gov/exoplanet-catalog/v1298-tauri-e/
2336,V1298 Tauri d,108.199,6 Earths,10.115,2019,https://science.nasa.gov/exoplanet-catalog/v1298-tauri-d/
2337,V1298 Tauri c,108.199,4.7 Earths,10.115,2019,https://science.nasa.gov/exoplanet-catalog/v1298-tauri-c/
2338,OGLE-2015-BLG-1649L b,4230,2.54 Jupiters,Unknown,2019,https://science.nasa.gov/exoplanet-catalog/ogle-2015-blg-1649l-b/
2339,NY Virginis c,544.024,5.54 Jupiters,13.496,2019,https://science.nasa.gov/exoplanet-catalog/ny-virginis-c/
2340,Epsilon Indi A b,3.6384,6.5 Jupiters,4.674,2019,https://science.nasa.gov/exoplanet-catalog/epsilon-indi-a-b/
2341,HU Aquarii AB c,192.19807871,4.5 Jupiters,16.183,2011,https://science.nasa.gov/exoplanet-catalog/hu-aquarii-ab-c/
2342,HU Aquarii AB b,192.19807871,5.9 Jupiters,16.183,2011,https://science.nasa.gov/exoplanet-catalog/hu-aquarii-ab-b/
2343,HD 97048 b,183.857,2.5 Jupiters,8.44,2019,https://science.nasa.gov/exoplanet-catalog/hd-97048-b/
2344,7 Canis Majoris c,19.8101,0.87 Jupiters,3.95,2019,https://science.nasa.gov/exoplanet-catalog/7-canis-majoris-c/
2345,GJ 15 A c,3.56228,36 Earths,8.09,2018,https://science.nasa.gov/exoplanet-catalog/gj-15-a-c/
2346,GJ 15 A b,3.56228,3.03 Earths,8.09,2014,https://science.nasa.gov/exoplanet-catalog/gj-15-a-b/
2347,WASP-192 b,508.885,2.3 Jupiters,12.678,2019,https://science.nasa.gov/exoplanet-catalog/wasp-192-b/
2348,WASP-185 b,279.35,0.98 Jupiters,11.101,2019,https://science.nasa.gov/exoplanet-catalog/wasp-185-b/
2349,WASP-184 b,663.231,0.57 Jupiters,12.771,2019,https://science.nasa.gov/exoplanet-catalog/wasp-184-b/
2350,WASP-178 b,427.678,1.66 Jupiters,9.946,2019,https://science.nasa.gov/exoplanet-catalog/wasp-178-b/
2351,GJ 682 c,5.00671,8.7 Earths,10.94,2014,https://science.nasa.gov/exoplanet-catalog/gj-682-c/
2352,GJ 682 b,5.00671,4.4 Earths,10.94,2014,https://science.nasa.gov/exoplanet-catalog/gj-682-b/
2353,GJ 433 c,9.06456,32.422 Earths,9.81,2014,https://science.nasa.gov/exoplanet-catalog/gj-433-c/
2354,GJ 422 b,12.6631,11.07 Earths,11.66,2014,https://science.nasa.gov/exoplanet-catalog/gj-422-b/
2355,GJ 27.1 b,23.6062,13 Earths,11.45,2014,https://science.nasa.gov/exoplanet-catalog/gj-271-b/
2356,GJ 229 b,5.75624,14.93793513 Earths,8.15,2014,https://science.nasa.gov/exoplanet-catalog/gj-229-b/
2357,GJ 180 c,11.9407,6.4 Earths,10.914,2014,https://science.nasa.gov/exoplanet-catalog/gj-180-c/
2358,GJ 180 b,11.9407,6.49 Earths,10.914,2014,https://science.nasa.gov/exoplanet-catalog/gj-180-b/
2359,GJ 160.2 b,25.8557,10.2 Earths,9.7,2014,https://science.nasa.gov/exoplanet-catalog/gj-1602-b/
2360,GJ 3512 b,9.48637,0.461 Jupiters,15.18,2019,https://science.nasa.gov/exoplanet-catalog/gj-3512-b/
2361,WASP-180 A b,253.985,0.9 Jupiters,10.655,2019,https://science.nasa.gov/exoplanet-catalog/wasp-180-a-b/
2362,NGTS-6 b,308.262,1.339 Jupiters,14.237,2019,https://science.nasa.gov/exoplanet-catalog/ngts-6-b/
2363,WASP-182 b,327.602,0.148 Jupiters,11.98,2019,https://science.nasa.gov/exoplanet-catalog/wasp-182-b/
2364,WASP-175 b,539.36,0.99 Jupiters,12.959,2019,https://science.nasa.gov/exoplanet-catalog/wasp-175-b/
2365,WASP-171 b,757.84,1.084 Jupiters,12.612,2019,https://science.nasa.gov/exoplanet-catalog/wasp-171-b/
2366,WASP-169 b,627.066,0.561 Jupiters,12.167,2019,https://science.nasa.gov/exoplanet-catalog/wasp-169-b/
2367,OGLE-2018-BLG-0740L b,3200,4.8 Jupiters,18.21,2019,https://science.nasa.gov/exoplanet-catalog/ogle-2018-blg-0740l-b/
2368,KELT-24 b,96.5173,4.59 Jupiters,8.34,2019,https://science.nasa.gov/exoplanet-catalog/kelt-24-b/
2369,K2-308 b,1314.53,0.222 Jupiters,15.072,2019,https://science.nasa.gov/exoplanet-catalog/k2-308-b/
2370,OGLE-2018-BLG-1011L c,7100,2.8 Jupiters,Unknown,2019,https://science.nasa.gov/exoplanet-catalog/ogle-2018-blg-1011l-c/
2371,OGLE-2018-BLG-1011L b,7100,1.8 Jupiters,Unknown,2019,https://science.nasa.gov/exoplanet-catalog/ogle-2018-blg-1011l-b/
2372,OGLE-2016-BLG-1067L b,3730,0.43 Jupiters,Unknown,2019,https://science.nasa.gov/exoplanet-catalog/ogle-2016-blg-1067l-b/
2373,KMT-2016-BLG-0212L b,6300,18 Jupiters,Unknown,2018,https://science.nasa.gov/exoplanet-catalog/kmt-2016-blg-0212l-b/
2374,HR 5183 b,31.4607,3.31 Jupiters,6.33432,2019,https://science.nasa.gov/exoplanet-catalog/hr-5183-b/
2375,Beta Pictoris c,19.7442,8.7 Jupiters,3.85,2019,https://science.nasa.gov/exoplanet-catalog/beta-pictoris-c/
2376,HATS-58 A b,403.591,1.03 Jupiters,11.572,2019,https://science.nasa.gov/exoplanet-catalog/hats-58-a-b/
2377,HATS-57 b,279.485,3.147 Jupiters,12.333,2019,https://science.nasa.gov/exoplanet-catalog/hats-57-b/
2378,HATS-56 b,564.409,0.602 Jupiters,11.477,2019,https://science.nasa.gov/exoplanet-catalog/hats-56-b/
2379,LTT 1445 A b,6.86929,2.73 Earths,10.59,2019,https://science.nasa.gov/exoplanet-catalog/ltt-1445-a-b/
2380,K2-43 c,182.536,6.44 Earths,15.748,2019,https://science.nasa.gov/exoplanet-catalog/k2-43-c/
2381,K2-198 d,110.567,6.52 Earths,10.971,2019,https://science.nasa.gov/exoplanet-catalog/k2-198-d/
2382,K2-198 c,110.567,2.61 Earths,10.971,2019,https://science.nasa.gov/exoplanet-catalog/k2-198-c/
2383,HATS-55 b,609.838,0.921 Jupiters,13.525,2019,https://science.nasa.gov/exoplanet-catalog/hats-55-b/
2384,HATS-54 b,748.585,0.753 Jupiters,13.937,2019,https://science.nasa.gov/exoplanet-catalog/hats-54-b/
2385,HAT-P-70 b,330.739,6.78 Jupiters,9.47,2019,https://science.nasa.gov/exoplanet-catalog/hat-p-70-b/
2386,HAT-P-69 b,341.263,3.58 Jupiters,9.774,2019,https://science.nasa.gov/exoplanet-catalog/hat-p-69-b/
2387,K2-146 c,79.3002,7.49 Earths,16.7,2019,https://science.nasa.gov/exoplanet-catalog/k2-146-c/
2388,GJ 357 d,9.44181,6.1 Earths,10.91,2019,https://science.nasa.gov/exoplanet-catalog/gj-357-d/
2389,GJ 357 c,9.44181,3.4 Earths,10.91,2019,https://science.nasa.gov/exoplanet-catalog/gj-357-c/
2390,GJ 357 b,9.44181,1.83 Earths,10.91,2019,https://science.nasa.gov/exoplanet-catalog/gj-357-b/
2391,KMT-2017-BLG-0165L b,4530,34 Earths,Unknown,2018,https://science.nasa.gov/exoplanet-catalog/kmt-2017-blg-0165l-b/
2392,EPIC 212737443 c,336.25,7.7 Earths,14.81,2019,https://science.nasa.gov/exoplanet-catalog/epic-212737443-c/
2393,EPIC 212737443 b,336.25,7.2 Earths,14.81,2019,https://science.nasa.gov/exoplanet-catalog/epic-212737443-b/
2394,WASP-166 b,114.173,32.10083 Earths,9.351,2019,https://science.nasa.gov/exoplanet-catalog/wasp-166-b/
2395,HR 858 d,31.964,7.1 Earths,6.38,2019,https://science.nasa.gov/exoplanet-catalog/hr-858-d/
2396,HR 858 c,31.964,3.8 Earths,6.38,2019,https://science.nasa.gov/exoplanet-catalog/hr-858-c/
2397,HR 858 b,31.964,3.55 Earths,6.38,2019,https://science.nasa.gov/exoplanet-catalog/hr-858-b/
2398,EPIC 248847494 b,551.886,13 Jupiters,12.353,2018,https://science.nasa.gov/exoplanet-catalog/epic-248847494-b/
2399,Kepler-82 f,904.326,20.9 Earths,15.131,2019,https://science.nasa.gov/exoplanet-catalog/kepler-82-f/
2400,OGLE-2015-BLG-1670L b,6700,17.9 Earths,Unknown,2019,https://science.nasa.gov/exoplanet-catalog/ogle-2015-blg-1670l-b/
2401,Kepler-411 e,153.676,10.8 Earths,12.448,2018,https://science.nasa.gov/exoplanet-catalog/kepler-411-e/
2402,Kepler-411 d,153.676,15.2 Earths,12.448,2018,https://science.nasa.gov/exoplanet-catalog/kepler-411-d/
2403,HIP 79098 AB b,145.798,20.5 Jupiters,5.86,2019,https://science.nasa.gov/exoplanet-catalog/hip-79098-ab-b/
2404,DE Canum Venaticorum b,30.5225,12.02930278 Jupiters,12.956,2018,https://science.nasa.gov/exoplanet-catalog/de-canum-venaticorum-b/
2405,OGLE-2018-BLG-0596L b,5650,13.93 Earths,Unknown,2019,https://science.nasa.gov/exoplanet-catalog/ogle-2018-blg-0596l-b/
2406,DS Tucanae A b,44.0622,1.3 Jupiters,8.17,2019,https://science.nasa.gov/exoplanet-catalog/ds-tucanae-a-b/
2407,V1298 Tauri b,108.199,13.1 Earths,10.115,2019,https://science.nasa.gov/exoplanet-catalog/v1298-tauri-b/
2408,WASP-87 b,298.392,2.18 Jupiters,10.727,2016,https://science.nasa.gov/exoplanet-catalog/wasp-87-b/
2409,Teegarden’s Star c,3.83078,1.05 Earths,15.13,2019,https://science.nasa.gov/exoplanet-catalog/teegardens-star-c/
2410,Teegarden’s Star b,3.83078,1.16 Earths,15.13,2019,https://science.nasa.gov/exoplanet-catalog/teegardens-star-b/
2411,HD 126525 b,37.6506,0.237 Jupiters,7.85,2018,https://science.nasa.gov/exoplanet-catalog/hd-126525-b/
2412,PDS 70 c,113.064,7.5 Jupiters,12.032,2019,https://science.nasa.gov/exoplanet-catalog/pds-70-c/
2413,L 98-59 d,10.6194,1.64 Earths,11.685,2019,https://science.nasa.gov/exoplanet-catalog/l-98-59-d/
2414,L 98-59 c,10.6194,2 Earths,11.685,2019,https://science.nasa.gov/exoplanet-catalog/l-98-59-c/
2415,L 98-59 b,10.6194,0.46 Earths,11.685,2019,https://science.nasa.gov/exoplanet-catalog/l-98-59-b/
2416,Kepler-65 e,303.728,0.82 Jupiters,10.922,2019,https://science.nasa.gov/exoplanet-catalog/kepler-65-e/
2417,KELT-23 A b,126.261,0.938 Jupiters,10.308,2019,https://science.nasa.gov/exoplanet-catalog/kelt-23-a-b/
2418,K2-32 e,157.682,2.1 Earths,12.304,2019,https://science.nasa.gov/exoplanet-catalog/k2-32-e/
2419,HD 2685 b,196.852,1.17 Jupiters,9.595,2019,https://science.nasa.gov/exoplanet-catalog/hd-2685-b/
2420,Gl 49 b,9.8528,5.63 Earths,9.56,2019,https://science.nasa.gov/exoplanet-catalog/gl-49-b/
2421,NSVS 14256825 b,820.877,14.15 Jupiters,13.296,2019,https://science.nasa.gov/exoplanet-catalog/nsvs-14256825-b/
2422,LSPM J2116+0234 b,17.6297,13.3 Earths,11.961,2019,https://science.nasa.gov/exoplanet-catalog/lspm-j21160234-b/
2423,HD 180617 b,5.91059,12.214 Earths,9.12,2018,https://science.nasa.gov/exoplanet-catalog/hd-180617-b/
2424,EPIC 220554210 c,496.289,3.19 Earths,14.21,2019,https://science.nasa.gov/exoplanet-catalog/epic-220554210-c/
2425,EPIC 212587672 b,320.07,2.13 Earths,12.488,2019,https://science.nasa.gov/exoplanet-catalog/epic-212587672-b/
2426,EPIC 212499991 b,283.29,3.19 Earths,13.672,2019,https://science.nasa.gov/exoplanet-catalog/epic-212499991-b/
2427,EPIC 212424622 b,611.804,5.35 Earths,13.441,2019,https://science.nasa.gov/exoplanet-catalog/epic-212424622-b/
2428,EPIC 212297394 b,418.395,2.79 Earths,14.611,2019,https://science.nasa.gov/exoplanet-catalog/epic-212297394-b/
2429,EPIC 206317286 b,314.35,0.84 Earths,14.005,2019,https://science.nasa.gov/exoplanet-catalog/epic-206317286-b/
2430,EPIC 206215704 b,109.888,0.972 Earths,17.83,2019,https://science.nasa.gov/exoplanet-catalog/epic-206215704-b/
2431,EPIC 206042996 b,451.769,3.53 Earths,16.59,2019,https://science.nasa.gov/exoplanet-catalog/epic-206042996-b/
2432,EPIC 206032309 b,161.365,1.01 Earths,17.89,2019,https://science.nasa.gov/exoplanet-catalog/epic-206032309-b/
2433,EPIC 206024342 b,369.888,3.53 Earths,13.096,2019,https://science.nasa.gov/exoplanet-catalog/epic-206024342-b/
2434,EPIC 205950854 c,243.935,2.27 Earths,12.365,2019,https://science.nasa.gov/exoplanet-catalog/epic-205950854-c/
2435,EPIC 201841433 b,436.488,1.12 Earths,14.983,2019,https://science.nasa.gov/exoplanet-catalog/epic-201841433-b/
2436,EPIC 201833600 c,257.443,0.972 Earths,14.705,2019,https://science.nasa.gov/exoplanet-catalog/epic-201833600-c/
2437,EPIC 201754305 d,334.967,1.08 Earths,14.668,2019,https://science.nasa.gov/exoplanet-catalog/epic-201754305-d/
2438,EPIC 201615463 c,476.882,1.98 Earths,12.081,2019,https://science.nasa.gov/exoplanet-catalog/epic-201615463-c/
2439,EPIC 201497682 b,253.026,0.26 Earths,13.948,2019,https://science.nasa.gov/exoplanet-catalog/epic-201497682-b/
2440,EPIC 201238110 b,159.259,4.16 Earths,16.014,2019,https://science.nasa.gov/exoplanet-catalog/epic-201238110-b/
2441,K2-295 b,232.801,0.335 Jupiters,13.8941,2018,https://science.nasa.gov/exoplanet-catalog/k2-295-b/
2442,K2-133 e,75.1703,3.64 Earths,14.073,2019,https://science.nasa.gov/exoplanet-catalog/k2-133-e/
2443,HD 15337 c,44.8155,6.792 Earths,9.1,2019,https://science.nasa.gov/exoplanet-catalog/hd-15337-c/
2444,HD 15337 b,44.8155,6.519 Earths,9.1,2019,https://science.nasa.gov/exoplanet-catalog/hd-15337-b/
2445,NGTS-4 b,280.555,20.6 Earths,13.138,2019,https://science.nasa.gov/exoplanet-catalog/ngts-4-b/
2446,HIP 71135 b,32.3311,18.8 Earths,10.53,2019,https://science.nasa.gov/exoplanet-catalog/hip-71135-b/
2447,HIP 54373 c,18.7168,12.44 Earths,10.38,2019,https://science.nasa.gov/exoplanet-catalog/hip-54373-c/
2448,HD 24085 b,54.9004,11.8 Earths,7.57,2019,https://science.nasa.gov/exoplanet-catalog/hd-24085-b/
2449,NGTS-5 b,306.779,0.229 Jupiters,13.789,2019,https://science.nasa.gov/exoplanet-catalog/ngts-5-b/
2450,HIP 54373 b,18.7168,8.62 Earths,10.38,2019,https://science.nasa.gov/exoplanet-catalog/hip-54373-b/
2451,HIP 35173 b,33.1562,12.7 Earths,9.01,2019,https://science.nasa.gov/exoplanet-catalog/hip-35173-b/
2452,HD 8326 b,30.6862,0.20954598 Jupiters,8.76,2019,https://science.nasa.gov/exoplanet-catalog/hd-8326-b/
2453,HD 64114 b,31.5262,17.8 Earths,7.71,2019,https://science.nasa.gov/exoplanet-catalog/hd-64114-b/
2454,HD 39855 b,23.2599,8.5 Earths,7.51,2019,https://science.nasa.gov/exoplanet-catalog/hd-39855-b/
2455,HD 21411 b,29.1328,0.20734355 Jupiters,7.88,2019,https://science.nasa.gov/exoplanet-catalog/hd-21411-b/
2456,HD 211970 b,13.1277,13 Earths,10.24,2019,https://science.nasa.gov/exoplanet-catalog/hd-211970-b/
2457,HD 210193 b,42.2029,0.48170406 Jupiters,7.83,2019,https://science.nasa.gov/exoplanet-catalog/hd-210193-b/
2458,HD 206255 b,75.2363,34.2 Earths,7.62,2019,https://science.nasa.gov/exoplanet-catalog/hd-206255-b/
2459,HD 103949 b,26.4997,11.2 Earths,8.7,2019,https://science.nasa.gov/exoplanet-catalog/hd-103949-b/
2460,HD 102843 b,62.758,0.35836768 Jupiters,9.26,2019,https://science.nasa.gov/exoplanet-catalog/hd-102843-b/
2461,HD 221420 b,31.1415,22.9 Jupiters,5.82,2019,https://science.nasa.gov/exoplanet-catalog/hd-221420-b/
2462,Qatar-9 b,213.771,1.19 Jupiters,14.023,2019,https://science.nasa.gov/exoplanet-catalog/qatar-9-b/
2463,Qatar-8 b,281.498,0.371 Jupiters,11.71,2019,https://science.nasa.gov/exoplanet-catalog/qatar-8-b/
2464,Qatar-10 b,559.068,0.736 Jupiters,12.868,2019,https://science.nasa.gov/exoplanet-catalog/qatar-10-b/
2465,Kepler-47 d,1025.02,19.02 Earths,15.31,2019,https://science.nasa.gov/exoplanet-catalog/kepler-47-d/
2466,HD 21749 c,16.32,3.7 Earths,8.08,2019,https://science.nasa.gov/exoplanet-catalog/hd-21749-c/
2467,LHS 3844 b,14.8846,2.37 Earths,15.24,2019,https://science.nasa.gov/exoplanet-catalog/lhs-3844-b/
2468,LHS 1140 c,14.9861,1.91 Earths,14.15,2018,https://science.nasa.gov/exoplanet-catalog/lhs-1140-c/
2469,HD 94834 b,98.1609,1.26 Jupiters,7.6,2018,https://science.nasa.gov/exoplanet-catalog/hd-94834-b/
2470,HD 92788 c,34.6538,3.67 Jupiters,7.31637,2019,https://science.nasa.gov/exoplanet-catalog/hd-92788-c/
2471,HD 72490 b,126.339,1.768 Jupiters,7.82,2018,https://science.nasa.gov/exoplanet-catalog/hd-72490-b/
2472,HD 50499 c,46.2845,2.93 Jupiters,7.21,2019,https://science.nasa.gov/exoplanet-catalog/hd-50499-c/
2473,HD 4917 b,204.277,1.615 Jupiters,8.03,2018,https://science.nasa.gov/exoplanet-catalog/hd-4917-b/
2474,HD 25015 b,37.433,9.077 Jupiters,8.87,2019,https://science.nasa.gov/exoplanet-catalog/hd-25015-b/
2475,HD 23472 c,39.0341,3.41 Earths,9.73,2019,https://science.nasa.gov/exoplanet-catalog/hd-23472-c/
2476,HD 23472 b,39.0341,8.32 Earths,9.73,2019,https://science.nasa.gov/exoplanet-catalog/hd-23472-b/
2477,HD 221416 b,95.5483,0.19 Jupiters,8.15,2019,https://science.nasa.gov/exoplanet-catalog/hd-221416-b/
2478,HD 202696 c,188.546,1.864 Jupiters,8.23,2019,https://science.nasa.gov/exoplanet-catalog/hd-202696-c/
2479,HD 202696 b,188.546,1.996 Jupiters,8.23,2019,https://science.nasa.gov/exoplanet-catalog/hd-202696-b/
2480,HD 181234 b,47.7458,9.379 Jupiters,8.59,2019,https://science.nasa.gov/exoplanet-catalog/hd-181234-b/
2481,HD 18015 b,123.801,3.3 Jupiters,7.89,2018,https://science.nasa.gov/exoplanet-catalog/hd-18015-b/
2482,HD 180053 b,137.043,2.194 Jupiters,7.93,2018,https://science.nasa.gov/exoplanet-catalog/hd-180053-b/
2483,HD 14787 b,119.137,1.121 Jupiters,7.63,2018,https://science.nasa.gov/exoplanet-catalog/hd-14787-b/
2484,HD 13167 b,148.934,3.31 Jupiters,8.34,2018,https://science.nasa.gov/exoplanet-catalog/hd-13167-b/
2485,Gl 686 b,8.15728,6.624 Earths,9.62,2018,https://science.nasa.gov/exoplanet-catalog/gl-686-b/
2486,GJ 4276 b,21.3362,16.57 Earths,12.903,2019,https://science.nasa.gov/exoplanet-catalog/gj-4276-b/
2487,GJ 3779 b,13.743,8 Earths,13.04,2018,https://science.nasa.gov/exoplanet-catalog/gj-3779-b/
2488,GJ 143 b,16.32,22.7 Earths,8.08,2019,https://science.nasa.gov/exoplanet-catalog/gj-143-b/
2489,GJ 1265 b,10.2525,7.4 Earths,14.01,2018,https://science.nasa.gov/exoplanet-catalog/gj-1265-b/
2490,TYC 3318-01333-1 b,490.61,3.42 Jupiters,9.901,2018,https://science.nasa.gov/exoplanet-catalog/tyc-3318-01333-1-b/
2491,TCP J05074264+2447555 b,505,20 Earths,14.243,2018,https://science.nasa.gov/exoplanet-catalog/tcp-j050742642447555-b/
2492,MXB 1658-298 b,Unknown,23.7 Jupiters,Unknown,2017,https://science.nasa.gov/exoplanet-catalog/mxb-1658-298-b/
2493,HD 51608 c,35.0553,14.31 Earths,8.17,2019,https://science.nasa.gov/exoplanet-catalog/hd-51608-c/
2494,HD 51608 b,35.0553,12.77 Earths,8.17,2019,https://science.nasa.gov/exoplanet-catalog/hd-51608-b/
2495,HD 45184 c,21.9532,8.81 Earths,6.383,2019,https://science.nasa.gov/exoplanet-catalog/hd-45184-c/
2496,HD 45184 b,21.9532,12.19 Earths,6.383,2019,https://science.nasa.gov/exoplanet-catalog/hd-45184-b/
2497,HD 34445 c,46.0907,0.168 Jupiters,7.31,2017,https://science.nasa.gov/exoplanet-catalog/hd-34445-c/
2498,HD 3167 d,47.2899,7.3 Earths,8.97,2017,https://science.nasa.gov/exoplanet-catalog/hd-3167-d/
2499,HD 31527 d,38.4473,11.82 Earths,7.49,2019,https://science.nasa.gov/exoplanet-catalog/hd-31527-d/
2500,HD 31527 c,38.4473,14.16 Earths,7.49,2019,https://science.nasa.gov/exoplanet-catalog/hd-31527-c/
2501,HD 31527 b,38.4473,10.47 Earths,7.49,2019,https://science.nasa.gov/exoplanet-catalog/hd-31527-b/
2502,HD 238914 b,519.452,6 Jupiters,8.770001,2018,https://science.nasa.gov/exoplanet-catalog/hd-238914-b/
2503,HD 21693 c,33.255,17.37 Earths,7.95,2019,https://science.nasa.gov/exoplanet-catalog/hd-21693-c/
2504,HD 21693 b,33.255,8.23 Earths,7.95,2019,https://science.nasa.gov/exoplanet-catalog/hd-21693-b/
2505,HD 20781 e,35.9715,14.03 Earths,8.48,2019,https://science.nasa.gov/exoplanet-catalog/hd-20781-e/
2506,HD 20781 d,35.9715,10.61 Earths,8.48,2019,https://science.nasa.gov/exoplanet-catalog/hd-20781-d/
2507,HD 20781 c,35.9715,5.33 Earths,8.48,2019,https://science.nasa.gov/exoplanet-catalog/hd-20781-c/
2508,HD 20781 b,35.9715,1.93 Earths,8.48,2019,https://science.nasa.gov/exoplanet-catalog/hd-20781-b/
2509,HD 20003 c,41.8316,14.44 Earths,8.39,2019,https://science.nasa.gov/exoplanet-catalog/hd-20003-c/
2510,HD 20003 b,41.8316,11.66 Earths,8.39,2019,https://science.nasa.gov/exoplanet-catalog/hd-20003-b/
2511,HD 176986 c,27.7843,6.601 Jupiters,8.42,2017,https://science.nasa.gov/exoplanet-catalog/hd-176986-c/
2512,HD 176986 b,27.7843,4.681 Jupiters,8.42,2017,https://science.nasa.gov/exoplanet-catalog/hd-176986-b/
2513,HD 147379 b,10.7643,21.6 Earths,8.61,2017,https://science.nasa.gov/exoplanet-catalog/hd-147379-b/
2514,HD 136352 d,14.7391,8.82 Earths,5.655,2019,https://science.nasa.gov/exoplanet-catalog/hd-136352-d/
2515,HD 136352 c,14.7391,11.24 Earths,5.655,2019,https://science.nasa.gov/exoplanet-catalog/hd-136352-c/
2516,HD 136352 b,14.7391,4.72 Earths,5.655,2019,https://science.nasa.gov/exoplanet-catalog/hd-136352-b/
2517,HD 134060 c,24.0125,29.29 Earths,6.29,2019,https://science.nasa.gov/exoplanet-catalog/hd-134060-c/
2518,HD 134060 b,24.0125,10.1 Earths,6.29,2019,https://science.nasa.gov/exoplanet-catalog/hd-134060-b/
2519,HD 106315 c,109.353,15.2 Earths,8.951,2017,https://science.nasa.gov/exoplanet-catalog/hd-106315-c/
2520,HD 106315 b,109.353,12.6 Earths,8.951,2017,https://science.nasa.gov/exoplanet-catalog/hd-106315-b/
2521,EPIC 220674823 c,244.59,7.9 Earths,12.101,2016,https://science.nasa.gov/exoplanet-catalog/epic-220674823-c/
2522,EPIC 220674823 b,244.59,7.54 Earths,12.101,2016,https://science.nasa.gov/exoplanet-catalog/epic-220674823-b/
2523,Wolf 503 b,44.526,6.26 Earths,10.27,2018,https://science.nasa.gov/exoplanet-catalog/wolf-503-b/
2524,WASP-173 A b,232.98,3.69 Jupiters,11.15,2018,https://science.nasa.gov/exoplanet-catalog/wasp-173-a-b/
2525,WASP-145 A b,91.299,0.89 Jupiters,11.636,2018,https://science.nasa.gov/exoplanet-catalog/wasp-145-a-b/
2526,PDS 70 b,113.064,3.2 Jupiters,12.032,2018,https://science.nasa.gov/exoplanet-catalog/pds-70-b/
2527,K2-288 B b,65.6138,4.27 Earths,13.868,2018,https://science.nasa.gov/exoplanet-catalog/k2-288-b-b/
2528,IC 4651 9122 b,859.324,6.3 Jupiters,10.909,2018,https://science.nasa.gov/exoplanet-catalog/ic-4651-9122-b/
2529,HD 99706 c,146.6,5.69 Jupiters,7.65,2016,https://science.nasa.gov/exoplanet-catalog/hd-99706-c/
2530,HD 95089 c,136.957,3.45 Jupiters,7.92,2016,https://science.nasa.gov/exoplanet-catalog/hd-95089-c/
2531,HD 33142 c,121.375,0.89 Jupiters,7.96,2016,https://science.nasa.gov/exoplanet-catalog/hd-33142-c/
2532,HD 219666 b,94.1719,17.6 Earths,9.809,2018,https://science.nasa.gov/exoplanet-catalog/hd-219666-b/
2533,HD 202772 A b,161.498,1.018 Jupiters,8.324,2019,https://science.nasa.gov/exoplanet-catalog/hd-202772-a-b/
2534,HD 156279 c,36.1945,9.75 Jupiters,8.07,2016,https://science.nasa.gov/exoplanet-catalog/hd-156279-c/
2535,HD 1397 b,79.5702,0.415 Jupiters,7.79,2018,https://science.nasa.gov/exoplanet-catalog/hd-1397-b/
2536,HD 116029 c,123.245,1.27 Jupiters,7.88,2016,https://science.nasa.gov/exoplanet-catalog/hd-116029-c/
2537,HD 114783 c,21.0628,1.9 Jupiters,7.56,2016,https://science.nasa.gov/exoplanet-catalog/hd-114783-c/
2538,HD 102329 c,217.107,1.52 Jupiters,7.88,2016,https://science.nasa.gov/exoplanet-catalog/hd-102329-c/
2539,Gl 378 b,14.9545,13.02 Earths,10.03,2019,https://science.nasa.gov/exoplanet-catalog/gl-378-b/
2540,GJ 685 b,14.3155,9 Earths,9.98,2019,https://science.nasa.gov/exoplanet-catalog/gj-685-b/
2541,GJ 411 b,2.5461,2.69 Earths,7.421,2019,https://science.nasa.gov/exoplanet-catalog/gj-411-b/
2542,GJ 317 c,15.1968,1.43 Jupiters,12.4,2016,https://science.nasa.gov/exoplanet-catalog/gj-317-c/
2543,Pi Mensae c,18.2874,3.63 Earths,5.666,2018,https://science.nasa.gov/exoplanet-catalog/pi-mensae-c/
2544,NGTS-3 A b,743.972,2.38 Jupiters,14.669,2018,https://science.nasa.gov/exoplanet-catalog/ngts-3-a-b/
2545,HD 98736 b,32.4459,2.33 Jupiters,7.93,2018,https://science.nasa.gov/exoplanet-catalog/hd-98736-b/
2546,HD 89345 b,132.345,34.9613 Earths,9.38,2018,https://science.nasa.gov/exoplanet-catalog/hd-89345-b/
2547,HD 75784 c,85.4321,5.64 Jupiters,7.84,2018,https://science.nasa.gov/exoplanet-catalog/hd-75784-c/
2548,HD 55696 b,77.9693,4.27 Jupiters,7.95,2018,https://science.nasa.gov/exoplanet-catalog/hd-55696-b/
2549,HD 47366 c,84.3552,1.522 Jupiters,6.11151,2016,https://science.nasa.gov/exoplanet-catalog/hd-47366-c/
2550,HD 47366 b,84.3552,2.082 Jupiters,6.11151,2016,https://science.nasa.gov/exoplanet-catalog/hd-47366-b/
2551,HD 211810 b,64.6353,0.67 Jupiters,8.59,2018,https://science.nasa.gov/exoplanet-catalog/hd-211810-b/
2552,HD 148164 c,77.1971,5.16 Jupiters,8.23,2018,https://science.nasa.gov/exoplanet-catalog/hd-148164-c/
2553,HD 148164 b,77.1971,1.23 Jupiters,8.23,2018,https://science.nasa.gov/exoplanet-catalog/hd-148164-b/
2554,Gamma Librae c,47.4017,5.231 Jupiters,3.90672,2018,https://science.nasa.gov/exoplanet-catalog/gamma-librae-c/
2555,Gamma Librae b,47.4017,1.126 Jupiters,3.90672,2018,https://science.nasa.gov/exoplanet-catalog/gamma-librae-b/
2556,EPIC 211945201 b,181.69,11 Earths,10.154,2018,https://science.nasa.gov/exoplanet-catalog/epic-211945201-b/
2557,24 Bootis b,95.9863,0.883 Jupiters,5.59,2018,https://science.nasa.gov/exoplanet-catalog/24-bootis-b/
2558,WASP-160 B b,288.326,0.278 Jupiters,13.04,2018,https://science.nasa.gov/exoplanet-catalog/wasp-160-b-b/
2559,HD 42012 b,36.7984,1.6 Jupiters,8.44,2017,https://science.nasa.gov/exoplanet-catalog/hd-42012-b/
2560,HD 29021 b,30.9939,4.47 Jupiters,7.76,2017,https://science.nasa.gov/exoplanet-catalog/hd-29021-b/
2561,HD 215152 e,21.5974,3.069 Jupiters,8.11,2018,https://science.nasa.gov/exoplanet-catalog/hd-215152-e/
2562,HD 215152 d,21.5974,2.424 Jupiters,8.11,2018,https://science.nasa.gov/exoplanet-catalog/hd-215152-d/
2563,HD 215152 c,21.5974,1.475 Jupiters,8.11,2018,https://science.nasa.gov/exoplanet-catalog/hd-215152-c/
2564,HD 215152 b,21.5974,1.779 Jupiters,8.11,2018,https://science.nasa.gov/exoplanet-catalog/hd-215152-b/
2565,HD 17674 b,44.4264,0.87 Jupiters,7.535,2017,https://science.nasa.gov/exoplanet-catalog/hd-17674-b/
2566,HD 158996 b,283.659,14 Jupiters,5.72291,2018,https://science.nasa.gov/exoplanet-catalog/hd-158996-b/
2567,GJ 96 b,11.9315,19.66 Earths,9.4,2018,https://science.nasa.gov/exoplanet-catalog/gj-96-b/
2568,GJ 1132 c,12.613,2.91 Earths,13.68,2018,https://science.nasa.gov/exoplanet-catalog/gj-1132-c/
2569,EPIC 246851721 b,372.632,3 Jupiters,11.237,2018,https://science.nasa.gov/exoplanet-catalog/epic-246851721-b/
2570,WASP-85 A b,141.887,1.265 Jupiters,10.72,2016,https://science.nasa.gov/exoplanet-catalog/wasp-85-a-b/
2571,Ross 128 b,3.37454,1.4 Earths,11.12,2017,https://science.nasa.gov/exoplanet-catalog/ross-128-b/
2572,Rho Coronae Borealis c,17.5108,27.442 Earths,5.41,2016,https://science.nasa.gov/exoplanet-catalog/rho-coronae-borealis-c/
2573,Rho Coronae Borealis b,17.5108,1.09491472 Jupiters,5.41,1997,https://science.nasa.gov/exoplanet-catalog/rho-coronae-borealis-b/
2574,KIC 7917485 b,1382.89,11.8 Jupiters,13.166,2016,https://science.nasa.gov/exoplanet-catalog/kic-7917485-b/
2575,HR 2562 b,34.0071,22 Jupiters,6.11,2016,https://science.nasa.gov/exoplanet-catalog/hr-2562-b/
2576,HD 9174 b,81.4893,1.11 Jupiters,8.4,2016,https://science.nasa.gov/exoplanet-catalog/hd-9174-b/
2577,HD 87646 b,73.58352,12.4 Jupiters,8.07,2016,https://science.nasa.gov/exoplanet-catalog/hd-87646-b/
2578,HD 86950 b,209.839,3.6 Jupiters,7.47,2016,https://science.nasa.gov/exoplanet-catalog/hd-86950-b/
2579,HD 72892 b,69.7311,5.468 Jupiters,8.83,2016,https://science.nasa.gov/exoplanet-catalog/hd-72892-b/
2580,HD 68402 b,78.4293,7.9 Jupiters,9.11,2016,https://science.nasa.gov/exoplanet-catalog/hd-68402-b/
2581,HD 59686 A b,89.2721,6.92 Jupiters,5.44299,2016,https://science.nasa.gov/exoplanet-catalog/hd-59686-a-b/
2582,HD 42618 b,24.3358,14.4 Earths,6.87,2016,https://science.nasa.gov/exoplanet-catalog/hd-42618-b/
2583,HD 3167 c,47.2899,11.41 Earths,8.97,2016,https://science.nasa.gov/exoplanet-catalog/hd-3167-c/
2584,HD 3167 b,47.2899,4.844 Earths,8.97,2016,https://science.nasa.gov/exoplanet-catalog/hd-3167-b/
2585,HD 224538 b,79.0608,6.531 Jupiters,8.06,2016,https://science.nasa.gov/exoplanet-catalog/hd-224538-b/
2586,HD 222076 b,91.1538,1.56 Jupiters,7.47,2016,https://science.nasa.gov/exoplanet-catalog/hd-222076-b/
2587,HD 165155 b,63.3574,2.89 Jupiters,9.36,2016,https://science.nasa.gov/exoplanet-catalog/hd-165155-b/
2588,HD 164922 c,22.0016,13 Earths,7.01227,2016,https://science.nasa.gov/exoplanet-catalog/hd-164922-c/
2589,HD 147873 c,109.055,2.3 Jupiters,7.96,2016,https://science.nasa.gov/exoplanet-catalog/hd-147873-c/
2590,HD 147873 b,109.055,5.14 Jupiters,7.96,2016,https://science.nasa.gov/exoplanet-catalog/hd-147873-b/
2591,HD 133131 B b,51.2993,2.5 Jupiters,8.413,2016,https://science.nasa.gov/exoplanet-catalog/hd-133131-b-b/
2592,HD 133131 A c,51.4736,0.42 Jupiters,7.66,2016,https://science.nasa.gov/exoplanet-catalog/hd-133131-a-c/
2593,HD 133131 A b,51.4736,1.42 Jupiters,7.66,2016,https://science.nasa.gov/exoplanet-catalog/hd-133131-a-b/
2594,HD 128356 b,26.1548,0.89 Jupiters,8.2411,2016,https://science.nasa.gov/exoplanet-catalog/hd-128356-b/
2595,HD 111998 b,33.2237,4.8 Jupiters,6.11006,2016,https://science.nasa.gov/exoplanet-catalog/hd-111998-b/
2596,GJ 536 b,10.4092,6.37 Earths,9.71,2016,https://science.nasa.gov/exoplanet-catalog/gj-536-b/
2597,2MASS J22362452+4751425 b,69.5737,12.5 Jupiters,12.368,2016,https://science.nasa.gov/exoplanet-catalog/2mass-j223624524751425-b/
2598,TYC 4282-00605-1 b,464.128,10.78 Jupiters,10.465,2017,https://science.nasa.gov/exoplanet-catalog/tyc-4282-00605-1-b/
2599,TAP 26 b,121.402,1.66 Jupiters,12.5,2017,https://science.nasa.gov/exoplanet-catalog/tap-26-b/
2600,NGC 2682 Sand 978 b,821.918,2.18 Jupiters,9.814,2017,https://science.nasa.gov/exoplanet-catalog/ngc-2682-sand-978-b/
2601,LHS 1140 b,14.9861,5.6 Earths,14.15,2017,https://science.nasa.gov/exoplanet-catalog/lhs-1140-b/
2602,HIP 67537 b,116.046,13.558 Jupiters,6.43,2017,https://science.nasa.gov/exoplanet-catalog/hip-67537-b/
2603,HIP 65426 b,108.875,9 Jupiters,7.01,2017,https://science.nasa.gov/exoplanet-catalog/hip-65426-b/
2604,HD 27894 d,43.8214,6.493 Jupiters,9.36,2017,https://science.nasa.gov/exoplanet-catalog/hd-27894-d/
2605,HD 27894 c,43.8214,0.162 Jupiters,9.36,2017,https://science.nasa.gov/exoplanet-catalog/hd-27894-c/
2606,GJ 3323 c,5.37484,2.31 Earths,12.57,2017,https://science.nasa.gov/exoplanet-catalog/gj-3323-c/
2607,GJ 3323 b,5.37484,2.02 Earths,12.57,2017,https://science.nasa.gov/exoplanet-catalog/gj-3323-b/
2608,GJ 3293 e,20.1903,3.28 Earths,11.945,2017,https://science.nasa.gov/exoplanet-catalog/gj-3293-e/
2609,GJ 3293 d,20.1903,7.6 Earths,11.945,2017,https://science.nasa.gov/exoplanet-catalog/gj-3293-d/
2610,GJ 3138 d,28.4712,10.5 Earths,10.8275,2017,https://science.nasa.gov/exoplanet-catalog/gj-3138-d/
2611,GJ 3138 c,28.4712,4.18 Earths,10.8275,2017,https://science.nasa.gov/exoplanet-catalog/gj-3138-c/
2612,GJ 3138 b,28.4712,1.78 Earths,10.8275,2017,https://science.nasa.gov/exoplanet-catalog/gj-3138-b/
2613,GJ 273 c,5.921535,1.18 Earths,9.84,2017,https://science.nasa.gov/exoplanet-catalog/gj-273-c/
2614,GJ 273 b,5.921535,2.89 Earths,9.84,2017,https://science.nasa.gov/exoplanet-catalog/gj-273-b/
2615,GJ 1148 c,11.0143,0.21413963 Jupiters,11.939,2017,https://science.nasa.gov/exoplanet-catalog/gj-1148-c/
2616,HD 40956 b,116.593,2.7 Jupiters,6.42794,2017,https://science.nasa.gov/exoplanet-catalog/hd-40956-b/
2617,HD 20794 e,6.0414,4.77 Earths,4.258,2017,https://science.nasa.gov/exoplanet-catalog/hd-20794-e/
2618,HD 177565 b,16.9179,15.1 Earths,6.15,2017,https://science.nasa.gov/exoplanet-catalog/hd-177565-b/
2619,HD 113996 b,116.334,6.3 Jupiters,4.77044,2017,https://science.nasa.gov/exoplanet-catalog/hd-113996-b/
2620,HD 111591 b,114.166,4.4 Jupiters,6.417,2017,https://science.nasa.gov/exoplanet-catalog/hd-111591-b/
2621,YZ Ceti d,3.71207,1.09 Earths,12.074,2017,https://science.nasa.gov/exoplanet-catalog/yz-ceti-d/
2622,YZ Ceti c,3.71207,1.14 Earths,12.074,2017,https://science.nasa.gov/exoplanet-catalog/yz-ceti-c/
2623,YZ Ceti b,3.71207,0.7 Earths,12.074,2017,https://science.nasa.gov/exoplanet-catalog/yz-ceti-b/
2624,Tau Ceti h,3.6522,1.83 Earths,3.496,2017,https://science.nasa.gov/exoplanet-catalog/tau-ceti-h/
2625,Tau Ceti g,3.6522,1.75 Earths,3.496,2017,https://science.nasa.gov/exoplanet-catalog/tau-ceti-g/
2626,Tau Ceti f,3.6522,3.93 Earths,3.496,2017,https://science.nasa.gov/exoplanet-catalog/tau-ceti-f/
2627,PSR J2322-2650 b,230,0.7949 Jupiters,Unknown,2017,https://science.nasa.gov/exoplanet-catalog/psr-j2322-2650-b/
2628,OGLE-2016-BLG-0613L AB b,3410,4.18 Jupiters,Unknown,2017,https://science.nasa.gov/exoplanet-catalog/ogle-2016-blg-0613l-ab-b/
2629,KELT-19 A b,300.276,4.07 Jupiters,9.857,2017,https://science.nasa.gov/exoplanet-catalog/kelt-19-a-b/
2630,HD 76920 b,184.031,3.13 Jupiters,7.83,2017,https://science.nasa.gov/exoplanet-catalog/hd-76920-b/
2631,HD 34445 g,46.0907,0.38 Jupiters,7.31,2017,https://science.nasa.gov/exoplanet-catalog/hd-34445-g/
2632,HD 34445 f,46.0907,37.9 Earths,7.31,2017,https://science.nasa.gov/exoplanet-catalog/hd-34445-f/
2633,HD 34445 e,46.0907,16.8 Earths,7.31,2017,https://science.nasa.gov/exoplanet-catalog/hd-34445-e/
2634,HD 34445 d,46.0907,30.7 Earths,7.31,2017,https://science.nasa.gov/exoplanet-catalog/hd-34445-d/
2635,HD 208897 b,67.4872,1.194 Jupiters,6.50821,2017,https://science.nasa.gov/exoplanet-catalog/hd-208897-b/
2636,GJ 9827 d,29.661,3.02 Earths,10.37,2017,https://science.nasa.gov/exoplanet-catalog/gj-9827-d/
2637,GJ 9827 c,29.661,1.86 Earths,10.37,2017,https://science.nasa.gov/exoplanet-catalog/gj-9827-c/
2638,GJ 9827 b,29.661,4.28 Earths,10.37,2017,https://science.nasa.gov/exoplanet-catalog/gj-9827-b/
2639,GJ 625 b,6.47249,2.82 Earths,10.066,2017,https://science.nasa.gov/exoplanet-catalog/gj-625-b/
2640,GJ 3942 b,16.9287,7.14 Earths,10.166,2017,https://science.nasa.gov/exoplanet-catalog/gj-3942-b/
2641,BD+48 740 b,666.589,1.7 Jupiters,8.69,2018,https://science.nasa.gov/exoplanet-catalog/bd48-740-b/
2642,BD+03 2562 b,1070.63,6.4 Jupiters,9.577,2017,https://science.nasa.gov/exoplanet-catalog/bd03-2562-b/
2643,Kepler-460 c,1274.01,26.1 Earths,13.834,2016,https://science.nasa.gov/exoplanet-catalog/kepler-460-c/
2644,NGC 2682 YBP 401 b,830.822,0.46 Jupiters,13.699,2016,https://science.nasa.gov/exoplanet-catalog/ngc-2682-ybp-401-b/
2645,HIP 41378 f,106.289,25 Earths,8.93,2016,https://science.nasa.gov/exoplanet-catalog/hip-41378-f/
2646,HIP 41378 e,106.289,7.62 Earths,8.93,2016,https://science.nasa.gov/exoplanet-catalog/hip-41378-e/
2647,HD 30177 c,55.5867,4.67 Jupiters,8.41,2016,https://science.nasa.gov/exoplanet-catalog/hd-30177-c/
2648,GJ 676 A c,16.0272,13.492 Jupiters,9.58,2016,https://science.nasa.gov/exoplanet-catalog/gj-676-a-c/
2649,EPIC 211822797 b,186.197,4.35 Earths,15.133,2016,https://science.nasa.gov/exoplanet-catalog/epic-211822797-b/
2650,V830 Tauri b,130.111,0.7 Jupiters,12.23,2016,https://science.nasa.gov/exoplanet-catalog/v830-tauri-b/
2651,Proxima Centauri b,1.30119,1.055 Earths,11.01,2016,https://science.nasa.gov/exoplanet-catalog/proxima-centauri-b/
2652,OGLE-2007-BLG-349L AB c,2760,0.25170815 Jupiters,24.73,2016,https://science.nasa.gov/exoplanet-catalog/ogle-2007-blg-349l-ab-c/
2653,HIP 41378 d,106.289,6.53 Earths,8.93,2016,https://science.nasa.gov/exoplanet-catalog/hip-41378-d/
2654,HIP 41378 c,106.289,5.97 Earths,8.93,2016,https://science.nasa.gov/exoplanet-catalog/hip-41378-c/
2655,HIP 41378 b,106.289,6.9 Earths,8.93,2016,https://science.nasa.gov/exoplanet-catalog/hip-41378-b/
2656,HD 221585 b,55.8535,1.61 Jupiters,7.457,2016,https://science.nasa.gov/exoplanet-catalog/hd-221585-b/
2657,HD 219828 c,73.114,16.054 Jupiters,8.04,2016,https://science.nasa.gov/exoplanet-catalog/hd-219828-c/
2658,HD 214823 b,101.368,18.61 Jupiters,8.06,2016,https://science.nasa.gov/exoplanet-catalog/hd-214823-b/
2659,HD 191806 b,65.6668,9.334 Jupiters,8.09,2016,https://science.nasa.gov/exoplanet-catalog/hd-191806-b/
2660,GJ 3998 c,18.1459,6.82 Earths,10.844,2016,https://science.nasa.gov/exoplanet-catalog/gj-3998-c/
2661,GJ 3998 b,18.1459,2.5 Earths,10.844,2016,https://science.nasa.gov/exoplanet-catalog/gj-3998-b/
2662,BD+20 594 b,179.461,22.2481 Earths,10.849,2016,https://science.nasa.gov/exoplanet-catalog/bd20-594-b/
2663,XO-2 S c,151.398,1.38 Jupiters,11.196,2014,https://science.nasa.gov/exoplanet-catalog/xo-2-s-c/
2664,XO-2 S b,151.398,0.26 Jupiters,11.196,2014,https://science.nasa.gov/exoplanet-catalog/xo-2-s-b/
2665,XO-2 N b,154.273,0.629 Jupiters,11.246,2007,https://science.nasa.gov/exoplanet-catalog/xo-2-n-b/
2666,WISEP J121756.91+162640.2 A b,10.1,22 Jupiters,Unknown,2012,https://science.nasa.gov/exoplanet-catalog/wisep-j121756911626402-a-b/
2667,WD 0806-661 b,19.2444,7 Jupiters,13.855,2011,https://science.nasa.gov/exoplanet-catalog/wd-0806-661-b/
2668,WASP-94 B b,208.696,0.618 Jupiters,10.589,2014,https://science.nasa.gov/exoplanet-catalog/wasp-94-b-b/
2669,WASP-94 A b,211.211,0.5 Jupiters,10.051,2014,https://science.nasa.gov/exoplanet-catalog/wasp-94-a-b/
2670,WASP-77 A b,105.166,1.6654 Jupiters,10.294,2012,https://science.nasa.gov/exoplanet-catalog/wasp-77-a-b/
2671,WASP-70 A b,222.355,0.59 Jupiters,10.786,2014,https://science.nasa.gov/exoplanet-catalog/wasp-70-a-b/
2672,VHS J125601.92-125723.9 b,12.7,16 Jupiters,17.73,2015,https://science.nasa.gov/exoplanet-catalog/vhs-j12560192-1257239-b/
2673,V0391 Pegasi b,1195.98,3.2 Jupiters,14.769,2007,https://science.nasa.gov/exoplanet-catalog/v0391-pegasi-b/
2674,USco CTIO 108 b,144.019,14 Jupiters,Unknown,2008,https://science.nasa.gov/exoplanet-catalog/usco-ctio-108-b/
2675,TYC 1422-614-1 c,672.41,10 Jupiters,10.193,2014,https://science.nasa.gov/exoplanet-catalog/tyc-1422-614-1-c/
2676,TYC 1422-614-1 b,672.41,2.5 Jupiters,10.193,2014,https://science.nasa.gov/exoplanet-catalog/tyc-1422-614-1-b/
2677,SR 12 AB c,112.31721584,13 Jupiters,13.355,2010,https://science.nasa.gov/exoplanet-catalog/sr-12-ab-c/
2678,ROXs 42 B b,143.59,9 Jupiters,14.661,2013,https://science.nasa.gov/exoplanet-catalog/roxs-42-b-b/
2679,ROXs 12 b,136.65,16 Jupiters,14.763,2013,https://science.nasa.gov/exoplanet-catalog/roxs-12-b/
2680,PSR J1719-1438 b,1200,1.2 Jupiters,Unknown,2011,https://science.nasa.gov/exoplanet-catalog/psr-j1719-1438-b/
2681,PSR B1620-26 b,Unknown,2.5 Jupiters,Unknown,2003,https://science.nasa.gov/exoplanet-catalog/psr-b1620-26-b/
2682,PSR B1257+12 d,600,3.9 Earths,Unknown,1992,https://science.nasa.gov/exoplanet-catalog/psr-b125712-d/
2683,PSR B1257+12 c,600,4.3 Earths,Unknown,1992,https://science.nasa.gov/exoplanet-catalog/psr-b125712-c/
2684,PSR B1257+12 b,600,0.02 Earths,Unknown,1994,https://science.nasa.gov/exoplanet-catalog/psr-b125712-b/
2685,Ophiuchi 11 b,136.16559197,14 Jupiters,Unknown,2006,https://science.nasa.gov/exoplanet-catalog/ophiuchi-11-b/
2686,OGLE-2013-BLG-0341L B b,911,1.66 Earths,Unknown,2014,https://science.nasa.gov/exoplanet-catalog/ogle-2013-blg-0341l-b-b/
2687,NGC 2682 YBP 1514 b,914.221,0.4 Jupiters,14.684,2014,https://science.nasa.gov/exoplanet-catalog/ngc-2682-ybp-1514-b/
2688,NGC 2682 YBP 1194 b,872.92,0.32 Jupiters,14.569,2014,https://science.nasa.gov/exoplanet-catalog/ngc-2682-ybp-1194-b/
2689,KIC 10001893 d,1672.94,Unknown,15.829,2014,https://science.nasa.gov/exoplanet-catalog/kic-10001893-d/
2690,KIC 10001893 c,1672.94,Unknown,15.829,2014,https://science.nasa.gov/exoplanet-catalog/kic-10001893-c/
2691,KIC 10001893 b,1672.94,Unknown,15.829,2014,https://science.nasa.gov/exoplanet-catalog/kic-10001893-b/
2692,Kepler-410 A b,147.527,8.44 Earths,9.495,2013,https://science.nasa.gov/exoplanet-catalog/kepler-410-a-b/
2693,HIP 65891 b,150.292,6.1 Jupiters,6.75,2015,https://science.nasa.gov/exoplanet-catalog/hip-65891-b/
2694,HIP 107773 b,105.18,1.98 Jupiters,5.62,2015,https://science.nasa.gov/exoplanet-catalog/hip-107773-b/
2695,KELT-4 A b,218.05,0.902 Jupiters,9.98,2016,https://science.nasa.gov/exoplanet-catalog/kelt-4-a-b/
2696,HIP 65407 c,61.7804,0.784 Jupiters,9.38,2016,https://science.nasa.gov/exoplanet-catalog/hip-65407-c/
2697,HIP 65407 b,61.7804,0.428 Jupiters,9.38,2016,https://science.nasa.gov/exoplanet-catalog/hip-65407-b/
2698,HIP 109600 b,66.3361,2.68 Jupiters,9.18,2016,https://science.nasa.gov/exoplanet-catalog/hip-109600-b/
2699,HIP 109384 b,58.9582,1.56 Jupiters,9.61,2016,https://science.nasa.gov/exoplanet-catalog/hip-109384-b/
2700,HD 35759 b,71.2423,3.76 Jupiters,7.74,2016,https://science.nasa.gov/exoplanet-catalog/hd-35759-b/
2701,HD 220842 b,64.6498,3.18 Jupiters,7.98,2016,https://science.nasa.gov/exoplanet-catalog/hd-220842-b/
2702,HD 143105 b,46.7789,1.21 Jupiters,6.77005,2016,https://science.nasa.gov/exoplanet-catalog/hd-143105-b/
2703,HD 141399 e,37.0169,0.66 Jupiters,7.20856,2014,https://science.nasa.gov/exoplanet-catalog/hd-141399-e/
2704,HD 141399 d,37.0169,1.18 Jupiters,7.20856,2014,https://science.nasa.gov/exoplanet-catalog/hd-141399-d/
2705,HD 141399 c,37.0169,1.33 Jupiters,7.20856,2014,https://science.nasa.gov/exoplanet-catalog/hd-141399-c/
2706,HD 141399 b,37.0169,0.451 Jupiters,7.20856,2014,https://science.nasa.gov/exoplanet-catalog/hd-141399-b/
2707,HD 12484 b,48.3367,2.98 Jupiters,8.18,2016,https://science.nasa.gov/exoplanet-catalog/hd-12484-b/
2708,Alpha Tauri b,20.4332,6.47 Jupiters,0.872,2015,https://science.nasa.gov/exoplanet-catalog/alpha-tauri-b/
2709,51 Eridani b,29.7575,10.9 Jupiters,5.21149,2015,https://science.nasa.gov/exoplanet-catalog/51-eridani-b/
2710,2MASS J19383260+4603591 b,396.332,1.9 Jupiters,12.651,2015,https://science.nasa.gov/exoplanet-catalog/2mass-j193832604603591-b/
2711,HD 219134 d,6.5418,16.17 Earths,5.54,2015,https://science.nasa.gov/exoplanet-catalog/hd-219134-d/
2712,HD 219134 c,6.5418,4.36 Earths,5.54,2015,https://science.nasa.gov/exoplanet-catalog/hd-219134-c/
2713,HD 219134 b,6.5418,4.74 Earths,5.54,2015,https://science.nasa.gov/exoplanet-catalog/hd-219134-b/
2714,GJ 1132 b,12.613,1.83704819 Earths,13.68,2015,https://science.nasa.gov/exoplanet-catalog/gj-1132-b/
2715,Kepler-458 c,1594.74,16.4 Earths,14.027,2016,https://science.nasa.gov/exoplanet-catalog/kepler-458-c/
2716,HD 24064 b,300.247,12.89 Jupiters,6.74616,2015,https://science.nasa.gov/exoplanet-catalog/hd-24064-b/
2717,HD 12648 b,182.192,1.96 Jupiters,6.98656,2015,https://science.nasa.gov/exoplanet-catalog/hd-12648-b/
2718,HD 11755 b,235.045,5.63 Jupiters,6.88269,2015,https://science.nasa.gov/exoplanet-catalog/hd-11755-b/
2719,8 Ursae Minoris b,162.552,1.65 Jupiters,6.83295,2015,https://science.nasa.gov/exoplanet-catalog/8-ursae-minoris-b/
2720,LkCa 15 c,158.152,Unknown,12.025,2015,https://science.nasa.gov/exoplanet-catalog/lkca-15-c/
2721,LkCa 15 b,158.152,Unknown,12.025,2015,https://science.nasa.gov/exoplanet-catalog/lkca-15-b/
2722,HD 33844 c,105.779,1.75 Jupiters,7.29,2015,https://science.nasa.gov/exoplanet-catalog/hd-33844-c/
2723,HD 33844 b,105.779,2.01 Jupiters,7.29,2015,https://science.nasa.gov/exoplanet-catalog/hd-33844-b/
2724,Wolf 1061 d,4.30592,7.7 Earths,10.1,2015,https://science.nasa.gov/exoplanet-catalog/wolf-1061-d/
2725,Wolf 1061 c,4.30592,3.41 Earths,10.1,2015,https://science.nasa.gov/exoplanet-catalog/wolf-1061-c/
2726,Wolf 1061 b,4.30592,1.91 Earths,10.1,2015,https://science.nasa.gov/exoplanet-catalog/wolf-1061-b/
2727,HD 219134 h,6.5418,0.34 Jupiters,5.54,2015,https://science.nasa.gov/exoplanet-catalog/hd-219134-h/
2728,HD 219134 g,6.5418,10.80622 Earths,5.54,2015,https://science.nasa.gov/exoplanet-catalog/hd-219134-g/
2729,HD 219134 f,6.5418,7.3 Earths,5.54,2015,https://science.nasa.gov/exoplanet-catalog/hd-219134-f/
2730,HD 175607 b,40.3303,7.728 Jupiters,8.6,2015,https://science.nasa.gov/exoplanet-catalog/hd-175607-b/
2731,KIC 9663113 b,1594.74,19.2 Earths,14.027,2015,https://science.nasa.gov/exoplanet-catalog/kic-9663113-b/
2732,KIC 3558849 b,1215.7,38.1 Earths,14.32,2015,https://science.nasa.gov/exoplanet-catalog/kic-3558849-b/
2733,HD 204313 c,47.7945,17.16273398 Earths,7.99,2015,https://science.nasa.gov/exoplanet-catalog/hd-204313-c/
2734,HD 164595 b,28.254,16.14 Earths,7.08597,2015,https://science.nasa.gov/exoplanet-catalog/hd-164595-b/
2735,HD 1461 c,23.4534,5.59 Earths,6.47933,2015,https://science.nasa.gov/exoplanet-catalog/hd-1461-c/
2736,BD+20 274 b,1322.51,4.2 Jupiters,9.367,2012,https://science.nasa.gov/exoplanet-catalog/bd20-274-b/
2737,BD+20 2457 c,1539.71,12.47 Jupiters,9.743,2009,https://science.nasa.gov/exoplanet-catalog/bd20-2457-c/
2738,BD+20 2457 b,1539.71,21.42 Jupiters,9.743,2009,https://science.nasa.gov/exoplanet-catalog/bd20-2457-b/
2739,BD-17 63 b,34.4603,5.16 Jupiters,9.62,2008,https://science.nasa.gov/exoplanet-catalog/bd-17-63-b/
2740,BD+15 2940 b,426.42,1.11 Jupiters,9.01,2013,https://science.nasa.gov/exoplanet-catalog/bd15-2940-b/
2741,BD+14 4559 b,49.352,1.04 Jupiters,9.78,2009,https://science.nasa.gov/exoplanet-catalog/bd14-4559-b/
2742,BD-13 2130 b,925.214,9.78 Jupiters,10.038,2007,https://science.nasa.gov/exoplanet-catalog/bd-13-2130-b/
2743,BD-11 4672 b,27.1665,0.65 Jupiters,10.03,2014,https://science.nasa.gov/exoplanet-catalog/bd-11-4672-b/
2744,BD-10 3166 b,84.4069,0.59 Jupiters,10.013,2000,https://science.nasa.gov/exoplanet-catalog/bd-10-3166-b/
2745,BD-08 2823 c,41.3342,0.33 Jupiters,9.86,2009,https://science.nasa.gov/exoplanet-catalog/bd-08-2823-c/
2746,BD-08 2823 b,41.3342,9.277 Jupiters,9.86,2009,https://science.nasa.gov/exoplanet-catalog/bd-08-2823-b/
2747,BD-06 1339 c,20.2695,0.17 Jupiters,9.7,2013,https://science.nasa.gov/exoplanet-catalog/bd-06-1339-c/
2748,BD-06 1339 b,20.2695,4.792 Jupiters,9.7,2013,https://science.nasa.gov/exoplanet-catalog/bd-06-1339-b/
2749,2MASS J12073346-3932539 b,64.308,5.2 Jupiters,20.15,2004,https://science.nasa.gov/exoplanet-catalog/2mass-j12073346-3932539-b/
2750,Xi Aquilae b,56.1858,1.941 Jupiters,4.70964,2007,https://science.nasa.gov/exoplanet-catalog/xi-aquilae-b/
2751,UZ Fornacis c,239.60387482,7.7 Jupiters,16.7753,2011,https://science.nasa.gov/exoplanet-catalog/uz-fornacis-c/
2752,UZ Fornacis b,239.60387482,6.3 Jupiters,16.7753,2011,https://science.nasa.gov/exoplanet-catalog/uz-fornacis-b/
2753,Upsilon Andromedae d,13.4916,10.25 Jupiters,4.1,1999,https://science.nasa.gov/exoplanet-catalog/upsilon-andromedae-d/
2754,Upsilon Andromedae c,13.4916,13.98 Jupiters,4.1,1999,https://science.nasa.gov/exoplanet-catalog/upsilon-andromedae-c/
2755,Upsilon Andromedae b,13.4916,0.6876 Jupiters,4.1,1996,https://science.nasa.gov/exoplanet-catalog/upsilon-andromedae-b/
2756,Tau Geminorum b,112.537,20.6 Jupiters,4.37799,2013,https://science.nasa.gov/exoplanet-catalog/tau-geminorum-b/
2757,Tau Bootis b,15.6521,5.95 Jupiters,4.48635,1996,https://science.nasa.gov/exoplanet-catalog/tau-bootis-b/
2758,RR Caeli b,21.1916,4.2 Jupiters,14.379,2012,https://science.nasa.gov/exoplanet-catalog/rr-caeli-b/
2759,Omicron Ursae Majoris b,54.9149,3.651 Jupiters,3.35214,2012,https://science.nasa.gov/exoplanet-catalog/omicron-ursae-majoris-b/
2760,Omicron Coronae Borealis b,84.7883,1.12 Jupiters,5.5052,2012,https://science.nasa.gov/exoplanet-catalog/omicron-coronae-borealis-b/
2761,Omega Serpentis b,76.7556,0.736 Jupiters,5.21644,2013,https://science.nasa.gov/exoplanet-catalog/omega-serpentis-b/
2762,NY Virginis b,544.024,2.3 Jupiters,13.496,2011,https://science.nasa.gov/exoplanet-catalog/ny-virginis-b/
2763,Nu Ophiuchi c,46.2107,24.662 Jupiters,3.31216,2012,https://science.nasa.gov/exoplanet-catalog/nu-ophiuchi-c/
2764,Nu Ophiuchi b,46.2107,22.206 Jupiters,3.31216,2012,https://science.nasa.gov/exoplanet-catalog/nu-ophiuchi-b/
2765,NN Serpentis d,515.818,2.28 Jupiters,16.943,2010,https://science.nasa.gov/exoplanet-catalog/nn-serpentis-d/
2766,NN Serpentis c,515.818,7.33 Jupiters,16.943,2010,https://science.nasa.gov/exoplanet-catalog/nn-serpentis-c/
2767,Mu Leonis b,32.6081,2.4 Jupiters,3.86648,2014,https://science.nasa.gov/exoplanet-catalog/mu-leonis-b/
2768,Kappa Coronae Borealis b,30.0651,2.17 Jupiters,4.79734,2007,https://science.nasa.gov/exoplanet-catalog/kappa-coronae-borealis-b/
2769,Kappa Andromedae b,50.0177,17.3 Jupiters,4.13791,2012,https://science.nasa.gov/exoplanet-catalog/kappa-andromedae-b/
2770,HN Pegasi b,18.133,21.9987 Jupiters,5.942,2006,https://science.nasa.gov/exoplanet-catalog/hn-pegasi-b/
2771,GU Piscium b,47.5501,11.3 Jupiters,14.146,2014,https://science.nasa.gov/exoplanet-catalog/gu-piscium-b/
2772,GQ Lupi b,151.169,20 Jupiters,11.593,2004,https://science.nasa.gov/exoplanet-catalog/gq-lupi-b/
2773,Gamma Cephei b,14.1024,6.6 Jupiters,3.23006,2003,https://science.nasa.gov/exoplanet-catalog/gamma-cephei-b/
2774,FU Tauri b,133.4950466,16 Jupiters,Unknown,2008,https://science.nasa.gov/exoplanet-catalog/fu-tauri-b/
2775,Epsilon Tauri b,47.52852,7.19 Jupiters,3.523,2006,https://science.nasa.gov/exoplanet-catalog/epsilon-tauri-b/
2776,Epsilon Eridani b,3.2198,1 Jupiter,3.718,2000,https://science.nasa.gov/exoplanet-catalog/epsilon-eridani-b/
2777,Epsilon Coronae Borealis b,69.8683,6.7 Jupiters,4.12577,2012,https://science.nasa.gov/exoplanet-catalog/epsilon-coronae-borealis-b/
2778,Beta Ursae Minoris b,38.77472,6.1 Jupiters,2.0569,2014,https://science.nasa.gov/exoplanet-catalog/beta-ursae-minoris-b/
2779,Beta Pictoris b,19.7442,8.7 Jupiters,3.85,2008,https://science.nasa.gov/exoplanet-catalog/beta-pictoris-b/
2780,Beta Cancri b,89.0472,7.8 Jupiters,3.51012,2014,https://science.nasa.gov/exoplanet-catalog/beta-cancri-b/
2781,Alpha Arietis b,20.21019,1.8 Jupiters,2.00538,2010,https://science.nasa.gov/exoplanet-catalog/alpha-arietis-b/
2782,2MASS J04414489+2301513 b,120.42398696,7.5 Jupiters,Unknown,2010,https://science.nasa.gov/exoplanet-catalog/2mass-j044144892301513-b/
2783,2MASS J02192210-3925225 b,40.08964117,13.9 Jupiters,Unknown,2015,https://science.nasa.gov/exoplanet-catalog/2mass-j02192210-3925225-b/
2784,2MASS J01225093-2439505 b,33.8281,24.5 Jupiters,14.244,2013,https://science.nasa.gov/exoplanet-catalog/2mass-j01225093-2439505-b/
2785,1RXS J160929.1-210524 b,139.135,8 Jupiters,12.618,2008,https://science.nasa.gov/exoplanet-catalog/1rxs-j1609291-210524-b/
2786,HIP 8541 b,155.121,7.714 Jupiters,7.88,2016,https://science.nasa.gov/exoplanet-catalog/hip-8541-b/
2787,HIP 74890 b,78.6562,2.4 Jupiters,7.05,2016,https://science.nasa.gov/exoplanet-catalog/hip-74890-b/
2788,HD 95872 b,72.2195,3.74 Jupiters,9.955,2015,https://science.nasa.gov/exoplanet-catalog/hd-95872-b/
2789,HD 5583 b,219.216,5.78 Jupiters,7.604,2016,https://science.nasa.gov/exoplanet-catalog/hd-5583-b/
2790,BD+15 2375 b,768.045,1.061 Jupiters,10.41,2016,https://science.nasa.gov/exoplanet-catalog/bd15-2375-b/
2791,TYC 3667-1280-1 b,477.516,5.4 Jupiters,9.856,2016,https://science.nasa.gov/exoplanet-catalog/tyc-3667-1280-1-b/
2792,KIC 5437945 b,1274.01,33.6 Earths,13.834,2015,https://science.nasa.gov/exoplanet-catalog/kic-5437945-b/
2793,KIC 10525077 b,1461.15,25.9 Earths,15.592,2015,https://science.nasa.gov/exoplanet-catalog/kic-10525077-b/
2794,HD 32963 b,38.0786,2.07 Jupiters,7.6,2015,https://science.nasa.gov/exoplanet-catalog/hd-32963-b/
2795,DP Leonis b,305.684,6.28 Jupiters,18.6837,2009,https://science.nasa.gov/exoplanet-catalog/dp-leonis-b/
2796,DH Tauri b,134.846,11 Jupiters,13.98,2004,https://science.nasa.gov/exoplanet-catalog/dh-tauri-b/
2797,CT Chamaleontis b,190.72,17 Jupiters,12.335,2007,https://science.nasa.gov/exoplanet-catalog/ct-chamaleontis-b/
2798,AB Pictoris b,50.0475,13.5 Jupiters,9.13,2005,https://science.nasa.gov/exoplanet-catalog/ab-pictoris-b/
2799,91 Aquarii b,44.0304,3.2 Jupiters,4.23946,2013,https://science.nasa.gov/exoplanet-catalog/91-aquarii-b/
2800,81 Ceti b,101.26,3.307 Jupiters,5.64307,2008,https://science.nasa.gov/exoplanet-catalog/81-ceti-b/
2801,7 Canis Majoris b,19.8101,1.85 Jupiters,3.95,2011,https://science.nasa.gov/exoplanet-catalog/7-canis-majoris-b/
2802,75 Ceti b,82.9613,2.479 Jupiters,5.3532,2012,https://science.nasa.gov/exoplanet-catalog/75-ceti-b/
2803,70 Virginis b,17.9011,7.49 Jupiters,4.96808,1996,https://science.nasa.gov/exoplanet-catalog/70-virginis-b/
2804,6 Lyncis b,54.6599,1.881 Jupiters,5.87307,2008,https://science.nasa.gov/exoplanet-catalog/6-lyncis-b/
2805,61 Virginis d,8.5344,22.9 Earths,4.735,2009,https://science.nasa.gov/exoplanet-catalog/61-virginis-d/
2806,61 Virginis c,8.5344,18.2 Earths,4.735,2009,https://science.nasa.gov/exoplanet-catalog/61-virginis-c/
2807,61 Virginis b,8.5344,5.1 Earths,4.735,2009,https://science.nasa.gov/exoplanet-catalog/61-virginis-b/
2808,55 Cancri f,12.5868,0.141 Jupiters,5.96,2007,https://science.nasa.gov/exoplanet-catalog/55-cancri-f/
2809,55 Cancri e,12.5868,7.99 Earths,5.96,2004,https://science.nasa.gov/exoplanet-catalog/55-cancri-e/
2810,55 Cancri d,12.5868,3.878 Jupiters,5.96,2002,https://science.nasa.gov/exoplanet-catalog/55-cancri-d/
2811,55 Cancri c,12.5868,0.1714 Jupiters,5.96,2004,https://science.nasa.gov/exoplanet-catalog/55-cancri-c/
2812,55 Cancri b,12.5868,0.8306 Jupiters,5.96,1996,https://science.nasa.gov/exoplanet-catalog/55-cancri-b/
2813,51 Pegasi b,15.4614,0.61 Jupiters,5.45309,1995,https://science.nasa.gov/exoplanet-catalog/51-pegasi-b/
2814,4 Ursae Majoris b,73.4603,7.902 Jupiters,4.5801,2006,https://science.nasa.gov/exoplanet-catalog/4-ursae-majoris-b/
2815,47 Ursae Majoris d,13.8875,1.64 Jupiters,5.037,2009,https://science.nasa.gov/exoplanet-catalog/47-ursae-majoris-d/
2816,47 Ursae Majoris c,13.8875,0.54 Jupiters,5.037,2001,https://science.nasa.gov/exoplanet-catalog/47-ursae-majoris-c/
2817,47 Ursae Majoris b,13.8875,2.53 Jupiters,5.037,1996,https://science.nasa.gov/exoplanet-catalog/47-ursae-majoris-b/
2818,24 Sextantis c,72.0691,0.86 Jupiters,6.4535,2010,https://science.nasa.gov/exoplanet-catalog/24-sextantis-c/
2819,24 Sextantis b,72.0691,1.99 Jupiters,6.4535,2010,https://science.nasa.gov/exoplanet-catalog/24-sextantis-b/
2820,18 Delphini b,76.222,9.207 Jupiters,5.51048,2008,https://science.nasa.gov/exoplanet-catalog/18-delphini-b/
2821,16 Cygni B b,21.1397,1.78 Jupiters,6.215,1996,https://science.nasa.gov/exoplanet-catalog/16-cygni-b-b/
2822,14 Herculis b,17.9323,8.9 Jupiters,6.61935,2002,https://science.nasa.gov/exoplanet-catalog/14-herculis-b/
2823,14 Andromedae b,75.4392,3.559 Jupiters,5.23133,2008,https://science.nasa.gov/exoplanet-catalog/14-andromedae-b/
2824,11 Ursae Minoris b,125.321,14.74 Jupiters,5.013,2009,https://science.nasa.gov/exoplanet-catalog/11-ursae-minoris-b/
2825,11 Comae Berenices b,93.1846,15.464 Jupiters,4.72307,2007,https://science.nasa.gov/exoplanet-catalog/11-comae-berenices-b/
2826,HD 177830 c,62.7674,0.15 Jupiters,7.18,2010,https://science.nasa.gov/exoplanet-catalog/hd-177830-c/
2827,HD 177830 b,62.7674,1.69 Jupiters,7.18,1999,https://science.nasa.gov/exoplanet-catalog/hd-177830-b/
2828,HD 175541 b,129.603,0.598 Jupiters,8.020001,2007,https://science.nasa.gov/exoplanet-catalog/hd-175541-b/
2829,HD 175167 b,71.0863,14.8 Jupiters,8.01,2009,https://science.nasa.gov/exoplanet-catalog/hd-175167-b/
2830,HD 173416 b,132.184,1.841 Jupiters,6.04188,2008,https://science.nasa.gov/exoplanet-catalog/hd-173416-b/
2831,HD 171238 b,44.8113,8.8 Jupiters,8.61,2009,https://science.nasa.gov/exoplanet-catalog/hd-171238-b/
2832,HD 171028 b,111.659,2.62 Jupiters,8.292,2007,https://science.nasa.gov/exoplanet-catalog/hd-171028-b/
2833,HD 170469 b,60.178,0.66 Jupiters,8.21,2007,https://science.nasa.gov/exoplanet-catalog/hd-170469-b/
2834,HD 169830 c,37.6048,7.669 Jupiters,5.9,2003,https://science.nasa.gov/exoplanet-catalog/hd-169830-c/
2835,HD 169830 b,37.6048,2.531 Jupiters,5.9,2000,https://science.nasa.gov/exoplanet-catalog/hd-169830-b/
2836,HD 168746 b,41.5681,0.27 Jupiters,7.95,2002,https://science.nasa.gov/exoplanet-catalog/hd-168746-b/
2837,HD 168443 c,39.6245,17.306 Jupiters,6.92122,2000,https://science.nasa.gov/exoplanet-catalog/hd-168443-c/
2838,HD 168443 b,39.6245,7.628 Jupiters,6.92122,1998,https://science.nasa.gov/exoplanet-catalog/hd-168443-b/
2839,HD 167042 b,49.6633,1.397 Jupiters,5.98796,2007,https://science.nasa.gov/exoplanet-catalog/hd-167042-b/
2840,HD 166724 b,45.1342,3.8 Jupiters,9.33,2012,https://science.nasa.gov/exoplanet-catalog/hd-166724-b/
2841,HD 164922 b,22.0016,0.36497499 Jupiters,7.01227,2005,https://science.nasa.gov/exoplanet-catalog/hd-164922-b/
2842,HD 164604 b,39.3633,13.2 Jupiters,9.62,2009,https://science.nasa.gov/exoplanet-catalog/hd-164604-b/
2843,HD 164509 b,53.1119,0.443 Jupiters,8.1,2012,https://science.nasa.gov/exoplanet-catalog/hd-164509-b/
2844,HD 163607 c,67.7855,2.201 Jupiters,8,2012,https://science.nasa.gov/exoplanet-catalog/hd-163607-c/
2845,HD 163607 b,67.7855,0.7836 Jupiters,8,2012,https://science.nasa.gov/exoplanet-catalog/hd-163607-b/
2846,HD 162020 b,30.8248,9.84 Jupiters,9.1,2002,https://science.nasa.gov/exoplanet-catalog/hd-162020-b/
2847,HD 160691 e,15.6042,7 Jupiters,5.124,2006,https://science.nasa.gov/exoplanet-catalog/hd-160691-e/
2848,HD 160691 d,15.6042,10.49 Earths,5.124,2004,https://science.nasa.gov/exoplanet-catalog/hd-160691-d/
2849,HD 160691 c,15.6042,4.4 Jupiters,5.124,2004,https://science.nasa.gov/exoplanet-catalog/hd-160691-c/
2850,HD 160691 b,15.6042,4.3 Jupiters,5.124,2000,https://science.nasa.gov/exoplanet-catalog/hd-160691-b/
2851,HD 159868 c,55.8503,0.768 Jupiters,7.24,2012,https://science.nasa.gov/exoplanet-catalog/hd-159868-c/
2852,HD 159868 b,55.8503,2.218 Jupiters,7.24,2006,https://science.nasa.gov/exoplanet-catalog/hd-159868-b/
2853,HD 159243 c,73.3055,1.9 Jupiters,8.65,2013,https://science.nasa.gov/exoplanet-catalog/hd-159243-c/
2854,HD 159243 b,73.3055,1.13 Jupiters,8.65,2013,https://science.nasa.gov/exoplanet-catalog/hd-159243-b/
2855,HD 158038 b,94.8625,1.53 Jupiters,7.47,2011,https://science.nasa.gov/exoplanet-catalog/hd-158038-b/
2856,HD 156846 b,47.7332,10.67 Jupiters,6.5,2007,https://science.nasa.gov/exoplanet-catalog/hd-156846-b/
2857,HD 156668 b,24.3323,4.15 Earths,8.43,2010,https://science.nasa.gov/exoplanet-catalog/hd-156668-b/
2858,HD 156411 b,56.8655,0.74 Jupiters,6.67,2009,https://science.nasa.gov/exoplanet-catalog/hd-156411-b/
2859,HD 156279 b,36.1945,9.432 Jupiters,8.07,2011,https://science.nasa.gov/exoplanet-catalog/hd-156279-b/
2860,HD 155358 c,43.6197,0.82 Jupiters,7.28,2007,https://science.nasa.gov/exoplanet-catalog/hd-155358-c/
2861,HD 155358 b,43.6197,0.99 Jupiters,7.28,2007,https://science.nasa.gov/exoplanet-catalog/hd-155358-b/
2862,HD 154857 c,63.4482,2.58 Jupiters,7.24,2014,https://science.nasa.gov/exoplanet-catalog/hd-154857-c/
2863,HD 154857 b,63.4482,2.45 Jupiters,7.24,2004,https://science.nasa.gov/exoplanet-catalog/hd-154857-b/
2864,HD 154672 b,63.0484,5.37 Jupiters,8.21,2008,https://science.nasa.gov/exoplanet-catalog/hd-154672-b/
2865,HD 154345 b,18.284,1.186 Jupiters,6.76,2006,https://science.nasa.gov/exoplanet-catalog/hd-154345-b/
2866,HD 153950 b,48.4549,2.95 Jupiters,7.39,2008,https://science.nasa.gov/exoplanet-catalog/hd-153950-b/
2867,HD 152581 b,165.76,1.869 Jupiters,8.38,2011,https://science.nasa.gov/exoplanet-catalog/hd-152581-b/
2868,HD 152079 b,87.8888,2.661 Jupiters,9.18,2009,https://science.nasa.gov/exoplanet-catalog/hd-152079-b/
2869,HD 150706 b,28.2697,2.43 Jupiters,7.03,2012,https://science.nasa.gov/exoplanet-catalog/hd-150706-b/
2870,HD 149143 b,73.2801,1.33 Jupiters,7.89,2005,https://science.nasa.gov/exoplanet-catalog/hd-149143-b/
2871,HD 149026 b,75.8643,0.38 Jupiters,8.15,2005,https://science.nasa.gov/exoplanet-catalog/hd-149026-b/
2872,HD 148156 b,57.1289,0.85 Jupiters,7.69,2009,https://science.nasa.gov/exoplanet-catalog/hd-148156-b/
2873,HD 147513 b,12.8923,1.21 Jupiters,5.37,2003,https://science.nasa.gov/exoplanet-catalog/hd-147513-b/
2874,HD 147018 c,40.4256,6.56 Jupiters,8.3,2009,https://science.nasa.gov/exoplanet-catalog/hd-147018-c/
2875,KELT-2 A b,134.058,1.7 Jupiters,8.68,2012,https://science.nasa.gov/exoplanet-catalog/kelt-2-a-b/
2876,HR 8799 e,41.2441,10 Jupiters,5.98,2010,https://science.nasa.gov/exoplanet-catalog/hr-8799-e/
2877,HD 147018 b,40.4256,2.12 Jupiters,8.3,2009,https://science.nasa.gov/exoplanet-catalog/hd-147018-b/
2878,HD 145934 b,227.881,2.072 Jupiters,8.495,2015,https://science.nasa.gov/exoplanet-catalog/hd-145934-b/
2879,HD 145457 b,135.292,2.794 Jupiters,6.57226,2010,https://science.nasa.gov/exoplanet-catalog/hd-145457-b/
2880,HD 145377 b,53.4884,6.02 Jupiters,9.236,2008,https://science.nasa.gov/exoplanet-catalog/hd-145377-b/
2881,HD 143361 b,68.5146,4.35 Jupiters,9.2,2008,https://science.nasa.gov/exoplanet-catalog/hd-143361-b/
2882,HD 142415 b,35.5318,1.67 Jupiters,7.33,2003,https://science.nasa.gov/exoplanet-catalog/hd-142415-b/
2883,HD 142245 b,97.2305,3.07 Jupiters,7.46,2011,https://science.nasa.gov/exoplanet-catalog/hd-142245-b/
2884,HD 142022 A b,34.2802,4.51 Jupiters,7.7,2005,https://science.nasa.gov/exoplanet-catalog/hd-142022-a-b/
2885,HD 141937 b,33.3622,11.3 Jupiters,7.25,2002,https://science.nasa.gov/exoplanet-catalog/hd-141937-b/
2886,HD 139357 b,112.09,19.871 Jupiters,5.97272,2008,https://science.nasa.gov/exoplanet-catalog/hd-139357-b/
2887,HD 137388 b,40.4841,0.2 Jupiters,8.71,2011,https://science.nasa.gov/exoplanet-catalog/hd-137388-b/
2888,HD 136418 b,105.168,2.14 Jupiters,7.849,2009,https://science.nasa.gov/exoplanet-catalog/hd-136418-b/
2889,HD 134987 c,26.1804,0.82 Jupiters,6.47,2009,https://science.nasa.gov/exoplanet-catalog/hd-134987-c/
2890,HD 134987 b,26.1804,1.61 Jupiters,6.47,1999,https://science.nasa.gov/exoplanet-catalog/hd-134987-b/
2891,HD 132563 b,105.155,1.49 Jupiters,8.928001,2011,https://science.nasa.gov/exoplanet-catalog/hd-132563-b/
2892,Iota Draconis b,31.32832,11.82 Jupiters,3.29668,2002,https://science.nasa.gov/exoplanet-catalog/iota-draconis-b/
2893,HR 8799 d,41.2441,10 Jupiters,5.98,2008,https://science.nasa.gov/exoplanet-catalog/hr-8799-d/
2894,HR 8799 c,41.2441,10 Jupiters,5.98,2008,https://science.nasa.gov/exoplanet-catalog/hr-8799-c/
2895,HR 8799 b,41.2441,7 Jupiters,5.98,2008,https://science.nasa.gov/exoplanet-catalog/hr-8799-b/
2896,HR 810 b,17.3572,6.2 Jupiters,5.395,1999,https://science.nasa.gov/exoplanet-catalog/hr-810-b/
2897,HIP 97233 b,102.275,19.187 Jupiters,7.34,2014,https://science.nasa.gov/exoplanet-catalog/hip-97233-b/
2898,HIP 91258 b,45.8846,1.09 Jupiters,8.65,2013,https://science.nasa.gov/exoplanet-catalog/hip-91258-b/
2899,HIP 79431 b,14.5324,2.1 Jupiters,11.394,2009,https://science.nasa.gov/exoplanet-catalog/hip-79431-b/
2900,HIP 78530 b,136.759,23 Jupiters,7.1691,2010,https://science.nasa.gov/exoplanet-catalog/hip-78530-b/
2901,HIP 116454 b,62.4491,9.7 Earths,10.19,2014,https://science.nasa.gov/exoplanet-catalog/hip-116454-b/
2902,HIP 105854 b,78.6381,8.2 Jupiters,5.64,2014,https://science.nasa.gov/exoplanet-catalog/hip-105854-b/
2903,HD 212771 b,111.155,2.39 Jupiters,7.6,2009,https://science.nasa.gov/exoplanet-catalog/hd-212771-b/
2904,HD 210702 b,54.1963,1.515 Jupiters,5.93022,2007,https://science.nasa.gov/exoplanet-catalog/hd-210702-b/
2905,HD 210277 b,21.2985,1.29 Jupiters,6.54348,1998,https://science.nasa.gov/exoplanet-catalog/hd-210277-b/
2906,HD 209458 b,48.3016,0.73 Jupiters,7.65,1999,https://science.nasa.gov/exoplanet-catalog/hd-209458-b/
2907,HD 208527 b,312.202,9.9 Jupiters,6.38984,2012,https://science.nasa.gov/exoplanet-catalog/hd-208527-b/
2908,HD 208487 b,45.147,0.46 Jupiters,7.47,2004,https://science.nasa.gov/exoplanet-catalog/hd-208487-b/
2909,HD 207832 c,58.9291,0.73 Jupiters,8.78,2012,https://science.nasa.gov/exoplanet-catalog/hd-207832-c/
2910,HD 207832 b,58.9291,0.56 Jupiters,8.78,2012,https://science.nasa.gov/exoplanet-catalog/hd-207832-b/
2911,HD 206610 b,147.192,2.036 Jupiters,8.34,2009,https://science.nasa.gov/exoplanet-catalog/hd-206610-b/
2912,HD 205739 b,92.5087,1.37 Jupiters,8.56,2008,https://science.nasa.gov/exoplanet-catalog/hd-205739-b/
2913,HD 204941 b,28.7165,0.23 Jupiters,8.45,2011,https://science.nasa.gov/exoplanet-catalog/hd-204941-b/
2914,HD 204313 b,47.7945,4.615 Jupiters,7.99,2010,https://science.nasa.gov/exoplanet-catalog/hd-204313-b/
2915,HD 203030 b,39.2503,11 Jupiters,8.45,2006,https://science.nasa.gov/exoplanet-catalog/hd-203030-b/
2916,HD 202206 c,45.9665,3.09 Jupiters,8.08,2004,https://science.nasa.gov/exoplanet-catalog/hd-202206-c/
2917,HD 200964 c,72.5922,1.214 Jupiters,6.48605,2010,https://science.nasa.gov/exoplanet-catalog/hd-200964-c/
2918,HD 200964 b,72.5922,1.599 Jupiters,6.48605,2010,https://science.nasa.gov/exoplanet-catalog/hd-200964-b/
2919,HD 197037 b,33.1944,0.79 Jupiters,6.82294,2012,https://science.nasa.gov/exoplanet-catalog/hd-197037-b/
2920,Ross 458 c,11.5094,6 Jupiters,9.76,2010,https://science.nasa.gov/exoplanet-catalog/ross-458-c/
2921,HIP 70849 b,24.0572,4.5 Jupiters,10.421,2011,https://science.nasa.gov/exoplanet-catalog/hip-70849-b/
2922,HIP 67851 c,64.1181,6.937 Jupiters,6.17,2015,https://science.nasa.gov/exoplanet-catalog/hip-67851-c/
2923,HIP 67851 b,64.1181,1.15 Jupiters,6.17,2015,https://science.nasa.gov/exoplanet-catalog/hip-67851-b/
2924,HIP 63242 b,156.456,9.18 Jupiters,6.86,2013,https://science.nasa.gov/exoplanet-catalog/hip-63242-b/
2925,HIP 57274 d,25.8618,0.5267 Jupiters,8.97,2011,https://science.nasa.gov/exoplanet-catalog/hip-57274-d/
2926,HIP 57274 c,25.8618,0.40902369 Jupiters,8.97,2011,https://science.nasa.gov/exoplanet-catalog/hip-57274-c/
2927,HIP 57274 b,25.8618,10.57 Jupiters,8.97,2011,https://science.nasa.gov/exoplanet-catalog/hip-57274-b/
2928,HIP 5158 c,51.6026,15.04 Jupiters,10.16,2011,https://science.nasa.gov/exoplanet-catalog/hip-5158-c/
2929,HIP 5158 b,51.6026,1.42 Jupiters,10.16,2009,https://science.nasa.gov/exoplanet-catalog/hip-5158-b/
2930,HIP 14810 d,50.48,0.59 Jupiters,8.520001,2009,https://science.nasa.gov/exoplanet-catalog/hip-14810-d/
2931,HIP 14810 c,50.48,1.31 Jupiters,8.520001,2006,https://science.nasa.gov/exoplanet-catalog/hip-14810-c/
2932,HIP 14810 b,50.48,3.9 Jupiters,8.520001,2005,https://science.nasa.gov/exoplanet-catalog/hip-14810-b/
2933,HIP 12961 b,23.371,0.36 Jupiters,10.25,2010,https://science.nasa.gov/exoplanet-catalog/hip-12961-b/
2934,HD 330075 b,45.2989,0.48 Jupiters,9.36,2004,https://science.nasa.gov/exoplanet-catalog/hd-330075-b/
2935,HD 290327 b,56.433,2.43 Jupiters,8.99,2009,https://science.nasa.gov/exoplanet-catalog/hd-290327-b/
2936,HD 285968 b,9.47045,8.4 Earths,9.95,2008,https://science.nasa.gov/exoplanet-catalog/hd-285968-b/
2937,HD 285507 b,45.0293,0.98 Jupiters,10.49,2013,https://science.nasa.gov/exoplanet-catalog/hd-285507-b/
2938,HD 240237 b,933.377,15.89 Jupiters,8.19,2011,https://science.nasa.gov/exoplanet-catalog/hd-240237-b/
2939,HD 240210 b,372.405,5.21 Jupiters,8.270001,2009,https://science.nasa.gov/exoplanet-catalog/hd-240210-b/
2940,HD 233604 b,847.058,6.575 Jupiters,10.291,2013,https://science.nasa.gov/exoplanet-catalog/hd-233604-b/
2941,HD 231701 b,108.877,1.13 Jupiters,8.97,2007,https://science.nasa.gov/exoplanet-catalog/hd-231701-b/
2942,HD 224693 b,93.5015,0.7 Jupiters,8.23,2006,https://science.nasa.gov/exoplanet-catalog/hd-224693-b/
2943,HD 222582 b,42.1586,8.37 Jupiters,7.68,1999,https://science.nasa.gov/exoplanet-catalog/hd-222582-b/
2944,HD 222155 b,50.6078,1.83 Jupiters,7.11716,2011,https://science.nasa.gov/exoplanet-catalog/hd-222155-b/
2945,HD 221287 b,55.9231,3.09 Jupiters,7.82,2007,https://science.nasa.gov/exoplanet-catalog/hd-221287-b/
2946,HD 220773 b,50.5103,1.45 Jupiters,7.10831,2011,https://science.nasa.gov/exoplanet-catalog/hd-220773-b/
2947,HD 220689 b,46.8778,1.2 Jupiters,7.74,2012,https://science.nasa.gov/exoplanet-catalog/hd-220689-b/
2948,HD 220074 b,324.54,16.64 Jupiters,6.40607,2012,https://science.nasa.gov/exoplanet-catalog/hd-220074-b/
2949,HD 219828 b,73.114,19.06970442 Earths,8.04,2007,https://science.nasa.gov/exoplanet-catalog/hd-219828-b/
2950,HD 219415 b,165.184,1 Jupiter,8.909,2012,https://science.nasa.gov/exoplanet-catalog/hd-219415-b/
2951,HD 219077 b,29.1864,9.62 Jupiters,6.12,2012,https://science.nasa.gov/exoplanet-catalog/hd-219077-b/
2952,HD 218566 b,28.8274,0.2 Jupiters,8.6,2010,https://science.nasa.gov/exoplanet-catalog/hd-218566-b/
2953,HD 217786 b,55.4847,13.852 Jupiters,7.78,2011,https://science.nasa.gov/exoplanet-catalog/hd-217786-b/
2954,HD 217107 c,20.0619,4.37 Jupiters,6.155,2005,https://science.nasa.gov/exoplanet-catalog/hd-217107-c/
2955,HD 217107 b,20.0619,1.446 Jupiters,6.155,1998,https://science.nasa.gov/exoplanet-catalog/hd-217107-b/
2956,HD 216770 b,36.6625,0.57 Jupiters,8.11,2003,https://science.nasa.gov/exoplanet-catalog/hd-216770-b/
2957,HD 216536 b,376.233,1.05 Jupiters,9.229,2015,https://science.nasa.gov/exoplanet-catalog/hd-216536-b/
2958,HD 216437 b,26.6902,4.2 Jupiters,6.04,2002,https://science.nasa.gov/exoplanet-catalog/hd-216437-b/
2959,HD 216435 b,32.9834,1.26 Jupiters,6.03,2002,https://science.nasa.gov/exoplanet-catalog/hd-216435-b/
2960,HD 215497 c,40.5468,0.35 Jupiters,8.96,2009,https://science.nasa.gov/exoplanet-catalog/hd-215497-c/
2961,HD 215497 b,40.5468,4.999 Jupiters,8.96,2009,https://science.nasa.gov/exoplanet-catalog/hd-215497-b/
2962,HD 213240 b,40.8707,5.21 Jupiters,6.81,2001,https://science.nasa.gov/exoplanet-catalog/hd-213240-b/
2963,HD 212301 b,54.2304,0.51 Jupiters,7.76,2005,https://science.nasa.gov/exoplanet-catalog/hd-212301-b/
2964,HD 196067 b,39.9346,11.4 Jupiters,6.51,2012,https://science.nasa.gov/exoplanet-catalog/hd-196067-b/
2965,HD 196050 b,50.6742,4.7 Jupiters,7.5,2002,https://science.nasa.gov/exoplanet-catalog/hd-196050-b/
2966,HD 195019 b,37.6681,3.98 Jupiters,6.87591,1998,https://science.nasa.gov/exoplanet-catalog/hd-195019-b/
2967,HD 192699 b,71.8627,2.096 Jupiters,6.45591,2007,https://science.nasa.gov/exoplanet-catalog/hd-192699-b/
2968,HD 192310 c,8.8116,24 Earths,5.73,2011,https://science.nasa.gov/exoplanet-catalog/hd-192310-c/
2969,HD 192310 b,8.8116,16.9 Earths,5.73,2011,https://science.nasa.gov/exoplanet-catalog/hd-192310-b/
2970,HD 192263 b,19.6359,0.56 Jupiters,7.79,1999,https://science.nasa.gov/exoplanet-catalog/hd-192263-b/
2971,HD 190984 b,148.187,3.58 Jupiters,8.76,2009,https://science.nasa.gov/exoplanet-catalog/hd-190984-b/
2972,HD 190647 b,54.4738,1.985 Jupiters,7.78,2007,https://science.nasa.gov/exoplanet-catalog/hd-190647-b/
2973,HD 190360 c,16.0035,26.2 Earths,5.745,2005,https://science.nasa.gov/exoplanet-catalog/hd-190360-c/
2974,HD 190360 b,16.0035,1.68959095 Jupiters,5.745,2003,https://science.nasa.gov/exoplanet-catalog/hd-190360-b/
2975,HD 189733 b,19.7638,1.13 Jupiters,7.67,2005,https://science.nasa.gov/exoplanet-catalog/hd-189733-b/
2976,HD 188015 b,50.6706,1.5 Jupiters,8.24,2004,https://science.nasa.gov/exoplanet-catalog/hd-188015-b/
2977,HD 187123 c,45.9548,2.87 Jupiters,7.83,2008,https://science.nasa.gov/exoplanet-catalog/hd-187123-c/
2978,HD 187123 b,45.9548,0.523 Jupiters,7.83,1998,https://science.nasa.gov/exoplanet-catalog/hd-187123-b/
2979,HD 187085 b,45.8993,0.836 Jupiters,7.22,2006,https://science.nasa.gov/exoplanet-catalog/hd-187085-b/
2980,HD 185269 b,51.9917,1.01 Jupiters,6.67973,2006,https://science.nasa.gov/exoplanet-catalog/hd-185269-b/
2981,HD 183263 c,54.1955,9.31 Jupiters,7.86,2008,https://science.nasa.gov/exoplanet-catalog/hd-183263-c/
2982,HD 183263 b,54.1955,3.471 Jupiters,7.86,2004,https://science.nasa.gov/exoplanet-catalog/hd-183263-b/
2983,HD 181720 b,60.2046,0.4 Jupiters,7.84,2009,https://science.nasa.gov/exoplanet-catalog/hd-181720-b/
2984,HD 181433 d,26.8762,2.7 Jupiters,8.4,2008,https://science.nasa.gov/exoplanet-catalog/hd-181433-d/
2985,HD 181433 c,26.8762,6.944 Jupiters,8.4,2008,https://science.nasa.gov/exoplanet-catalog/hd-181433-c/
2986,HD 181433 b,26.8762,5.376 Jupiters,8.4,2008,https://science.nasa.gov/exoplanet-catalog/hd-181433-b/
2987,HD 181342 b,120.391,2.54 Jupiters,7.55,2009,https://science.nasa.gov/exoplanet-catalog/hd-181342-b/
2988,HD 180902 b,104.577,1.685 Jupiters,7.78,2009,https://science.nasa.gov/exoplanet-catalog/hd-180902-b/
2989,GJ 1148 b,11.0143,0.3042507 Jupiters,11.939,2010,https://science.nasa.gov/exoplanet-catalog/gj-1148-b/
2990,HD 9446 c,50.3503,1.82 Jupiters,8.35,2009,https://science.nasa.gov/exoplanet-catalog/hd-9446-c/
2991,HD 9446 b,50.3503,0.7 Jupiters,8.35,2009,https://science.nasa.gov/exoplanet-catalog/hd-9446-b/
2992,HD 8673 b,37.8619,13.248 Jupiters,6.331,2009,https://science.nasa.gov/exoplanet-catalog/hd-8673-b/
2993,HD 8574 b,44.8264,2.03 Jupiters,7.12,2002,https://science.nasa.gov/exoplanet-catalog/hd-8574-b/
2994,HD 8535 b,55.4401,0.68 Jupiters,7.7,2010,https://science.nasa.gov/exoplanet-catalog/hd-8535-b/
2995,HD 7924 d,16.9922,4.934 Jupiters,7.17896,2015,https://science.nasa.gov/exoplanet-catalog/hd-7924-d/
2996,HD 7924 c,16.9922,5.546 Jupiters,7.17896,2015,https://science.nasa.gov/exoplanet-catalog/hd-7924-c/
2997,HD 7924 b,16.9922,6.476 Jupiters,7.17896,2008,https://science.nasa.gov/exoplanet-catalog/hd-7924-b/
2998,HD 7449 b,38.662,8.174 Jupiters,7.5,2011,https://science.nasa.gov/exoplanet-catalog/hd-7449-b/
2999,HD 7199 b,36.1531,11.45 Jupiters,8.06,2011,https://science.nasa.gov/exoplanet-catalog/hd-7199-b/
3000,HD 6434 b,42.358,0.49 Jupiters,7.72,2003,https://science.nasa.gov/exoplanet-catalog/hd-6434-b/
3001,HD 5891 b,283.502,7.63 Jupiters,8.09,2011,https://science.nasa.gov/exoplanet-catalog/hd-5891-b/
3002,HD 564 b,51.1659,0.33 Jupiters,8.32,2014,https://science.nasa.gov/exoplanet-catalog/hd-564-b/
3003,HD 5608 b,58.1105,1.168 Jupiters,6.00272,2012,https://science.nasa.gov/exoplanet-catalog/hd-5608-b/
3004,HD 5319 c,121.405,1.053 Jupiters,8.05,2014,https://science.nasa.gov/exoplanet-catalog/hd-5319-c/
3005,HD 5319 b,121.405,1.556 Jupiters,8.05,2007,https://science.nasa.gov/exoplanet-catalog/hd-5319-b/
3006,HD 4732 c,54.7841,3.365 Jupiters,5.9,2012,https://science.nasa.gov/exoplanet-catalog/hd-4732-c/
3007,HD 4732 b,54.7841,1.986 Jupiters,5.9,2012,https://science.nasa.gov/exoplanet-catalog/hd-4732-b/
3008,HD 4313 b,136.308,1.927 Jupiters,7.83,2009,https://science.nasa.gov/exoplanet-catalog/hd-4313-b/
3009,HD 4308 b,22.0158,15.8915 Earths,6.55,2005,https://science.nasa.gov/exoplanet-catalog/hd-4308-b/
3010,HD 4208 b,34.1937,0.81 Jupiters,7.783,2001,https://science.nasa.gov/exoplanet-catalog/hd-4208-b/
3011,HD 4203 c,81.3795,2.17 Jupiters,8.7,2014,https://science.nasa.gov/exoplanet-catalog/hd-4203-c/
3012,HD 4203 b,81.3795,2.23 Jupiters,8.7,2001,https://science.nasa.gov/exoplanet-catalog/hd-4203-b/
3013,HD 4113 b,41.8727,1.703 Jupiters,7.88,2007,https://science.nasa.gov/exoplanet-catalog/hd-4113-b/
3014,HD 3651 b,11.1081,0.228 Jupiters,5.863,2003,https://science.nasa.gov/exoplanet-catalog/hd-3651-b/
3015,HD 2952 b,110.103,0.896 Jupiters,5.9258,2013,https://science.nasa.gov/exoplanet-catalog/hd-2952-b/
3016,HD 2638 b,54.9621,0.42 Jupiters,9.44,2005,https://science.nasa.gov/exoplanet-catalog/hd-2638-b/
3017,HD 2039 b,85.6922,6.29 Jupiters,9,2002,https://science.nasa.gov/exoplanet-catalog/hd-2039-b/
3018,HD 180314 b,122.362,22.707 Jupiters,6.61519,2010,https://science.nasa.gov/exoplanet-catalog/hd-180314-b/
3019,HD 179949 b,27.4573,0.916 Jupiters,6.25,2000,https://science.nasa.gov/exoplanet-catalog/hd-179949-b/
3020,HD 179079 b,69.7116,13.2 Jupiters,7.95,2008,https://science.nasa.gov/exoplanet-catalog/hd-179079-b/
3021,HD 178911 B b,40.9727,8.03 Jupiters,7.97,2001,https://science.nasa.gov/exoplanet-catalog/hd-178911-b-b/
3022,HD 1690 b,752.615,8.79 Jupiters,9.19,2010,https://science.nasa.gov/exoplanet-catalog/hd-1690-b/
3023,HD 1666 b,117.908,6.43 Jupiters,8.17,2015,https://science.nasa.gov/exoplanet-catalog/hd-1666-b/
3024,HD 1605 c,88.8047,3.62 Jupiters,7.52,2015,https://science.nasa.gov/exoplanet-catalog/hd-1605-c/
3025,HD 1605 b,88.8047,0.934 Jupiters,7.52,2015,https://science.nasa.gov/exoplanet-catalog/hd-1605-b/
3026,HD 1502 b,190.953,2.75 Jupiters,8.36,2011,https://science.nasa.gov/exoplanet-catalog/hd-1502-b/
3027,HD 1461 b,23.4534,6.44 Earths,6.47933,2010,https://science.nasa.gov/exoplanet-catalog/hd-1461-b/
3028,HD 142 c,26.1853,10.901 Jupiters,5.7,2012,https://science.nasa.gov/exoplanet-catalog/hd-142-c/
3029,HD 142 b,26.1853,7.1 Jupiters,5.7,2001,https://science.nasa.gov/exoplanet-catalog/hd-142-b/
3030,HD 132406 b,70.7832,5.94 Jupiters,8.45,2007,https://science.nasa.gov/exoplanet-catalog/hd-132406-b/
3031,HD 131496 b,131.849,1.8 Jupiters,7.8,2011,https://science.nasa.gov/exoplanet-catalog/hd-131496-b/
3032,HD 130322 b,31.8766,1.15 Jupiters,8.04,1999,https://science.nasa.gov/exoplanet-catalog/hd-130322-b/
3033,HD 10647 b,17.3488,0.94 Jupiters,5.52,2006,https://science.nasa.gov/exoplanet-catalog/hd-10647-b/
3034,HD 10442 b,135.374,1.487 Jupiters,7.828,2014,https://science.nasa.gov/exoplanet-catalog/hd-10442-b/
3035,HD 10180 h,38.9607,0.203 Jupiters,7.33,2010,https://science.nasa.gov/exoplanet-catalog/hd-10180-h/
3036,HD 10180 g,38.9607,10.62 Jupiters,7.33,2010,https://science.nasa.gov/exoplanet-catalog/hd-10180-g/
3037,HD 10180 f,38.9607,23.9 Earths,7.33,2010,https://science.nasa.gov/exoplanet-catalog/hd-10180-f/
3038,HD 10180 e,38.9607,25.1 Earths,7.33,2010,https://science.nasa.gov/exoplanet-catalog/hd-10180-e/
3039,HD 10180 d,38.9607,10.37 Jupiters,7.33,2010,https://science.nasa.gov/exoplanet-catalog/hd-10180-d/
3040,HD 10180 c,38.9607,8.626 Jupiters,7.33,2010,https://science.nasa.gov/exoplanet-catalog/hd-10180-c/
3041,HD 99706 b,146.6,1.23 Jupiters,7.65,2011,https://science.nasa.gov/exoplanet-catalog/hd-99706-b/
3042,HD 99492 b,18.2038,25.5 Earths,7.56727,2004,https://science.nasa.gov/exoplanet-catalog/hd-99492-b/
3043,HD 99109 b,54.7901,0.44 Jupiters,9.1,2005,https://science.nasa.gov/exoplanet-catalog/hd-99109-b/
3044,HD 98649 b,42.1727,9.7 Jupiters,8,2012,https://science.nasa.gov/exoplanet-catalog/hd-98649-b/
3045,HD 98219 b,113.704,1.964 Jupiters,8.05,2011,https://science.nasa.gov/exoplanet-catalog/hd-98219-b/
3046,HD 97658 b,21.5618,8.3 Earths,7.76,2010,https://science.nasa.gov/exoplanet-catalog/hd-97658-b/
3047,HD 96167 b,85.3006,0.717 Jupiters,8.09,2009,https://science.nasa.gov/exoplanet-catalog/hd-96167-b/
3048,HD 96127 b,587.659,3.8 Jupiters,7.40521,2011,https://science.nasa.gov/exoplanet-catalog/hd-96127-b/
3049,HD 96063 b,140.065,1.27 Jupiters,8.21,2011,https://science.nasa.gov/exoplanet-catalog/hd-96063-b/
3050,HD 95127 b,676.579,10.63 Jupiters,8.15,2015,https://science.nasa.gov/exoplanet-catalog/hd-95127-b/
3051,HD 95089 b,136.957,1.26 Jupiters,7.92,2009,https://science.nasa.gov/exoplanet-catalog/hd-95089-b/
3052,HD 95086 b,86.2279,5 Jupiters,7.36,2013,https://science.nasa.gov/exoplanet-catalog/hd-95086-b/
3053,HD 129445 b,67.4386,2.51 Jupiters,8.8,2009,https://science.nasa.gov/exoplanet-catalog/hd-129445-b/
3054,HD 128311 c,16.3292,3.789 Jupiters,7.48,2005,https://science.nasa.gov/exoplanet-catalog/hd-128311-c/
3055,HD 128311 b,16.3292,1.769 Jupiters,7.48,2002,https://science.nasa.gov/exoplanet-catalog/hd-128311-b/
3056,HD 126614 b,73.0961,0.339 Jupiters,8.81,2009,https://science.nasa.gov/exoplanet-catalog/hd-126614-b/
3057,HD 125612 d,57.6207,7.178 Jupiters,8.31,2009,https://science.nasa.gov/exoplanet-catalog/hd-125612-d/
3058,HD 125612 c,57.6207,15.57359194 Earths,8.31,2009,https://science.nasa.gov/exoplanet-catalog/hd-125612-c/
3059,HD 125612 b,57.6207,2.974 Jupiters,8.31,2007,https://science.nasa.gov/exoplanet-catalog/hd-125612-b/
3060,HD 125595 b,28.1989,11.11 Jupiters,9.03,2011,https://science.nasa.gov/exoplanet-catalog/hd-125595-b/
3061,HD 121504 b,41.6592,1.51 Jupiters,7.54,2003,https://science.nasa.gov/exoplanet-catalog/hd-121504-b/
3062,HD 120084 b,103.044,6.4 Jupiters,5.90686,2013,https://science.nasa.gov/exoplanet-catalog/hd-120084-b/
3063,HD 118203 b,92.2589,2.14 Jupiters,8.05,2005,https://science.nasa.gov/exoplanet-catalog/hd-118203-b/
3064,HD 117618 b,37.7781,0.174 Jupiters,7.17,2004,https://science.nasa.gov/exoplanet-catalog/hd-117618-b/
3065,HD 117207 b,32.3547,2.106 Jupiters,7.26,2004,https://science.nasa.gov/exoplanet-catalog/hd-117207-b/
3066,HD 116029 b,123.245,1.4 Jupiters,7.88,2011,https://science.nasa.gov/exoplanet-catalog/hd-116029-b/
3067,HD 114783 b,21.0628,1.1 Jupiters,7.56,2001,https://science.nasa.gov/exoplanet-catalog/hd-114783-b/
3068,HD 114729 b,37.8063,0.825 Jupiters,6.68,2002,https://science.nasa.gov/exoplanet-catalog/hd-114729-b/
3069,HD 114386 b,27.9243,1.46 Jupiters,8.73,2003,https://science.nasa.gov/exoplanet-catalog/hd-114386-b/
3070,HD 113538 c,16.2817,0.93 Jupiters,9.05,2010,https://science.nasa.gov/exoplanet-catalog/hd-113538-c/
3071,HD 113538 b,16.2817,0.36 Jupiters,9.05,2010,https://science.nasa.gov/exoplanet-catalog/hd-113538-b/
3072,HD 113337 b,36.18,3.259 Jupiters,6.02078,2013,https://science.nasa.gov/exoplanet-catalog/hd-113337-b/
3073,HD 111232 b,28.9571,7.965 Jupiters,7.59,2003,https://science.nasa.gov/exoplanet-catalog/hd-111232-b/
3074,HD 110014 b,100.758,11.09 Jupiters,4.64597,2009,https://science.nasa.gov/exoplanet-catalog/hd-110014-b/
3075,HD 109749 b,63.0821,0.27 Jupiters,8.08,2005,https://science.nasa.gov/exoplanet-catalog/hd-109749-b/
3076,HD 109271 c,55.8716,24.154 Earths,8.04,2013,https://science.nasa.gov/exoplanet-catalog/hd-109271-c/
3077,HD 109271 b,55.8716,17.162 Earths,8.04,2013,https://science.nasa.gov/exoplanet-catalog/hd-109271-b/
3078,HD 109246 b,67.8349,0.86 Jupiters,8.751,2010,https://science.nasa.gov/exoplanet-catalog/hd-109246-b/
3079,HD 108874 c,59.5175,0.99 Jupiters,8.76,2005,https://science.nasa.gov/exoplanet-catalog/hd-108874-c/
3080,HD 108874 b,59.5175,1.42 Jupiters,8.76,2002,https://science.nasa.gov/exoplanet-catalog/hd-108874-b/
3081,HD 108863 b,164.742,2.414 Jupiters,7.71,2011,https://science.nasa.gov/exoplanet-catalog/hd-108863-b/
3082,HD 108341 b,48.9102,2.25 Jupiters,9.38,2014,https://science.nasa.gov/exoplanet-catalog/hd-108341-b/
3083,HD 108147 b,38.92,0.261 Jupiters,6.99,2002,https://science.nasa.gov/exoplanet-catalog/hd-108147-b/
3084,HD 107148 b,49.4156,0.21 Jupiters,8.01,2005,https://science.nasa.gov/exoplanet-catalog/hd-107148-b/
3085,HD 106906 b,103.029,11 Jupiters,7.8,2013,https://science.nasa.gov/exoplanet-catalog/hd-106906-b/
3086,HD 106515 A b,34.0915,18.9 Jupiters,7.971,2012,https://science.nasa.gov/exoplanet-catalog/hd-106515-a-b/
3087,HD 106270 b,93.808,11.4 Jupiters,7.58,2011,https://science.nasa.gov/exoplanet-catalog/hd-106270-b/
3088,HD 106252 b,38.185,10 Jupiters,7.41,2002,https://science.nasa.gov/exoplanet-catalog/hd-106252-b/
3089,HD 104985 b,100.576,5.559 Jupiters,5.79389,2003,https://science.nasa.gov/exoplanet-catalog/hd-104985-b/
3090,HD 104067 b,20.3632,0.19538845 Jupiters,7.92,2011,https://science.nasa.gov/exoplanet-catalog/hd-104067-b/
3091,HD 103774 b,56.4089,0.367 Jupiters,7.13463,2013,https://science.nasa.gov/exoplanet-catalog/hd-103774-b/
3092,HD 103720 b,45.5352,0.62 Jupiters,9.5,2014,https://science.nasa.gov/exoplanet-catalog/hd-103720-b/
3093,HD 103197 b,57.1463,28.6047 Earths,9.4,2011,https://science.nasa.gov/exoplanet-catalog/hd-103197-b/
3094,HD 102956 b,121.89,0.96 Jupiters,7.86,2010,https://science.nasa.gov/exoplanet-catalog/hd-102956-b/
3095,HD 102329 b,217.107,8.16 Jupiters,7.88,2011,https://science.nasa.gov/exoplanet-catalog/hd-102329-b/
3096,HD 102272 b,347.097,4.94 Jupiters,8.69,2008,https://science.nasa.gov/exoplanet-catalog/hd-102272-b/
3097,HD 102195 b,29.3386,0.41 Jupiters,8.07,2006,https://science.nasa.gov/exoplanet-catalog/hd-102195-b/
3098,HD 102117 b,39.5792,0.17 Jupiters,7.47,2005,https://science.nasa.gov/exoplanet-catalog/hd-102117-b/
3099,HD 101930 b,30.0274,0.25 Jupiters,8.21,2005,https://science.nasa.gov/exoplanet-catalog/hd-101930-b/
3100,HD 100777 b,49.5336,1.23 Jupiters,8.42,2007,https://science.nasa.gov/exoplanet-catalog/hd-100777-b/
3101,HD 100655 b,137.178,1.61 Jupiters,6.4421,2011,https://science.nasa.gov/exoplanet-catalog/hd-100655-b/
3102,HD 100546 b,109.677,8.5 Jupiters,6.69,2014,https://science.nasa.gov/exoplanet-catalog/hd-100546-b/
3103,HD 93083 b,28.5159,0.451 Jupiters,8.3,2005,https://science.nasa.gov/exoplanet-catalog/hd-93083-b/
3104,HD 92788 b,34.6538,3.76 Jupiters,7.31637,2000,https://science.nasa.gov/exoplanet-catalog/hd-92788-b/
3105,HD 90156 b,21.9496,17.98 Earths,6.92,2011,https://science.nasa.gov/exoplanet-catalog/hd-90156-b/
3106,HD 89744 b,38.6364,8.35 Jupiters,5.73469,1999,https://science.nasa.gov/exoplanet-catalog/hd-89744-b/
3107,HD 89307 b,32.0104,2.02 Jupiters,7.02569,2009,https://science.nasa.gov/exoplanet-catalog/hd-89307-b/
3108,HD 88133 b,73.6123,1.02 Jupiters,8.01852,2004,https://science.nasa.gov/exoplanet-catalog/hd-88133-b/
3109,HD 87883 b,18.2912,6.31 Jupiters,7.56,2009,https://science.nasa.gov/exoplanet-catalog/hd-87883-b/
3110,HD 86264 b,67.8107,9.808 Jupiters,7.41,2009,https://science.nasa.gov/exoplanet-catalog/hd-86264-b/
3111,HD 86226 b,45.683,0.45 Jupiters,7.93,2009,https://science.nasa.gov/exoplanet-catalog/hd-86226-b/
3112,HD 86081 b,103.936,1.48 Jupiters,8.73,2006,https://science.nasa.gov/exoplanet-catalog/hd-86081-b/
3113,HD 85390 b,33.5225,31.46517 Earths,8.54,2011,https://science.nasa.gov/exoplanet-catalog/hd-85390-b/
3114,HD 83443 b,40.8991,0.402 Jupiters,8.23,2002,https://science.nasa.gov/exoplanet-catalog/hd-83443-b/
3115,HD 82943 c,27.5902,1.959 Jupiters,6.54993,2003,https://science.nasa.gov/exoplanet-catalog/hd-82943-c/
3116,HD 82943 b,27.5902,1.681 Jupiters,6.54993,2003,https://science.nasa.gov/exoplanet-catalog/hd-82943-b/
3117,HD 82886 b,127.061,2.33 Jupiters,7.62,2011,https://science.nasa.gov/exoplanet-catalog/hd-82886-b/
3118,HD 81688 b,85.7183,1.654 Jupiters,5.39755,2007,https://science.nasa.gov/exoplanet-catalog/hd-81688-b/
3119,HD 81040 b,34.4341,7.24 Jupiters,7.72,2005,https://science.nasa.gov/exoplanet-catalog/hd-81040-b/
3120,HD 80606 b,66.4711,4.1641 Jupiters,9.06,2001,https://science.nasa.gov/exoplanet-catalog/hd-80606-b/
3121,HD 79498 b,48.9489,1.34 Jupiters,8.05,2011,https://science.nasa.gov/exoplanet-catalog/hd-79498-b/
3122,HD 77338 b,45.935,15.9 Earths,8.63,2012,https://science.nasa.gov/exoplanet-catalog/hd-77338-b/
3123,HD 76700 b,60.8831,0.21 Jupiters,8.16,2002,https://science.nasa.gov/exoplanet-catalog/hd-76700-b/
3124,HD 75898 b,78.0505,2.55 Jupiters,8.03,2007,https://science.nasa.gov/exoplanet-catalog/hd-75898-b/
3125,HD 75784 b,85.4321,1 Jupiter,7.84,2014,https://science.nasa.gov/exoplanet-catalog/hd-75784-b/
3126,HD 75289 b,29.1158,0.49 Jupiters,6.35,1999,https://science.nasa.gov/exoplanet-catalog/hd-75289-b/
3127,HD 74156 c,57.603,8.665 Jupiters,7.61,2003,https://science.nasa.gov/exoplanet-catalog/hd-74156-c/
3128,HD 74156 b,57.603,1.675 Jupiters,7.61,2003,https://science.nasa.gov/exoplanet-catalog/hd-74156-b/
3129,HD 73534 b,83.3321,1.112 Jupiters,8.23,2008,https://science.nasa.gov/exoplanet-catalog/hd-73534-b/
3130,HD 73526 c,97.2396,2.25 Jupiters,8.99,2005,https://science.nasa.gov/exoplanet-catalog/hd-73526-c/
3131,HD 73526 b,97.2396,3.08 Jupiters,8.99,2002,https://science.nasa.gov/exoplanet-catalog/hd-73526-b/
3132,HD 73267 b,50.4093,4.158 Jupiters,8.9,2008,https://science.nasa.gov/exoplanet-catalog/hd-73267-b/
3133,HD 72659 b,51.8949,2.988 Jupiters,7.46,2002,https://science.nasa.gov/exoplanet-catalog/hd-72659-b/
3134,HD 70642 b,29.276,3.9 Jupiters,7.17,2003,https://science.nasa.gov/exoplanet-catalog/hd-70642-b/
3135,HD 70573 b,59.182,6.1 Jupiters,8.667,2007,https://science.nasa.gov/exoplanet-catalog/hd-70573-b/
3136,HD 69830 d,12.5794,18.1 Earths,5.951,2006,https://science.nasa.gov/exoplanet-catalog/hd-69830-d/
3137,HD 69830 c,12.5794,11.8 Earths,5.951,2006,https://science.nasa.gov/exoplanet-catalog/hd-69830-c/
3138,HD 69830 b,12.5794,10.2 Earths,5.951,2006,https://science.nasa.gov/exoplanet-catalog/hd-69830-b/
3139,HD 68988 b,60.8447,1.97 Jupiters,8.2,2001,https://science.nasa.gov/exoplanet-catalog/hd-68988-b/
3140,HD 67087 c,76.5217,4.85 Jupiters,8.05,2015,https://science.nasa.gov/exoplanet-catalog/hd-67087-c/
3141,HD 67087 b,76.5217,3.06 Jupiters,8.05,2015,https://science.nasa.gov/exoplanet-catalog/hd-67087-b/
3142,HD 66428 b,53.2817,10.946 Jupiters,8.25,2005,https://science.nasa.gov/exoplanet-catalog/hd-66428-b/
3143,HD 66141 b,68.1509,6 Jupiters,4.37821,2012,https://science.nasa.gov/exoplanet-catalog/hd-66141-b/
3144,HD 65216 c,35.1205,2.03 Jupiters,7.97,2013,https://science.nasa.gov/exoplanet-catalog/hd-65216-c/
3145,HD 65216 b,35.1205,1.295 Jupiters,7.97,2003,https://science.nasa.gov/exoplanet-catalog/hd-65216-b/
3146,HD 63765 b,32.5376,0.53 Jupiters,8.1,2011,https://science.nasa.gov/exoplanet-catalog/hd-63765-b/
3147,HD 63454 b,37.6894,0.25 Jupiters,9.37,2005,https://science.nasa.gov/exoplanet-catalog/hd-63454-b/
3148,HD 62509 b,10.34,2.3 Jupiters,1.12512,2006,https://science.nasa.gov/exoplanet-catalog/hd-62509-b/
3149,HD 60532 c,25.9716,2.51 Jupiters,4.44,2008,https://science.nasa.gov/exoplanet-catalog/hd-60532-c/
3150,HD 60532 b,25.9716,1.06 Jupiters,4.44,2008,https://science.nasa.gov/exoplanet-catalog/hd-60532-b/
3151,HD 52265 b,29.9803,1.21 Jupiters,6.29351,2000,https://science.nasa.gov/exoplanet-catalog/hd-52265-b/
3152,HD 50554 b,31.1664,5.85 Jupiters,6.8561,2002,https://science.nasa.gov/exoplanet-catalog/hd-50554-b/
3153,HD 50499 b,46.2845,1.636 Jupiters,7.21,2005,https://science.nasa.gov/exoplanet-catalog/hd-50499-b/
3154,HD 49674 b,43.0399,31.783 Earths,8.1,2002,https://science.nasa.gov/exoplanet-catalog/hd-49674-b/
3155,HD 48265 b,90.5446,7.4 Jupiters,8.05,2008,https://science.nasa.gov/exoplanet-catalog/hd-48265-b/
3156,HD 47536 b,122.536,7.32 Jupiters,5.25,2002,https://science.nasa.gov/exoplanet-catalog/hd-47536-b/
3157,HD 47186 c,37.4574,0.35061 Jupiters,7.63,2008,https://science.nasa.gov/exoplanet-catalog/hd-47186-c/
3158,HD 47186 b,37.4574,22.2481 Earths,7.63,2008,https://science.nasa.gov/exoplanet-catalog/hd-47186-b/
3159,HD 46375 b,29.5529,0.226 Jupiters,7.91,2000,https://science.nasa.gov/exoplanet-catalog/hd-46375-b/
3160,HD 45652 b,34.8541,0.433 Jupiters,8.1,2008,https://science.nasa.gov/exoplanet-catalog/hd-45652-b/
3161,HD 45364 c,34.354,0.549 Jupiters,8.08,2008,https://science.nasa.gov/exoplanet-catalog/hd-45364-c/
3162,HD 45364 b,34.354,0.1893 Jupiters,8.08,2008,https://science.nasa.gov/exoplanet-catalog/hd-45364-b/
3163,HD 45350 b,46.8733,1.79 Jupiters,7.89,2004,https://science.nasa.gov/exoplanet-catalog/hd-45350-b/
3164,HD 44219 b,52.9051,0.58 Jupiters,7.69,2010,https://science.nasa.gov/exoplanet-catalog/hd-44219-b/
3165,HD 43691 b,85.6009,2.55 Jupiters,8.03,2007,https://science.nasa.gov/exoplanet-catalog/hd-43691-b/
3166,HD 43197 b,62.4112,0.553 Jupiters,8.98,2010,https://science.nasa.gov/exoplanet-catalog/hd-43197-b/
3167,HD 41004 B b,41.5504,18.37 Jupiters,8.6078,2003,https://science.nasa.gov/exoplanet-catalog/hd-41004-b-b/
3168,HD 41004 A b,36.69117,2.54 Jupiters,8.65,2004,https://science.nasa.gov/exoplanet-catalog/hd-41004-a-b/
3169,HD 40979 b,34.0883,4.67 Jupiters,6.75512,2002,https://science.nasa.gov/exoplanet-catalog/hd-40979-b/
3170,HD 40307 g,12.9363,7.1 Earths,7.17,2013,https://science.nasa.gov/exoplanet-catalog/hd-40307-g/
3171,HD 40307 f,12.9363,5.2 Earths,7.17,2013,https://science.nasa.gov/exoplanet-catalog/hd-40307-f/
3172,HD 40307 d,12.9363,5.586 Jupiters,7.17,2009,https://science.nasa.gov/exoplanet-catalog/hd-40307-d/
3173,HD 40307 c,12.9363,5.879 Jupiters,7.17,2009,https://science.nasa.gov/exoplanet-catalog/hd-40307-c/
3174,HD 40307 b,12.9363,3.741 Jupiters,7.17,2009,https://science.nasa.gov/exoplanet-catalog/hd-40307-b/
3175,HD 39091 b,18.2874,14.1 Jupiters,5.666,2001,https://science.nasa.gov/exoplanet-catalog/hd-39091-b/
3176,HD 38801 b,91.4349,9.698 Jupiters,8.26,2009,https://science.nasa.gov/exoplanet-catalog/hd-38801-b/
3177,HD 38529 c,42.3538,10.38 Jupiters,5.92848,2000,https://science.nasa.gov/exoplanet-catalog/hd-38529-c/
3178,HD 38529 b,42.3538,0.65 Jupiters,5.92848,2000,https://science.nasa.gov/exoplanet-catalog/hd-38529-b/
3179,HD 38283 b,38.0615,0.4 Jupiters,6.69,2010,https://science.nasa.gov/exoplanet-catalog/hd-38283-b/
3180,HD 37605 c,46.7864,3.19 Jupiters,8.67,2012,https://science.nasa.gov/exoplanet-catalog/hd-37605-c/
3181,HD 37605 b,46.7864,2.69 Jupiters,8.67,2004,https://science.nasa.gov/exoplanet-catalog/hd-37605-b/
3182,HD 37124 d,31.6634,0.696 Jupiters,7.68,2005,https://science.nasa.gov/exoplanet-catalog/hd-37124-d/
3183,HD 37124 c,31.6634,0.652 Jupiters,7.68,2002,https://science.nasa.gov/exoplanet-catalog/hd-37124-c/
3184,HD 37124 b,31.6634,0.675 Jupiters,7.68,2002,https://science.nasa.gov/exoplanet-catalog/hd-37124-b/
3185,HD 34445 b,46.0907,0.82 Jupiters,7.31,2009,https://science.nasa.gov/exoplanet-catalog/hd-34445-b/
3186,HD 33564 b,20.7858,9.1 Jupiters,5.08,2005,https://science.nasa.gov/exoplanet-catalog/hd-33564-b/
3187,HD 33283 b,89.8623,0.329 Jupiters,8.05,2006,https://science.nasa.gov/exoplanet-catalog/hd-33283-b/
3188,HD 33142 b,121.375,1.26 Jupiters,7.96,2011,https://science.nasa.gov/exoplanet-catalog/hd-33142-b/
3189,HD 32518 b,122.115,2.849 Jupiters,6.43005,2009,https://science.nasa.gov/exoplanet-catalog/hd-32518-b/
3190,HD 31253 b,58.1438,0.62 Jupiters,7.13266,2010,https://science.nasa.gov/exoplanet-catalog/hd-31253-b/
3191,HD 30856 b,131.199,1.547 Jupiters,7.91,2011,https://science.nasa.gov/exoplanet-catalog/hd-30856-b/
3192,HD 30669 b,58.0844,0.47 Jupiters,9.12,2014,https://science.nasa.gov/exoplanet-catalog/hd-30669-b/
3193,HD 30562 b,26.1597,1.47 Jupiters,5.77466,2009,https://science.nasa.gov/exoplanet-catalog/hd-30562-b/
3194,HD 30177 b,55.5867,8.25 Jupiters,8.41,2002,https://science.nasa.gov/exoplanet-catalog/hd-30177-b/
3195,HD 28678 b,189.908,1.542 Jupiters,8.38,2011,https://science.nasa.gov/exoplanet-catalog/hd-28678-b/
3196,HD 28254 b,55.2884,3.8 Jupiters,7.69,2010,https://science.nasa.gov/exoplanet-catalog/hd-28254-b/
3197,HD 28185 b,39.3809,5.85 Jupiters,7.8,2001,https://science.nasa.gov/exoplanet-catalog/hd-28185-b/
3198,HD 27894 b,43.8214,0.619 Jupiters,9.36,2005,https://science.nasa.gov/exoplanet-catalog/hd-27894-b/
3199,HD 27631 b,50.2862,1.56 Jupiters,8.26,2012,https://science.nasa.gov/exoplanet-catalog/hd-27631-b/
3200,HD 27442 b,18.2704,1.56 Jupiters,4.44,2000,https://science.nasa.gov/exoplanet-catalog/hd-27442-b/
3201,HD 25171 b,55.6146,0.915 Jupiters,7.77,2010,https://science.nasa.gov/exoplanet-catalog/hd-25171-b/
3202,HD 24040 b,46.6224,5 Jupiters,7.515,2006,https://science.nasa.gov/exoplanet-catalog/hd-24040-b/
3203,HD 23596 b,52.0018,11.914 Jupiters,7.26122,2003,https://science.nasa.gov/exoplanet-catalog/hd-23596-b/
3204,HD 23127 b,93.8555,1.527 Jupiters,8.58,2006,https://science.nasa.gov/exoplanet-catalog/hd-23127-b/
3205,HD 23079 b,33.4591,2.66 Jupiters,7.12,2001,https://science.nasa.gov/exoplanet-catalog/hd-23079-b/
3206,HD 22781 b,32.6034,13.65 Jupiters,8.78,2011,https://science.nasa.gov/exoplanet-catalog/hd-22781-b/
3207,HD 20868 b,47.7223,1.25 Jupiters,9.92,2008,https://science.nasa.gov/exoplanet-catalog/hd-20868-b/
3208,HD 20794 d,6.0414,4.8 Earths,4.258,2011,https://science.nasa.gov/exoplanet-catalog/hd-20794-d/
3209,HD 20794 b,6.0414,2.7 Earths,4.258,2011,https://science.nasa.gov/exoplanet-catalog/hd-20794-b/
3210,HD 20782 b,35.9864,1.4878 Jupiters,7.36,2006,https://science.nasa.gov/exoplanet-catalog/hd-20782-b/
3211,HD 19994 b,22.5242,1.37 Jupiters,5.06345,2003,https://science.nasa.gov/exoplanet-catalog/hd-19994-b/
3212,HD 18742 b,162.685,3.4 Jupiters,7.81,2011,https://science.nasa.gov/exoplanet-catalog/hd-18742-b/
3213,HD 17156 b,78.0863,3.26 Jupiters,8.17,2007,https://science.nasa.gov/exoplanet-catalog/hd-17156-b/
3214,HD 17092 b,228.422,10.13 Jupiters,7.732,2007,https://science.nasa.gov/exoplanet-catalog/hd-17092-b/
3215,HD 16417 b,25.3936,22.1 Earths,5.78,2008,https://science.nasa.gov/exoplanet-catalog/hd-16417-b/
3216,HD 16175 b,59.859,5.9 Jupiters,7.297,2009,https://science.nasa.gov/exoplanet-catalog/hd-16175-b/
3217,HD 16141 b,37.7861,0.26 Jupiters,6.834,2000,https://science.nasa.gov/exoplanet-catalog/hd-16141-b/
3218,HD 14067 b,142.024,15.3 Jupiters,6.53329,2014,https://science.nasa.gov/exoplanet-catalog/hd-14067-b/
3219,HD 13931 b,47.3963,2.8 Jupiters,7.61,2009,https://science.nasa.gov/exoplanet-catalog/hd-13931-b/
3220,HD 13908 c,79.5515,5.13 Jupiters,7.52,2013,https://science.nasa.gov/exoplanet-catalog/hd-13908-c/
3221,HD 13908 b,79.5515,0.865 Jupiters,7.52,2013,https://science.nasa.gov/exoplanet-catalog/hd-13908-b/
3222,HD 13189 b,497.823,10.95 Jupiters,7.57,2005,https://science.nasa.gov/exoplanet-catalog/hd-13189-b/
3223,HD 12661 c,37.8478,2.83 Jupiters,7.43,2002,https://science.nasa.gov/exoplanet-catalog/hd-12661-c/
3224,HD 12661 b,37.8478,2.43 Jupiters,7.43,2000,https://science.nasa.gov/exoplanet-catalog/hd-12661-b/
3225,HD 11977 b,67.9331,6.54 Jupiters,4.68,2005,https://science.nasa.gov/exoplanet-catalog/hd-11977-b/
3226,HD 11964 c,33.5369,25 Earths,6.41525,2008,https://science.nasa.gov/exoplanet-catalog/hd-11964-c/
3227,HD 11964 b,33.5369,0.622 Jupiters,6.41525,2005,https://science.nasa.gov/exoplanet-catalog/hd-11964-b/
3228,HD 11506 c,51.261,0.4 Jupiters,7.51,2008,https://science.nasa.gov/exoplanet-catalog/hd-11506-c/
3229,HD 11506 b,51.261,4.88 Jupiters,7.51,2007,https://science.nasa.gov/exoplanet-catalog/hd-11506-b/
3230,HD 10697 b,33.1205,5.743 Jupiters,6.28262,1999,https://science.nasa.gov/exoplanet-catalog/hd-10697-b/
3231,GJ 86 b,10.7836,4.42 Jupiters,6.12,1999,https://science.nasa.gov/exoplanet-catalog/gj-86-b/
3232,DENIS-P J082303.1-491201 b,20.77,28.5 Jupiters,Unknown,2013,https://science.nasa.gov/exoplanet-catalog/denis-p-j0823031-491201-b/
3233,CHXR 73 b,190.374,12.569 Jupiters,Unknown,2006,https://science.nasa.gov/exoplanet-catalog/chxr-73-b/
3234,CFBDSIR J145829+101343 b,23.1,10.5 Jupiters,Unknown,2011,https://science.nasa.gov/exoplanet-catalog/cfbdsir-j145829101343-b/
3235,BD+49 828 b,442.042,1.6 Jupiters,9.381,2015,https://science.nasa.gov/exoplanet-catalog/bd49-828-b/
3236,BD+48 738 b,871.493,0.91 Jupiters,9.139,2011,https://science.nasa.gov/exoplanet-catalog/bd48-738-b/
3237,GSC 06214-00210 b,108.5,16 Jupiters,12.416,2010,https://science.nasa.gov/exoplanet-catalog/gsc-06214-00210-b/
3238,GJ 876 e,4.67517,14.6 Earths,10.16,2010,https://science.nasa.gov/exoplanet-catalog/gj-876-e/
3239,GJ 876 d,4.67517,6.83 Earths,10.16,2005,https://science.nasa.gov/exoplanet-catalog/gj-876-d/
3240,GJ 876 c,4.67517,0.7142 Jupiters,10.16,2000,https://science.nasa.gov/exoplanet-catalog/gj-876-c/
3241,GJ 876 b,4.67517,2.2756 Jupiters,10.16,1998,https://science.nasa.gov/exoplanet-catalog/gj-876-b/
3242,GJ 849 b,8.80058,0.893 Jupiters,10.41,2006,https://science.nasa.gov/exoplanet-catalog/gj-849-b/
3243,GJ 832 b,4.96435,0.99 Jupiters,8.66,2008,https://science.nasa.gov/exoplanet-catalog/gj-832-b/
3244,GJ 687 b,4.54939,17.2 Earths,9.15,2014,https://science.nasa.gov/exoplanet-catalog/gj-687-b/
3245,GJ 676 A e,16.0272,6.67439655 Earths,9.58,2012,https://science.nasa.gov/exoplanet-catalog/gj-676-a-e/
3246,GJ 676 A d,16.0272,3.81394088 Earths,9.58,2012,https://science.nasa.gov/exoplanet-catalog/gj-676-a-d/
3247,GJ 676 A b,16.0272,5.792 Jupiters,9.58,2010,https://science.nasa.gov/exoplanet-catalog/gj-676-a-b/
3248,GJ 674 b,4.54896,11.09 Earths,9.38,2007,https://science.nasa.gov/exoplanet-catalog/gj-674-b/
3249,GJ 667 C g,7.24396,4.6 Earths,10.602,2013,https://science.nasa.gov/exoplanet-catalog/gj-667-c-g/
3250,GJ 667 C f,7.24396,2.7 Earths,10.602,2013,https://science.nasa.gov/exoplanet-catalog/gj-667-c-f/
3251,GJ 667 C e,7.24396,2.7 Earths,10.602,2013,https://science.nasa.gov/exoplanet-catalog/gj-667-c-e/
3252,GJ 667 C c,7.24396,3.8 Earths,10.602,2013,https://science.nasa.gov/exoplanet-catalog/gj-667-c-c/
3253,GJ 667 C b,7.24396,5.68 Earths,10.602,2012,https://science.nasa.gov/exoplanet-catalog/gj-667-c-b/
3254,GJ 649 b,10.3796,0.258 Jupiters,9.7,2009,https://science.nasa.gov/exoplanet-catalog/gj-649-b/
3255,GJ 581 e,6.2981,2.48 Earths,10.57,2009,https://science.nasa.gov/exoplanet-catalog/gj-581-e/
3256,GJ 581 c,6.2981,6.81 Earths,10.57,2007,https://science.nasa.gov/exoplanet-catalog/gj-581-c/
3257,GJ 581 b,6.2981,20.5 Earths,10.57,2005,https://science.nasa.gov/exoplanet-catalog/gj-581-b/
3258,GJ 504 b,17.5299,4 Jupiters,5.18799,2013,https://science.nasa.gov/exoplanet-catalog/gj-504-b/
3259,GJ 436 b,9.75321,22.1 Earths,10.67,2004,https://science.nasa.gov/exoplanet-catalog/gj-436-b/
3260,GJ 433 b,9.06456,6.043 Earths,9.81,2013,https://science.nasa.gov/exoplanet-catalog/gj-433-b/
3261,GJ 3634 b,20.3779,8.4 Earths,11.938,2010,https://science.nasa.gov/exoplanet-catalog/gj-3634-b/
3262,GJ 3470 b,29.4214,13.9 Earths,12.332,2012,https://science.nasa.gov/exoplanet-catalog/gj-3470-b/
3263,GJ 3341 b,23.619,6.6 Earths,12.062,2015,https://science.nasa.gov/exoplanet-catalog/gj-3341-b/
3264,GJ 3293 c,20.1903,21.09 Earths,11.945,2015,https://science.nasa.gov/exoplanet-catalog/gj-3293-c/
3265,GJ 3293 b,20.1903,23.54 Earths,11.945,2015,https://science.nasa.gov/exoplanet-catalog/gj-3293-b/
3266,GJ 328 b,20.5266,2.51 Jupiters,9.99,2013,https://science.nasa.gov/exoplanet-catalog/gj-328-b/
3267,GJ 317 b,15.1968,2.5 Jupiters,12.4,2007,https://science.nasa.gov/exoplanet-catalog/gj-317-b/
3268,GJ 3021 b,17.5559,3.37 Jupiters,6.59,2000,https://science.nasa.gov/exoplanet-catalog/gj-3021-b/
3269,GJ 179 b,12.356,0.95 Jupiters,11.963,2009,https://science.nasa.gov/exoplanet-catalog/gj-179-b/
3270,GJ 163 d,15.1285,29.4 Earths,11.79,2013,https://science.nasa.gov/exoplanet-catalog/gj-163-d/
3271,GJ 163 c,15.1285,6.8 Earths,11.79,2013,https://science.nasa.gov/exoplanet-catalog/gj-163-c/
3272,GJ 163 b,15.1285,10.6 Earths,11.79,2013,https://science.nasa.gov/exoplanet-catalog/gj-163-b/
3273,GJ 1214 b,14.6427,8.41 Earths,15.1,2009,https://science.nasa.gov/exoplanet-catalog/gj-1214-b/
3274,WASP-183 b,325.377,0.502 Jupiters,13.081,2019,https://science.nasa.gov/exoplanet-catalog/wasp-183-b/
3275,WASP-181 b,437.495,0.299 Jupiters,12.924,2019,https://science.nasa.gov/exoplanet-catalog/wasp-181-b/
3276,WASP-177 b,176.818,0.508 Jupiters,12.312,2019,https://science.nasa.gov/exoplanet-catalog/wasp-177-b/
3277,K2-294 b,373.078,3.39 Earths,12.649,2019,https://science.nasa.gov/exoplanet-catalog/k2-294-b/
3278,K2-293 b,392.251,6.57 Earths,13.44,2019,https://science.nasa.gov/exoplanet-catalog/k2-293-b/
3279,KOI-1599.02,1131.64,9 Earths,14.795,2019,https://science.nasa.gov/exoplanet-catalog/koi-159902/
3280,KOI-1599.01,1131.64,4.6 Earths,14.795,2019,https://science.nasa.gov/exoplanet-catalog/koi-159901/
3281,K2-63 c,517.534,14.5 Earths,12.98,2016,https://science.nasa.gov/exoplanet-catalog/k2-63-c/
3282,Qatar-7 b,705.981,1.88 Jupiters,13.134,2019,https://science.nasa.gov/exoplanet-catalog/qatar-7-b/
3283,KMT-2017-BLG-1146L b,6500,0.71 Jupiters,Unknown,2019,https://science.nasa.gov/exoplanet-catalog/kmt-2017-blg-1146l-b/
3284,KMT-2017-BLG-1038L b,6000,2 Jupiters,Unknown,2019,https://science.nasa.gov/exoplanet-catalog/kmt-2017-blg-1038l-b/
3285,WASP-190 b,542.251,1 Jupiter,11.645,2019,https://science.nasa.gov/exoplanet-catalog/wasp-190-b/
3286,KMT-2016-BLG-1107L b,6651,3.283 Jupiters,Unknown,2019,https://science.nasa.gov/exoplanet-catalog/kmt-2016-blg-1107l-b/
3287,HATS-70 b,1458.83,12.9 Jupiters,12.227,2019,https://science.nasa.gov/exoplanet-catalog/hats-70-b/
3288,K2-289 b,274.3,0.192 Jupiters,14.81,2019,https://science.nasa.gov/exoplanet-catalog/k2-289-b/
3289,K2-291 b,90.0562,6.49 Earths,10.014,2019,https://science.nasa.gov/exoplanet-catalog/k2-291-b/
3290,K2-290 c,272.909,0.774 Jupiters,11.114,2019,https://science.nasa.gov/exoplanet-catalog/k2-290-c/
3291,K2-290 b,272.909,10.9 Earths,11.114,2019,https://science.nasa.gov/exoplanet-catalog/k2-290-b/
3292,Kepler-730 c,1935.04,3.09 Earths,15.782,2018,https://science.nasa.gov/exoplanet-catalog/kepler-730-c/
3293,HATS-69 b,414.537,0.577 Jupiters,14.074,2018,https://science.nasa.gov/exoplanet-catalog/hats-69-b/
3294,HATS-68 b,603.955,1.29 Jupiters,12.312,2018,https://science.nasa.gov/exoplanet-catalog/hats-68-b/
3295,HATS-67 b,960.109,1.45 Jupiters,13.698,2018,https://science.nasa.gov/exoplanet-catalog/hats-67-b/
3296,HATS-66 b,1477.98,5.33 Jupiters,14.283,2018,https://science.nasa.gov/exoplanet-catalog/hats-66-b/
3297,HATS-65 b,493.32,0.821 Jupiters,12.679,2018,https://science.nasa.gov/exoplanet-catalog/hats-65-b/
3298,HATS-64 b,1080.15,0.96 Jupiters,13.045,2018,https://science.nasa.gov/exoplanet-catalog/hats-64-b/
3299,HATS-63 b,623.232,0.96 Jupiters,13.992,2018,https://science.nasa.gov/exoplanet-catalog/hats-63-b/
3300,HATS-62 b,523.067,0.179 Jupiters,14.171,2018,https://science.nasa.gov/exoplanet-catalog/hats-62-b/
3301,HATS-61 b,679.761,3.4 Jupiters,13.352,2018,https://science.nasa.gov/exoplanet-catalog/hats-61-b/
3302,HATS-60 b,486.474,0.662 Jupiters,12.662,2018,https://science.nasa.gov/exoplanet-catalog/hats-60-b/
3303,K2-287 b,158.335,0.315 Jupiters,11.41,2018,https://science.nasa.gov/exoplanet-catalog/k2-287-b/
3304,K2-286 b,76.1486,5.06 Earths,12.881,2018,https://science.nasa.gov/exoplanet-catalog/k2-286-b/
3305,WASP-170 b,305.603,1.6 Jupiters,12.613,2018,https://science.nasa.gov/exoplanet-catalog/wasp-170-b/
3306,WASP-163 b,261.386,1.87 Jupiters,12.663,2018,https://science.nasa.gov/exoplanet-catalog/wasp-163-b/
3307,WASP-161 b,343.08,2.49 Jupiters,11.079,2018,https://science.nasa.gov/exoplanet-catalog/wasp-161-b/
3308,K2-285 e,154.961,10.7 Earths,12.075,2018,https://science.nasa.gov/exoplanet-catalog/k2-285-e/
3309,K2-285 d,154.961,6.5 Earths,12.075,2018,https://science.nasa.gov/exoplanet-catalog/k2-285-d/
3310,K2-285 c,154.961,15.68 Earths,12.075,2018,https://science.nasa.gov/exoplanet-catalog/k2-285-c/
3311,K2-285 b,154.961,9.68 Earths,12.075,2018,https://science.nasa.gov/exoplanet-catalog/k2-285-b/
3312,KOI-3680 b,921.986,1.93 Jupiters,14.616,2018,https://science.nasa.gov/exoplanet-catalog/koi-3680-b/
3313,HATS-59 c,642.884,12.7 Jupiters,14.033,2018,https://science.nasa.gov/exoplanet-catalog/hats-59-c/
3314,HATS-59 b,642.884,0.806 Jupiters,14.033,2018,https://science.nasa.gov/exoplanet-catalog/hats-59-b/
3315,CoRoT-21 b,1398.83419686,2.26 Jupiters,16.058,2012,https://science.nasa.gov/exoplanet-catalog/corot-21-b/
3316,MOA-2016-BLG-319L b,6800,0.62 Jupiters,Unknown,2018,https://science.nasa.gov/exoplanet-catalog/moa-2016-blg-319l-b/
3317,MOA-2011-BLG-291L b,4400,18 Earths,Unknown,2018,https://science.nasa.gov/exoplanet-catalog/moa-2011-blg-291l-b/
3318,K2-284 b,107.272,8.15 Earths,13.265,2018,https://science.nasa.gov/exoplanet-catalog/k2-284-b/
3319,WASP-165 b,602.236,0.658 Jupiters,12.816,2018,https://science.nasa.gov/exoplanet-catalog/wasp-165-b/
3320,WASP-164 b,327.506,2.13 Jupiters,12.603,2018,https://science.nasa.gov/exoplanet-catalog/wasp-164-b/
3321,WASP-147 b,436.098,0.275 Jupiters,12.681,2018,https://science.nasa.gov/exoplanet-catalog/wasp-147-b/
3322,OGLE-2013-BLG-1761L b,6900,2.7 Jupiters,Unknown,2017,https://science.nasa.gov/exoplanet-catalog/ogle-2013-blg-1761l-b/
3323,MOA-2015-BLG-337L b,7100,33.7 Earths,Unknown,2018,https://science.nasa.gov/exoplanet-catalog/moa-2015-blg-337l-b/
3324,KMT-2016-BLG-2142L b,7010,15.49 Jupiters,Unknown,2018,https://science.nasa.gov/exoplanet-catalog/kmt-2016-blg-2142l-b/
3325,KMT-2016-BLG-1820L b,6260,4.57 Jupiters,Unknown,2018,https://science.nasa.gov/exoplanet-catalog/kmt-2016-blg-1820l-b/
3326,KMT-2016-BLG-1397L b,6600,7 Jupiters,Unknown,2018,https://science.nasa.gov/exoplanet-catalog/kmt-2016-blg-1397l-b/
3327,NGTS-2 b,356.391,0.74 Jupiters,10.789,2018,https://science.nasa.gov/exoplanet-catalog/ngts-2-b/
3328,K2-283 b,402.915,12.2 Earths,14.364,2018,https://science.nasa.gov/exoplanet-catalog/k2-283-b/
3329,K2-282 b,496.289,6.8 Earths,14.21,2018,https://science.nasa.gov/exoplanet-catalog/k2-282-b/
3330,K2-281 b,458.139,0.16 Jupiters,15.048,2018,https://science.nasa.gov/exoplanet-catalog/k2-281-b/
3331,K2-280 b,391.537,37.1 Earths,12.524,2018,https://science.nasa.gov/exoplanet-catalog/k2-280-b/
3332,K2-279 b,182.983,1.92 Earths,11.491,2018,https://science.nasa.gov/exoplanet-catalog/k2-279-b/
3333,K2-278 b,786.439,9.17 Earths,13.446,2018,https://science.nasa.gov/exoplanet-catalog/k2-278-b/
3334,K2-277 b,113.123,7.4 Earths,10.364,2018,https://science.nasa.gov/exoplanet-catalog/k2-277-b/
3335,K2-276 b,488.152,13.7 Earths,14.654,2018,https://science.nasa.gov/exoplanet-catalog/k2-276-b/
3336,K2-275 c,123.438,5.52 Earths,11.974,2018,https://science.nasa.gov/exoplanet-catalog/k2-275-c/
3337,K2-266 d,77.5586,8.9 Earths,11.625,2018,https://science.nasa.gov/exoplanet-catalog/k2-266-d/
3338,K2-266 c,77.5586,0.29013072 Earths,11.625,2018,https://science.nasa.gov/exoplanet-catalog/k2-266-c/
3339,K2-266 b,77.5586,11.26782377 Earths,11.625,2018,https://science.nasa.gov/exoplanet-catalog/k2-266-b/
3340,K2-270 b,280.518,2.48 Earths,13.847,2018,https://science.nasa.gov/exoplanet-catalog/k2-270-b/
3341,K2-269 b,360.76,3.09 Earths,11.784,2018,https://science.nasa.gov/exoplanet-catalog/k2-269-b/
3342,K2-268 c,327.783,7.7 Earths,13.848,2018,https://science.nasa.gov/exoplanet-catalog/k2-268-c/
3343,K2-268 b,327.783,2.86 Earths,13.848,2018,https://science.nasa.gov/exoplanet-catalog/k2-268-b/
3344,K2-265 b,138.671,7.3418362 Earths,11.187,2018,https://science.nasa.gov/exoplanet-catalog/k2-265-b/
3345,K2-275 b,123.438,6.08 Earths,11.974,2018,https://science.nasa.gov/exoplanet-catalog/k2-275-b/
3346,K2-274 b,228.327,4.98 Earths,13.181,2018,https://science.nasa.gov/exoplanet-catalog/k2-274-b/
3347,K2-273 b,308.105,9.53 Earths,13.246,2018,https://science.nasa.gov/exoplanet-catalog/k2-273-b/
3348,K2-272 b,423.065,9.96 Earths,13.872,2018,https://science.nasa.gov/exoplanet-catalog/k2-272-b/
3349,K2-271 b,564.454,0.131 Jupiters,13.845,2018,https://science.nasa.gov/exoplanet-catalog/k2-271-b/
3350,K2-270 c,280.518,9.01 Earths,13.847,2018,https://science.nasa.gov/exoplanet-catalog/k2-270-c/
3351,WASP-172 b,538.11,0.47 Jupiters,10.988,2018,https://science.nasa.gov/exoplanet-catalog/wasp-172-b/
3352,WASP-168 b,303.941,0.42 Jupiters,12.124,2018,https://science.nasa.gov/exoplanet-catalog/wasp-168-b/
3353,WASP-162 b,310.841,5.2 Jupiters,12.213,2018,https://science.nasa.gov/exoplanet-catalog/wasp-162-b/
3354,WASP-159 b,715.383,0.55 Jupiters,12.836,2018,https://science.nasa.gov/exoplanet-catalog/wasp-159-b/
3355,WASP-158 b,524.993,2.79 Jupiters,12.044,2018,https://science.nasa.gov/exoplanet-catalog/wasp-158-b/
3356,WASP-144 b,355.513,0.44 Jupiters,13.085,2018,https://science.nasa.gov/exoplanet-catalog/wasp-144-b/
3357,OGLE-2011-BLG-0173L b,6100,0.19 Jupiters,Unknown,2018,https://science.nasa.gov/exoplanet-catalog/ogle-2011-blg-0173l-b/
3358,Kepler-1656 b,185.875,0.15 Jupiters,11.64,2018,https://science.nasa.gov/exoplanet-catalog/kepler-1656-b/
3359,K2-266 e,77.5586,14.3 Earths,11.625,2018,https://science.nasa.gov/exoplanet-catalog/k2-266-e/
3360,K2-264 c,185.605,7.6 Earths,16.701,2018,https://science.nasa.gov/exoplanet-catalog/k2-264-c/
3361,K2-264 b,185.605,5.61 Earths,16.701,2018,https://science.nasa.gov/exoplanet-catalog/k2-264-b/
3362,K2-263 b,162.481,15.4 Earths,11.568,2018,https://science.nasa.gov/exoplanet-catalog/k2-263-b/
3363,WASP-174 b,410.149,0.33 Jupiters,11.803,2018,https://science.nasa.gov/exoplanet-catalog/wasp-174-b/
3364,K2-261 b,213.283,0.217 Jupiters,10.612,2018,https://science.nasa.gov/exoplanet-catalog/k2-261-b/
3365,K2-260 b,663.834,1.72 Jupiters,12.624,2018,https://science.nasa.gov/exoplanet-catalog/k2-260-b/
3366,CoRoT-20 c,844.061,17 Jupiters,14.63,2018,https://science.nasa.gov/exoplanet-catalog/corot-20-c/
3367,K2-238 b,537.963,0.86 Jupiters,13.973,2018,https://science.nasa.gov/exoplanet-catalog/k2-238-b/
3368,K2-237 b,314.995,1.366 Jupiters,11.602,2018,https://science.nasa.gov/exoplanet-catalog/k2-237-b/
3369,K2-259 b,416.457,5.99 Earths,12.511,2018,https://science.nasa.gov/exoplanet-catalog/k2-259-b/
3370,K2-258 b,661.873,9.27 Earths,13.361,2018,https://science.nasa.gov/exoplanet-catalog/k2-258-b/
3371,K2-257 b,64.0065,0.498 Earths,13.716,2018,https://science.nasa.gov/exoplanet-catalog/k2-257-b/
3372,K2-255 b,191.608,8.75 Earths,13.662,2018,https://science.nasa.gov/exoplanet-catalog/k2-255-b/
3373,K2-254 c,227.775,5.43 Earths,14.238,2018,https://science.nasa.gov/exoplanet-catalog/k2-254-c/
3374,K2-254 b,227.775,3.29 Earths,14.238,2018,https://science.nasa.gov/exoplanet-catalog/k2-254-b/
3375,K2-253 b,876.565,Unknown,15.002,2018,https://science.nasa.gov/exoplanet-catalog/k2-253-b/
3376,K2-252 b,228.839,3.68 Earths,12.93,2018,https://science.nasa.gov/exoplanet-catalog/k2-252-b/
3377,K2-251 b,147.03,6.12 Earths,15.66,2018,https://science.nasa.gov/exoplanet-catalog/k2-251-b/
3378,K2-250 b,414.708,7.81 Earths,14.314,2018,https://science.nasa.gov/exoplanet-catalog/k2-250-b/
3379,K2-249 b,521.716,8.2 Earths,12.646,2018,https://science.nasa.gov/exoplanet-catalog/k2-249-b/
3380,K2-248 b,406.254,7.13 Earths,13.497,2018,https://science.nasa.gov/exoplanet-catalog/k2-248-b/
3381,K2-247 c,258.113,5.43 Earths,14.857,2018,https://science.nasa.gov/exoplanet-catalog/k2-247-c/
3382,K2-247 b,258.113,5.14 Earths,14.857,2018,https://science.nasa.gov/exoplanet-catalog/k2-247-b/
3383,K2-246 b,703.616,12 Earths,14.792,2018,https://science.nasa.gov/exoplanet-catalog/k2-246-b/
3384,K2-245 b,456.064,17.4 Earths,12.755,2018,https://science.nasa.gov/exoplanet-catalog/k2-245-b/
3385,K2-244 b,212.902,3.71 Earths,11.78,2018,https://science.nasa.gov/exoplanet-catalog/k2-244-b/
3386,K2-243 c,266.864,4.7 Earths,10.971,2018,https://science.nasa.gov/exoplanet-catalog/k2-243-c/
3387,K2-243 b,266.864,5.35 Earths,10.971,2018,https://science.nasa.gov/exoplanet-catalog/k2-243-b/
3388,K2-242 b,109.237,6.99 Earths,16.414,2018,https://science.nasa.gov/exoplanet-catalog/k2-242-b/
3389,K2-241 b,149.464,7.04 Earths,11.97,2018,https://science.nasa.gov/exoplanet-catalog/k2-241-b/
3390,K2-224 c,275.255,6.39 Earths,12.7,2018,https://science.nasa.gov/exoplanet-catalog/k2-224-c/
3391,K2-158 c,197.299,2.18 Earths,11.774,2018,https://science.nasa.gov/exoplanet-catalog/k2-158-c/
3392,OGLE-2017-BLG-1140L b,Unknown,1.59 Jupiters,Unknown,2018,https://science.nasa.gov/exoplanet-catalog/ogle-2017-blg-1140l-b/
3393,OGLE-2014-BLG-1722L c,6400,0.263 Jupiters,Unknown,2018,https://science.nasa.gov/exoplanet-catalog/ogle-2014-blg-1722l-c/
3394,OGLE-2014-BLG-1722L b,6400,0.174 Jupiters,Unknown,2018,https://science.nasa.gov/exoplanet-catalog/ogle-2014-blg-1722l-b/
3395,K2-240 c,72.9105,3.89 Earths,13.372,2018,https://science.nasa.gov/exoplanet-catalog/k2-240-c/
3396,K2-240 b,72.9105,4.66 Earths,13.372,2018,https://science.nasa.gov/exoplanet-catalog/k2-240-b/
3397,OGLE-2017-BLG-0482L b,5800,9 Earths,Unknown,2018,https://science.nasa.gov/exoplanet-catalog/ogle-2017-blg-0482l-b/
3398,K2-239 d,31.0849,1.37 Earths,14.632,2018,https://science.nasa.gov/exoplanet-catalog/k2-239-d/
3399,K2-239 c,31.0849,0.972 Earths,14.632,2018,https://science.nasa.gov/exoplanet-catalog/k2-239-c/
3400,K2-239 b,31.0849,1.37 Earths,14.632,2018,https://science.nasa.gov/exoplanet-catalog/k2-239-b/
3401,HAT-P-11 c,37.7647,2.68 Jupiters,9.46,2018,https://science.nasa.gov/exoplanet-catalog/hat-p-11-c/
3402,HATS-7 b,240.707,38.1396 Earths,13.347,2015,https://science.nasa.gov/exoplanet-catalog/hats-7-b/
3403,HATS-46 b,453.808,0.173 Jupiters,13.783,2018,https://science.nasa.gov/exoplanet-catalog/hats-46-b/
3404,HATS-45 b,772.11,0.7 Jupiters,13.325,2018,https://science.nasa.gov/exoplanet-catalog/hats-45-b/
3405,HATS-44 b,446.035,0.56 Jupiters,14.397,2018,https://science.nasa.gov/exoplanet-catalog/hats-44-b/
3406,HATS-43 b,362.273,0.261 Jupiters,13.562,2018,https://science.nasa.gov/exoplanet-catalog/hats-43-b/
3407,OGLE-2017-BLG-1434L b,860,4.43 Earths,Unknown,2018,https://science.nasa.gov/exoplanet-catalog/ogle-2017-blg-1434l-b/
3408,OGLE-2017-BLG-0373L b,5915,0.401 Jupiters,Unknown,2018,https://science.nasa.gov/exoplanet-catalog/ogle-2017-blg-0373l-b/
3409,KPS-1 b,262.706,1.09 Jupiters,12.97,2018,https://science.nasa.gov/exoplanet-catalog/kps-1-b/
3410,K2-233 d,67.5062,10.3 Earths,10.883,2018,https://science.nasa.gov/exoplanet-catalog/k2-233-d/
3411,K2-233 c,67.5062,4.6 Earths,10.883,2018,https://science.nasa.gov/exoplanet-catalog/k2-233-c/
3412,K2-233 b,67.5062,2.4 Earths,10.883,2018,https://science.nasa.gov/exoplanet-catalog/k2-233-b/
3413,HATS-39 b,878.521,0.63 Jupiters,12.745,2018,https://science.nasa.gov/exoplanet-catalog/hats-39-b/
3414,OGLE-2017-BLG-1522L b,7490,0.75 Jupiters,Unknown,2018,https://science.nasa.gov/exoplanet-catalog/ogle-2017-blg-1522l-b/
3415,HATS-42 b,800.377,1.88 Jupiters,13.682,2018,https://science.nasa.gov/exoplanet-catalog/hats-42-b/
3416,HATS-41 b,737.668,9.7 Jupiters,12.678,2018,https://science.nasa.gov/exoplanet-catalog/hats-41-b/
3417,HATS-40 b,1342.29,1.59 Jupiters,13.478,2018,https://science.nasa.gov/exoplanet-catalog/hats-40-b/
3418,MOA-2010-BLG-117L b,3500,0.54 Jupiters,24.3,2018,https://science.nasa.gov/exoplanet-catalog/moa-2010-blg-117l-b/
3419,Kepler-1655 b,213.26,5.4 Earths,11.045,2018,https://science.nasa.gov/exoplanet-catalog/kepler-1655-b/
3420,K2-232 b,130.72,0.398 Jupiters,9.822,2018,https://science.nasa.gov/exoplanet-catalog/k2-232-b/
3421,K2-231 b,321.215,6.8 Earths,12.768,2018,https://science.nasa.gov/exoplanet-catalog/k2-231-b/
3422,OGLE-2017-BLG-0173L b,4705,3.269 Earths,Unknown,2018,https://science.nasa.gov/exoplanet-catalog/ogle-2017-blg-0173l-b/
3423,UKIRT-2017-BLG-001L b,6300,1.28 Jupiters,Unknown,2018,https://science.nasa.gov/exoplanet-catalog/ukirt-2017-blg-001l-b/
3424,OGLE-2014-BLG-1760L b,7056,0.931 Jupiters,Unknown,2016,https://science.nasa.gov/exoplanet-catalog/ogle-2014-blg-1760l-b/
3425,Kepler-1654 b,568.117,0.5 Jupiters,13.497,2018,https://science.nasa.gov/exoplanet-catalog/kepler-1654-b/
3426,K2-222 b,101.321,7.5 Earths,9.543,2018,https://science.nasa.gov/exoplanet-catalog/k2-222-b/
3427,K2-221 b,318.81,3.46 Earths,12.571,2018,https://science.nasa.gov/exoplanet-catalog/k2-221-b/
3428,K2-220 b,233.514,6.21 Earths,11.873,2018,https://science.nasa.gov/exoplanet-catalog/k2-220-b/
3429,K2-219 d,325.4,7.16 Earths,12.09,2018,https://science.nasa.gov/exoplanet-catalog/k2-219-d/
3430,K2-219 c,325.4,2.66 Earths,12.09,2018,https://science.nasa.gov/exoplanet-catalog/k2-219-c/
3431,K2-168 b,243.935,4.12 Earths,12.365,2018,https://science.nasa.gov/exoplanet-catalog/k2-168-b/
3432,K2-167 b,80.8994,6.5 Earths,8.24,2018,https://science.nasa.gov/exoplanet-catalog/k2-167-b/
3433,K2-166 b,476.882,5.43 Earths,12.081,2018,https://science.nasa.gov/exoplanet-catalog/k2-166-b/
3434,K2-165 d,134.591,7.5 Earths,11.332,2018,https://science.nasa.gov/exoplanet-catalog/k2-165-d/
3435,K2-165 c,134.591,3.03 Earths,11.332,2018,https://science.nasa.gov/exoplanet-catalog/k2-165-c/
3436,K2-165 b,134.591,2.17 Earths,11.332,2018,https://science.nasa.gov/exoplanet-catalog/k2-165-b/
3437,K2-164 b,375.67,10.6 Earths,11.352,2018,https://science.nasa.gov/exoplanet-catalog/k2-164-b/
3438,K2-163 b,208.529,6.65 Earths,13.078,2018,https://science.nasa.gov/exoplanet-catalog/k2-163-b/
3439,K2-162 b,124.433,2.67 Earths,12.278,2018,https://science.nasa.gov/exoplanet-catalog/k2-162-b/
3440,K2-161 b,916.319,31.1 Earths,12.718,2018,https://science.nasa.gov/exoplanet-catalog/k2-161-b/
3441,K2-160 b,315.363,10.2 Earths,12.838,2018,https://science.nasa.gov/exoplanet-catalog/k2-160-b/
3442,K2-159 b,170.998,5.73 Earths,11.995,2018,https://science.nasa.gov/exoplanet-catalog/k2-159-b/
3443,K2-158 b,197.299,7.46 Earths,11.774,2018,https://science.nasa.gov/exoplanet-catalog/k2-158-b/
3444,K2-157 b,298.373,1.14 Earths,12.942,2018,https://science.nasa.gov/exoplanet-catalog/k2-157-b/
3445,K2-156 b,150.21,1.37 Earths,13.4,2018,https://science.nasa.gov/exoplanet-catalog/k2-156-b/
3446,K2-219 b,325.4,2.38 Earths,12.09,2018,https://science.nasa.gov/exoplanet-catalog/k2-219-b/
3447,K2-218 b,394.083,7.13 Earths,12.92,2018,https://science.nasa.gov/exoplanet-catalog/k2-218-b/
3448,K2-217 b,381.878,12.5 Earths,12.264,2018,https://science.nasa.gov/exoplanet-catalog/k2-217-b/
3449,K2-216 b,115.461,8 Earths,12.403,2018,https://science.nasa.gov/exoplanet-catalog/k2-216-b/
3450,K2-215 b,403.964,5.16 Earths,12.99,2018,https://science.nasa.gov/exoplanet-catalog/k2-215-b/
3451,K2-214 b,300.64,6.85 Earths,11.806,2018,https://science.nasa.gov/exoplanet-catalog/k2-214-b/
3452,K2-213 b,389.702,2.9 Earths,11.803,2018,https://science.nasa.gov/exoplanet-catalog/k2-213-b/
3453,K2-212 b,109.218,7.51 Earths,12.977,2018,https://science.nasa.gov/exoplanet-catalog/k2-212-b/
3454,K2-211 b,272.297,2.33 Earths,13.1547,2018,https://science.nasa.gov/exoplanet-catalog/k2-211-b/
3455,K2-210 b,176.51,0.566 Earths,11.535,2018,https://science.nasa.gov/exoplanet-catalog/k2-210-b/
3456,K2-209 b,76.4986,0.586 Earths,11.061,2018,https://science.nasa.gov/exoplanet-catalog/k2-209-b/
3457,K2-208 b,256.887,3.45 Earths,12.577,2018,https://science.nasa.gov/exoplanet-catalog/k2-208-b/
3458,K2-207 b,363.064,7.3 Earths,13.175,2018,https://science.nasa.gov/exoplanet-catalog/k2-207-b/
3459,K2-206 b,244.443,8.22 Earths,13.084,2018,https://science.nasa.gov/exoplanet-catalog/k2-206-b/
3460,K2-205 b,405.301,4.64 Earths,12.45,2018,https://science.nasa.gov/exoplanet-catalog/k2-205-b/
3461,K2-204 b,577.235,10.2 Earths,12.985,2018,https://science.nasa.gov/exoplanet-catalog/k2-204-b/
3462,K2-203 b,166.147,2.14 Earths,12.391,2018,https://science.nasa.gov/exoplanet-catalog/k2-203-b/
3463,K2-202 b,300.397,5.91 Earths,13.354,2018,https://science.nasa.gov/exoplanet-catalog/k2-202-b/
3464,K2-201 c,197.932,10.8 Earths,12.168,2018,https://science.nasa.gov/exoplanet-catalog/k2-201-c/
3465,K2-201 b,197.932,2.54 Earths,12.168,2018,https://science.nasa.gov/exoplanet-catalog/k2-201-b/
3466,K2-200 b,184.131,2.43 Earths,12.428,2018,https://science.nasa.gov/exoplanet-catalog/k2-200-b/
3467,K2-199 c,107.518,12.4 Earths,12.358,2018,https://science.nasa.gov/exoplanet-catalog/k2-199-c/
3468,K2-199 b,107.518,6.9 Earths,12.358,2018,https://science.nasa.gov/exoplanet-catalog/k2-199-b/
3469,K2-198 b,110.567,16.3 Earths,10.971,2018,https://science.nasa.gov/exoplanet-catalog/k2-198-b/
3470,K2-197 b,247.637,7.08 Earths,12.199,2018,https://science.nasa.gov/exoplanet-catalog/k2-197-b/
3471,K2-196 b,584.877,12.6 Earths,12.241,2018,https://science.nasa.gov/exoplanet-catalog/k2-196-b/
3472,K2-195 c,315.014,7.16 Earths,12.524,2018,https://science.nasa.gov/exoplanet-catalog/k2-195-c/
3473,K2-195 b,315.014,9.96 Earths,12.524,2018,https://science.nasa.gov/exoplanet-catalog/k2-195-b/
3474,K2-194 b,629.51,12.9 Earths,12.998,2018,https://science.nasa.gov/exoplanet-catalog/k2-194-b/
3475,K2-193 b,411.923,14.8 Earths,13.341,2018,https://science.nasa.gov/exoplanet-catalog/k2-193-b/
3476,K2-192 b,221.753,2.92 Earths,12.656,2018,https://science.nasa.gov/exoplanet-catalog/k2-192-b/
3477,K2-191 b,287.188,3.12 Earths,13.329,2018,https://science.nasa.gov/exoplanet-catalog/k2-191-b/
3478,K2-190 c,160.679,1.34 Earths,11.138,2018,https://science.nasa.gov/exoplanet-catalog/k2-190-c/
3479,K2-190 b,160.679,2.41 Earths,11.138,2018,https://science.nasa.gov/exoplanet-catalog/k2-190-b/
3480,K2-189 c,242.113,5.95 Earths,12.398,2018,https://science.nasa.gov/exoplanet-catalog/k2-189-c/
3481,K2-189 b,242.113,2.55 Earths,12.398,2018,https://science.nasa.gov/exoplanet-catalog/k2-189-b/
3482,K2-188 c,446.821,8.4 Earths,12.657,2018,https://science.nasa.gov/exoplanet-catalog/k2-188-c/
3483,K2-188 b,446.821,2.39 Earths,12.657,2018,https://science.nasa.gov/exoplanet-catalog/k2-188-b/
3484,K2-187 e,330.916,4.27 Earths,13.102,2018,https://science.nasa.gov/exoplanet-catalog/k2-187-e/
3485,K2-187 d,330.916,6.35 Earths,13.102,2018,https://science.nasa.gov/exoplanet-catalog/k2-187-d/
3486,K2-187 c,330.916,2.54 Earths,13.102,2018,https://science.nasa.gov/exoplanet-catalog/k2-187-c/
3487,K2-187 b,330.916,1.87 Earths,13.102,2018,https://science.nasa.gov/exoplanet-catalog/k2-187-b/
3488,K2-186 b,330.739,10.2 Earths,12.413,2018,https://science.nasa.gov/exoplanet-catalog/k2-186-b/
3489,K2-185 b,268.357,1.6 Earths,12.235,2018,https://science.nasa.gov/exoplanet-catalog/k2-185-b/
3490,K2-184 b,75.5857,2.76 Earths,10.345,2018,https://science.nasa.gov/exoplanet-catalog/k2-184-b/
3491,K2-183 d,329.041,5.9 Earths,12.867,2018,https://science.nasa.gov/exoplanet-catalog/k2-183-d/
3492,K2-183 c,329.041,5.9 Earths,12.867,2018,https://science.nasa.gov/exoplanet-catalog/k2-183-c/
3493,K2-183 b,329.041,1.37 Earths,12.867,2018,https://science.nasa.gov/exoplanet-catalog/k2-183-b/
3494,K2-182 b,154.83,20.97667486 Earths,11.833,2018,https://science.nasa.gov/exoplanet-catalog/k2-182-b/
3495,K2-181 b,360.911,7.7 Earths,12.669,2018,https://science.nasa.gov/exoplanet-catalog/k2-181-b/
3496,K2-80 d,200.802,7.04 Earths,12.694,2018,https://science.nasa.gov/exoplanet-catalog/k2-80-d/
3497,K2-180 b,203.896,11.41003981 Earths,12.557,2018,https://science.nasa.gov/exoplanet-catalog/k2-180-b/
3498,K2-179 b,190.81,6.86 Earths,12.939,2018,https://science.nasa.gov/exoplanet-catalog/k2-179-b/
3499,K2-178 b,214.753,12.4 Earths,12.382,2018,https://science.nasa.gov/exoplanet-catalog/k2-178-b/
3500,K2-177 b,492.167,5.13 Earths,12.681,2018,https://science.nasa.gov/exoplanet-catalog/k2-177-b/
3501,K2-176 b,247.302,2.83 Earths,12.909,2018,https://science.nasa.gov/exoplanet-catalog/k2-176-b/
3502,K2-175 b,247.266,4.81 Earths,10.836,2018,https://science.nasa.gov/exoplanet-catalog/k2-175-b/
3503,K2-174 b,99.9293,7.27 Earths,12.456,2018,https://science.nasa.gov/exoplanet-catalog/k2-174-b/
3504,K2-173 b,228.641,3.22 Earths,12.523,2018,https://science.nasa.gov/exoplanet-catalog/k2-173-b/
3505,K2-172 c,249.742,10.4 Earths,12.5,2018,https://science.nasa.gov/exoplanet-catalog/k2-172-c/
3506,K2-172 b,249.742,3.42 Earths,12.5,2018,https://science.nasa.gov/exoplanet-catalog/k2-172-b/
3507,K2-171 b,606.128,7.69 Earths,12.745,2018,https://science.nasa.gov/exoplanet-catalog/k2-171-b/
3508,K2-170 c,392.872,3.9 Earths,12.668,2018,https://science.nasa.gov/exoplanet-catalog/k2-170-c/
3509,K2-170 b,392.872,2.6 Earths,12.668,2018,https://science.nasa.gov/exoplanet-catalog/k2-170-b/
3510,K2-169 b,235.867,2.16 Earths,12.23,2018,https://science.nasa.gov/exoplanet-catalog/k2-169-b/
3511,K2-230 b,540.773,4.5 Earths,12.789,2018,https://science.nasa.gov/exoplanet-catalog/k2-230-b/
3512,K2-229 c,102.564,7 Earths,10.985,2018,https://science.nasa.gov/exoplanet-catalog/k2-229-c/
3513,K2-229 b,102.564,2.55 Earths,10.985,2018,https://science.nasa.gov/exoplanet-catalog/k2-229-b/
3514,K2-228 b,129.46,1.92 Earths,13.028,2018,https://science.nasa.gov/exoplanet-catalog/k2-228-b/
3515,K2-227 b,187.234,3.41 Earths,12.015,2018,https://science.nasa.gov/exoplanet-catalog/k2-227-b/
3516,K2-226 b,211.265,2.98 Earths,12.337,2018,https://science.nasa.gov/exoplanet-catalog/k2-226-b/
3517,K2-225 b,357.778,12.7 Earths,11.836,2018,https://science.nasa.gov/exoplanet-catalog/k2-225-b/
3518,K2-224 b,275.255,3.05 Earths,12.7,2018,https://science.nasa.gov/exoplanet-catalog/k2-224-b/
3519,K2-223 c,198.604,2.86 Earths,11.443,2018,https://science.nasa.gov/exoplanet-catalog/k2-223-c/
3520,K2-223 b,198.604,0.64 Earths,11.443,2018,https://science.nasa.gov/exoplanet-catalog/k2-223-b/
3521,KELT-21 b,470.878,3.91 Jupiters,10.484,2018,https://science.nasa.gov/exoplanet-catalog/kelt-21-b/
3522,K2-155 d,72.7998,4.27 Earths,12.773,2018,https://science.nasa.gov/exoplanet-catalog/k2-155-d/
3523,K2-155 c,72.7998,7.27 Earths,12.773,2018,https://science.nasa.gov/exoplanet-catalog/k2-155-c/
3524,K2-155 b,72.7998,3.89 Earths,12.773,2018,https://science.nasa.gov/exoplanet-catalog/k2-155-b/
3525,K2-154 c,129.356,4.94 Earths,13.861,2018,https://science.nasa.gov/exoplanet-catalog/k2-154-c/
3526,K2-154 b,129.356,4.62 Earths,13.861,2018,https://science.nasa.gov/exoplanet-catalog/k2-154-b/
3527,K2-147 b,90.5494,2.77 Earths,14.044,2018,https://science.nasa.gov/exoplanet-catalog/k2-147-b/
3528,K2-146 b,79.3002,5.77 Earths,16.7,2018,https://science.nasa.gov/exoplanet-catalog/k2-146-b/
3529,K2-153 b,143.125,4.66 Earths,14.96,2018,https://science.nasa.gov/exoplanet-catalog/k2-153-b/
3530,K2-152 b,108.449,5.86 Earths,13.728,2018,https://science.nasa.gov/exoplanet-catalog/k2-152-b/
3531,K2-151 b,69.4798,2.83 Earths,14.175,2018,https://science.nasa.gov/exoplanet-catalog/k2-151-b/
3532,K2-150 b,102.483,4.66 Earths,15.784,2018,https://science.nasa.gov/exoplanet-catalog/k2-150-b/
3533,K2-149 b,123.676,3.33 Earths,14.543,2018,https://science.nasa.gov/exoplanet-catalog/k2-149-b/
3534,K2-148 d,124.458,3.33 Earths,13.627,2018,https://science.nasa.gov/exoplanet-catalog/k2-148-d/
3535,K2-148 c,124.458,3.64 Earths,13.627,2018,https://science.nasa.gov/exoplanet-catalog/k2-148-c/
3536,K2-148 b,124.458,2.33 Earths,13.627,2018,https://science.nasa.gov/exoplanet-catalog/k2-148-b/
3537,K2-141 c,61.8736,8 Earths,11.454,2018,https://science.nasa.gov/exoplanet-catalog/k2-141-c/
3538,K2-141 b,61.8736,4.97 Earths,11.454,2018,https://science.nasa.gov/exoplanet-catalog/k2-141-b/
3539,HATS-36 b,856.436,3.216 Jupiters,14.364,2018,https://science.nasa.gov/exoplanet-catalog/hats-36-b/
3540,K2-138 f,202.585,1.63 Earths,12.246,2017,https://science.nasa.gov/exoplanet-catalog/k2-138-f/
3541,K2-138 e,202.585,12.97 Earths,12.246,2017,https://science.nasa.gov/exoplanet-catalog/k2-138-e/
3542,K2-138 d,202.585,7.92 Earths,12.246,2017,https://science.nasa.gov/exoplanet-catalog/k2-138-d/
3543,K2-138 c,202.585,6.31 Earths,12.246,2017,https://science.nasa.gov/exoplanet-catalog/k2-138-c/
3544,K2-138 b,202.585,3.1 Earths,12.246,2017,https://science.nasa.gov/exoplanet-catalog/k2-138-b/
3545,K2-140 b,347.917,0.93 Jupiters,12.727,2017,https://science.nasa.gov/exoplanet-catalog/k2-140-b/
3546,HATS-53 b,585.77,0.595 Jupiters,13.944,2017,https://science.nasa.gov/exoplanet-catalog/hats-53-b/
3547,HATS-52 b,555.134,2.24 Jupiters,13.844,2017,https://science.nasa.gov/exoplanet-catalog/hats-52-b/
3548,HATS-51 b,389.57,0.768 Jupiters,12.525,2017,https://science.nasa.gov/exoplanet-catalog/hats-51-b/
3549,HATS-50 b,756.742,0.39 Jupiters,14.045,2017,https://science.nasa.gov/exoplanet-catalog/hats-50-b/
3550,K2-18 c,38.0266,7.51 Earths,13.477,2017,https://science.nasa.gov/exoplanet-catalog/k2-18-c/
3551,K2-139 b,153.856,0.387 Jupiters,11.652,2017,https://science.nasa.gov/exoplanet-catalog/k2-139-b/
3552,Kepler-90 i,848.254,2.3 Earths,13.883,2017,https://science.nasa.gov/exoplanet-catalog/kepler-90-i/
3553,Kepler-80 g,369.451,0.065 Earths,15.23,2017,https://science.nasa.gov/exoplanet-catalog/kepler-80-g/
3554,Kepler-90h,848.254,0.63870943 Jupiters,13.883,2013,https://science.nasa.gov/exoplanet-catalog/kepler-90h/
3555,Kepler-90g,848.254,15 Earths,13.883,2013,https://science.nasa.gov/exoplanet-catalog/kepler-90g/
3556,Kepler-90f,848.254,8.65 Earths,13.883,2013,https://science.nasa.gov/exoplanet-catalog/kepler-90f/
3557,Kepler-90e,848.254,7.56 Earths,13.883,2013,https://science.nasa.gov/exoplanet-catalog/kepler-90e/
3558,Kepler-90d,848.254,8.6 Earths,13.883,2013,https://science.nasa.gov/exoplanet-catalog/kepler-90d/
3559,Kepler-90c,848.254,1.81 Earths,13.883,2013,https://science.nasa.gov/exoplanet-catalog/kepler-90c/
3560,Kepler-90b,848.254,2.27 Earths,13.883,2013,https://science.nasa.gov/exoplanet-catalog/kepler-90b/
3561,OGLE-2015-BLG-0954L b,1200,3.4 Jupiters,Unknown,2016,https://science.nasa.gov/exoplanet-catalog/ogle-2015-blg-0954l-b/
3562,OGLE-2014-BLG-0676L b,1880,3.11 Jupiters,Unknown,2016,https://science.nasa.gov/exoplanet-catalog/ogle-2014-blg-0676l-b/
3563,OGLE-2014-BLG-0124L b,3500,0.65 Jupiters,Unknown,2015,https://science.nasa.gov/exoplanet-catalog/ogle-2014-blg-0124l-b/
3564,OGLE-2013-BLG-0102L b,3040,13 Jupiters,Unknown,2014,https://science.nasa.gov/exoplanet-catalog/ogle-2013-blg-0102l-b/
3565,OGLE-2012-BLG-0406L b,4970,2.73 Jupiters,Unknown,2013,https://science.nasa.gov/exoplanet-catalog/ogle-2012-blg-0406l-b/
3566,OGLE-2012-BLG-0026L c,4019,0.86 Jupiters,20.66,2012,https://science.nasa.gov/exoplanet-catalog/ogle-2012-blg-0026l-c/
3567,OGLE-2012-BLG-0026L b,4019,0.145 Jupiters,20.66,2012,https://science.nasa.gov/exoplanet-catalog/ogle-2012-blg-0026l-b/
3568,OGLE-2011-BLG-0251L b,2570,0.53 Jupiters,Unknown,2012,https://science.nasa.gov/exoplanet-catalog/ogle-2011-blg-0251l-b/
3569,OGLE-2008-BLG-355L b,6800,4.6 Jupiters,Unknown,2014,https://science.nasa.gov/exoplanet-catalog/ogle-2008-blg-355l-b/
3570,OGLE-2008-BLG-092L b,8100,0.18 Jupiters,Unknown,2014,https://science.nasa.gov/exoplanet-catalog/ogle-2008-blg-092l-b/
3571,OGLE-2006-BLG-109L c,1510,0.27 Jupiters,Unknown,2008,https://science.nasa.gov/exoplanet-catalog/ogle-2006-blg-109l-c/
3572,OGLE-2006-BLG-109L b,1510,0.727 Jupiters,Unknown,2008,https://science.nasa.gov/exoplanet-catalog/ogle-2006-blg-109l-b/
3573,MOA-2010-BLG-353L b,6430,0.27 Jupiters,Unknown,2015,https://science.nasa.gov/exoplanet-catalog/moa-2010-blg-353l-b/
3574,OGLE-2005-BLG-169L b,4100,14.1 Earths,22.783,2006,https://science.nasa.gov/exoplanet-catalog/ogle-2005-blg-169l-b/
3575,OGLE-2005-BLG-071L b,3200,3.8 Jupiters,Unknown,2005,https://science.nasa.gov/exoplanet-catalog/ogle-2005-blg-071l-b/
3576,MOA-2013-BLG-605L b,850,3.24 Earths,Unknown,2016,https://science.nasa.gov/exoplanet-catalog/moa-2013-blg-605l-b/
3577,OGLE-2003-BLG-235L b,5800,2.6 Jupiters,Unknown,2004,https://science.nasa.gov/exoplanet-catalog/ogle-2003-blg-235l-b/
3578,MOA-2011-BLG-322L b,7560,11.6 Jupiters,Unknown,2013,https://science.nasa.gov/exoplanet-catalog/moa-2011-blg-322l-b/
3579,MOA-2011-BLG-293L b,7720,4.8 Jupiters,Unknown,2012,https://science.nasa.gov/exoplanet-catalog/moa-2011-blg-293l-b/
3580,MOA-2010-BLG-477L b,2300,1.5 Jupiters,Unknown,2012,https://science.nasa.gov/exoplanet-catalog/moa-2010-blg-477l-b/
3581,MOA-2010-BLG-073L b,2800,11 Jupiters,Unknown,2012,https://science.nasa.gov/exoplanet-catalog/moa-2010-blg-073l-b/
3582,MOA-2009-BLG-319L b,7050,0.212 Jupiters,Unknown,2010,https://science.nasa.gov/exoplanet-catalog/moa-2009-blg-319l-b/
3583,MOA-2009-BLG-266L b,3040,10.4 Earths,Unknown,2011,https://science.nasa.gov/exoplanet-catalog/moa-2009-blg-266l-b/
3584,MOA-2008-BLG-379L b,3300,4.1 Jupiters,Unknown,2013,https://science.nasa.gov/exoplanet-catalog/moa-2008-blg-379l-b/
3585,MOA-2008-BLG-310L b,7700,23.4 Earths,Unknown,2009,https://science.nasa.gov/exoplanet-catalog/moa-2008-blg-310l-b/
3586,MOA-2007-BLG-400L b,6890,1.7 Jupiters,Unknown,2008,https://science.nasa.gov/exoplanet-catalog/moa-2007-blg-400l-b/
3587,OGLE-2016-BLG-1190L b,6770,13.38 Jupiters,Unknown,2017,https://science.nasa.gov/exoplanet-catalog/ogle-2016-blg-1190l-b/
3588,MOA-2016-BLG-227L b,6500,2.8 Jupiters,Unknown,2017,https://science.nasa.gov/exoplanet-catalog/moa-2016-blg-227l-b/
3589,OGLE-2015-BLG-0051L b,8200,0.72 Jupiters,Unknown,2016,https://science.nasa.gov/exoplanet-catalog/ogle-2015-blg-0051l-b/
3590,MOA-2011-BLG-262L b,7200,17 Earths,Unknown,2014,https://science.nasa.gov/exoplanet-catalog/moa-2011-blg-262l-b/
3591,MOA-2010-BLG-328L b,810,9.2 Earths,Unknown,2013,https://science.nasa.gov/exoplanet-catalog/moa-2010-blg-328l-b/
3592,OGLE-2012-BLG-0358L b,1760,1.85 Jupiters,Unknown,2013,https://science.nasa.gov/exoplanet-catalog/ogle-2012-blg-0358l-b/
3593,OGLE-2011-BLG-0265L b,4380,0.88 Jupiters,Unknown,2015,https://science.nasa.gov/exoplanet-catalog/ogle-2011-blg-0265l-b/
3594,OGLE-2007-BLG-368L b,5900,20 Earths,17.71,2009,https://science.nasa.gov/exoplanet-catalog/ogle-2007-blg-368l-b/
3595,OGLE-2005-BLG-390L b,6600,5.5 Earths,Unknown,2005,https://science.nasa.gov/exoplanet-catalog/ogle-2005-blg-390l-b/
3596,MOA-2009-BLG-387L b,5690,2.6 Jupiters,Unknown,2010,https://science.nasa.gov/exoplanet-catalog/moa-2009-blg-387l-b/
3597,MOA-2007-BLG-192L b,2160,12.49 Earths,Unknown,2008,https://science.nasa.gov/exoplanet-catalog/moa-2007-blg-192l-b/
3598,OGLE-2012-BLG-0724L b,6700,0.47 Jupiters,Unknown,2016,https://science.nasa.gov/exoplanet-catalog/ogle-2012-blg-0724l-b/
3599,OGLE-2012-BLG-0563L b,1300,0.39 Jupiters,Unknown,2015,https://science.nasa.gov/exoplanet-catalog/ogle-2012-blg-0563l-b/
3600,MOA-2011-BLG-028L b,7380,30 Earths,Unknown,2016,https://science.nasa.gov/exoplanet-catalog/moa-2011-blg-028l-b/
3601,OGLE-2015-BLG-0966L b,3300,21 Earths,Unknown,2016,https://science.nasa.gov/exoplanet-catalog/ogle-2015-blg-0966l-b/
3602,NGTS-1 b,218.121,0.812 Jupiters,15.667,2017,https://science.nasa.gov/exoplanet-catalog/ngts-1-b/
3603,Kepler-1653 b,755,5.35 Earths,15.864,2017,https://science.nasa.gov/exoplanet-catalog/kepler-1653-b/
3604,Kepler-1652 b,252,3.19 Earths,16.86,2017,https://science.nasa.gov/exoplanet-catalog/kepler-1652-b/
3605,K2-137 b,98.8765,0.5 Jupiters,15.94,2017,https://science.nasa.gov/exoplanet-catalog/k2-137-b/
3606,K2-136 d,59.2474,3 Earths,11.101,2017,https://science.nasa.gov/exoplanet-catalog/k2-136-d/
3607,K2-136 c,59.2474,18.1 Earths,11.101,2017,https://science.nasa.gov/exoplanet-catalog/k2-136-c/
3608,K2-136 b,59.2474,4.3 Earths,11.101,2017,https://science.nasa.gov/exoplanet-catalog/k2-136-b/
3609,KELT-20 b,136.426,3.382 Jupiters,7.59,2017,https://science.nasa.gov/exoplanet-catalog/kelt-20-b/
3610,MASCARA-1 b,182.273,3.7 Jupiters,8.28,2017,https://science.nasa.gov/exoplanet-catalog/mascara-1-b/
3611,OGLE-2013-BLG-1721L b,6300,0.64 Jupiters,Unknown,2017,https://science.nasa.gov/exoplanet-catalog/ogle-2013-blg-1721l-b/
3612,OGLE-2013-BLG-0132L b,3900,0.29 Jupiters,Unknown,2017,https://science.nasa.gov/exoplanet-catalog/ogle-2013-blg-0132l-b/
3613,WASP-153 b,610.176,0.39 Jupiters,12.591,2017,https://science.nasa.gov/exoplanet-catalog/wasp-153-b/
3614,WASP-151 b,453.099,0.316 Jupiters,12.821,2017,https://science.nasa.gov/exoplanet-catalog/wasp-151-b/
3615,K2-133 d,75.1703,4.67 Earths,14.073,2017,https://science.nasa.gov/exoplanet-catalog/k2-133-d/
3616,K2-133 c,75.1703,3.2 Earths,14.073,2017,https://science.nasa.gov/exoplanet-catalog/k2-133-c/
3617,K2-133 b,75.1703,2.36 Earths,14.073,2017,https://science.nasa.gov/exoplanet-catalog/k2-133-b/
3618,K2-131 b,152.509,7.9 Earths,12.129,2017,https://science.nasa.gov/exoplanet-catalog/k2-131-b/
3619,K2-132 b,609.818,0.49 Jupiters,12.071,2017,https://science.nasa.gov/exoplanet-catalog/k2-132-b/
3620,K2-130 b,118.011,2.1 Earths,12.676,2017,https://science.nasa.gov/exoplanet-catalog/k2-130-b/
3621,K2-129 b,27.7957,1.12 Earths,13.639,2017,https://science.nasa.gov/exoplanet-catalog/k2-129-b/
3622,K2-128 b,114.637,2.6 Earths,12.58,2017,https://science.nasa.gov/exoplanet-catalog/k2-128-b/
3623,K2-127 b,709.999,0.167 Jupiters,15.041,2017,https://science.nasa.gov/exoplanet-catalog/k2-127-b/
3624,K2-126 b,102.953,4.54 Earths,12.759,2017,https://science.nasa.gov/exoplanet-catalog/k2-126-b/
3625,K2-125 b,124.156,5.39 Earths,16.4,2017,https://science.nasa.gov/exoplanet-catalog/k2-125-b/
3626,K2-124 b,140.385,8.75 Earths,16.692,2017,https://science.nasa.gov/exoplanet-catalog/k2-124-b/
3627,K2-123 b,161.555,8.05 Earths,14.781,2017,https://science.nasa.gov/exoplanet-catalog/k2-123-b/
3628,K2-122 b,72.0444,1.65 Earths,13.105,2017,https://science.nasa.gov/exoplanet-catalog/k2-122-b/
3629,K2-121 b,169.398,0.16046394 Jupiters,13.229,2017,https://science.nasa.gov/exoplanet-catalog/k2-121-b/
3630,K2-119 b,365.581,6.94 Earths,14.818,2017,https://science.nasa.gov/exoplanet-catalog/k2-119-b/
3631,K2-118 b,321.722,6.99 Earths,14,2017,https://science.nasa.gov/exoplanet-catalog/k2-118-b/
3632,K2-117 c,101.632,4.9 Earths,14.639,2017,https://science.nasa.gov/exoplanet-catalog/k2-117-c/
3633,K2-117 b,101.632,4.78 Earths,14.639,2017,https://science.nasa.gov/exoplanet-catalog/k2-117-b/
3634,K2-116 b,49.3855,0.257 Earths,10.8,2017,https://science.nasa.gov/exoplanet-catalog/k2-116-b/
3635,WASP-47 e,264.78,9 Earths,11.936,2015,https://science.nasa.gov/exoplanet-catalog/wasp-47-e/
3636,WASP-47 d,264.78,15.5 Earths,11.936,2015,https://science.nasa.gov/exoplanet-catalog/wasp-47-d/
3637,WASP-47 c,264.78,1.40641928 Jupiters,11.936,2015,https://science.nasa.gov/exoplanet-catalog/wasp-47-c/
3638,WASP-41 c,163.371,3.18 Jupiters,11.632,2015,https://science.nasa.gov/exoplanet-catalog/wasp-41-c/
3639,Kepler-623 b,737.702,9.32 Earths,15.028,2016,https://science.nasa.gov/exoplanet-catalog/kepler-623-b/
3640,Kepler-554 b,690.525,17 Earths,14.49,2016,https://science.nasa.gov/exoplanet-catalog/kepler-554-b/
3641,Kepler-154 f,915.212,2.86 Earths,14.646,2016,https://science.nasa.gov/exoplanet-catalog/kepler-154-f/
3642,Kepler-154 e,915.212,2.86 Earths,14.646,2016,https://science.nasa.gov/exoplanet-catalog/kepler-154-e/
3643,Kepler-154 d,915.212,14.1 Earths,14.646,2016,https://science.nasa.gov/exoplanet-catalog/kepler-154-d/
3644,KELT-8 b,197.572,0.66 Jupiters,10.845,2015,https://science.nasa.gov/exoplanet-catalog/kelt-8-b/
3645,KELT-6 c,240.726,3.71 Jupiters,10.371,2015,https://science.nasa.gov/exoplanet-catalog/kelt-6-c/
3646,K2-3 b,44.0727,5.11 Earths,12.168,2015,https://science.nasa.gov/exoplanet-catalog/k2-3-b/
3647,K2-22 b,243.836,1.4 Jupiters,15.565,2015,https://science.nasa.gov/exoplanet-catalog/k2-22-b/
3648,HAT-P-20 b,71.0374,7.246 Jupiters,11.231,2010,https://science.nasa.gov/exoplanet-catalog/hat-p-20-b/
3649,Kepler-553 c,728.525,6.7 Jupiters,15.034,2016,https://science.nasa.gov/exoplanet-catalog/kepler-553-c/
3650,Kepler-553 b,728.525,0.365 Jupiters,15.034,2016,https://science.nasa.gov/exoplanet-catalog/kepler-553-b/
3651,Kepler-351 d,1083.91,7.85 Earths,16.229,2016,https://science.nasa.gov/exoplanet-catalog/kepler-351-d/
3652,Kepler-335 c,1278.97,9.64 Earths,14.111,2014,https://science.nasa.gov/exoplanet-catalog/kepler-335-c/
3653,Kepler-335 b,1278.97,11.4 Earths,14.111,2014,https://science.nasa.gov/exoplanet-catalog/kepler-335-b/
3654,Kepler-334 d,426.59,2.57 Earths,12.834,2014,https://science.nasa.gov/exoplanet-catalog/kepler-334-d/
3655,Kepler-334 b,426.59,1.46 Earths,12.834,2014,https://science.nasa.gov/exoplanet-catalog/kepler-334-b/
3656,Kepler-333 c,324.413,1.41 Earths,15.052,2014,https://science.nasa.gov/exoplanet-catalog/kepler-333-c/
3657,Kepler-333 b,324.413,28.2 Earths,15.052,2014,https://science.nasa.gov/exoplanet-catalog/kepler-333-b/
3658,Kepler-332 c,344.19,1.32 Earths,14.243,2014,https://science.nasa.gov/exoplanet-catalog/kepler-332-c/
3659,Kepler-332 b,344.19,1.71 Earths,14.243,2014,https://science.nasa.gov/exoplanet-catalog/kepler-332-b/
3660,Kepler-331 d,580.119,3.33 Earths,16.199,2014,https://science.nasa.gov/exoplanet-catalog/kepler-331-d/
3661,Kepler-331 c,580.119,4.04 Earths,16.199,2014,https://science.nasa.gov/exoplanet-catalog/kepler-331-c/
3662,Kepler-330 c,717.527,4.46 Earths,15.569,2014,https://science.nasa.gov/exoplanet-catalog/kepler-330-c/
3663,Kepler-330 b,717.527,2.39 Earths,15.569,2014,https://science.nasa.gov/exoplanet-catalog/kepler-330-b/
3664,Kepler-329 c,439.719,4.38 Earths,15.886,2014,https://science.nasa.gov/exoplanet-catalog/kepler-329-c/
3665,Kepler-328 b,2213.19,28.5 Earths,15.794,2013,https://science.nasa.gov/exoplanet-catalog/kepler-328-b/
3666,Kepler-327 d,241.987,3.64 Earths,15.611,2014,https://science.nasa.gov/exoplanet-catalog/kepler-327-d/
3667,Kepler-327 b,241.987,1.41 Earths,15.611,2014,https://science.nasa.gov/exoplanet-catalog/kepler-327-b/
3668,Kepler-326 d,487.675,6.9 Earths,13.734,2014,https://science.nasa.gov/exoplanet-catalog/kepler-326-d/
3669,Kepler-326 c,487.675,17.4 Earths,13.734,2014,https://science.nasa.gov/exoplanet-catalog/kepler-326-c/
3670,Kepler-326 b,487.675,0.14 Jupiters,13.734,2014,https://science.nasa.gov/exoplanet-catalog/kepler-326-b/
3671,Kepler-325 c,823.242,6.99 Earths,15.175,2014,https://science.nasa.gov/exoplanet-catalog/kepler-325-c/
3672,Kepler-325 b,823.242,8.8 Earths,15.175,2014,https://science.nasa.gov/exoplanet-catalog/kepler-325-b/
3673,Kepler-324 c,501.574,6.2 Earths,14.222,2014,https://science.nasa.gov/exoplanet-catalog/kepler-324-c/
3674,Kepler-323 c,454.883,6.8 Earths,12.78,2014,https://science.nasa.gov/exoplanet-catalog/kepler-323-c/
3675,Kepler-1063 b,343.226,2.83 Earths,13.029,2016,https://science.nasa.gov/exoplanet-catalog/kepler-1063-b/
3676,Kepler-1061 b,543.375,4.58 Earths,13.319,2016,https://science.nasa.gov/exoplanet-catalog/kepler-1061-b/
3677,Kepler-1060 b,946.565,6.26 Earths,14.827,2016,https://science.nasa.gov/exoplanet-catalog/kepler-1060-b/
3678,Kepler-1059 b,713.167,3.64 Earths,15.785,2016,https://science.nasa.gov/exoplanet-catalog/kepler-1059-b/
3679,Kepler-1058 b,491.997,7.85 Earths,15.869,2016,https://science.nasa.gov/exoplanet-catalog/kepler-1058-b/
3680,Kepler-1056 b,982.51,9.32 Earths,14.772,2016,https://science.nasa.gov/exoplanet-catalog/kepler-1056-b/
3681,Kepler-1055 b,389.397,2.04 Earths,13.194,2016,https://science.nasa.gov/exoplanet-catalog/kepler-1055-b/
3682,Kepler-1054 b,1090.51,7.41 Earths,14.143,2016,https://science.nasa.gov/exoplanet-catalog/kepler-1054-b/
3683,Kepler-1053 b,151.129,0.904 Earths,13.576,2016,https://science.nasa.gov/exoplanet-catalog/kepler-1053-b/
3684,Kepler-1051 b,829.343,11.5 Earths,13.212,2016,https://science.nasa.gov/exoplanet-catalog/kepler-1051-b/
3685,Kepler-1050 c,490.488,2.79 Earths,13.198,2016,https://science.nasa.gov/exoplanet-catalog/kepler-1050-c/
3686,Kepler-1050 b,490.488,3.19 Earths,13.198,2016,https://science.nasa.gov/exoplanet-catalog/kepler-1050-b/
3687,Kepler-1048 b,556.006,3.22 Earths,15.138,2016,https://science.nasa.gov/exoplanet-catalog/kepler-1048-b/
3688,Kepler-1047 c,817.647,0.937 Earths,13.46,2016,https://science.nasa.gov/exoplanet-catalog/kepler-1047-c/
3689,Kepler-1047 b,817.647,5.02 Earths,13.46,2016,https://science.nasa.gov/exoplanet-catalog/kepler-1047-b/
3690,Kepler-1046 b,721.534,3.57 Earths,13.347,2016,https://science.nasa.gov/exoplanet-catalog/kepler-1046-b/
3691,Kepler-1044 b,1278.96,7.61 Earths,15.478,2016,https://science.nasa.gov/exoplanet-catalog/kepler-1044-b/
3692,Kepler-1043 b,903.332,7.04 Earths,14.949,2016,https://science.nasa.gov/exoplanet-catalog/kepler-1043-b/
3693,Kepler-1042 b,659,5.43 Earths,16.004,2016,https://science.nasa.gov/exoplanet-catalog/kepler-1042-b/
3694,Kepler-1041 b,1485.82,8.96 Earths,14.576,2016,https://science.nasa.gov/exoplanet-catalog/kepler-1041-b/
3695,Kepler-1039 b,306.91,2.73 Earths,14.438,2016,https://science.nasa.gov/exoplanet-catalog/kepler-1039-b/
3696,Kepler-1038 b,584.136,12.2 Earths,15.03,2016,https://science.nasa.gov/exoplanet-catalog/kepler-1038-b/
3697,Kepler-1037 b,446.914,2.18 Earths,14.475,2016,https://science.nasa.gov/exoplanet-catalog/kepler-1037-b/
3698,Kepler-1035 b,562.116,1.71 Earths,13.097,2016,https://science.nasa.gov/exoplanet-catalog/kepler-1035-b/
3699,K2-26 b,99.0504,7.61 Earths,14.528,2016,https://science.nasa.gov/exoplanet-catalog/k2-26-b/
3700,Kepler-552 b,843.689,14.8 Earths,14.476,2016,https://science.nasa.gov/exoplanet-catalog/kepler-552-b/
3701,Kepler-550 b,531.944,17.9 Earths,14.626,2016,https://science.nasa.gov/exoplanet-catalog/kepler-550-b/
3702,Kepler-549 c,635.145,8.91 Earths,14.805,2016,https://science.nasa.gov/exoplanet-catalog/kepler-549-c/
3703,Kepler-549 b,635.145,11 Earths,14.805,2016,https://science.nasa.gov/exoplanet-catalog/kepler-549-b/
3704,Kepler-548 b,751.776,Unknown,15.266,2016,https://science.nasa.gov/exoplanet-catalog/kepler-548-b/
3705,Kepler-546 b,1019.65,39.1 Earths,14.325,2016,https://science.nasa.gov/exoplanet-catalog/kepler-546-b/
3706,Kepler-545 b,818.001,7.7 Earths,14.205,2016,https://science.nasa.gov/exoplanet-catalog/kepler-545-b/
3707,Kepler-544 b,963.18,5.14 Earths,13.667,2016,https://science.nasa.gov/exoplanet-catalog/kepler-544-b/
3708,Kepler-543 b,221.802,6.8 Earths,13.598,2016,https://science.nasa.gov/exoplanet-catalog/kepler-543-b/
3709,Kepler-541 b,1060.68,11.2 Earths,13.383,2016,https://science.nasa.gov/exoplanet-catalog/kepler-541-b/
3710,Kepler-540 b,390.374,7.8 Earths,12.293,2016,https://science.nasa.gov/exoplanet-catalog/kepler-540-b/
3711,Kepler-539 b,307.318,0.97 Jupiters,12.444,2016,https://science.nasa.gov/exoplanet-catalog/kepler-539-b/
3712,Kepler-537 b,439.4,2.57 Earths,13.173,2016,https://science.nasa.gov/exoplanet-catalog/kepler-537-b/
3713,Kepler-536 b,462.322,9.8 Earths,14.032,2016,https://science.nasa.gov/exoplanet-catalog/kepler-536-b/
3714,Kepler-535 b,685.599,6.17 Earths,13.209,2016,https://science.nasa.gov/exoplanet-catalog/kepler-535-b/
3715,Kepler-534 b,570.659,5.65 Earths,13.387,2016,https://science.nasa.gov/exoplanet-catalog/kepler-534-b/
3716,Kepler-532 b,312.798,7.13 Earths,13.74,2016,https://science.nasa.gov/exoplanet-catalog/kepler-532-b/
3717,Kepler-531 b,252.762,8.15 Earths,13.566,2016,https://science.nasa.gov/exoplanet-catalog/kepler-531-b/
3718,Kepler-530 b,457.709,9.32 Earths,13.502,2016,https://science.nasa.gov/exoplanet-catalog/kepler-530-b/
3719,Kepler-529 c,799.008,4.66 Earths,13.779,2016,https://science.nasa.gov/exoplanet-catalog/kepler-529-c/
3720,Kepler-529 b,799.008,4.12 Earths,13.779,2016,https://science.nasa.gov/exoplanet-catalog/kepler-529-b/
3721,Kepler-528 b,784.23,4.98 Earths,14.064,2016,https://science.nasa.gov/exoplanet-catalog/kepler-528-b/
3722,Kepler-527 b,750.04,8.45 Earths,13.471,2016,https://science.nasa.gov/exoplanet-catalog/kepler-527-b/
3723,Kepler-526 b,666.146,4.62 Earths,13.194,2016,https://science.nasa.gov/exoplanet-catalog/kepler-526-b/
3724,Kepler-525 b,992.852,7.41 Earths,13.613,2016,https://science.nasa.gov/exoplanet-catalog/kepler-525-b/
3725,Kepler-524 c,1058.24,0.84 Earths,14.082,2016,https://science.nasa.gov/exoplanet-catalog/kepler-524-c/
3726,Kepler-323 b,454.883,3.9 Earths,12.78,2014,https://science.nasa.gov/exoplanet-catalog/kepler-323-b/
3727,Kepler-322 c,400.48,3.43 Earths,13.687,2014,https://science.nasa.gov/exoplanet-catalog/kepler-322-c/
3728,Kepler-160 c,937.013,13.6 Earths,14.816,2014,https://science.nasa.gov/exoplanet-catalog/kepler-160-c/
3729,Kepler-158 b,315.177,5.14 Earths,14.743,2014,https://science.nasa.gov/exoplanet-catalog/kepler-158-b/
3730,Kepler-156 b,443.483,5.9 Earths,14.339,2014,https://science.nasa.gov/exoplanet-catalog/kepler-156-b/
3731,Kepler-154 b,915.212,5.73 Earths,14.646,2014,https://science.nasa.gov/exoplanet-catalog/kepler-154-b/
3732,Kepler-151 c,649.919,5.02 Earths,14.957,2014,https://science.nasa.gov/exoplanet-catalog/kepler-151-c/
3733,Kepler-150 c,891.092,13.2 Earths,15.161,2014,https://science.nasa.gov/exoplanet-catalog/kepler-150-c/
3734,Kepler-14 b,798,8.4 Jupiters,12.003,2011,https://science.nasa.gov/exoplanet-catalog/kepler-14-b/
3735,Kepler-148 d,791.163,0.177 Jupiters,15.398,2016,https://science.nasa.gov/exoplanet-catalog/kepler-148-d/
3736,Kepler-142 b,548.686,4.62 Earths,13.277,2014,https://science.nasa.gov/exoplanet-catalog/kepler-142-b/
3737,Kepler-140 b,583.859,3.22 Earths,13.018,2014,https://science.nasa.gov/exoplanet-catalog/kepler-140-b/
3738,Kepler-138 c,66.8624,2.3 Earths,13.04,2014,https://science.nasa.gov/exoplanet-catalog/kepler-138-c/
3739,Kepler-136 c,420.818,4.62 Earths,11.822,2014,https://science.nasa.gov/exoplanet-catalog/kepler-136-c/
3740,Kepler-134 c,334.797,2.13 Earths,12.318,2014,https://science.nasa.gov/exoplanet-catalog/kepler-134-c/
3741,Kepler-132 c,349.549,2.18 Earths,11.922,2014,https://science.nasa.gov/exoplanet-catalog/kepler-132-c/
3742,Kepler-131 c,228.678,8.25 Earths,11.493,2014,https://science.nasa.gov/exoplanet-catalog/kepler-131-c/
3743,Kepler-130 c,316.663,8.75 Earths,11.572,2014,https://science.nasa.gov/exoplanet-catalog/kepler-130-c/
3744,Kepler-128 c,396.379,3.38 Earths,11.693,2013,https://science.nasa.gov/exoplanet-catalog/kepler-128-c/
3745,Kepler-127 b,352.794,2.54 Earths,11.746,2014,https://science.nasa.gov/exoplanet-catalog/kepler-127-b/
3746,Kepler-125 c,183.365,0.33 Earths,15.431,2014,https://science.nasa.gov/exoplanet-catalog/kepler-125-c/
3747,Kepler-124 b,420.046,0.315 Earths,14.4,2014,https://science.nasa.gov/exoplanet-catalog/kepler-124-b/
3748,Kepler-122 d,1027.45,5.48 Earths,14.403,2014,https://science.nasa.gov/exoplanet-catalog/kepler-122-d/
3749,Kepler-121 b,510.523,6.08 Earths,14.904,2014,https://science.nasa.gov/exoplanet-catalog/kepler-121-b/
3750,Kepler-119 b,701.996,12.6 Earths,14.375,2014,https://science.nasa.gov/exoplanet-catalog/kepler-119-b/
3751,Kepler-116 c,955.168,5.9 Earths,13.744,2014,https://science.nasa.gov/exoplanet-catalog/kepler-116-c/
3752,Kepler-114 c,259.533,2.8 Earths,13.961,2013,https://science.nasa.gov/exoplanet-catalog/kepler-114-c/
3753,Kepler-112 c,513.206,6.35 Earths,13.927,2014,https://science.nasa.gov/exoplanet-catalog/kepler-112-c/
3754,Kepler-524 b,1058.24,4.31 Earths,14.082,2016,https://science.nasa.gov/exoplanet-catalog/kepler-524-b/
3755,Kepler-342 e,781.611,0.615 Earths,13.2,2016,https://science.nasa.gov/exoplanet-catalog/kepler-342-e/
3756,Kepler-321 c,384.542,5.99 Earths,12.918,2014,https://science.nasa.gov/exoplanet-catalog/kepler-321-c/
3757,Kepler-321 b,384.542,3.78 Earths,12.918,2014,https://science.nasa.gov/exoplanet-catalog/kepler-321-b/
3758,Kepler-320 c,826.613,2.45 Earths,13.494,2014,https://science.nasa.gov/exoplanet-catalog/kepler-320-c/
3759,Kepler-319 d,503.436,5.86 Earths,13.926,2014,https://science.nasa.gov/exoplanet-catalog/kepler-319-d/
3760,Kepler-319 c,503.436,7.41 Earths,13.926,2014,https://science.nasa.gov/exoplanet-catalog/kepler-319-c/
3761,Kepler-319 b,503.436,3.29 Earths,13.926,2014,https://science.nasa.gov/exoplanet-catalog/kepler-319-b/
3762,Kepler-318 c,489.141,13.1 Earths,13.442,2014,https://science.nasa.gov/exoplanet-catalog/kepler-318-c/
3763,Kepler-317 c,940.584,3.61 Earths,15.665,2014,https://science.nasa.gov/exoplanet-catalog/kepler-317-c/
3764,Kepler-317 b,940.584,0.345 Jupiters,15.665,2014,https://science.nasa.gov/exoplanet-catalog/kepler-317-b/
3765,Kepler-316 c,384.938,1.65 Earths,15.81,2014,https://science.nasa.gov/exoplanet-catalog/kepler-316-c/
3766,Kepler-315 c,1160.63,16.1 Earths,15.546,2014,https://science.nasa.gov/exoplanet-catalog/kepler-315-c/
3767,Kepler-315 b,1160.63,13.7 Earths,15.546,2014,https://science.nasa.gov/exoplanet-catalog/kepler-315-b/
3768,Kepler-314 c,268.881,8.75 Earths,12.64,2014,https://science.nasa.gov/exoplanet-catalog/kepler-314-c/
3769,Kepler-313 c,1079.39524871,7.13 Earths,14.304,2014,https://science.nasa.gov/exoplanet-catalog/kepler-313-c/
3770,Kepler-313 b,1079.39524871,6.94 Earths,14.304,2014,https://science.nasa.gov/exoplanet-catalog/kepler-313-b/
3771,Kepler-312 c,797.72,10.1 Earths,13.01,2014,https://science.nasa.gov/exoplanet-catalog/kepler-312-c/
3772,Kepler-311 c,778.654,2.63 Earths,13.902,2014,https://science.nasa.gov/exoplanet-catalog/kepler-311-c/
3773,Kepler-311 b,778.654,3.53 Earths,13.902,2014,https://science.nasa.gov/exoplanet-catalog/kepler-311-b/
3774,Kepler-310 d,602.268,7 Earths,14.376,2014,https://science.nasa.gov/exoplanet-catalog/kepler-310-d/
3775,Kepler-310 c,602.268,11.4 Earths,14.376,2014,https://science.nasa.gov/exoplanet-catalog/kepler-310-c/
3776,Kepler-309 c,544.568,6.85 Earths,15.418,2014,https://science.nasa.gov/exoplanet-catalog/kepler-309-c/
3777,Kepler-309 b,544.568,3.05 Earths,15.418,2014,https://science.nasa.gov/exoplanet-catalog/kepler-309-b/
3778,Kepler-308 c,1335.92,5.31 Earths,16.019,2014,https://science.nasa.gov/exoplanet-catalog/kepler-308-c/
3779,Kepler-307 c,575.581,3.64 Earths,14.149,2013,https://science.nasa.gov/exoplanet-catalog/kepler-307-c/
3780,Kepler-307 b,575.581,7.44 Earths,14.149,2013,https://science.nasa.gov/exoplanet-catalog/kepler-307-b/
3781,Kepler-110 c,586.531,5.52 Earths,13.003,2014,https://science.nasa.gov/exoplanet-catalog/kepler-110-c/
3782,Kepler-1034 b,654.549,5.73 Earths,15.269,2016,https://science.nasa.gov/exoplanet-catalog/kepler-1034-b/
3783,Kepler-1033 b,1455.5,6.85 Earths,16.186,2016,https://science.nasa.gov/exoplanet-catalog/kepler-1033-b/
3784,Kepler-1031 b,682.882,0.59 Earths,13.877,2016,https://science.nasa.gov/exoplanet-catalog/kepler-1031-b/
3785,Kepler-1030 b,758.702,6.71 Earths,16.003,2016,https://science.nasa.gov/exoplanet-catalog/kepler-1030-b/
3786,Kepler-1029 b,366.656,2.13 Earths,14.434,2016,https://science.nasa.gov/exoplanet-catalog/kepler-1029-b/
3787,Kepler-1028 b,607.916,2.33 Earths,14.611,2016,https://science.nasa.gov/exoplanet-catalog/kepler-1028-b/
3788,Kepler-1026 b,351.239,5.52 Earths,14.463,2016,https://science.nasa.gov/exoplanet-catalog/kepler-1026-b/
3789,Kepler-1025 b,803.776,4.58 Earths,13.695,2016,https://science.nasa.gov/exoplanet-catalog/kepler-1025-b/
3790,Kepler-1024 b,1087.4,14.5 Earths,16.272,2016,https://science.nasa.gov/exoplanet-catalog/kepler-1024-b/
3791,Kepler-1023 b,694.175,7.41 Earths,14.7121,2016,https://science.nasa.gov/exoplanet-catalog/kepler-1023-b/
3792,Kepler-1022 b,420.042,6.17 Earths,15.758,2016,https://science.nasa.gov/exoplanet-catalog/kepler-1022-b/
3793,Kepler-1021 b,810.082,6.04 Earths,15.207,2016,https://science.nasa.gov/exoplanet-catalog/kepler-1021-b/
3794,Kepler-1020 b,415.358,5.82 Earths,14.211,2016,https://science.nasa.gov/exoplanet-catalog/kepler-1020-b/
3795,Kepler-1019 b,194.182,2.73 Earths,13.882,2016,https://science.nasa.gov/exoplanet-catalog/kepler-1019-b/
3796,Kepler-1018 b,1010.01,7.18 Earths,15.103,2016,https://science.nasa.gov/exoplanet-catalog/kepler-1018-b/
3797,Kepler-1017 b,552.058,4.62 Earths,14.315,2016,https://science.nasa.gov/exoplanet-catalog/kepler-1017-b/
3798,Kepler-1016 c,1402.82,13.1 Earths,15.531,2016,https://science.nasa.gov/exoplanet-catalog/kepler-1016-c/
3799,Kepler-1016 b,1402.82,5.39 Earths,15.531,2016,https://science.nasa.gov/exoplanet-catalog/kepler-1016-b/
3800,Kepler-1015 b,739.357,12.3 Earths,12.825,2016,https://science.nasa.gov/exoplanet-catalog/kepler-1015-b/
3801,Kepler-1014 b,624.8,6.3 Earths,14.866,2016,https://science.nasa.gov/exoplanet-catalog/kepler-1014-b/
3802,Kepler-1013 b,422.246,5.27 Earths,14.563,2016,https://science.nasa.gov/exoplanet-catalog/kepler-1013-b/
3803,Kepler-1012 b,411.077,2.21 Earths,13.486,2016,https://science.nasa.gov/exoplanet-catalog/kepler-1012-b/
3804,Kepler-1011 b,736.779,8.6 Earths,15.294,2016,https://science.nasa.gov/exoplanet-catalog/kepler-1011-b/
3805,Kepler-1010 b,579.273,5.99 Earths,14.964,2016,https://science.nasa.gov/exoplanet-catalog/kepler-1010-b/
3806,Kepler-1009 b,355.019,5.35 Earths,15.758,2016,https://science.nasa.gov/exoplanet-catalog/kepler-1009-b/
3807,KOI-94 c,477.052,15.6 Earths,12.314,2013,https://science.nasa.gov/exoplanet-catalog/koi-94-c/
3808,Kepler-80 f,369.451,14.03187979 Jupiters,15.23,2016,https://science.nasa.gov/exoplanet-catalog/kepler-80-f/
3809,Kepler-581 b,703.758,7.41 Earths,14.701,2016,https://science.nasa.gov/exoplanet-catalog/kepler-581-b/
3810,Kepler-580 b,323.899,7.13 Earths,15.308,2016,https://science.nasa.gov/exoplanet-catalog/kepler-580-b/
3811,Kepler-579 b,530.765,4.66 Earths,14.552,2016,https://science.nasa.gov/exoplanet-catalog/kepler-579-b/
3812,Kepler-578 b,541.432,4.66 Earths,14.578,2016,https://science.nasa.gov/exoplanet-catalog/kepler-578-b/
3813,Kepler-576 b,617.55,10.7 Earths,14.627,2016,https://science.nasa.gov/exoplanet-catalog/kepler-576-b/
3814,Kepler-575 b,853.977,6.3 Earths,14.864,2016,https://science.nasa.gov/exoplanet-catalog/kepler-575-b/
3815,Kepler-523 b,253.295,4.5 Earths,12.588,2016,https://science.nasa.gov/exoplanet-catalog/kepler-523-b/
3816,Kepler-522 b,639.239,38.2 Earths,12.22,2016,https://science.nasa.gov/exoplanet-catalog/kepler-522-b/
3817,Kepler-521 b,830.638,10.2 Earths,12.94,2016,https://science.nasa.gov/exoplanet-catalog/kepler-521-b/
3818,Kepler-520 c,623.901,1.24 Earths,12.798,2016,https://science.nasa.gov/exoplanet-catalog/kepler-520-c/
3819,Kepler-520 b,623.901,3.39 Earths,12.798,2016,https://science.nasa.gov/exoplanet-catalog/kepler-520-b/
3820,Kepler-519 b,246.61,5.06 Earths,12.77,2016,https://science.nasa.gov/exoplanet-catalog/kepler-519-b/
3821,Kepler-518 b,337.901,5.1 Earths,12.573,2016,https://science.nasa.gov/exoplanet-catalog/kepler-518-b/
3822,Kepler-517 b,289.907,7.61 Earths,12.372,2016,https://science.nasa.gov/exoplanet-catalog/kepler-517-b/
3823,Kepler-516 b,687.094,27.9 Earths,12.121,2016,https://science.nasa.gov/exoplanet-catalog/kepler-516-b/
3824,Kepler-515 b,255,2.73 Earths,12.913,2016,https://science.nasa.gov/exoplanet-catalog/kepler-515-b/
3825,Kepler-514 b,455.336,3.61 Earths,12.273,2016,https://science.nasa.gov/exoplanet-catalog/kepler-514-b/
3826,Kepler-513 b,468.258,5.48 Earths,13.019,2016,https://science.nasa.gov/exoplanet-catalog/kepler-513-b/
3827,Kepler-512 b,467.375,7.7 Earths,12.728,2016,https://science.nasa.gov/exoplanet-catalog/kepler-512-b/
3828,Kepler-511 b,651.999,33.1 Earths,12.711,2016,https://science.nasa.gov/exoplanet-catalog/kepler-511-b/
3829,Kepler-510 b,386.177,6.66 Earths,12.067,2016,https://science.nasa.gov/exoplanet-catalog/kepler-510-b/
3830,Kepler-509 b,332.443,6.76 Earths,11.848,2016,https://science.nasa.gov/exoplanet-catalog/kepler-509-b/
3831,Kepler-508 b,324.618,3.33 Earths,11.592,2016,https://science.nasa.gov/exoplanet-catalog/kepler-508-b/
3832,Kepler-507 b,391.644,5.69692195 Earths,12.197,2016,https://science.nasa.gov/exoplanet-catalog/kepler-507-b/
3833,Kepler-132 e,349.549,1.76 Earths,11.922,2016,https://science.nasa.gov/exoplanet-catalog/kepler-132-e/
3834,Kepler-11 e,646.346,8 Earths,13.817,2010,https://science.nasa.gov/exoplanet-catalog/kepler-11-e/
3835,Kepler-10 b,185.506,3.24 Earths,11.043,2011,https://science.nasa.gov/exoplanet-catalog/kepler-10-b/
3836,Kepler-109 b,474.861,4.9 Earths,12.398,2014,https://science.nasa.gov/exoplanet-catalog/kepler-109-b/
3837,Kepler-107 d,525.997,7.7 Earths,12.543,2014,https://science.nasa.gov/exoplanet-catalog/kepler-107-d/
3838,Kepler-106 e,444.322,11.17 Earths,12.923,2014,https://science.nasa.gov/exoplanet-catalog/kepler-106-e/
3839,Kepler-106 b,444.322,5.3 Earths,12.923,2014,https://science.nasa.gov/exoplanet-catalog/kepler-106-b/
3840,Kepler-104 c,400.785,7.14430805 Earths,12.697,2014,https://science.nasa.gov/exoplanet-catalog/kepler-104-c/
3841,Kepler-103 b,494.832,11.67 Earths,11.883,2014,https://science.nasa.gov/exoplanet-catalog/kepler-103-b/
3842,Kepler-102 d,107.796,3 Earths,12.072,2014,https://science.nasa.gov/exoplanet-catalog/kepler-102-d/
3843,Kepler-101 b,927.981,0.16 Jupiters,13.7,2014,https://science.nasa.gov/exoplanet-catalog/kepler-101-b/
3844,Kepler-100 b,304.645,4.01 Earths,11.055,2014,https://science.nasa.gov/exoplanet-catalog/kepler-100-b/
3845,KELT-3 b,210.252,1.94 Jupiters,9.816,2013,https://science.nasa.gov/exoplanet-catalog/kelt-3-b/
3846,Kapteyn c,3.93305,7 Earths,8.86,2014,https://science.nasa.gov/exoplanet-catalog/kapteyn-c/
3847,K2-3 d,44.0727,2.2 Earths,12.168,2015,https://science.nasa.gov/exoplanet-catalog/k2-3-d/
3848,Kepler-301 c,719.166,2.39 Earths,14.458,2014,https://science.nasa.gov/exoplanet-catalog/kepler-301-c/
3849,Kepler-300 b,1098.45,3.43 Earths,14.25,2014,https://science.nasa.gov/exoplanet-catalog/kepler-300-b/
3850,Kepler-299 b,1052.24,2.3 Earths,15.232,2014,https://science.nasa.gov/exoplanet-catalog/kepler-299-b/
3851,Kepler-298 d,518.204,6.8 Earths,15.617,2014,https://science.nasa.gov/exoplanet-catalog/kepler-298-d/
3852,Kepler-297 c,692.14,0.132 Jupiters,14.326,2014,https://science.nasa.gov/exoplanet-catalog/kepler-297-c/
3853,Kepler-297 b,692.14,0.153 Jupiters,14.326,2014,https://science.nasa.gov/exoplanet-catalog/kepler-297-b/
3854,Kepler-999 b,545.063,6.08 Earths,12.364,2016,https://science.nasa.gov/exoplanet-catalog/kepler-999-b/
3855,Kepler-998 b,986.364,5.99 Earths,14.463,2016,https://science.nasa.gov/exoplanet-catalog/kepler-998-b/
3856,Kepler-996 b,1216.58,4.58 Earths,14.717,2016,https://science.nasa.gov/exoplanet-catalog/kepler-996-b/
3857,Kepler-995 b,609.638,7.75 Earths,15.173,2016,https://science.nasa.gov/exoplanet-catalog/kepler-995-b/
3858,Kepler-994 b,188.158,3.19 Earths,15.046,2016,https://science.nasa.gov/exoplanet-catalog/kepler-994-b/
3859,Kepler-993 b,324.423,9.11 Earths,16.608,2016,https://science.nasa.gov/exoplanet-catalog/kepler-993-b/
3860,Kepler-991 b,389.561,6.99 Earths,15.626,2016,https://science.nasa.gov/exoplanet-catalog/kepler-991-b/
3861,Kepler-990 c,802.163,2.96 Earths,14.716,2016,https://science.nasa.gov/exoplanet-catalog/kepler-990-c/
3862,Kepler-990 b,802.163,7.27 Earths,14.716,2016,https://science.nasa.gov/exoplanet-catalog/kepler-990-b/
3863,Kepler-989 b,491.978,5.52 Earths,14.717,2016,https://science.nasa.gov/exoplanet-catalog/kepler-989-b/
3864,Kepler-987 b,914.126,10.7 Earths,15.171,2016,https://science.nasa.gov/exoplanet-catalog/kepler-987-b/
3865,Kepler-986 b,548.364,6.17 Earths,13.69,2016,https://science.nasa.gov/exoplanet-catalog/kepler-986-b/
3866,Kepler-985 b,679.361,9.17 Earths,14.904,2016,https://science.nasa.gov/exoplanet-catalog/kepler-985-b/
3867,Kepler-984 b,460.188,5.14 Earths,13.599,2016,https://science.nasa.gov/exoplanet-catalog/kepler-984-b/
3868,Kepler-982 b,801.479,5.69 Earths,13.099,2016,https://science.nasa.gov/exoplanet-catalog/kepler-982-b/
3869,Kepler-981 b,878.082,5.95 Earths,14.875,2016,https://science.nasa.gov/exoplanet-catalog/kepler-981-b/
3870,Kepler-980 b,961.468,7.61 Earths,14.221,2016,https://science.nasa.gov/exoplanet-catalog/kepler-980-b/
3871,Kepler-978 b,682.522,9.22 Earths,13.513,2016,https://science.nasa.gov/exoplanet-catalog/kepler-978-b/
3872,Kepler-977 b,568.751,7.37 Earths,14.754,2016,https://science.nasa.gov/exoplanet-catalog/kepler-977-b/
3873,Kepler-574 b,682.896,6.3 Earths,14.671,2016,https://science.nasa.gov/exoplanet-catalog/kepler-574-b/
3874,Kepler-572 b,504.667,7.18 Earths,14.679,2016,https://science.nasa.gov/exoplanet-catalog/kepler-572-b/
3875,Kepler-306 e,775.679,5.77 Earths,15.575,2014,https://science.nasa.gov/exoplanet-catalog/kepler-306-e/
3876,Kepler-306 c,775.679,6.12 Earths,15.575,2014,https://science.nasa.gov/exoplanet-catalog/kepler-306-c/
3877,Kepler-306 b,775.679,2.92 Earths,15.575,2014,https://science.nasa.gov/exoplanet-catalog/kepler-306-b/
3878,Kepler-305 d,868.477,6.2 Earths,15.851,2014,https://science.nasa.gov/exoplanet-catalog/kepler-305-d/
3879,Kepler-305 c,868.477,6 Earths,15.851,2013,https://science.nasa.gov/exoplanet-catalog/kepler-305-c/
3880,Kepler-305 b,868.477,10.5 Earths,15.851,2013,https://science.nasa.gov/exoplanet-catalog/kepler-305-b/
3881,Kepler-304 d,434.684,8 Earths,15.065,2014,https://science.nasa.gov/exoplanet-catalog/kepler-304-d/
3882,Kepler-304 c,434.684,5.35 Earths,15.065,2014,https://science.nasa.gov/exoplanet-catalog/kepler-304-c/
3883,Kepler-304 b,434.684,8.55 Earths,15.065,2014,https://science.nasa.gov/exoplanet-catalog/kepler-304-b/
3884,Kepler-303 c,209.738,1.55 Earths,14.917,2014,https://science.nasa.gov/exoplanet-catalog/kepler-303-c/
3885,Kepler-303 b,209.738,0.64 Earths,14.917,2014,https://science.nasa.gov/exoplanet-catalog/kepler-303-b/
3886,Kepler-302 c,1402.58,Unknown,15.694,2014,https://science.nasa.gov/exoplanet-catalog/kepler-302-c/
3887,Kepler-302 b,1402.58,15.5 Earths,15.694,2014,https://science.nasa.gov/exoplanet-catalog/kepler-302-b/
3888,Kepler-301 d,719.166,3.71 Earths,14.458,2014,https://science.nasa.gov/exoplanet-catalog/kepler-301-d/
3889,Kepler-300 c,1098.45,5.69 Earths,14.25,2014,https://science.nasa.gov/exoplanet-catalog/kepler-300-c/
3890,Kepler-299 e,1052.24,4.16 Earths,15.232,2014,https://science.nasa.gov/exoplanet-catalog/kepler-299-e/
3891,Kepler-299 c,1052.24,7.51 Earths,15.232,2014,https://science.nasa.gov/exoplanet-catalog/kepler-299-c/
3892,Kepler-298 c,518.204,4.38 Earths,15.617,2014,https://science.nasa.gov/exoplanet-catalog/kepler-298-c/
3893,Kepler-296 f,167,3.89 Earths,16.363,2014,https://science.nasa.gov/exoplanet-catalog/kepler-296-f/
3894,Kepler-1008 b,282.565,2.18 Earths,13.59,2016,https://science.nasa.gov/exoplanet-catalog/kepler-1008-b/
3895,Kepler-1007 b,365,2.67 Earths,14.981,2016,https://science.nasa.gov/exoplanet-catalog/kepler-1007-b/
3896,Kepler-1006 b,1081.738,2.99 Earths,14.467,2016,https://science.nasa.gov/exoplanet-catalog/kepler-1006-b/
3897,Kepler-1005 b,567.806,2.86 Earths,13.371,2016,https://science.nasa.gov/exoplanet-catalog/kepler-1005-b/
3898,Kepler-1004 b,1152.68,32.5 Earths,13.705,2016,https://science.nasa.gov/exoplanet-catalog/kepler-1004-b/
3899,Kepler-1003 b,941.902,3.82 Earths,14.132,2016,https://science.nasa.gov/exoplanet-catalog/kepler-1003-b/
3900,Kepler-1002 b,408.303,3.57 Earths,11.821,2016,https://science.nasa.gov/exoplanet-catalog/kepler-1002-b/
3901,Kepler-1001 b,928.978,10.1 Earths,15.582,2016,https://science.nasa.gov/exoplanet-catalog/kepler-1001-b/
3902,Kepler-1000 b,1115.62,20.3 Earths,13.23,2016,https://science.nasa.gov/exoplanet-catalog/kepler-1000-b/
3903,WASP-63 b,290.684,0.37 Jupiters,11.155,2012,https://science.nasa.gov/exoplanet-catalog/wasp-63-b/
3904,WASP-61 b,488.66,2.68 Jupiters,12.489,2012,https://science.nasa.gov/exoplanet-catalog/wasp-61-b/
3905,WASP-60 b,431.052,0.55 Jupiters,11.67,2012,https://science.nasa.gov/exoplanet-catalog/wasp-60-b/
3906,Kepler-571 b,723.875,7.46 Earths,14.951,2016,https://science.nasa.gov/exoplanet-catalog/kepler-571-b/
3907,Kepler-570 b,568.148,6.57 Earths,14.451,2016,https://science.nasa.gov/exoplanet-catalog/kepler-570-b/
3908,Kepler-569 b,638.301,10.1 Earths,14.244,2016,https://science.nasa.gov/exoplanet-catalog/kepler-569-b/
3909,Kepler-567 b,558.81,5.69 Earths,14.827,2016,https://science.nasa.gov/exoplanet-catalog/kepler-567-b/
3910,Kepler-566 b,564.277,5.27 Earths,15.217,2016,https://science.nasa.gov/exoplanet-catalog/kepler-566-b/
3911,Kepler-565 b,1041,12.9 Earths,15.231,2016,https://science.nasa.gov/exoplanet-catalog/kepler-565-b/
3912,Kepler-564 b,863.037,19.4 Earths,14.883,2016,https://science.nasa.gov/exoplanet-catalog/kepler-564-b/
3913,Kepler-562 b,992.769,23.7 Earths,14.908,2016,https://science.nasa.gov/exoplanet-catalog/kepler-562-b/
3914,Kepler-561 c,621.378,7.65 Earths,14.427,2016,https://science.nasa.gov/exoplanet-catalog/kepler-561-c/
3915,Kepler-561 b,621.378,38.7 Earths,14.427,2016,https://science.nasa.gov/exoplanet-catalog/kepler-561-b/
3916,Kepler-560 b,109.308,3.61 Earths,15.66,2016,https://science.nasa.gov/exoplanet-catalog/kepler-560-b/
3917,Kepler-558 b,661.876,6.21 Earths,14.899,2016,https://science.nasa.gov/exoplanet-catalog/kepler-558-b/
3918,Kepler-557 b,2097.12,7.61 Earths,14.723,2016,https://science.nasa.gov/exoplanet-catalog/kepler-557-b/
3919,Kepler-556 b,674.598,5.65 Earths,14.316,2016,https://science.nasa.gov/exoplanet-catalog/kepler-556-b/
3920,Kepler-506 b,228.439,7.9 Earths,11.094,2016,https://science.nasa.gov/exoplanet-catalog/kepler-506-b/
3921,Kepler-504 b,99.0688,3.15 Earths,15.143,2016,https://science.nasa.gov/exoplanet-catalog/kepler-504-b/
3922,Kepler-502 b,1591.04,20.4 Earths,15.136,2016,https://science.nasa.gov/exoplanet-catalog/kepler-502-b/
3923,Kepler-501 b,1125.24,17.1 Earths,14.886,2016,https://science.nasa.gov/exoplanet-catalog/kepler-501-b/
3924,Kepler-499 b,556.726,5.35 Earths,14.63,2016,https://science.nasa.gov/exoplanet-catalog/kepler-499-b/
3925,Kepler-498 b,938.844,9.43 Earths,14.349,2016,https://science.nasa.gov/exoplanet-catalog/kepler-498-b/
3926,Kepler-497 b,1291.98,30.4 Earths,14.95,2016,https://science.nasa.gov/exoplanet-catalog/kepler-497-b/
3927,Kepler-496 b,605.274,5.99 Earths,15.106,2016,https://science.nasa.gov/exoplanet-catalog/kepler-496-b/
3928,Kepler-493 b,1745.77,Unknown,15.268,2016,https://science.nasa.gov/exoplanet-catalog/kepler-493-b/
3929,Kepler-166 d,603.53,3.64 Earths,14.857,2016,https://science.nasa.gov/exoplanet-catalog/kepler-166-d/
3930,Kepler-157 d,773.713,2.73 Earths,14.206,2016,https://science.nasa.gov/exoplanet-catalog/kepler-157-d/
3931,Kepler-296 d,167,5.02 Earths,16.363,2014,https://science.nasa.gov/exoplanet-catalog/kepler-296-d/
3932,Kepler-296 c,167,4.66 Earths,16.363,2014,https://science.nasa.gov/exoplanet-catalog/kepler-296-c/
3933,Kepler-296 b,167,3.22 Earths,16.363,2014,https://science.nasa.gov/exoplanet-catalog/kepler-296-b/
3934,Kepler-295 c,1699.19,1.71 Earths,14.631,2014,https://science.nasa.gov/exoplanet-catalog/kepler-295-c/
3935,Kepler-294 c,1357.01,7.8 Earths,15.948,2014,https://science.nasa.gov/exoplanet-catalog/kepler-294-c/
3936,Kepler-294 b,1357.01,3.78 Earths,15.948,2014,https://science.nasa.gov/exoplanet-catalog/kepler-294-b/
3937,Kepler-293 b,974.633,9.64 Earths,15.452,2014,https://science.nasa.gov/exoplanet-catalog/kepler-293-b/
3938,Kepler-292 f,1056.48,6.12 Earths,16.303,2014,https://science.nasa.gov/exoplanet-catalog/kepler-292-f/
3939,Kepler-292 e,1056.48,7.61 Earths,16.303,2014,https://science.nasa.gov/exoplanet-catalog/kepler-292-e/
3940,Kepler-292 c,1056.48,2.76 Earths,16.303,2014,https://science.nasa.gov/exoplanet-catalog/kepler-292-c/
3941,Kepler-292 b,1056.48,2.3 Earths,16.303,2014,https://science.nasa.gov/exoplanet-catalog/kepler-292-b/
3942,Kepler-291 c,1786.48,4.19 Earths,16.218,2014,https://science.nasa.gov/exoplanet-catalog/kepler-291-c/
3943,WASP-58 b,290.404,0.97 Jupiters,11.652,2012,https://science.nasa.gov/exoplanet-catalog/wasp-58-b/
3944,WASP-57 b,398.276,0.644 Jupiters,12.913,2012,https://science.nasa.gov/exoplanet-catalog/wasp-57-b/
3945,WASP-56 b,321.084,0.45 Jupiters,12.091,2012,https://science.nasa.gov/exoplanet-catalog/wasp-56-b/
3946,WASP-54 b,251.303,0.59 Jupiters,10.413,2012,https://science.nasa.gov/exoplanet-catalog/wasp-54-b/
3947,WASP-52 b,174.818,0.46 Jupiters,12.192,2012,https://science.nasa.gov/exoplanet-catalog/wasp-52-b/
3948,WASP-50 b,184.848,1.4688 Jupiters,11.44,2011,https://science.nasa.gov/exoplanet-catalog/wasp-50-b/
3949,WASP-48 b,454.144,0.8 Jupiters,11.647,2011,https://science.nasa.gov/exoplanet-catalog/wasp-48-b/
3950,WASP-47 b,264.78,1.1767356 Jupiters,11.936,2012,https://science.nasa.gov/exoplanet-catalog/wasp-47-b/
3951,WASP-46 b,375.31,1.91 Jupiters,13.043,2011,https://science.nasa.gov/exoplanet-catalog/wasp-46-b/
3952,WASP-44 b,364.512,0.87 Jupiters,13.096,2011,https://science.nasa.gov/exoplanet-catalog/wasp-44-b/
3953,WASP-43 b,86.7467,1.78 Jupiters,12.305,2011,https://science.nasa.gov/exoplanet-catalog/wasp-43-b/
3954,WASP-42 b,177.291,0.527 Jupiters,12.169,2012,https://science.nasa.gov/exoplanet-catalog/wasp-42-b/
3955,WASP-39 b,213.982,0.281 Jupiters,12.095,2011,https://science.nasa.gov/exoplanet-catalog/wasp-39-b/
3956,WASP-38 b,136.24,3.44 Jupiters,9.391,2010,https://science.nasa.gov/exoplanet-catalog/wasp-38-b/
3957,WASP-36 b,386.346,2.361 Jupiters,12.836,2011,https://science.nasa.gov/exoplanet-catalog/wasp-36-b/
3958,WASP-35 b,202.218,0.71 Jupiters,10.939,2011,https://science.nasa.gov/exoplanet-catalog/wasp-35-b/
3959,WASP-34 b,132.096,0.56 Jupiters,10.285,2010,https://science.nasa.gov/exoplanet-catalog/wasp-34-b/
3960,WASP-32 b,275.994,2.63 Jupiters,11.257,2010,https://science.nasa.gov/exoplanet-catalog/wasp-32-b/
3961,WASP-31 b,383.829,0.478 Jupiters,11.658,2010,https://science.nasa.gov/exoplanet-catalog/wasp-31-b/
3962,WASP-28 b,348.494,0.889 Jupiters,12.274,2014,https://science.nasa.gov/exoplanet-catalog/wasp-28-b/
3963,WASP-26 b,252.759,0.85 Jupiters,11.297,2010,https://science.nasa.gov/exoplanet-catalog/wasp-26-b/
3964,WASP-25 b,211.416,0.564 Jupiters,11.875,2010,https://science.nasa.gov/exoplanet-catalog/wasp-25-b/
3965,Kepler-290 c,694.627,7.75 Earths,15.775,2014,https://science.nasa.gov/exoplanet-catalog/kepler-290-c/
3966,Kepler-290 b,694.627,5.69 Earths,15.775,2014,https://science.nasa.gov/exoplanet-catalog/kepler-290-b/
3967,Kepler-289 d,704.438,5.33 Earths,14.142,2014,https://science.nasa.gov/exoplanet-catalog/kepler-289-d/
3968,Kepler-289 b,704.438,3.7 Earths,14.142,2014,https://science.nasa.gov/exoplanet-catalog/kepler-289-b/
3969,Kepler-288 d,1194.15,7.61 Earths,15.283,2014,https://science.nasa.gov/exoplanet-catalog/kepler-288-d/
3970,Kepler-288 c,1194.15,8.5 Earths,15.283,2014,https://science.nasa.gov/exoplanet-catalog/kepler-288-c/
3971,Kepler-288 b,1194.15,3.43 Earths,15.283,2014,https://science.nasa.gov/exoplanet-catalog/kepler-288-b/
3972,Kepler-287 b,835.86,0.2611472 Jupiters,14.952,2014,https://science.nasa.gov/exoplanet-catalog/kepler-287-b/
3973,Kepler-286 e,1226.85,3.78 Earths,15.863,2014,https://science.nasa.gov/exoplanet-catalog/kepler-286-e/
3974,Kepler-286 d,1226.85,2.33 Earths,15.863,2014,https://science.nasa.gov/exoplanet-catalog/kepler-286-d/
3975,Kepler-286 b,1226.85,2.07 Earths,15.863,2014,https://science.nasa.gov/exoplanet-catalog/kepler-286-b/
3976,Kepler-285 c,824.31,1.46 Earths,15.198,2014,https://science.nasa.gov/exoplanet-catalog/kepler-285-c/
3977,Kepler-491 b,630.785,0.186 Jupiters,14.178,2016,https://science.nasa.gov/exoplanet-catalog/kepler-491-b/
3978,Kepler-490 b,1523,Unknown,14.843,2016,https://science.nasa.gov/exoplanet-catalog/kepler-490-b/
3979,Kepler-489 b,369.645,0.145 Jupiters,14.221,2016,https://science.nasa.gov/exoplanet-catalog/kepler-489-b/
3980,Kepler-487 c,872.343,7.65 Earths,14.882,2016,https://science.nasa.gov/exoplanet-catalog/kepler-487-c/
3981,Kepler-487 b,872.343,Unknown,14.882,2016,https://science.nasa.gov/exoplanet-catalog/kepler-487-b/
3982,Kepler-485 b,1140.95,Unknown,15.069,2016,https://science.nasa.gov/exoplanet-catalog/kepler-485-b/
3983,Kepler-484 b,382.136,5.82 Earths,13.077,2016,https://science.nasa.gov/exoplanet-catalog/kepler-484-b/
3984,Kepler-483 b,860.355,10.4 Earths,13.452,2016,https://science.nasa.gov/exoplanet-catalog/kepler-483-b/
3985,Kepler-482 b,313.068,6.17 Earths,14.049,2016,https://science.nasa.gov/exoplanet-catalog/kepler-482-b/
3986,Kepler-481 b,813.724,6.8 Earths,14.054,2016,https://science.nasa.gov/exoplanet-catalog/kepler-481-b/
3987,Kepler-480 b,847.508,8.15 Earths,13.23,2016,https://science.nasa.gov/exoplanet-catalog/kepler-480-b/
3988,Kepler-479 b,344.901,5.14 Earths,13.724,2016,https://science.nasa.gov/exoplanet-catalog/kepler-479-b/
3989,Kepler-478 b,420,7.8 Earths,14.156,2016,https://science.nasa.gov/exoplanet-catalog/kepler-478-b/
3990,Kepler-477 b,367,4.94 Earths,13.835,2016,https://science.nasa.gov/exoplanet-catalog/kepler-477-b/
3991,Kepler-476 b,813.535,9.69 Earths,14.018,2016,https://science.nasa.gov/exoplanet-catalog/kepler-476-b/
3992,Kepler-475 b,280.069,6.76 Earths,13.512,2016,https://science.nasa.gov/exoplanet-catalog/kepler-475-b/
3993,Kepler-474 b,841.496,9.59 Earths,13.629,2016,https://science.nasa.gov/exoplanet-catalog/kepler-474-b/
3994,Kepler-473 b,905.937,15.6 Earths,13.548,2016,https://science.nasa.gov/exoplanet-catalog/kepler-473-b/
3995,Kepler-472 b,306.602,10.5 Earths,13.898,2016,https://science.nasa.gov/exoplanet-catalog/kepler-472-b/
3996,Kepler-471 b,1249.41,Unknown,13.767,2016,https://science.nasa.gov/exoplanet-catalog/kepler-471-b/
3997,Kepler-468 b,442.871,Unknown,13.852,2016,https://science.nasa.gov/exoplanet-catalog/kepler-468-b/
3998,Kepler-467 b,466.265,5.69 Earths,12.428,2016,https://science.nasa.gov/exoplanet-catalog/kepler-467-b/
3999,Kepler-466 c,530.122,2.1 Earths,12.799,2016,https://science.nasa.gov/exoplanet-catalog/kepler-466-c/
4000,Kepler-466 b,530.122,8.5 Earths,12.799,2016,https://science.nasa.gov/exoplanet-catalog/kepler-466-b/
4001,WASP-89 b,290.946,5.9 Jupiters,13.21,2015,https://science.nasa.gov/exoplanet-catalog/wasp-89-b/
4002,Lupus-TR-3 b,773.409,0.81 Jupiters,19.6202,2007,https://science.nasa.gov/exoplanet-catalog/lupus-tr-3-b/
4003,KOI-12 b,399.398,1.1 Jupiters,11.51,2015,https://science.nasa.gov/exoplanet-catalog/koi-12-b/
4004,Kepler-447 b,268.041,1.37 Jupiters,12.52,2015,https://science.nasa.gov/exoplanet-catalog/kepler-447-b/
4005,Kepler-446 d,96.339,2.39 Earths,17.5041,2015,https://science.nasa.gov/exoplanet-catalog/kepler-446-d/
4006,Kepler-445 d,127.201,2.1 Earths,18.19,2015,https://science.nasa.gov/exoplanet-catalog/kepler-445-d/
4007,Kepler-445 b,127.201,3.12 Earths,18.19,2015,https://science.nasa.gov/exoplanet-catalog/kepler-445-b/
4008,Kepler-444 f,36.4396,0.332 Earths,8.87,2015,https://science.nasa.gov/exoplanet-catalog/kepler-444-f/
4009,Kepler-444 c,36.4396,0.0793 Earths,8.87,2015,https://science.nasa.gov/exoplanet-catalog/kepler-444-c/
4010,Kepler-444 b,36.4396,0.0374 Earths,8.87,2015,https://science.nasa.gov/exoplanet-catalog/kepler-444-b/
4011,Kepler-285 b,824.31,2.36 Earths,15.198,2014,https://science.nasa.gov/exoplanet-catalog/kepler-285-b/
4012,Kepler-284 b,1031.95,5.65 Earths,15.944,2014,https://science.nasa.gov/exoplanet-catalog/kepler-284-b/
4013,Kepler-283 c,468.094,3.97 Earths,16.216,2014,https://science.nasa.gov/exoplanet-catalog/kepler-283-c/
4014,Kepler-283 b,468.094,5.18 Earths,16.216,2014,https://science.nasa.gov/exoplanet-catalog/kepler-283-b/
4015,Kepler-282 d,1337.61,0.192 Jupiters,15.444,2013,https://science.nasa.gov/exoplanet-catalog/kepler-282-d/
4016,Kepler-282 c,1337.61,1.87 Earths,15.444,2014,https://science.nasa.gov/exoplanet-catalog/kepler-282-c/
4017,Kepler-282 b,1337.61,1.01 Earths,15.444,2014,https://science.nasa.gov/exoplanet-catalog/kepler-282-b/
4018,Kepler-281 b,1745.45,1.019418 Jupiters,15.931,2014,https://science.nasa.gov/exoplanet-catalog/kepler-281-b/
4019,Kepler-280 c,780.361,4.7 Earths,14.35,2014,https://science.nasa.gov/exoplanet-catalog/kepler-280-c/
4020,Kepler-280 b,780.361,2.7 Earths,14.35,2014,https://science.nasa.gov/exoplanet-catalog/kepler-280-b/
4021,Kepler-279 c,1037.4,0.155 Jupiters,13.647,2013,https://science.nasa.gov/exoplanet-catalog/kepler-279-c/
4022,Kepler-279 b,1037.4,13.15467689 Jupiters,13.647,2014,https://science.nasa.gov/exoplanet-catalog/kepler-279-b/
4023,Kepler-278 c,443.03,34.9 Earths,11.811,2014,https://science.nasa.gov/exoplanet-catalog/kepler-278-c/
4024,Kepler-277 c,976.643,0.202 Jupiters,13.544,2013,https://science.nasa.gov/exoplanet-catalog/kepler-277-c/
4025,Kepler-277 b,976.643,0.275 Jupiters,13.544,2013,https://science.nasa.gov/exoplanet-catalog/kepler-277-b/
4026,Kepler-276 c,1144.86,16.6 Earths,15.481,2013,https://science.nasa.gov/exoplanet-catalog/kepler-276-c/
4027,Kepler-276 b,1144.86,2.3006408 Jupiters,15.481,2014,https://science.nasa.gov/exoplanet-catalog/kepler-276-b/
4028,Kepler-275 d,2034.25,11.1 Earths,15.289,2014,https://science.nasa.gov/exoplanet-catalog/kepler-275-d/
4029,Kepler-275 c,2034.25,11.4 Earths,15.289,2014,https://science.nasa.gov/exoplanet-catalog/kepler-275-c/
4030,Kepler-275 b,2034.25,6.08 Earths,15.289,2014,https://science.nasa.gov/exoplanet-catalog/kepler-275-b/
4031,Kepler-274 c,1333.62,4.04 Earths,15.238,2014,https://science.nasa.gov/exoplanet-catalog/kepler-274-c/
4032,Kepler-274 b,1333.62,2.99 Earths,15.238,2014,https://science.nasa.gov/exoplanet-catalog/kepler-274-b/
4033,Kepler-273 c,713.964,4.58 Earths,15.1,2014,https://science.nasa.gov/exoplanet-catalog/kepler-273-c/
4034,Kepler-273 b,713.964,2.86 Earths,15.1,2014,https://science.nasa.gov/exoplanet-catalog/kepler-273-b/
4035,Kepler-272 d,889.608,5.69 Earths,14.811,2014,https://science.nasa.gov/exoplanet-catalog/kepler-272-d/
4036,Kepler-272 c,889.608,0.308 Jupiters,14.811,2014,https://science.nasa.gov/exoplanet-catalog/kepler-272-c/
4037,WASP-83 b,271.103,0.3 Jupiters,12.312,2015,https://science.nasa.gov/exoplanet-catalog/wasp-83-b/
4038,WASP-74 b,149.216,0.72 Jupiters,9.75,2015,https://science.nasa.gov/exoplanet-catalog/wasp-74-b/
4039,TRAPPIST-1 d,12.42988881,0.388 Earths,17.02,2016,https://science.nasa.gov/exoplanet-catalog/trappist-1-d/
4040,TRAPPIST-1 c,12.42988881,1.308 Earths,17.02,2016,https://science.nasa.gov/exoplanet-catalog/trappist-1-c/
4041,TRAPPIST-1 b,12.42988881,1.374 Earths,17.02,2016,https://science.nasa.gov/exoplanet-catalog/trappist-1-b/
4042,Kepler-92 d,477.992,11.8666806 Earths,11.671,2015,https://science.nasa.gov/exoplanet-catalog/kepler-92-d/
4043,Kepler-817 b,1484.46,0.189 Jupiters,15.967,2016,https://science.nasa.gov/exoplanet-catalog/kepler-817-b/
4044,Kepler-816 b,983.697,0.234 Jupiters,16.365,2016,https://science.nasa.gov/exoplanet-catalog/kepler-816-b/
4045,Kepler-815 b,1259.28,15.8 Earths,13.438,2016,https://science.nasa.gov/exoplanet-catalog/kepler-815-b/
4046,Kepler-813 b,840,5.22 Earths,14.646,2016,https://science.nasa.gov/exoplanet-catalog/kepler-813-b/
4047,Kepler-812 b,1482.74,12.3 Earths,13.815,2016,https://science.nasa.gov/exoplanet-catalog/kepler-812-b/
4048,Kepler-811 b,985.041,7.75 Earths,14.046,2016,https://science.nasa.gov/exoplanet-catalog/kepler-811-b/
4049,Kepler-810 b,1458.59,4.38 Earths,15.73,2016,https://science.nasa.gov/exoplanet-catalog/kepler-810-b/
4050,Kepler-808 b,321,2.73 Earths,14.519,2016,https://science.nasa.gov/exoplanet-catalog/kepler-808-b/
4051,Kepler-465 b,553.077,9.01 Earths,12.651,2016,https://science.nasa.gov/exoplanet-catalog/kepler-465-b/
4052,Kepler-464 b,667.604,10.9 Earths,12.75,2016,https://science.nasa.gov/exoplanet-catalog/kepler-464-b/
4053,Kepler-463 b,394.804,9.53 Earths,12.999,2016,https://science.nasa.gov/exoplanet-catalog/kepler-463-b/
4054,Kepler-462 b,596.625,0.16958752 Jupiters,11.632,2016,https://science.nasa.gov/exoplanet-catalog/kepler-462-b/
4055,Kepler-461 b,692.158,7.18 Earths,13.457,2016,https://science.nasa.gov/exoplanet-catalog/kepler-461-b/
4056,Kepler-453 b,442.846,16 Earths,13.672,2015,https://science.nasa.gov/exoplanet-catalog/kepler-453-b/
4057,Kepler-452 b,551.727,3.29 Earths,13.54,2015,https://science.nasa.gov/exoplanet-catalog/kepler-452-b/
4058,Kepler-450 d,455.982,17.6 Earths,11.991,2015,https://science.nasa.gov/exoplanet-catalog/kepler-450-d/
4059,Kepler-446 c,96.339,1.41 Earths,17.5041,2015,https://science.nasa.gov/exoplanet-catalog/kepler-446-c/
4060,Kepler-445 c,127.201,6.85 Earths,18.19,2015,https://science.nasa.gov/exoplanet-catalog/kepler-445-c/
4061,Kepler-444 e,36.4396,0.1 Earths,8.87,2015,https://science.nasa.gov/exoplanet-catalog/kepler-444-e/
4062,Kepler-432 c,848.023,2.43 Jupiters,12.398,2015,https://science.nasa.gov/exoplanet-catalog/kepler-432-c/
4063,Kepler-24 d,1156.81,0.92489845 Jupiters,15.04,2014,https://science.nasa.gov/exoplanet-catalog/kepler-24-d/
4064,Kepler-23 c,835.756,7.81 Earths,13.567,2011,https://science.nasa.gov/exoplanet-catalog/kepler-23-c/
4065,Kepler-236 c,288.763,4.66 Earths,16.014,2014,https://science.nasa.gov/exoplanet-catalog/kepler-236-c/
4066,Kepler-235 c,428.018,2.18 Earths,16.567,2014,https://science.nasa.gov/exoplanet-catalog/kepler-235-c/
4067,Kepler-233 c,856.417,7.8 Earths,15.477,2014,https://science.nasa.gov/exoplanet-catalog/kepler-233-c/
4068,Kepler-231 b,316.618,35.4 Earths,15.813,2014,https://science.nasa.gov/exoplanet-catalog/kepler-231-b/
4069,Kepler-229 c,826.265,21.5 Earths,16.22,2014,https://science.nasa.gov/exoplanet-catalog/kepler-229-c/
4070,Kepler-228 b,1644.61,2.96 Earths,15.902,2014,https://science.nasa.gov/exoplanet-catalog/kepler-228-b/
4071,Kepler-226 c,980.138,0.142 Jupiters,15.563,2014,https://science.nasa.gov/exoplanet-catalog/kepler-226-c/
4072,KELT-7 b,136.681,1.39 Jupiters,8.56,2015,https://science.nasa.gov/exoplanet-catalog/kelt-7-b/
4073,K2-34 b,348.646,1.698 Jupiters,11.447,2016,https://science.nasa.gov/exoplanet-catalog/k2-34-b/
4074,HATS-17 b,400.331,1.338 Jupiters,12.402,2016,https://science.nasa.gov/exoplanet-catalog/hats-17-b/
4075,HAT-P-56 b,320.639,2.31 Jupiters,10.92,2015,https://science.nasa.gov/exoplanet-catalog/hat-p-56-b/
4076,HAT-P-55 b,511.388,0.596 Jupiters,13.197,2015,https://science.nasa.gov/exoplanet-catalog/hat-p-55-b/
4077,XO-5 b,276.211,1.19 Jupiters,12.198,2008,https://science.nasa.gov/exoplanet-catalog/xo-5-b/
4078,XO-3 b,213.053,13.27 Jupiters,9.854,2007,https://science.nasa.gov/exoplanet-catalog/xo-3-b/
4079,Kepler-806 b,361.896,1.55 Earths,11.813,2016,https://science.nasa.gov/exoplanet-catalog/kepler-806-b/
4080,Kepler-805 b,638.49,8.7 Earths,12.586,2016,https://science.nasa.gov/exoplanet-catalog/kepler-805-b/
4081,Kepler-804 b,649.65,4.42 Earths,13.864,2016,https://science.nasa.gov/exoplanet-catalog/kepler-804-b/
4082,Kepler-803 b,639.771,13.8 Earths,13.856,2016,https://science.nasa.gov/exoplanet-catalog/kepler-803-b/
4083,Kepler-802 b,780.585,12.3 Earths,15.01,2016,https://science.nasa.gov/exoplanet-catalog/kepler-802-b/
4084,Kepler-801 b,440.426,4.66 Earths,15.596,2016,https://science.nasa.gov/exoplanet-catalog/kepler-801-b/
4085,Kepler-799 b,1509.084,37.9 Earths,15.166,2016,https://science.nasa.gov/exoplanet-catalog/kepler-799-b/
4086,Kepler-798 b,972.274,6.3 Earths,14.221,2016,https://science.nasa.gov/exoplanet-catalog/kepler-798-b/
4087,Kepler-797 b,1315.26,5.35 Earths,14.751,2016,https://science.nasa.gov/exoplanet-catalog/kepler-797-b/
4088,Kepler-795 b,492.122,3.46 Earths,13.423,2016,https://science.nasa.gov/exoplanet-catalog/kepler-795-b/
4089,Kepler-794 b,931.192,5.1 Earths,13.599,2016,https://science.nasa.gov/exoplanet-catalog/kepler-794-b/
4090,Kepler-793 b,985.699,2.45 Earths,14.742,2016,https://science.nasa.gov/exoplanet-catalog/kepler-793-b/
4091,Kepler-792 b,1425.47,4.5 Earths,15.117,2016,https://science.nasa.gov/exoplanet-catalog/kepler-792-b/
4092,Kepler-790 b,703.168,5.39 Earths,15.534,2016,https://science.nasa.gov/exoplanet-catalog/kepler-790-b/
4093,Kepler-789 b,1480.16,5.14 Earths,14.723,2016,https://science.nasa.gov/exoplanet-catalog/kepler-789-b/
4094,Kepler-788 b,1775.8,7.04 Earths,15.45,2016,https://science.nasa.gov/exoplanet-catalog/kepler-788-b/
4095,Kepler-787 b,503.568,2.18 Earths,16.696,2016,https://science.nasa.gov/exoplanet-catalog/kepler-787-b/
4096,Kepler-785 b,642.051,Unknown,16.315,2016,https://science.nasa.gov/exoplanet-catalog/kepler-785-b/
4097,Kepler-784 b,1303.72,3.12 Earths,13.392,2016,https://science.nasa.gov/exoplanet-catalog/kepler-784-b/
4098,Kepler-450 c,455.982,12.5 Earths,11.991,2015,https://science.nasa.gov/exoplanet-catalog/kepler-450-c/
4099,Kepler-450 b,455.982,19.4 Earths,11.991,2015,https://science.nasa.gov/exoplanet-catalog/kepler-450-b/
4100,Kepler-449 c,241.949,8.07 Earths,11.448,2015,https://science.nasa.gov/exoplanet-catalog/kepler-449-c/
4101,Kepler-449 b,241.949,4.88 Earths,11.448,2015,https://science.nasa.gov/exoplanet-catalog/kepler-449-b/
4102,Kepler-272 b,889.608,0.245 Jupiters,14.811,2014,https://science.nasa.gov/exoplanet-catalog/kepler-272-b/
4103,Kepler-271 c,404.542,0.809 Earths,13.578,2014,https://science.nasa.gov/exoplanet-catalog/kepler-271-c/
4104,Kepler-271 b,404.542,2.04 Earths,13.578,2014,https://science.nasa.gov/exoplanet-catalog/kepler-271-b/
4105,Kepler-270 c,948.781,3.78 Earths,13.9,2014,https://science.nasa.gov/exoplanet-catalog/kepler-270-c/
4106,Kepler-270 b,948.781,4.7 Earths,13.9,2014,https://science.nasa.gov/exoplanet-catalog/kepler-270-b/
4107,Kepler-269 b,2257.32,6.66 Earths,15.646,2014,https://science.nasa.gov/exoplanet-catalog/kepler-269-b/
4108,Kepler-268 c,851.87,11.4 Earths,13.844,2014,https://science.nasa.gov/exoplanet-catalog/kepler-268-c/
4109,Kepler-268 b,851.87,7.04 Earths,13.844,2014,https://science.nasa.gov/exoplanet-catalog/kepler-268-b/
4110,Kepler-267 d,264.993,5.77 Earths,16.69,2014,https://science.nasa.gov/exoplanet-catalog/kepler-267-d/
4111,Kepler-267 b,264.993,37.9 Earths,16.69,2014,https://science.nasa.gov/exoplanet-catalog/kepler-267-b/
4112,Kepler-266 c,1370.79,14.4 Earths,15.787,2014,https://science.nasa.gov/exoplanet-catalog/kepler-266-c/
4113,Kepler-266 b,1370.79,6.71 Earths,15.787,2014,https://science.nasa.gov/exoplanet-catalog/kepler-266-b/
4114,Kepler-265 d,1280.25,6.76 Earths,15.47,2014,https://science.nasa.gov/exoplanet-catalog/kepler-265-d/
4115,Kepler-265 c,1280.25,7.41 Earths,15.47,2014,https://science.nasa.gov/exoplanet-catalog/kepler-265-c/
4116,Kepler-265 b,1280.25,4.12 Earths,15.47,2014,https://science.nasa.gov/exoplanet-catalog/kepler-265-b/
4117,Kepler-264 b,942.173,11.1 Earths,13.15,2014,https://science.nasa.gov/exoplanet-catalog/kepler-264-b/
4118,Kepler-263 c,754.747,6.66 Earths,15.435,2014,https://science.nasa.gov/exoplanet-catalog/kepler-263-c/
4119,Kepler-263 b,754.747,7.61 Earths,15.435,2014,https://science.nasa.gov/exoplanet-catalog/kepler-263-b/
4120,Kepler-262 c,613.129,3.33 Earths,14.478,2014,https://science.nasa.gov/exoplanet-catalog/kepler-262-c/
4121,Kepler-261 c,317.499,4.66 Earths,13.738,2014,https://science.nasa.gov/exoplanet-catalog/kepler-261-c/
4122,Kepler-261 b,317.499,5.39 Earths,13.738,2014,https://science.nasa.gov/exoplanet-catalog/kepler-261-b/
4123,Kepler-260 c,627.365,3.68 Earths,14.253,2014,https://science.nasa.gov/exoplanet-catalog/kepler-260-c/
4124,Kepler-259 c,1002.14,7.75 Earths,15.378,2014,https://science.nasa.gov/exoplanet-catalog/kepler-259-c/
4125,Kepler-259 b,1002.14,8.25 Earths,15.378,2014,https://science.nasa.gov/exoplanet-catalog/kepler-259-b/
4126,HATS-9 b,638.7,0.837 Jupiters,13.256,2015,https://science.nasa.gov/exoplanet-catalog/hats-9-b/
4127,HATS-10 b,534.889,0.526 Jupiters,13.202,2015,https://science.nasa.gov/exoplanet-catalog/hats-10-b/
4128,WASP-8 c,89.9606,9.45 Jupiters,9.789,2013,https://science.nasa.gov/exoplanet-catalog/wasp-8-c/
4129,WASP-8 b,89.9606,2.54 Jupiters,9.789,2010,https://science.nasa.gov/exoplanet-catalog/wasp-8-b/
4130,WASP-6 b,197.119,0.467 Jupiters,11.907,2009,https://science.nasa.gov/exoplanet-catalog/wasp-6-b/
4131,WASP-5 b,309.137,1.58 Jupiters,12.147,2008,https://science.nasa.gov/exoplanet-catalog/wasp-5-b/
4132,WASP-4 b,267.206,1.2 Jupiters,12.483,2007,https://science.nasa.gov/exoplanet-catalog/wasp-4-b/
4133,WASP-3 b,231.161,2.43 Jupiters,10.632,2007,https://science.nasa.gov/exoplanet-catalog/wasp-3-b/
4134,WASP-23 b,207.49,0.884 Jupiters,12.539,2010,https://science.nasa.gov/exoplanet-catalog/wasp-23-b/
4135,WASP-22 b,317.652,0.67 Jupiters,11.99,2010,https://science.nasa.gov/exoplanet-catalog/wasp-22-b/
4136,WASP-21 b,258.426,0.3 Jupiters,11.59,2010,https://science.nasa.gov/exoplanet-catalog/wasp-21-b/
4137,WASP-20 b,211.877,0.311 Jupiters,10.675,2015,https://science.nasa.gov/exoplanet-catalog/wasp-20-b/
4138,WASP-1 b,393.072,0.854 Jupiters,11.308,2007,https://science.nasa.gov/exoplanet-catalog/wasp-1-b/
4139,WASP-19 b,268.325,1.154 Jupiters,12.248,2009,https://science.nasa.gov/exoplanet-catalog/wasp-19-b/
4140,WASP-18 b,123.483,10.2 Jupiters,9.28,2009,https://science.nasa.gov/exoplanet-catalog/wasp-18-b/
4141,WASP-17 b,405.908,0.78 Jupiters,11.588,2009,https://science.nasa.gov/exoplanet-catalog/wasp-17-b/
4142,WASP-15 b,282.091,0.54 Jupiters,10.972,2009,https://science.nasa.gov/exoplanet-catalog/wasp-15-b/
4143,WASP-14 b,161.997,8.84 Jupiters,9.745,2008,https://science.nasa.gov/exoplanet-catalog/wasp-14-b/
4144,WASP-13 b,227.537,0.36 Jupiters,10.424,2009,https://science.nasa.gov/exoplanet-catalog/wasp-13-b/
4145,WASP-11 b,124.73,0.79 Jupiters,11.567,2008,https://science.nasa.gov/exoplanet-catalog/wasp-11-b/
4146,WASP-10 b,140.998,3.15 Jupiters,12.413,2008,https://science.nasa.gov/exoplanet-catalog/wasp-10-b/
4147,Kepler-783 b,516.09,0.399 Earths,14.153,2016,https://science.nasa.gov/exoplanet-catalog/kepler-783-b/
4148,Kepler-782 b,446.844,10.4 Earths,12.843,2016,https://science.nasa.gov/exoplanet-catalog/kepler-782-b/
4149,Kepler-780 b,557.652,0.64 Earths,13.464,2016,https://science.nasa.gov/exoplanet-catalog/kepler-780-b/
4150,Kepler-779 b,283.155,0.721 Earths,16.303,2016,https://science.nasa.gov/exoplanet-catalog/kepler-779-b/
4151,Kepler-778 b,938.168,3.46 Earths,15.959,2016,https://science.nasa.gov/exoplanet-catalog/kepler-778-b/
4152,Kepler-776 b,727.904,2.18 Earths,15.562,2016,https://science.nasa.gov/exoplanet-catalog/kepler-776-b/
4153,Kepler-436 c,588.867,6.04 Earths,15.971,2016,https://science.nasa.gov/exoplanet-catalog/kepler-436-c/
4154,Kepler-271 d,404.542,0.219 Earths,13.578,2016,https://science.nasa.gov/exoplanet-catalog/kepler-271-d/
4155,Kepler-224 d,782.088,5.9 Earths,15.801,2014,https://science.nasa.gov/exoplanet-catalog/kepler-224-d/
4156,Kepler-223 d,1859.71,8 Earths,15.69,2014,https://science.nasa.gov/exoplanet-catalog/kepler-223-d/
4157,Kepler-222 c,758.854,19.4 Earths,15.407,2014,https://science.nasa.gov/exoplanet-catalog/kepler-222-c/
4158,Kepler-221 b,385.231,5.95575 Earths,13.97,2014,https://science.nasa.gov/exoplanet-catalog/kepler-221-b/
4159,Kepler-1274 b,614.648,2.6 Earths,11.717,2016,https://science.nasa.gov/exoplanet-catalog/kepler-1274-b/
4160,Kepler-1273 b,1114.24,6.76 Earths,16.03,2016,https://science.nasa.gov/exoplanet-catalog/kepler-1273-b/
4161,Kepler-1271 b,831.991,2.79 Earths,14.075,2016,https://science.nasa.gov/exoplanet-catalog/kepler-1271-b/
4162,Kepler-1270 b,1095.05,11 Earths,13.562,2016,https://science.nasa.gov/exoplanet-catalog/kepler-1270-b/
4163,Kepler-1269 b,1097.23,3.29 Earths,13.658,2016,https://science.nasa.gov/exoplanet-catalog/kepler-1269-b/
4164,Kepler-1267 b,1379.43,9.32 Earths,15.846,2016,https://science.nasa.gov/exoplanet-catalog/kepler-1267-b/
4165,Kepler-1266 b,849.312,7.18 Earths,16.016,2016,https://science.nasa.gov/exoplanet-catalog/kepler-1266-b/
4166,Kepler-1265 b,583.641,2.39 Earths,16.024,2016,https://science.nasa.gov/exoplanet-catalog/kepler-1265-b/
4167,Kepler-1264 b,801.993,1.76 Earths,14.629,2016,https://science.nasa.gov/exoplanet-catalog/kepler-1264-b/
4168,Kepler-1262 b,1054.87,3.97 Earths,15.155,2016,https://science.nasa.gov/exoplanet-catalog/kepler-1262-b/
4169,Kepler-1261 b,744.294,5.73 Earths,15.817,2016,https://science.nasa.gov/exoplanet-catalog/kepler-1261-b/
4170,Kepler-1260 b,1734.43,3.78 Earths,14.953,2016,https://science.nasa.gov/exoplanet-catalog/kepler-1260-b/
4171,Kepler-1259 b,805.562,2.63 Earths,15.556,2016,https://science.nasa.gov/exoplanet-catalog/kepler-1259-b/
4172,Kepler-1257 b,1105.95,2.92 Earths,15.644,2016,https://science.nasa.gov/exoplanet-catalog/kepler-1257-b/
4173,Kepler-1256 b,891.192,2.83 Earths,13.685,2016,https://science.nasa.gov/exoplanet-catalog/kepler-1256-b/
4174,Kepler-1255 b,1617.07,5.99 Earths,15.308,2016,https://science.nasa.gov/exoplanet-catalog/kepler-1255-b/
4175,Kepler-1254 c,622.818,2.24 Earths,15.541,2016,https://science.nasa.gov/exoplanet-catalog/kepler-1254-c/
4176,Kepler-1254 b,622.818,3.02 Earths,15.541,2016,https://science.nasa.gov/exoplanet-catalog/kepler-1254-b/
4177,Kepler-1253 b,514.524,2.33 Earths,12.588,2016,https://science.nasa.gov/exoplanet-catalog/kepler-1253-b/
4178,Kepler-1252 b,648.979,3.43 Earths,14.743,2016,https://science.nasa.gov/exoplanet-catalog/kepler-1252-b/
4179,Kepler-1250 b,2126.85,4.35 Earths,15.693,2016,https://science.nasa.gov/exoplanet-catalog/kepler-1250-b/
4180,Kepler-1249 b,1904.54,6.26 Earths,15.391,2016,https://science.nasa.gov/exoplanet-catalog/kepler-1249-b/
4181,Kepler-1248 b,593.026,1.76 Earths,12.9,2016,https://science.nasa.gov/exoplanet-catalog/kepler-1248-b/
4182,TrES-5 b,360.313,1.79 Jupiters,13.677,2011,https://science.nasa.gov/exoplanet-catalog/tres-5-b/
4183,TrES-4 b,515.98,0.78 Jupiters,11.932,2007,https://science.nasa.gov/exoplanet-catalog/tres-4-b/
4184,TrES-3 b,231.337,1.91 Jupiters,12.362,2007,https://science.nasa.gov/exoplanet-catalog/tres-3-b/
4185,Kepler-775 b,398.676,1.81 Earths,13.564,2016,https://science.nasa.gov/exoplanet-catalog/kepler-775-b/
4186,Kepler-774 b,917.804,10.2 Earths,12.886,2016,https://science.nasa.gov/exoplanet-catalog/kepler-774-b/
4187,Kepler-773 b,547.026,2.63 Earths,13.387,2016,https://science.nasa.gov/exoplanet-catalog/kepler-773-b/
4188,Kepler-772 b,1130.21,3.97 Earths,14.145,2016,https://science.nasa.gov/exoplanet-catalog/kepler-772-b/
4189,Kepler-771 b,1393.85,3.97 Earths,14.958,2016,https://science.nasa.gov/exoplanet-catalog/kepler-771-b/
4190,Kepler-770 d,930.457,2.54 Earths,14.852,2016,https://science.nasa.gov/exoplanet-catalog/kepler-770-d/
4191,Kepler-770 c,930.457,1.87 Earths,14.852,2016,https://science.nasa.gov/exoplanet-catalog/kepler-770-c/
4192,Kepler-770 b,930.457,5.9 Earths,14.852,2016,https://science.nasa.gov/exoplanet-catalog/kepler-770-b/
4193,Kepler-769 c,1169.57,3.86 Earths,14.984,2016,https://science.nasa.gov/exoplanet-catalog/kepler-769-c/
4194,Kepler-769 b,1169.57,8.85 Earths,14.984,2016,https://science.nasa.gov/exoplanet-catalog/kepler-769-b/
4195,Kepler-768 b,784.56,3.86 Earths,15.969,2016,https://science.nasa.gov/exoplanet-catalog/kepler-768-b/
4196,Kepler-767 b,2251.03,35.7 Earths,15.678,2016,https://science.nasa.gov/exoplanet-catalog/kepler-767-b/
4197,Kepler-766 b,2297.62,11.4 Earths,15.825,2016,https://science.nasa.gov/exoplanet-catalog/kepler-766-b/
4198,Kepler-765 b,1076.28,6.48 Earths,14.709,2016,https://science.nasa.gov/exoplanet-catalog/kepler-765-b/
4199,Kepler-764 b,1047.84,3.33 Earths,15.555,2016,https://science.nasa.gov/exoplanet-catalog/kepler-764-b/
4200,Kepler-763 b,962.459,1.98 Earths,15.965,2016,https://science.nasa.gov/exoplanet-catalog/kepler-763-b/
4201,Kepler-762 b,1898.26,Unknown,15.574,2016,https://science.nasa.gov/exoplanet-catalog/kepler-762-b/
4202,Kepler-761 b,830.707,4.78 Earths,14.993,2016,https://science.nasa.gov/exoplanet-catalog/kepler-761-b/
4203,Kepler-760 c,792.336,2.79 Earths,15.181,2016,https://science.nasa.gov/exoplanet-catalog/kepler-760-c/
4204,Kepler-760 b,792.336,9.59 Earths,15.181,2016,https://science.nasa.gov/exoplanet-catalog/kepler-760-b/
4205,Kepler-759 b,1073.48,5.77 Earths,14.579,2016,https://science.nasa.gov/exoplanet-catalog/kepler-759-b/
4206,Kepler-758 e,1502.32,2.96 Earths,14.379,2016,https://science.nasa.gov/exoplanet-catalog/kepler-758-e/
4207,Kepler-758 d,1502.32,5.14 Earths,14.379,2016,https://science.nasa.gov/exoplanet-catalog/kepler-758-d/
4208,Kepler-758 c,1502.32,3.5 Earths,14.379,2016,https://science.nasa.gov/exoplanet-catalog/kepler-758-c/
4209,Kepler-758 b,1502.32,6.71 Earths,14.379,2016,https://science.nasa.gov/exoplanet-catalog/kepler-758-b/
4210,Kepler-258 c,575.988,12.7 Earths,15.49,2014,https://science.nasa.gov/exoplanet-catalog/kepler-258-c/
4211,Kepler-257 d,780.256,21.7 Earths,15.652,2014,https://science.nasa.gov/exoplanet-catalog/kepler-257-d/
4212,Kepler-257 c,780.256,25.2 Earths,15.652,2014,https://science.nasa.gov/exoplanet-catalog/kepler-257-c/
4213,Kepler-257 b,780.256,7.32 Earths,15.652,2014,https://science.nasa.gov/exoplanet-catalog/kepler-257-b/
4214,Kepler-256 d,1026.43,6.71 Earths,15.178,2014,https://science.nasa.gov/exoplanet-catalog/kepler-256-d/
4215,Kepler-256 c,1026.43,5.27 Earths,15.178,2014,https://science.nasa.gov/exoplanet-catalog/kepler-256-c/
4216,Kepler-256 b,1026.43,3.15 Earths,15.178,2014,https://science.nasa.gov/exoplanet-catalog/kepler-256-b/
4217,Kepler-255 c,1052.53,9.22 Earths,15.699,2014,https://science.nasa.gov/exoplanet-catalog/kepler-255-c/
4218,Kepler-254 d,1389.48,6.8 Earths,16.012,2014,https://science.nasa.gov/exoplanet-catalog/kepler-254-d/
4219,Kepler-254 c,1389.48,3.2 Earths,16.012,2014,https://science.nasa.gov/exoplanet-catalog/kepler-254-c/
4220,Kepler-254 b,1389.48,14.3 Earths,16.012,2014,https://science.nasa.gov/exoplanet-catalog/kepler-254-b/
4221,Kepler-253 c,838.595,7.51 Earths,15.778,2014,https://science.nasa.gov/exoplanet-catalog/kepler-253-c/
4222,Kepler-253 b,838.595,3.29 Earths,15.778,2014,https://science.nasa.gov/exoplanet-catalog/kepler-253-b/
4223,Kepler-252 c,379.424,5.27 Earths,15.406,2014,https://science.nasa.gov/exoplanet-catalog/kepler-252-c/
4224,Kepler-251 e,924.625,8.1 Earths,15.541,2014,https://science.nasa.gov/exoplanet-catalog/kepler-251-e/
4225,Kepler-251 d,924.625,8.1 Earths,15.541,2014,https://science.nasa.gov/exoplanet-catalog/kepler-251-d/
4226,Kepler-251 c,924.625,8.1 Earths,15.541,2014,https://science.nasa.gov/exoplanet-catalog/kepler-251-c/
4227,Kepler-251 b,924.625,2.33 Earths,15.541,2014,https://science.nasa.gov/exoplanet-catalog/kepler-251-b/
4228,Kepler-250 c,760.585,5.82 Earths,15.819,2014,https://science.nasa.gov/exoplanet-catalog/kepler-250-c/
4229,Kepler-250 b,760.585,1.51 Earths,15.819,2014,https://science.nasa.gov/exoplanet-catalog/kepler-250-b/
4230,Kepler-249 d,190.401,3.09 Earths,16.37,2014,https://science.nasa.gov/exoplanet-catalog/kepler-249-d/
4231,Kepler-249 b,190.401,1.32 Earths,16.37,2014,https://science.nasa.gov/exoplanet-catalog/kepler-249-b/
4232,Kepler-248 c,738.792,15.6 Earths,15.506,2014,https://science.nasa.gov/exoplanet-catalog/kepler-248-c/
4233,Kepler-248 b,738.792,9.38 Earths,15.506,2014,https://science.nasa.gov/exoplanet-catalog/kepler-248-b/
4234,Kepler-247 c,663.711,15.7 Earths,15.199,2014,https://science.nasa.gov/exoplanet-catalog/kepler-247-c/
4235,KOI-1257 b,656,1.45 Jupiters,14.818,2014,https://science.nasa.gov/exoplanet-catalog/koi-1257-b/
4236,Kepler-757 b,1068.68,2.42 Earths,15.066,2016,https://science.nasa.gov/exoplanet-catalog/kepler-757-b/
4237,Kepler-756 b,852,1.46 Earths,15.986,2016,https://science.nasa.gov/exoplanet-catalog/kepler-756-b/
4238,Kepler-443 b,802.271,6.04 Earths,16.207,2015,https://science.nasa.gov/exoplanet-catalog/kepler-443-b/
4239,Kepler-441 b,268.003,3.33 Earths,15.567,2015,https://science.nasa.gov/exoplanet-catalog/kepler-441-b/
4240,Kepler-440 b,301.03,4.12 Earths,15.637,2015,https://science.nasa.gov/exoplanet-catalog/kepler-440-b/
4241,Kepler-438 b,195.94287175,1.46 Earths,15.104,2015,https://science.nasa.gov/exoplanet-catalog/kepler-438-b/
4242,Kepler-437 b,304,5.22 Earths,14.628,2015,https://science.nasa.gov/exoplanet-catalog/kepler-437-b/
4243,Kepler-433 b,1878.31,2.82 Jupiters,14.717,2015,https://science.nasa.gov/exoplanet-catalog/kepler-433-b/
4244,Kepler-432 b,848.023,5.41 Jupiters,12.398,2015,https://science.nasa.gov/exoplanet-catalog/kepler-432-b/
4245,Kepler-431 d,486.546,1.41 Earths,12.139,2015,https://science.nasa.gov/exoplanet-catalog/kepler-431-d/
4246,Kepler-431 b,486.546,0.37 Earths,12.139,2015,https://science.nasa.gov/exoplanet-catalog/kepler-431-b/
4247,Kepler-430 b,917.477,10.6 Earths,13.908,2015,https://science.nasa.gov/exoplanet-catalog/kepler-430-b/
4248,Kepler-427 b,1017.8,0.29 Jupiters,14.301,2014,https://science.nasa.gov/exoplanet-catalog/kepler-427-b/
4249,Kepler-426 b,843.695,0.34 Jupiters,15.032,2014,https://science.nasa.gov/exoplanet-catalog/kepler-426-b/
4250,Kepler-425 b,646.647,0.25 Jupiters,14.845,2014,https://science.nasa.gov/exoplanet-catalog/kepler-425-b/
4251,Kepler-424 b,698.646,1.03 Jupiters,14.429,2014,https://science.nasa.gov/exoplanet-catalog/kepler-424-b/
4252,Kepler-423 b,758.753,0.595 Jupiters,14.462,2014,https://science.nasa.gov/exoplanet-catalog/kepler-423-b/
4253,Kepler-421 b,348.558,16.1 Earths,13.611,2014,https://science.nasa.gov/exoplanet-catalog/kepler-421-b/
4254,Kepler-419 b,1011.36,2.5 Jupiters,13.089,2014,https://science.nasa.gov/exoplanet-catalog/kepler-419-b/
4255,Kepler-417 c,973.989,7.7 Earths,15.864,2014,https://science.nasa.gov/exoplanet-catalog/kepler-417-c/
4256,Kepler-417 b,973.989,11 Earths,15.864,2014,https://science.nasa.gov/exoplanet-catalog/kepler-417-b/
4257,Kepler-416 b,690.819,0.183 Jupiters,14.166,2014,https://science.nasa.gov/exoplanet-catalog/kepler-416-b/
4258,Kepler-1246 b,436.505,2.42 Earths,15.27,2016,https://science.nasa.gov/exoplanet-catalog/kepler-1246-b/
4259,Kepler-1245 c,805.936,2.67 Earths,15.582,2016,https://science.nasa.gov/exoplanet-catalog/kepler-1245-c/
4260,Kepler-1245 b,805.936,2.67 Earths,15.582,2016,https://science.nasa.gov/exoplanet-catalog/kepler-1245-b/
4261,Kepler-1244 b,1075.81,2.39 Earths,12.444,2016,https://science.nasa.gov/exoplanet-catalog/kepler-1244-b/
4262,Kepler-1242 b,687.615,5.73 Earths,15.714,2016,https://science.nasa.gov/exoplanet-catalog/kepler-1242-b/
4263,Kepler-1241 b,968.722,7.41 Earths,15.886,2016,https://science.nasa.gov/exoplanet-catalog/kepler-1241-b/
4264,Kepler-1240 b,862.186,1.6 Earths,14.092,2016,https://science.nasa.gov/exoplanet-catalog/kepler-1240-b/
4265,Kepler-1239 b,2140.6,8.75 Earths,15.391,2016,https://science.nasa.gov/exoplanet-catalog/kepler-1239-b/
4266,Kepler-1237 b,1064.31,8.55 Earths,16.012,2016,https://science.nasa.gov/exoplanet-catalog/kepler-1237-b/
4267,Kepler-1236 b,999.64,5.22 Earths,16.145,2016,https://science.nasa.gov/exoplanet-catalog/kepler-1236-b/
4268,Kepler-1235 b,540.604,0.418 Earths,14.079,2016,https://science.nasa.gov/exoplanet-catalog/kepler-1235-b/
4269,Kepler-1233 b,1178.7,7.27 Earths,14.82,2016,https://science.nasa.gov/exoplanet-catalog/kepler-1233-b/
4270,Kepler-1232 b,632.865,4.38 Earths,14.97,2016,https://science.nasa.gov/exoplanet-catalog/kepler-1232-b/
4271,Kepler-1231 b,987.237,2.6 Earths,14.808,2016,https://science.nasa.gov/exoplanet-catalog/kepler-1231-b/
4272,Kepler-1230 b,1364.22,7.8 Earths,15.628,2016,https://science.nasa.gov/exoplanet-catalog/kepler-1230-b/
4273,Kepler-1228 b,515.453,2.99 Earths,15.061,2016,https://science.nasa.gov/exoplanet-catalog/kepler-1228-b/
4274,Kepler-1227 b,623.706,5.86 Earths,14.276,2016,https://science.nasa.gov/exoplanet-catalog/kepler-1227-b/
4275,Kepler-1226 b,1125.72,2.7 Earths,14.324,2016,https://science.nasa.gov/exoplanet-catalog/kepler-1226-b/
4276,Kepler-1225 b,1347.52,3.97 Earths,14.819,2016,https://science.nasa.gov/exoplanet-catalog/kepler-1225-b/
4277,Kepler-1223 b,459.957,1.98 Earths,14.911,2016,https://science.nasa.gov/exoplanet-catalog/kepler-1223-b/
4278,Kepler-1222 b,415.218,0.418 Earths,14.21,2016,https://science.nasa.gov/exoplanet-catalog/kepler-1222-b/
4279,Kepler-1221 b,913.65,4.19 Earths,15.909,2016,https://science.nasa.gov/exoplanet-catalog/kepler-1221-b/
4280,Kepler-1220 b,961.907,2.92 Earths,15.194,2016,https://science.nasa.gov/exoplanet-catalog/kepler-1220-b/
4281,Kepler-1219 b,880.895,5.14 Earths,12.339,2016,https://science.nasa.gov/exoplanet-catalog/kepler-1219-b/
4282,Kepler-1218 b,840.503,2.67 Earths,13.73,2016,https://science.nasa.gov/exoplanet-catalog/kepler-1218-b/
4283,Kepler-1217 b,1347.71,4.62 Earths,15.343,2016,https://science.nasa.gov/exoplanet-catalog/kepler-1217-b/
4284,Kepler-1216 b,1258.36,2.51 Earths,15.262,2016,https://science.nasa.gov/exoplanet-catalog/kepler-1216-b/
4285,XO-4 b,272.655,1.42 Jupiters,10.814,2010,https://science.nasa.gov/exoplanet-catalog/xo-4-b/
4286,WTS-2 b,1030.76834437,1.12 Jupiters,15.954,2014,https://science.nasa.gov/exoplanet-catalog/wts-2-b/
4287,WASP-97 b,151.068,1.36 Jupiters,10.57,2014,https://science.nasa.gov/exoplanet-catalog/wasp-97-b/
4288,Kepler-755 c,399.034,2.13 Earths,14.277,2016,https://science.nasa.gov/exoplanet-catalog/kepler-755-c/
4289,,399.034,3.75 Earths,14.277,2016,https://science.nasa.gov/exoplanet-catalog/kepler-755-b/
4290,Kepler-754 b,1770.27,4.7 Earths,15.352,2016,https://science.nasa.gov/exoplanet-catalog/kepler-754-b/
4291,Kepler-753 b,274.767,4.31 Earths,14.891,2016,https://science.nasa.gov/exoplanet-catalog/kepler-753-b/
4292,Kepler-752 b,1232.29,8.3 Earths,15.864,2016,https://science.nasa.gov/exoplanet-catalog/kepler-752-b/
4293,Kepler-751 b,760.43,6.62 Earths,15.211,2016,https://science.nasa.gov/exoplanet-catalog/kepler-751-b/
4294,Kepler-750 c,1296.02,3.26 Earths,14.634,2016,https://science.nasa.gov/exoplanet-catalog/kepler-750-c/
4295,Kepler-750 b,1296.02,9.64 Earths,14.634,2016,https://science.nasa.gov/exoplanet-catalog/kepler-750-b/
4296,Kepler-748 b,1705.99,6.9 Earths,15.37,2016,https://science.nasa.gov/exoplanet-catalog/kepler-748-b/
4297,Kepler-747 b,3347.16,24.1 Earths,15.595,2016,https://science.nasa.gov/exoplanet-catalog/kepler-747-b/
4298,Kepler-746 b,450,1.41 Earths,13.785,2016,https://science.nasa.gov/exoplanet-catalog/kepler-746-b/
4299,Kepler-744 b,449.964,3.26 Earths,13.718,2016,https://science.nasa.gov/exoplanet-catalog/kepler-744-b/
4300,Kepler-743 b,278.987,1.92 Earths,12.66,2016,https://science.nasa.gov/exoplanet-catalog/kepler-743-b/
4301,Kepler-742 b,489.253,10.6 Earths,15.357,2016,https://science.nasa.gov/exoplanet-catalog/kepler-742-b/
4302,Kepler-415 c,530.487,4.7 Earths,16.142,2014,https://science.nasa.gov/exoplanet-catalog/kepler-415-c/
4303,Kepler-414 c,413.46,29.9 Earths,13.378,2014,https://science.nasa.gov/exoplanet-catalog/kepler-414-c/
4304,Kepler-414 b,413.46,3.5 Earths,13.378,2014,https://science.nasa.gov/exoplanet-catalog/kepler-414-b/
4305,Kepler-412 b,1086.24,0.941 Jupiters,14.399,2014,https://science.nasa.gov/exoplanet-catalog/kepler-412-b/
4306,Kepler-411 b,153.676,25.6 Earths,12.448,2013,https://science.nasa.gov/exoplanet-catalog/kepler-411-b/
4307,Kepler-247 b,663.711,3.33 Earths,15.199,2014,https://science.nasa.gov/exoplanet-catalog/kepler-247-b/
4308,Kepler-246 c,626.078,2.86 Earths,15.197,2014,https://science.nasa.gov/exoplanet-catalog/kepler-246-c/
4309,Kepler-245 d,861.527,21.6 Earths,15.546,2014,https://science.nasa.gov/exoplanet-catalog/kepler-245-d/
4310,Kepler-245 c,861.527,26.7 Earths,15.546,2014,https://science.nasa.gov/exoplanet-catalog/kepler-245-c/
4311,Kepler-245 b,861.527,0.46182153 Jupiters,15.546,2014,https://science.nasa.gov/exoplanet-catalog/kepler-245-b/
4312,Kepler-244 d,1036.49,15.2 Earths,15.747,2014,https://science.nasa.gov/exoplanet-catalog/kepler-244-d/
4313,Kepler-244 b,1036.49,8.05 Earths,15.747,2014,https://science.nasa.gov/exoplanet-catalog/kepler-244-b/
4314,Kepler-243 c,693.86,4.62 Earths,15.159,2014,https://science.nasa.gov/exoplanet-catalog/kepler-243-c/
4315,Kepler-243 b,693.86,6.57 Earths,15.159,2014,https://science.nasa.gov/exoplanet-catalog/kepler-243-b/
4316,Kepler-242 b,600.241,7.32 Earths,15.489,2014,https://science.nasa.gov/exoplanet-catalog/kepler-242-b/
4317,Kepler-241 c,512,7.13 Earths,15.708,2014,https://science.nasa.gov/exoplanet-catalog/kepler-241-c/
4318,Kepler-241 b,512,6.04 Earths,15.708,2014,https://science.nasa.gov/exoplanet-catalog/kepler-241-b/
4319,Kepler-240 c,746.927,0.322 Jupiters,15.953,2014,https://science.nasa.gov/exoplanet-catalog/kepler-240-c/
4320,Kepler-240 b,746.927,2.45 Earths,15.953,2014,https://science.nasa.gov/exoplanet-catalog/kepler-240-b/
4321,Kepler-239 c,648.109,6.85 Earths,15.252,2014,https://science.nasa.gov/exoplanet-catalog/kepler-239-c/
4322,Kepler-239 b,648.109,6.04 Earths,15.252,2014,https://science.nasa.gov/exoplanet-catalog/kepler-239-b/
4323,Kepler-238 f,1798.75,13.5 Earths,15.297,2013,https://science.nasa.gov/exoplanet-catalog/kepler-238-f/
4324,Kepler-238 e,1798.75,0.534 Jupiters,15.297,2013,https://science.nasa.gov/exoplanet-catalog/kepler-238-e/
4325,Kepler-238 d,1798.75,23.1 Earths,15.297,2014,https://science.nasa.gov/exoplanet-catalog/kepler-238-d/
4326,Kepler-238 c,1798.75,0.47988788 Jupiters,15.297,2014,https://science.nasa.gov/exoplanet-catalog/kepler-238-c/
4327,Kepler-238 b,1798.75,10.39875583 Jupiters,15.297,2014,https://science.nasa.gov/exoplanet-catalog/kepler-238-b/
4328,Kepler-237 c,657.822,4.98 Earths,15.689,2014,https://science.nasa.gov/exoplanet-catalog/kepler-237-c/
4329,K2-30 b,333.042,0.579 Jupiters,13.547,2016,https://science.nasa.gov/exoplanet-catalog/k2-30-b/
4330,K2-21 c,83.6448,6.76 Earths,12.851,2015,https://science.nasa.gov/exoplanet-catalog/k2-21-c/
4331,"Debug: VIP-CLI v3.7.1, Node v18.20.1, linux 5.15.153.1-microsoft-standard-WSL2 x64",83.6448,4.04 Earths,12.851,2015,https://science.nasa.gov/exoplanet-catalog/k2-21-b/
4332,HATS-8 b,794.637,0.138 Jupiters,14.512,2015,https://science.nasa.gov/exoplanet-catalog/hats-8-b/
4333,HAT-P-1 b,158.979,0.525 Jupiters,9.827,2006,https://science.nasa.gov/exoplanet-catalog/hat-p-1-b/
4334,XO-1 b,163.553,0.83 Jupiters,11.251,2006,https://science.nasa.gov/exoplanet-catalog/xo-1-b/
4335,WTS-1 b,2346.01,4.01 Jupiters,16.644,2012,https://science.nasa.gov/exoplanet-catalog/wts-1-b/
4336,WASP-99 b,158.66,2.43 Jupiters,9.475,2014,https://science.nasa.gov/exoplanet-catalog/wasp-99-b/
4337,WASP-98 b,281.742,0.922 Jupiters,13.252,2014,https://science.nasa.gov/exoplanet-catalog/wasp-98-b/
4338,WASP-96 b,352.464,0.48 Jupiters,12.569,2014,https://science.nasa.gov/exoplanet-catalog/wasp-96-b/
4339,WASP-95 b,137.544,1.44 Jupiters,10.092,2014,https://science.nasa.gov/exoplanet-catalog/wasp-95-b/
4340,WASP-88 b,523.756,0.42 Jupiters,11.388,2014,https://science.nasa.gov/exoplanet-catalog/wasp-88-b/
4341,WASP-80 b,49.7876,0.538 Jupiters,11.841,2012,https://science.nasa.gov/exoplanet-catalog/wasp-80-b/
4342,WASP-78 b,754.258,1.11 Jupiters,11.965,2012,https://science.nasa.gov/exoplanet-catalog/wasp-78-b/
4343,WASP-75 b,294.001,1.07 Jupiters,11.591,2013,https://science.nasa.gov/exoplanet-catalog/wasp-75-b/
4344,WASP-72 b,434.754,2.3 Jupiters,10.868,2012,https://science.nasa.gov/exoplanet-catalog/wasp-72-b/
4345,WASP-71 b,362.715,1.39 Jupiters,10.56,2012,https://science.nasa.gov/exoplanet-catalog/wasp-71-b/
4346,WASP-69 b,49.9605,0.26 Jupiters,9.873,2014,https://science.nasa.gov/exoplanet-catalog/wasp-69-b/
4347,WASP-117 b,157.963,0.3 Jupiters,10.139,2014,https://science.nasa.gov/exoplanet-catalog/wasp-117-b/
4348,WASP-106 b,352.181,1.93 Jupiters,11.21,2014,https://science.nasa.gov/exoplanet-catalog/wasp-106-b/
4349,WASP-104 b,185.932,1.272 Jupiters,11.779,2014,https://science.nasa.gov/exoplanet-catalog/wasp-104-b/
4350,WASP-103 b,375.647,1.49 Jupiters,12.402,2014,https://science.nasa.gov/exoplanet-catalog/wasp-103-b/
4351,WASP-101 b,201.224,0.51 Jupiters,10.336,2014,https://science.nasa.gov/exoplanet-catalog/wasp-101-b/
4352,WASP-100 b,364.411,1.26 Jupiters,10.798,2014,https://science.nasa.gov/exoplanet-catalog/wasp-100-b/
4353,Kepler-741 b,1661.87,9.11 Earths,15.186,2016,https://science.nasa.gov/exoplanet-catalog/kepler-741-b/
4354,Kepler-739 b,1370.65,11 Earths,15.711,2016,https://science.nasa.gov/exoplanet-catalog/kepler-739-b/
4355,Kepler-738 b,1113.65,6.8 Earths,15.793,2016,https://science.nasa.gov/exoplanet-catalog/kepler-738-b/
4356,Kepler-1215 b,661.022,1.98 Earths,14.539,2016,https://science.nasa.gov/exoplanet-catalog/kepler-1215-b/
4357,Kepler-1214 b,729.227,6.17 Earths,15.459,2016,https://science.nasa.gov/exoplanet-catalog/kepler-1214-b/
4358,Kepler-1213 b,807.812,1.81 Earths,13.416,2016,https://science.nasa.gov/exoplanet-catalog/kepler-1213-b/
4359,Kepler-1212 b,1316.57,5.22 Earths,15.133,2016,https://science.nasa.gov/exoplanet-catalog/kepler-1212-b/
4360,Kepler-1211 b,1826.53,7.04 Earths,16.016,2016,https://science.nasa.gov/exoplanet-catalog/kepler-1211-b/
4361,Kepler-1210 b,1176.53,3.53 Earths,15.649,2016,https://science.nasa.gov/exoplanet-catalog/kepler-1210-b/
4362,Kepler-1209 b,505.531,2.89 Earths,12.554,2016,https://science.nasa.gov/exoplanet-catalog/kepler-1209-b/
4363,Kepler-1208 b,825.176,5.99 Earths,16.256,2016,https://science.nasa.gov/exoplanet-catalog/kepler-1208-b/
4364,Kepler-1207 b,1754.19,3.26 Earths,14.595,2016,https://science.nasa.gov/exoplanet-catalog/kepler-1207-b/
4365,Kepler-1206 b,762.019,3.33 Earths,15.971,2016,https://science.nasa.gov/exoplanet-catalog/kepler-1206-b/
4366,Kepler-1205 b,698.485,2.57 Earths,15.316,2016,https://science.nasa.gov/exoplanet-catalog/kepler-1205-b/
4367,Kepler-1204 b,1175.22,9.53 Earths,15.45,2016,https://science.nasa.gov/exoplanet-catalog/kepler-1204-b/
4368,Kepler-1203 b,317.022,1.2 Earths,15.385,2016,https://science.nasa.gov/exoplanet-catalog/kepler-1203-b/
4369,Kepler-1202 b,1175.38,8.96 Earths,15.833,2016,https://science.nasa.gov/exoplanet-catalog/kepler-1202-b/
4370,Kepler-1201 b,944.241,5.86 Earths,14.765,2016,https://science.nasa.gov/exoplanet-catalog/kepler-1201-b/
4371,Kepler-1200 b,588.715,1.2 Earths,16.06,2016,https://science.nasa.gov/exoplanet-catalog/kepler-1200-b/
4372,Kepler-1199 b,563.493,1.6 Earths,13.173,2016,https://science.nasa.gov/exoplanet-catalog/kepler-1199-b/
4373,Kepler-1198 b,743.03,2.76 Earths,14.986,2016,https://science.nasa.gov/exoplanet-catalog/kepler-1198-b/
4374,Kepler-1197 b,486.94,2.1 Earths,15.346,2016,https://science.nasa.gov/exoplanet-catalog/kepler-1197-b/
4375,Kepler-1196 b,922.333,5.6 Earths,15.009,2016,https://science.nasa.gov/exoplanet-catalog/kepler-1196-b/
4376,Kepler-1195 b,918.566,4.98 Earths,16.003,2016,https://science.nasa.gov/exoplanet-catalog/kepler-1195-b/
4377,Kepler-1194 b,757.382,2.89 Earths,14.31,2016,https://science.nasa.gov/exoplanet-catalog/kepler-1194-b/
4378,Kepler-1193 b,802.116,2.3 Earths,13.577,2016,https://science.nasa.gov/exoplanet-catalog/kepler-1193-b/
4379,Kepler-1192 b,1304.19,6.17 Earths,15.858,2016,https://science.nasa.gov/exoplanet-catalog/kepler-1192-b/
4380,Kepler-1191 b,955.536,2.89 Earths,15.319,2016,https://science.nasa.gov/exoplanet-catalog/kepler-1191-b/
4381,Kepler-1190 b,342.509,2.33 Earths,14.665,2016,https://science.nasa.gov/exoplanet-catalog/kepler-1190-b/
4382,Kepler-1189 b,782.852,3.78 Earths,14.463,2016,https://science.nasa.gov/exoplanet-catalog/kepler-1189-b/
4383,Kepler-1188 b,1717.48,4.98 Earths,14.941,2016,https://science.nasa.gov/exoplanet-catalog/kepler-1188-b/
4384,WASP-82 b,275.664,1.17 Jupiters,10.073,2015,https://science.nasa.gov/exoplanet-catalog/wasp-82-b/
4385,WASP-7 b,162.303,0.96 Jupiters,9.504,2008,https://science.nasa.gov/exoplanet-catalog/wasp-7-b/
4386,WASP-79 b,246.69,0.85 Jupiters,10.044,2012,https://science.nasa.gov/exoplanet-catalog/wasp-79-b/
4387,WASP-73 b,316.678,2.86 Jupiters,10.468,2014,https://science.nasa.gov/exoplanet-catalog/wasp-73-b/
4388,WASP-68 b,226.399,1.08 Jupiters,10.674,2014,https://science.nasa.gov/exoplanet-catalog/wasp-68-b/
4389,WASP-67 b,189.469,0.43 Jupiters,12.537,2012,https://science.nasa.gov/exoplanet-catalog/wasp-67-b/
4390,WASP-66 b,500.258,2.35 Jupiters,11.605,2012,https://science.nasa.gov/exoplanet-catalog/wasp-66-b/
4391,WASP-65 b,273.703,1.55 Jupiters,11.869,2013,https://science.nasa.gov/exoplanet-catalog/wasp-65-b/
4392,WASP-64 b,369.926,1.271 Jupiters,12.704,2012,https://science.nasa.gov/exoplanet-catalog/wasp-64-b/
4393,WASP-62 b,175.631,0.52 Jupiters,10.213,2012,https://science.nasa.gov/exoplanet-catalog/wasp-62-b/
4394,WASP-59 b,115.936,0.863 Jupiters,12.659,2012,https://science.nasa.gov/exoplanet-catalog/wasp-59-b/
4395,WASP-55 b,297.462,0.586 Jupiters,11.753,2012,https://science.nasa.gov/exoplanet-catalog/wasp-55-b/
4396,WASP-49 b,194.553,0.37 Jupiters,11.352,2012,https://science.nasa.gov/exoplanet-catalog/wasp-49-b/
4397,WASP-45 b,211.196,0.964 Jupiters,11.801,2011,https://science.nasa.gov/exoplanet-catalog/wasp-45-b/
4398,WASP-41 b,163.371,0.85 Jupiters,11.632,2011,https://science.nasa.gov/exoplanet-catalog/wasp-41-b/
4399,WASP-37 b,392.791,1.8 Jupiters,12.815,2010,https://science.nasa.gov/exoplanet-catalog/wasp-37-b/
4400,WASP-33 b,121.944,2.093 Jupiters,8.14,2010,https://science.nasa.gov/exoplanet-catalog/wasp-33-b/
4401,WASP-2 b,153.242,0.931 Jupiters,11.728,2007,https://science.nasa.gov/exoplanet-catalog/wasp-2-b/
4402,WASP-29 b,87.5953,0.23 Jupiters,11.331,2010,https://science.nasa.gov/exoplanet-catalog/wasp-29-b/
4403,WASP-24 b,322.114,1.24 Jupiters,11.219,2010,https://science.nasa.gov/exoplanet-catalog/wasp-24-b/
4404,WASP-16 b,194.134,1.24 Jupiters,11.288,2009,https://science.nasa.gov/exoplanet-catalog/wasp-16-b/
4405,WASP-12 b,427.246,1.47 Jupiters,11.569,2008,https://science.nasa.gov/exoplanet-catalog/wasp-12-b/
4406,Qatar-2 b,181.374,2.494 Jupiters,13.443,2011,https://science.nasa.gov/exoplanet-catalog/qatar-2-b/
4407,Pr0201 b,180.64,0.54 Jupiters,10.445,2012,https://science.nasa.gov/exoplanet-catalog/pr0201-b/
4408,POTS-1 b,747.959,2.31 Jupiters,17.9083,2013,https://science.nasa.gov/exoplanet-catalog/pots-1-b/
4409,PH1 b,1033.16,0.531 Jupiters,13.841,2012,https://science.nasa.gov/exoplanet-catalog/ph1-b/
4410,OGLE-TR-182 b,2501.75,1.01 Jupiters,16.9195,2007,https://science.nasa.gov/exoplanet-catalog/ogle-tr-182-b/
4411,Kepler-737 b,205.118,4.5 Earths,15.971,2016,https://science.nasa.gov/exoplanet-catalog/kepler-737-b/
4412,Kepler-736 b,1005.43,8.91 Earths,15.809,2016,https://science.nasa.gov/exoplanet-catalog/kepler-736-b/
4413,Kepler-734 b,1157.21,12.4 Earths,14.469,2016,https://science.nasa.gov/exoplanet-catalog/kepler-734-b/
4414,Kepler-733 b,916.706,8.35 Earths,15.561,2016,https://science.nasa.gov/exoplanet-catalog/kepler-733-b/
4415,Kepler-732 c,174.826,2.15 Earths,16.53,2016,https://science.nasa.gov/exoplanet-catalog/kepler-732-c/
4416,Kepler-731 b,1257.16,Unknown,15.386,2016,https://science.nasa.gov/exoplanet-catalog/kepler-731-b/
4417,Kepler-730 b,1935.04,Unknown,15.782,2016,https://science.nasa.gov/exoplanet-catalog/kepler-730-b/
4418,Kepler-729 b,1921.15,12.5 Earths,15.567,2016,https://science.nasa.gov/exoplanet-catalog/kepler-729-b/
4419,Kepler-728 b,1765.23,11.1 Earths,15.585,2016,https://science.nasa.gov/exoplanet-catalog/kepler-728-b/
4420,Kepler-726 b,762.081,10.7 Earths,15.362,2016,https://science.nasa.gov/exoplanet-catalog/kepler-726-b/
4421,Kepler-725 b,758.469,1.64164822 Jupiters,15.145,2016,https://science.nasa.gov/exoplanet-catalog/kepler-725-b/
4422,Kepler-724 b,853.119,10.8 Earths,15.284,2016,https://science.nasa.gov/exoplanet-catalog/kepler-724-b/
4423,Kepler-723 b,1071.8,Unknown,15.452,2016,https://science.nasa.gov/exoplanet-catalog/kepler-723-b/
4424,Kepler-722 b,1239.5,7.41 Earths,15.489,2016,https://science.nasa.gov/exoplanet-catalog/kepler-722-b/
4425,Kepler-721 b,926.598,7.46 Earths,15.963,2016,https://science.nasa.gov/exoplanet-catalog/kepler-721-b/
4426,Kepler-720 b,1065.37,0.168 Jupiters,15.462,2016,https://science.nasa.gov/exoplanet-catalog/kepler-720-b/
4427,Kepler-719 b,2497.51,0.172 Jupiters,16.128,2016,https://science.nasa.gov/exoplanet-catalog/kepler-719-b/
4428,Kepler-717 b,2805.48,6.44 Earths,15.756,2016,https://science.nasa.gov/exoplanet-catalog/kepler-717-b/
4429,Kepler-716 b,635.009,8.75 Earths,15.314,2016,https://science.nasa.gov/exoplanet-catalog/kepler-716-b/
4430,Kepler-715 b,1327.44,13.5 Earths,15.204,2016,https://science.nasa.gov/exoplanet-catalog/kepler-715-b/
4431,Kepler-713 b,1089.87,6.71 Earths,15.171,2016,https://science.nasa.gov/exoplanet-catalog/kepler-713-b/
4432,Kepler-255 d,1052.53,2.3 Earths,15.699,2016,https://science.nasa.gov/exoplanet-catalog/kepler-255-d/
4433,TrES-1 b,159.658,0.84 Jupiters,11.424,2004,https://science.nasa.gov/exoplanet-catalog/tres-1-b/
4434,SWEEPS-4 b,8500,3.8 Jupiters,18.8,2006,https://science.nasa.gov/exoplanet-catalog/sweeps-4-b/
4435,SWEEPS-11 b,8500,9.7 Jupiters,19.83,2006,https://science.nasa.gov/exoplanet-catalog/sweeps-11-b/
4436,Qatar-1 b,185.615,1.294 Jupiters,12.692,2010,https://science.nasa.gov/exoplanet-catalog/qatar-1-b/
4437,Pr0211 b,182.714,1.88 Jupiters,12.163,2012,https://science.nasa.gov/exoplanet-catalog/pr0211-b/
4438,OGLE-TR-211 b,1515.26,1.03 Jupiters,15.364,2007,https://science.nasa.gov/exoplanet-catalog/ogle-tr-211-b/
4439,OGLE-TR-132 b,2012.62,1.18 Jupiters,16.536,2004,https://science.nasa.gov/exoplanet-catalog/ogle-tr-132-b/
4440,OGLE-TR-113 b,566.459,1.26 Jupiters,15.8485,2004,https://science.nasa.gov/exoplanet-catalog/ogle-tr-113-b/
4441,OGLE-TR-111 b,1068.33,0.55 Jupiters,16.707,2004,https://science.nasa.gov/exoplanet-catalog/ogle-tr-111-b/
4442,OGLE2-TR-L9 b,1627.63,4.5 Jupiters,14.718,2008,https://science.nasa.gov/exoplanet-catalog/ogle2-tr-l9-b/
4443,Kepler-712 c,872.493,21 Earths,16.161,2016,https://science.nasa.gov/exoplanet-catalog/kepler-712-c/
4444,Kepler-712 b,872.493,11.5 Earths,16.161,2016,https://science.nasa.gov/exoplanet-catalog/kepler-712-b/
4445,Kepler-711 b,624.575,11.5 Earths,15.635,2016,https://science.nasa.gov/exoplanet-catalog/kepler-711-b/
4446,Kepler-709 b,664.843,8.85 Earths,15.261,2016,https://science.nasa.gov/exoplanet-catalog/kepler-709-b/
4447,Kepler-708 b,1394.22,8.91 Earths,15.61,2016,https://science.nasa.gov/exoplanet-catalog/kepler-708-b/
4448,Kepler-245 e,861.527,5.68344415 Jupiters,15.546,2016,https://science.nasa.gov/exoplanet-catalog/kepler-245-e/
4449,Kepler-1187 b,1020.53,7.32 Earths,14.73,2016,https://science.nasa.gov/exoplanet-catalog/kepler-1187-b/
4450,Kepler-1186 b,1337.25,5.6 Earths,15.367,2016,https://science.nasa.gov/exoplanet-catalog/kepler-1186-b/
4451,Kepler-1184 b,1157.84,7.65 Earths,14.99,2016,https://science.nasa.gov/exoplanet-catalog/kepler-1184-b/
4452,Kepler-1183 b,1919.19,8.35 Earths,15.968,2016,https://science.nasa.gov/exoplanet-catalog/kepler-1183-b/
4453,Kepler-1182 b,1545.39,6.39 Earths,15.742,2016,https://science.nasa.gov/exoplanet-catalog/kepler-1182-b/
4454,Kepler-1181 b,938.417,3.09 Earths,13.549,2016,https://science.nasa.gov/exoplanet-catalog/kepler-1181-b/
4455,Kepler-1179 b,415.205,2.3 Earths,14.214,2016,https://science.nasa.gov/exoplanet-catalog/kepler-1179-b/
4456,Kepler-1178 b,482.287,1.24 Earths,14.212,2016,https://science.nasa.gov/exoplanet-catalog/kepler-1178-b/
4457,Kepler-1177 b,1299.97,4.27 Earths,14.773,2016,https://science.nasa.gov/exoplanet-catalog/kepler-1177-b/
4458,Kepler-1175 b,1121.89,9.22 Earths,15.972,2016,https://science.nasa.gov/exoplanet-catalog/kepler-1175-b/
4459,Kepler-1174 b,1408.75,3.15 Earths,14.271,2016,https://science.nasa.gov/exoplanet-catalog/kepler-1174-b/
4460,Kepler-1173 b,377.06,0.64 Earths,13.896,2016,https://science.nasa.gov/exoplanet-catalog/kepler-1173-b/
4461,Kepler-1172 b,1306.53,10.3 Earths,16.083,2016,https://science.nasa.gov/exoplanet-catalog/kepler-1172-b/
4462,Kepler-1170 b,1050.45,6.39 Earths,16.204,2016,https://science.nasa.gov/exoplanet-catalog/kepler-1170-b/
4463,Kepler-1169 b,522.823,0.779 Earths,12.707,2016,https://science.nasa.gov/exoplanet-catalog/kepler-1169-b/
4464,Kepler-1168 b,752.666,6.8 Earths,15.755,2016,https://science.nasa.gov/exoplanet-catalog/kepler-1168-b/
4465,Kepler-1167 b,820.905,3.57 Earths,16.047,2016,https://science.nasa.gov/exoplanet-catalog/kepler-1167-b/
4466,Kepler-1165 b,1575.2,3.02 Earths,14.521,2016,https://science.nasa.gov/exoplanet-catalog/kepler-1165-b/
4467,Kepler-1164 b,431.622,1.46 Earths,14.321,2016,https://science.nasa.gov/exoplanet-catalog/kepler-1164-b/
4468,Kepler-1163 b,478.647,1.08 Earths,12.208,2016,https://science.nasa.gov/exoplanet-catalog/kepler-1163-b/
4469,Kepler-1161 b,547.726,5.18 Earths,16.163,2016,https://science.nasa.gov/exoplanet-catalog/kepler-1161-b/
4470,Kepler-1160 b,1077.63,5.22 Earths,16.006,2016,https://science.nasa.gov/exoplanet-catalog/kepler-1160-b/
4471,Kepler-1159 b,1213.71,6.21 Earths,14.678,2016,https://science.nasa.gov/exoplanet-catalog/kepler-1159-b/
4472,Kepler-1158 b,1484.25,6.08 Earths,13.618,2016,https://science.nasa.gov/exoplanet-catalog/kepler-1158-b/
4473,Kepler-1156 b,691.331,2.3 Earths,14.262,2016,https://science.nasa.gov/exoplanet-catalog/kepler-1156-b/
4474,Kepler-1155 b,1128.72,4.78 Earths,14.799,2016,https://science.nasa.gov/exoplanet-catalog/kepler-1155-b/
4475,Kepler-1154 c,1460.1,6.17 Earths,14.953,2016,https://science.nasa.gov/exoplanet-catalog/kepler-1154-c/
4476,Kepler-1154 b,1460.1,6.08 Earths,14.953,2016,https://science.nasa.gov/exoplanet-catalog/kepler-1154-b/
4477,OGLE-TR-10 b,1344.97,0.62 Jupiters,16.006,2004,https://science.nasa.gov/exoplanet-catalog/ogle-tr-10-b/
4478,MOA-bin-1L b,5100,3.7 Jupiters,Unknown,2012,https://science.nasa.gov/exoplanet-catalog/moa-bin-1l-b/
4479,Kepler-98 b,350.315,3.55 Earths,12.996,2014,https://science.nasa.gov/exoplanet-catalog/kepler-98-b/
4480,Kepler-97 b,400.907,3.51 Earths,12.994,2014,https://science.nasa.gov/exoplanet-catalog/kepler-97-b/
4481,Kepler-94 c,191.904,9.836 Jupiters,13.071,2014,https://science.nasa.gov/exoplanet-catalog/kepler-94-c/
4482,Kepler-92 c,477.992,6.1 Earths,11.671,2013,https://science.nasa.gov/exoplanet-catalog/kepler-92-c/
4483,Kepler-8 b,1021.87,0.59 Jupiters,13.598,2010,https://science.nasa.gov/exoplanet-catalog/kepler-8-b/
4484,Kepler-87 b,1232.9,1.02 Jupiters,14.681,2013,https://science.nasa.gov/exoplanet-catalog/kepler-87-b/
4485,Kepler-85 b,765.025,1.84 Earths,14.89,2012,https://science.nasa.gov/exoplanet-catalog/kepler-85-b/
4486,Kepler-84 c,1023.9,20.2 Earths,14.92,2012,https://science.nasa.gov/exoplanet-catalog/kepler-84-c/
4487,Kepler-83 b,400.409,2.94 Earths,16.145,2012,https://science.nasa.gov/exoplanet-catalog/kepler-83-b/
4488,Kepler-82 b,904.326,12.15 Earths,15.131,2012,https://science.nasa.gov/exoplanet-catalog/kepler-82-b/
4489,Kepler-80 e,369.451,4.13 Earths,15.23,2014,https://science.nasa.gov/exoplanet-catalog/kepler-80-e/
4490,Kepler-79 d,1020.72,5.3 Earths,14.036,2014,https://science.nasa.gov/exoplanet-catalog/kepler-79-d/
4491,Kepler-77 b,639.411,0.43 Jupiters,14.152,2013,https://science.nasa.gov/exoplanet-catalog/kepler-77-b/
4492,Kepler-707 b,591.776,2.33 Earths,15.022,2016,https://science.nasa.gov/exoplanet-catalog/kepler-707-b/
4493,Kepler-705 b,276.881,5.1 Earths,16.331,2016,https://science.nasa.gov/exoplanet-catalog/kepler-705-b/
4494,Kepler-704 b,1228.83,7.32 Earths,15.454,2016,https://science.nasa.gov/exoplanet-catalog/kepler-704-b/
4495,Kepler-703 b,1156.83,0.161 Jupiters,15.599,2016,https://science.nasa.gov/exoplanet-catalog/kepler-703-b/
4496,Kepler-702 b,992.071,0.194 Jupiters,15.437,2016,https://science.nasa.gov/exoplanet-catalog/kepler-702-b/
4497,Kepler-701 b,774.152,8.45 Earths,15.056,2016,https://science.nasa.gov/exoplanet-catalog/kepler-701-b/
4498,Kepler-700 b,1491.76,30 Earths,15.202,2016,https://science.nasa.gov/exoplanet-catalog/kepler-700-b/
4499,Kepler-698 b,1995.57,13.1 Earths,15.716,2016,https://science.nasa.gov/exoplanet-catalog/kepler-698-b/
4500,Kepler-697 b,1277.33,16 Earths,15.888,2016,https://science.nasa.gov/exoplanet-catalog/kepler-697-b/
4501,Kepler-696 b,1416.44,31.3 Earths,15.308,2016,https://science.nasa.gov/exoplanet-catalog/kepler-696-b/
4502,Kepler-695 b,842.947,0.196 Jupiters,15.262,2016,https://science.nasa.gov/exoplanet-catalog/kepler-695-b/
4503,Kepler-694 b,1023.06,8.25 Earths,15.284,2016,https://science.nasa.gov/exoplanet-catalog/kepler-694-b/
4504,Kepler-693 b,1151.51,0.232 Jupiters,16.7286,2016,https://science.nasa.gov/exoplanet-catalog/kepler-693-b/
4505,Kepler-692 b,991.336,9.85 Earths,15.676,2016,https://science.nasa.gov/exoplanet-catalog/kepler-692-b/
4506,Kepler-691 b,279.115,5.02 Earths,16.6,2016,https://science.nasa.gov/exoplanet-catalog/kepler-691-b/
4507,Kepler-690 b,1665.31,29.6 Earths,15.701,2016,https://science.nasa.gov/exoplanet-catalog/kepler-690-b/
4508,Kepler-68 d,144.166,0.84007174 Jupiters,10.077,2013,https://science.nasa.gov/exoplanet-catalog/kepler-68-d/
4509,Kepler-689 b,1131.73,8.7 Earths,15.938,2016,https://science.nasa.gov/exoplanet-catalog/kepler-689-b/
4510,Kepler-688 b,1357.75,0.216 Jupiters,15.805,2016,https://science.nasa.gov/exoplanet-catalog/kepler-688-b/
4511,Kepler-687 b,633.66,12.2 Earths,15.695,2016,https://science.nasa.gov/exoplanet-catalog/kepler-687-b/
4512,Kepler-686 b,1490.94,Unknown,16.02,2016,https://science.nasa.gov/exoplanet-catalog/kepler-686-b/
4513,Kepler-66 b,1202.96,8.25 Earths,15.29,2013,https://science.nasa.gov/exoplanet-catalog/kepler-66-b/
4514,Kepler-685 b,938.715,0.248 Jupiters,15.186,2016,https://science.nasa.gov/exoplanet-catalog/kepler-685-b/
4515,Kepler-684 b,1731.27,11.2 Earths,15.695,2016,https://science.nasa.gov/exoplanet-catalog/kepler-684-b/
4516,Kepler-683 b,1023.07,4.54 Earths,15.072,2016,https://science.nasa.gov/exoplanet-catalog/kepler-683-b/
4517,Kepler-682 b,1979.25,0.134 Jupiters,15.556,2016,https://science.nasa.gov/exoplanet-catalog/kepler-682-b/
4518,Kepler-681 b,686.923,9.69 Earths,15.584,2016,https://science.nasa.gov/exoplanet-catalog/kepler-681-b/
4519,Kepler-680 b,1492.48,6.44 Earths,15.321,2016,https://science.nasa.gov/exoplanet-catalog/kepler-680-b/
4520,Kepler-1152 b,215.233,0.59 Earths,15.31,2016,https://science.nasa.gov/exoplanet-catalog/kepler-1152-b/
4521,Kepler-1151 b,682.436,5.56 Earths,15.005,2016,https://science.nasa.gov/exoplanet-catalog/kepler-1151-b/
4522,Kepler-1150 b,358.518,1.04 Earths,14.748,2016,https://science.nasa.gov/exoplanet-catalog/kepler-1150-b/
4523,Kepler-1148 b,625.692,3.5 Earths,15.533,2016,https://science.nasa.gov/exoplanet-catalog/kepler-1148-b/
4524,Kepler-1147 b,1657.36,7.32 Earths,15.613,2016,https://science.nasa.gov/exoplanet-catalog/kepler-1147-b/
4525,Kepler-1146 b,703.038,2.04 Earths,15.953,2016,https://science.nasa.gov/exoplanet-catalog/kepler-1146-b/
4526,Kepler-1145 b,691.961,2.54 Earths,15.471,2016,https://science.nasa.gov/exoplanet-catalog/kepler-1145-b/
4527,Kepler-1143 c,555.189,12.6 Earths,15.493,2016,https://science.nasa.gov/exoplanet-catalog/kepler-1143-c/
4528,Kepler-1143 b,555.189,3.43 Earths,15.493,2016,https://science.nasa.gov/exoplanet-catalog/kepler-1143-b/
4529,Kepler-1142 b,1273.51,2.76 Earths,14.505,2016,https://science.nasa.gov/exoplanet-catalog/kepler-1142-b/
4530,Kepler-1141 b,393.642,0.477 Earths,12.403,2016,https://science.nasa.gov/exoplanet-catalog/kepler-1141-b/
4531,Kepler-1140 b,656.48,8.1 Earths,15.751,2016,https://science.nasa.gov/exoplanet-catalog/kepler-1140-b/
4532,Kepler-1139 b,495.156,1.81 Earths,14.229,2016,https://science.nasa.gov/exoplanet-catalog/kepler-1139-b/
4533,Kepler-1138 b,872.328,3.53 Earths,15.885,2016,https://science.nasa.gov/exoplanet-catalog/kepler-1138-b/
4534,Kepler-1137 b,921.778,5.48 Earths,12.827,2016,https://science.nasa.gov/exoplanet-catalog/kepler-1137-b/
4535,Kepler-1136 b,491.406,3.33 Earths,16.037,2016,https://science.nasa.gov/exoplanet-catalog/kepler-1136-b/
4536,Kepler-1135 b,1314.64,4.08 Earths,14.545,2016,https://science.nasa.gov/exoplanet-catalog/kepler-1135-b/
4537,Kepler-1134 b,944.445,7.46 Earths,16.233,2016,https://science.nasa.gov/exoplanet-catalog/kepler-1134-b/
4538,Kepler-1133 b,753.135,4.54 Earths,14.785,2016,https://science.nasa.gov/exoplanet-catalog/kepler-1133-b/
4539,Kepler-1132 b,867.931,6.12 Earths,15.818,2016,https://science.nasa.gov/exoplanet-catalog/kepler-1132-b/
4540,Kepler-1131 b,1030.7,3.15 Earths,15.01,2016,https://science.nasa.gov/exoplanet-catalog/kepler-1131-b/
4541,Kepler-1130 b,249.343,0.437 Earths,12.509,2016,https://science.nasa.gov/exoplanet-catalog/kepler-1130-b/
4542,Kepler-1129 c,1183.88,7.9 Earths,15.661,2016,https://science.nasa.gov/exoplanet-catalog/kepler-1129-c/
4543,Kepler-1129 b,1183.88,9.06 Earths,15.661,2016,https://science.nasa.gov/exoplanet-catalog/kepler-1129-b/
4544,Kepler-1128 b,1083.41,12.9 Earths,15.934,2016,https://science.nasa.gov/exoplanet-catalog/kepler-1128-b/
4545,Kepler-1127 b,842.459,4.5 Earths,15.162,2016,https://science.nasa.gov/exoplanet-catalog/kepler-1127-b/
4546,Kepler-1126 b,635.736,3.64 Earths,14.221,2016,https://science.nasa.gov/exoplanet-catalog/kepler-1126-b/
4547,Kepler-1125 b,2011.41,4.04 Earths,15.042,2016,https://science.nasa.gov/exoplanet-catalog/kepler-1125-b/
4548,CoRoT-7 c,159.906,8.4 Earths,11.728,2009,https://science.nasa.gov/exoplanet-catalog/corot-7-c/
4549,CoRoT-3 b,768.771,21.66 Jupiters,13.448,2008,https://science.nasa.gov/exoplanet-catalog/corot-3-b/
4550,CoRoT-26 b,1045.18,0.52 Jupiters,15.861,2013,https://science.nasa.gov/exoplanet-catalog/corot-26-b/
4551,CoRoT-24 b,591.555,5.7 Earths,15.383,2014,https://science.nasa.gov/exoplanet-catalog/corot-24-b/
4552,CoRoT-20 b,844.061,4.3 Jupiters,14.63,2011,https://science.nasa.gov/exoplanet-catalog/corot-20-b/
4553,CoRoT-17 b,1176.12,2.43 Jupiters,16.29,2011,https://science.nasa.gov/exoplanet-catalog/corot-17-b/
4554,CoRoT-11 b,655.037,2.33 Jupiters,12.897,2010,https://science.nasa.gov/exoplanet-catalog/corot-11-b/
4555,Pr0211 c,182.714,7.79 Jupiters,12.163,2016,https://science.nasa.gov/exoplanet-catalog/pr0211-c/
4556,KOI-94 d,477.052,0.334 Jupiters,12.314,2013,https://science.nasa.gov/exoplanet-catalog/koi-94-d/
4557,Kepler-679 b,922.244,9.32 Earths,15.771,2016,https://science.nasa.gov/exoplanet-catalog/kepler-679-b/
4558,Kepler-678 b,1826.15,23.1 Earths,15.161,2016,https://science.nasa.gov/exoplanet-catalog/kepler-678-b/
4559,Kepler-677 b,1954.08,25 Earths,15.504,2016,https://science.nasa.gov/exoplanet-catalog/kepler-677-b/
4560,Kepler-675 b,665.68,6.53 Earths,15.605,2016,https://science.nasa.gov/exoplanet-catalog/kepler-675-b/
4561,Kepler-674 b,342.254,3.5 Earths,15.569,2016,https://science.nasa.gov/exoplanet-catalog/kepler-674-b/
4562,Kepler-673 b,918.21,34.8 Earths,15.592,2016,https://science.nasa.gov/exoplanet-catalog/kepler-673-b/
4563,Kepler-672 b,1033.93,6.8 Earths,15.513,2016,https://science.nasa.gov/exoplanet-catalog/kepler-672-b/
4564,Kepler-670 b,939.744,Unknown,15.162,2016,https://science.nasa.gov/exoplanet-catalog/kepler-670-b/
4565,Kepler-669 b,2063.41,20.8 Earths,15.742,2016,https://science.nasa.gov/exoplanet-catalog/kepler-669-b/
4566,Kepler-668 b,784.618,7.75 Earths,15.365,2016,https://science.nasa.gov/exoplanet-catalog/kepler-668-b/
4567,Kepler-666 b,1508.71,6.35 Earths,15.422,2016,https://science.nasa.gov/exoplanet-catalog/kepler-666-b/
4568,Kepler-65 c,303.728,5.4 Earths,10.922,2012,https://science.nasa.gov/exoplanet-catalog/kepler-65-c/
4569,Kepler-62 e,300.874,36 Earths,13.965,2013,https://science.nasa.gov/exoplanet-catalog/kepler-62-e/
4570,Kepler-61 b,335.079,5.27 Earths,15.277,2013,https://science.nasa.gov/exoplanet-catalog/kepler-61-b/
4571,Kepler-59 c,1163.22,3.81 Earths,14.467,2012,https://science.nasa.gov/exoplanet-catalog/kepler-59-c/
4572,Kepler-57 c,644.14,6.86 Earths,15.017,2012,https://science.nasa.gov/exoplanet-catalog/kepler-57-c/
4573,Kepler-55 f,578.796,3.15 Earths,15.746,2014,https://science.nasa.gov/exoplanet-catalog/kepler-55-f/
4574,Kepler-55 b,578.796,0.135 Jupiters,15.746,2012,https://science.nasa.gov/exoplanet-catalog/kepler-55-b/
4575,Kepler-53 c,1366.07,36 Earths,15.367,2012,https://science.nasa.gov/exoplanet-catalog/kepler-53-c/
4576,Kepler-52 b,321.542,0.4247575 Jupiters,15.513,2012,https://science.nasa.gov/exoplanet-catalog/kepler-52-b/
4577,Kepler-50 c,250.11,8.2 Earths,10.544,2012,https://science.nasa.gov/exoplanet-catalog/kepler-50-c/
4578,Kepler-49 c,311.222,8.38 Earths,15.655,2012,https://science.nasa.gov/exoplanet-catalog/kepler-49-c/
4579,Kepler-48 b,306.738,3.94 Earths,13.174,2012,https://science.nasa.gov/exoplanet-catalog/kepler-48-b/
4580,Kepler-46 c,777.06,0.376 Jupiters,15.312,2012,https://science.nasa.gov/exoplanet-catalog/kepler-46-c/
4581,Kepler-446 b,96.339,2.86 Earths,17.5041,2015,https://science.nasa.gov/exoplanet-catalog/kepler-446-b/
4582,Kepler-444 d,36.4396,0.2 Earths,8.87,2015,https://science.nasa.gov/exoplanet-catalog/kepler-444-d/
4583,Kepler-442 b,365.965,2.36 Earths,15.322,2015,https://science.nasa.gov/exoplanet-catalog/kepler-442-b/
4584,Kepler-43 b,1005.84,3.23 Jupiters,13.986,2011,https://science.nasa.gov/exoplanet-catalog/kepler-43-b/
4585,Kepler-439 b,757.048,5.65 Earths,14.654,2015,https://science.nasa.gov/exoplanet-catalog/kepler-439-b/
4586,Kepler-436 b,588.867,7.9 Earths,15.971,2015,https://science.nasa.gov/exoplanet-catalog/kepler-436-b/
4587,Kepler-434 b,1222.54,2.86 Jupiters,14.49,2015,https://science.nasa.gov/exoplanet-catalog/kepler-434-b/
4588,Kepler-431 c,486.546,0.229 Earths,12.139,2015,https://science.nasa.gov/exoplanet-catalog/kepler-431-c/
4589,Kepler-428 b,686.284,1.27 Jupiters,15.362,2014,https://science.nasa.gov/exoplanet-catalog/kepler-428-b/
4590,Kepler-424 c,698.646,6.97 Jupiters,14.429,2014,https://science.nasa.gov/exoplanet-catalog/kepler-424-c/
4591,Kepler-422 b,722.795,0.43 Jupiters,13.524,2014,https://science.nasa.gov/exoplanet-catalog/kepler-422-b/
4592,Kepler-419 c,1011.36,7.3 Jupiters,13.089,2014,https://science.nasa.gov/exoplanet-catalog/kepler-419-c/
4593,Kepler-418 b,1002.53,1.1 Jupiters,14.824,2014,https://science.nasa.gov/exoplanet-catalog/kepler-418-b/
4594,K2-27 b,249.645,30.2 Earths,12.689,2016,https://science.nasa.gov/exoplanet-catalog/k2-27-b/
4595,K2-24 c,170.562,16.4 Earths,11.275,2016,https://science.nasa.gov/exoplanet-catalog/k2-24-c/
4596,K2-24 b,170.562,20.6 Earths,11.275,2016,https://science.nasa.gov/exoplanet-catalog/k2-24-b/
4597,WASP-135 b,298.214,1.9 Jupiters,13.181,2015,https://science.nasa.gov/exoplanet-catalog/wasp-135-b/
4598,Kepler-665 b,612.838,7.27 Earths,15.612,2016,https://science.nasa.gov/exoplanet-catalog/kepler-665-b/
4599,Kepler-664 b,1210.12,7.56 Earths,15.663,2016,https://science.nasa.gov/exoplanet-catalog/kepler-664-b/
4600,Kepler-663 b,1063.09,7.27 Earths,15.881,2016,https://science.nasa.gov/exoplanet-catalog/kepler-663-b/
4601,Kepler-661 b,534.788,9.64 Earths,16.016,2016,https://science.nasa.gov/exoplanet-catalog/kepler-661-b/
4602,Kepler-660 b,568.431,7.13 Earths,15.559,2016,https://science.nasa.gov/exoplanet-catalog/kepler-660-b/
4603,Kepler-659 b,722.64,6.8 Earths,15.758,2016,https://science.nasa.gov/exoplanet-catalog/kepler-659-b/
4604,Kepler-658 b,388.384,3.29 Earths,16.44,2016,https://science.nasa.gov/exoplanet-catalog/kepler-658-b/
4605,Kepler-656 b,890.352,9.91 Earths,15.549,2016,https://science.nasa.gov/exoplanet-catalog/kepler-656-b/
4606,Kepler-454 b,230.869,5.4 Earths,11.567,2015,https://science.nasa.gov/exoplanet-catalog/kepler-454-b/
4607,Kepler-408 b,88.7832,5 Earths,8.834,2014,https://science.nasa.gov/exoplanet-catalog/kepler-408-b/
4608,Kepler-407 b,338.368,1.93 Earths,12.603,2014,https://science.nasa.gov/exoplanet-catalog/kepler-407-b/
4609,Kepler-406 c,364.03,2.71 Earths,12.603,2014,https://science.nasa.gov/exoplanet-catalog/kepler-406-c/
4610,Kepler-405 c,1065.08,19.6 Earths,16.181,2014,https://science.nasa.gov/exoplanet-catalog/kepler-405-c/
4611,Kepler-405 b,1065.08,4.98 Earths,16.181,2014,https://science.nasa.gov/exoplanet-catalog/kepler-405-b/
4612,Kepler-404 c,812.524,3.61 Earths,15.479,2014,https://science.nasa.gov/exoplanet-catalog/kepler-404-c/
4613,Kepler-403 c,840.269,3.71 Earths,12.818,2014,https://science.nasa.gov/exoplanet-catalog/kepler-403-c/
4614,Kepler-403 b,840.269,2.1 Earths,12.818,2014,https://science.nasa.gov/exoplanet-catalog/kepler-403-b/
4615,Kepler-402 e,625.339,2.73 Earths,13.27,2014,https://science.nasa.gov/exoplanet-catalog/kepler-402-e/
4616,Kepler-402 c,625.339,3.05 Earths,13.27,2014,https://science.nasa.gov/exoplanet-catalog/kepler-402-c/
4617,Kepler-402 b,625.339,1.98 Earths,13.27,2014,https://science.nasa.gov/exoplanet-catalog/kepler-402-b/
4618,Kepler-401 c,965.56,5.27 Earths,13.366,2014,https://science.nasa.gov/exoplanet-catalog/kepler-401-c/
4619,Kepler-400 c,845.97,2.83 Earths,13.762,2014,https://science.nasa.gov/exoplanet-catalog/kepler-400-c/
4620,Kepler-400 b,845.97,3.36 Earths,13.762,2014,https://science.nasa.gov/exoplanet-catalog/kepler-400-b/
4621,Kepler-399 d,740.537,4.23 Earths,14.686,2014,https://science.nasa.gov/exoplanet-catalog/kepler-399-d/
4622,Kepler-399 c,740.537,2.63 Earths,14.686,2014,https://science.nasa.gov/exoplanet-catalog/kepler-399-c/
4623,Kepler-398 c,177.355,1.01 Earths,13.499,2014,https://science.nasa.gov/exoplanet-catalog/kepler-398-c/
4624,Kepler-1124 b,289.899,2.18 Earths,16.745,2016,https://science.nasa.gov/exoplanet-catalog/kepler-1124-b/
4625,Kepler-1123 b,704.323,3.43 Earths,14.933,2016,https://science.nasa.gov/exoplanet-catalog/kepler-1123-b/
4626,Kepler-1122 b,1230.42,4.82 Earths,15.405,2016,https://science.nasa.gov/exoplanet-catalog/kepler-1122-b/
4627,Kepler-1121 b,482.047,4.31 Earths,12.144,2016,https://science.nasa.gov/exoplanet-catalog/kepler-1121-b/
4628,Kepler-1120 b,615.231,2.48 Earths,15.494,2016,https://science.nasa.gov/exoplanet-catalog/kepler-1120-b/
4629,Kepler-1119 b,1757.23,4.35 Earths,15.296,2016,https://science.nasa.gov/exoplanet-catalog/kepler-1119-b/
4630,Kepler-1118 b,888.325,7.95 Earths,15.238,2016,https://science.nasa.gov/exoplanet-catalog/kepler-1118-b/
4631,Kepler-1117 b,568.487,1.41 Earths,14.15,2016,https://science.nasa.gov/exoplanet-catalog/kepler-1117-b/
4632,Kepler-1116 b,1008.57,6.99 Earths,15.424,2016,https://science.nasa.gov/exoplanet-catalog/kepler-1116-b/
4633,Kepler-1115 b,983.245,3.53 Earths,11.983,2016,https://science.nasa.gov/exoplanet-catalog/kepler-1115-b/
4634,Kepler-1114 b,418.417,2.39 Earths,13.935,2016,https://science.nasa.gov/exoplanet-catalog/kepler-1114-b/
4635,Kepler-1113 b,1073.88,8.3 Earths,14.943,2016,https://science.nasa.gov/exoplanet-catalog/kepler-1113-b/
4636,Kepler-1112 b,1671.28,9.38 Earths,14.74,2016,https://science.nasa.gov/exoplanet-catalog/kepler-1112-b/
4637,Kepler-1111 b,841.536,4.66 Earths,14.88,2016,https://science.nasa.gov/exoplanet-catalog/kepler-1111-b/
4638,K2-19 c,289.827,11 Earths,13.024,2015,https://science.nasa.gov/exoplanet-catalog/k2-19-c/
4639,K2-18 b,38.0266,8.92 Earths,13.477,2015,https://science.nasa.gov/exoplanet-catalog/k2-18-b/
4640,K2-17 b,125.106,5.6 Earths,13.411,2015,https://science.nasa.gov/exoplanet-catalog/k2-17-b/
4641,K2-16 b,334.967,4.74 Earths,14.668,2015,https://science.nasa.gov/exoplanet-catalog/k2-16-b/
4642,K2-15 b,493.992,6.71 Earths,14.758,2015,https://science.nasa.gov/exoplanet-catalog/k2-15-b/
4643,K2-14 b,364.048,20.7 Earths,15.78,2015,https://science.nasa.gov/exoplanet-catalog/k2-14-b/
4644,K2-12 b,326.381,5.2 Earths,12.38,2015,https://science.nasa.gov/exoplanet-catalog/k2-12-b/
4645,K2-10 b,272.36,25.2 Earths,12.429,2015,https://science.nasa.gov/exoplanet-catalog/k2-10-b/
4646,Kepler-655 b,752.562,7.8 Earths,13.568,2016,https://science.nasa.gov/exoplanet-catalog/kepler-655-b/
4647,Kepler-654 b,974.124,4.94 Earths,13.762,2016,https://science.nasa.gov/exoplanet-catalog/kepler-654-b/
4648,Kepler-653 c,595.634,0.399 Earths,13.498,2016,https://science.nasa.gov/exoplanet-catalog/kepler-653-c/
4649,Kepler-653 b,595.634,4.46 Earths,13.498,2016,https://science.nasa.gov/exoplanet-catalog/kepler-653-b/
4650,Kepler-652 b,394.55,6.76 Earths,13.618,2016,https://science.nasa.gov/exoplanet-catalog/kepler-652-b/
4651,Kepler-651 b,509.408,6.21 Earths,14.233,2016,https://science.nasa.gov/exoplanet-catalog/kepler-651-b/
4652,Kepler-650 b,884.378,9.06 Earths,13.825,2016,https://science.nasa.gov/exoplanet-catalog/kepler-650-b/
4653,Kepler-649 b,513.748,5.73 Earths,13.556,2016,https://science.nasa.gov/exoplanet-catalog/kepler-649-b/
4654,Kepler-648 b,636.03,10.5 Earths,14.027,2016,https://science.nasa.gov/exoplanet-catalog/kepler-648-b/
4655,Kepler-647 b,1087.87,1.71 Earths,14.067,2016,https://science.nasa.gov/exoplanet-catalog/kepler-647-b/
4656,Kepler-646 b,451.794,4.62 Earths,14.026,2016,https://science.nasa.gov/exoplanet-catalog/kepler-646-b/
4657,Kepler-645 b,1173.57,5.06 Earths,13.944,2016,https://science.nasa.gov/exoplanet-catalog/kepler-645-b/
4658,Kepler-644 b,1318.05,10.1 Earths,14.031,2016,https://science.nasa.gov/exoplanet-catalog/kepler-644-b/
4659,Kepler-643 b,1063.58,1.01 Jupiters,13.988,2016,https://science.nasa.gov/exoplanet-catalog/kepler-643-b/
4660,Kepler-642 b,781.582,8.75 Earths,13.335,2016,https://science.nasa.gov/exoplanet-catalog/kepler-642-b/
4661,Kepler-641 b,969.918,4.08 Earths,13.807,2016,https://science.nasa.gov/exoplanet-catalog/kepler-641-b/
4662,Kepler-4 b,487.916,24.472 Earths,12.285,2009,https://science.nasa.gov/exoplanet-catalog/kepler-4-b/
4663,Kepler-416 c,690.819,6.13 Earths,14.166,2014,https://science.nasa.gov/exoplanet-catalog/kepler-416-c/
4664,Kepler-415 b,530.487,0.377 Jupiters,16.142,2014,https://science.nasa.gov/exoplanet-catalog/kepler-415-b/
4665,Kepler-413 b,847.536,0.211 Jupiters,15.885,2014,https://science.nasa.gov/exoplanet-catalog/kepler-413-b/
4666,Kepler-40 b,2305.01,2.2 Jupiters,14.657,2010,https://science.nasa.gov/exoplanet-catalog/kepler-40-b/
4667,Kepler-407 c,338.368,12.6 Jupiters,12.603,2014,https://science.nasa.gov/exoplanet-catalog/kepler-407-c/
4668,Kepler-406 b,364.03,6.35 Earths,12.603,2014,https://science.nasa.gov/exoplanet-catalog/kepler-406-b/
4669,Kepler-404 b,812.524,2.15 Earths,15.479,2014,https://science.nasa.gov/exoplanet-catalog/kepler-404-b/
4670,Kepler-402 d,625.339,2.48 Earths,13.27,2014,https://science.nasa.gov/exoplanet-catalog/kepler-402-d/
4671,Kepler-401 b,965.56,3.57 Earths,13.366,2014,https://science.nasa.gov/exoplanet-catalog/kepler-401-b/
4672,Kepler-399 b,740.537,0.84 Earths,14.686,2014,https://science.nasa.gov/exoplanet-catalog/kepler-399-b/
4673,Kepler-398 b,177.355,0.749 Earths,13.499,2014,https://science.nasa.gov/exoplanet-catalog/kepler-398-b/
4674,Kepler-397 c,969,31.6 Earths,16.357,2014,https://science.nasa.gov/exoplanet-catalog/kepler-397-c/
4675,Kepler-397 b,969,6.62 Earths,16.357,2014,https://science.nasa.gov/exoplanet-catalog/kepler-397-b/
4676,Kepler-396 c,223.757,17.9 Earths,12.259,2013,https://science.nasa.gov/exoplanet-catalog/kepler-396-c/
4677,Kepler-396 b,223.757,0.238 Jupiters,12.259,2013,https://science.nasa.gov/exoplanet-catalog/kepler-396-b/
4678,Kepler-395 c,421.382,2.3 Earths,16.5919,2014,https://science.nasa.gov/exoplanet-catalog/kepler-395-c/
4679,Kepler-395 b,421.382,1.08 Earths,16.5919,2014,https://science.nasa.gov/exoplanet-catalog/kepler-395-b/
4680,Kepler-394 c,1058.72,3.39 Earths,14.948,2014,https://science.nasa.gov/exoplanet-catalog/kepler-394-c/
4681,Kepler-394 b,1058.72,3.19 Earths,14.948,2014,https://science.nasa.gov/exoplanet-catalog/kepler-394-b/
4682,Kepler-393 c,881.404,2.33 Earths,13.258,2014,https://science.nasa.gov/exoplanet-catalog/kepler-393-c/
4683,Kepler-393 b,881.404,2.21 Earths,13.258,2014,https://science.nasa.gov/exoplanet-catalog/kepler-393-b/
4684,Kepler-392 c,681.428,1.37 Earths,13.528,2014,https://science.nasa.gov/exoplanet-catalog/kepler-392-c/
4685,Kepler-390 c,435.277,0.418 Earths,14.231,2014,https://science.nasa.gov/exoplanet-catalog/kepler-390-c/
4686,Kepler-388 c,425,0.566 Earths,15.218,2014,https://science.nasa.gov/exoplanet-catalog/kepler-388-c/
4687,Kepler-386 c,882.462,3.12 Earths,15.949,2014,https://science.nasa.gov/exoplanet-catalog/kepler-386-c/
4688,Kepler-384 b,895.678,1.46 Earths,13.734,2014,https://science.nasa.gov/exoplanet-catalog/kepler-384-b/
4689,Kepler-382 b,935.446,2.3 Earths,14.907,2014,https://science.nasa.gov/exoplanet-catalog/kepler-382-b/
4690,Kepler-380 b,813.713,1.81 Earths,13.74,2014,https://science.nasa.gov/exoplanet-catalog/kepler-380-b/
4691,Kepler-37 e,63.9207,8.1 Earths,9.770001,2014,https://science.nasa.gov/exoplanet-catalog/kepler-37-e/
4692,Kepler-377 c,823.804,4.9 Earths,14.081,2014,https://science.nasa.gov/exoplanet-catalog/kepler-377-c/
4693,Kepler-371 b,813.192,4.23 Earths,13.997,2014,https://science.nasa.gov/exoplanet-catalog/kepler-371-b/
4694,Kepler-368 c,770.978,14.3 Earths,12.946,2014,https://science.nasa.gov/exoplanet-catalog/kepler-368-c/
4695,Kepler-366 c,1856.28,3.86 Earths,14.952,2014,https://science.nasa.gov/exoplanet-catalog/kepler-366-c/
4696,Kepler-218 d,656.38,7.56 Earths,14.035,2016,https://science.nasa.gov/exoplanet-catalog/kepler-218-d/
4697,Kepler-217 d,1104.64,2.3 Earths,13.155,2016,https://science.nasa.gov/exoplanet-catalog/kepler-217-d/
4698,Kepler-640 b,557.787,7.08 Earths,13.885,2016,https://science.nasa.gov/exoplanet-catalog/kepler-640-b/
4699,Kepler-639 b,850.242,6.26 Earths,13.358,2016,https://science.nasa.gov/exoplanet-catalog/kepler-639-b/
4700,Kepler-638 b,991.214,4.01 Earths,13.658,2016,https://science.nasa.gov/exoplanet-catalog/kepler-638-b/
4701,Kepler-637 b,786.091,20.2 Earths,13.5,2016,https://science.nasa.gov/exoplanet-catalog/kepler-637-b/
4702,Kepler-636 b,310.301,18.1 Earths,13.906,2016,https://science.nasa.gov/exoplanet-catalog/kepler-636-b/
4703,Kepler-635 b,1141.08,7.46 Earths,13.36,2016,https://science.nasa.gov/exoplanet-catalog/kepler-635-b/
4704,Kepler-634 b,888.027,4.23 Earths,13.626,2016,https://science.nasa.gov/exoplanet-catalog/kepler-634-b/
4705,Kepler-633 b,680.54,3.29 Earths,13.812,2016,https://science.nasa.gov/exoplanet-catalog/kepler-633-b/
4706,Kepler-632 b,349,5.52 Earths,13.442,2016,https://science.nasa.gov/exoplanet-catalog/kepler-632-b/
4707,Kepler-631 b,761.966,8.75 Earths,13.563,2016,https://science.nasa.gov/exoplanet-catalog/kepler-631-b/
4708,Kepler-392 b,681.428,0.972 Earths,13.528,2014,https://science.nasa.gov/exoplanet-catalog/kepler-392-b/
4709,Kepler-391 c,869.236,1.41585834 Jupiters,13.177,2014,https://science.nasa.gov/exoplanet-catalog/kepler-391-c/
4710,Kepler-391 b,869.236,3.46098705 Jupiters,13.177,2014,https://science.nasa.gov/exoplanet-catalog/kepler-391-b/
4711,Kepler-390 b,435.277,0.477 Earths,14.231,2014,https://science.nasa.gov/exoplanet-catalog/kepler-390-b/
4712,Kepler-389 c,816.559,2.73 Earths,15.769,2014,https://science.nasa.gov/exoplanet-catalog/kepler-389-c/
4713,Kepler-389 b,816.559,2.89 Earths,15.769,2014,https://science.nasa.gov/exoplanet-catalog/kepler-389-b/
4714,Kepler-388 b,425,0.457 Earths,15.218,2014,https://science.nasa.gov/exoplanet-catalog/kepler-388-b/
4715,Kepler-387 c,801.052,0.64 Earths,14.129,2014,https://science.nasa.gov/exoplanet-catalog/kepler-387-c/
4716,Kepler-387 b,801.052,1.08 Earths,14.129,2014,https://science.nasa.gov/exoplanet-catalog/kepler-387-b/
4717,Kepler-386 b,882.462,2.51 Earths,15.949,2014,https://science.nasa.gov/exoplanet-catalog/kepler-386-b/
4718,Kepler-385 c,1432.61,13.2 Earths,15.76,2014,https://science.nasa.gov/exoplanet-catalog/kepler-385-c/
4719,Kepler-385 b,1432.61,12.8 Earths,15.76,2014,https://science.nasa.gov/exoplanet-catalog/kepler-385-b/
4720,Kepler-384 c,895.678,1.51 Earths,13.734,2014,https://science.nasa.gov/exoplanet-catalog/kepler-384-c/
4721,Kepler-383 b,470,2.3 Earths,15.473,2014,https://science.nasa.gov/exoplanet-catalog/kepler-383-b/
4722,Kepler-382 c,935.446,3.15 Earths,14.907,2014,https://science.nasa.gov/exoplanet-catalog/kepler-382-c/
4723,Kepler-381 c,267.323,1.46 Earths,10.47,2014,https://science.nasa.gov/exoplanet-catalog/kepler-381-c/
4724,Kepler-237 b,657.822,2.57 Earths,15.689,2014,https://science.nasa.gov/exoplanet-catalog/kepler-237-b/
4725,Kepler-236 b,288.763,3.09 Earths,16.014,2014,https://science.nasa.gov/exoplanet-catalog/kepler-236-b/
4726,Kepler-235 e,428.018,5.56 Earths,16.567,2014,https://science.nasa.gov/exoplanet-catalog/kepler-235-e/
4727,Kepler-235 d,428.018,4.86 Earths,16.567,2014,https://science.nasa.gov/exoplanet-catalog/kepler-235-d/
4728,Kepler-235 b,428.018,5.6 Earths,16.567,2014,https://science.nasa.gov/exoplanet-catalog/kepler-235-b/
4729,Kepler-234 c,1733.1,12.1 Earths,15.747,2014,https://science.nasa.gov/exoplanet-catalog/kepler-234-c/
4730,Kepler-234 b,1733.1,13.2 Earths,15.747,2014,https://science.nasa.gov/exoplanet-catalog/kepler-234-b/
4731,Kepler-233 b,856.417,6.48 Earths,15.477,2014,https://science.nasa.gov/exoplanet-catalog/kepler-233-b/
4732,Kepler-232 c,1349.13,14 Earths,15.565,2014,https://science.nasa.gov/exoplanet-catalog/kepler-232-c/
4733,Kepler-232 b,1349.13,9.69 Earths,15.565,2014,https://science.nasa.gov/exoplanet-catalog/kepler-232-b/
4734,Kepler-231 c,316.618,24.1 Earths,15.813,2014,https://science.nasa.gov/exoplanet-catalog/kepler-231-c/
4735,Kepler-230 c,740.754,4.82 Earths,15.264,2014,https://science.nasa.gov/exoplanet-catalog/kepler-230-c/
4736,Kepler-230 b,740.754,16.8 Earths,15.264,2014,https://science.nasa.gov/exoplanet-catalog/kepler-230-b/
4737,Kepler-229 d,826.265,14.2 Earths,16.22,2014,https://science.nasa.gov/exoplanet-catalog/kepler-229-d/
4738,Kepler-229 b,826.265,5.48 Earths,16.22,2014,https://science.nasa.gov/exoplanet-catalog/kepler-229-b/
4739,Kepler-228 d,1644.61,15.4 Earths,15.902,2014,https://science.nasa.gov/exoplanet-catalog/kepler-228-d/
4740,Kepler-228 c,1644.61,7.75 Earths,15.902,2014,https://science.nasa.gov/exoplanet-catalog/kepler-228-c/
4741,Kepler-227 c,1083.06,9.48 Earths,15.623,2014,https://science.nasa.gov/exoplanet-catalog/kepler-227-c/
4742,Kepler-227 b,1083.06,9.85 Earths,15.623,2014,https://science.nasa.gov/exoplanet-catalog/kepler-227-b/
4743,K2-9 b,82.9631,5.69 Earths,15.86,2015,https://science.nasa.gov/exoplanet-catalog/k2-9-b/
4744,K2-8 b,403.513,12.5 Earths,14.801,2015,https://science.nasa.gov/exoplanet-catalog/k2-8-b/
4745,K2-7 b,738.553,15.3 Earths,13.453,2015,https://science.nasa.gov/exoplanet-catalog/k2-7-b/
4746,K2-5 c,202.943,5.73 Earths,14.974,2015,https://science.nasa.gov/exoplanet-catalog/k2-5-c/
4747,K2-5 b,202.943,4.31 Earths,14.974,2015,https://science.nasa.gov/exoplanet-catalog/k2-5-b/
4748,K2-4 b,231.828,5.06 Earths,14.855,2015,https://science.nasa.gov/exoplanet-catalog/k2-4-b/
4749,K2-19 b,289.827,30.8 Earths,13.024,2015,https://science.nasa.gov/exoplanet-catalog/k2-19-b/
4750,WASP-133 b,559.084,1.16 Jupiters,12.891,2016,https://science.nasa.gov/exoplanet-catalog/wasp-133-b/
4751,WASP-129 b,301.462,1 Jupiter,12.179,2016,https://science.nasa.gov/exoplanet-catalog/wasp-129-b/
4752,WASP-124 b,448.637,0.6 Jupiters,12.724,2016,https://science.nasa.gov/exoplanet-catalog/wasp-124-b/
4753,WASP-119 b,302.448,1.23 Jupiters,12.314,2016,https://science.nasa.gov/exoplanet-catalog/wasp-119-b/
4754,Kepler-630 b,839.784,10.2 Earths,14.001,2016,https://science.nasa.gov/exoplanet-catalog/kepler-630-b/
4755,Kepler-629 b,372.05,2.48 Earths,13.481,2016,https://science.nasa.gov/exoplanet-catalog/kepler-629-b/
4756,Kepler-627 b,984.307,13.4 Earths,14.181,2016,https://science.nasa.gov/exoplanet-catalog/kepler-627-b/
4757,Kepler-626 b,635.643,5.86 Earths,14.086,2016,https://science.nasa.gov/exoplanet-catalog/kepler-626-b/
4758,Kepler-625 c,760.708,1.16 Earths,13.395,2016,https://science.nasa.gov/exoplanet-catalog/kepler-625-c/
4759,Kepler-625 b,760.708,4.62 Earths,13.395,2016,https://science.nasa.gov/exoplanet-catalog/kepler-625-b/
4760,Kepler-624 b,748.188,5.95 Earths,13.637,2016,https://science.nasa.gov/exoplanet-catalog/kepler-624-b/
4761,Kepler-381 b,267.323,0.937 Earths,10.47,2014,https://science.nasa.gov/exoplanet-catalog/kepler-381-b/
4762,Kepler-380 c,813.713,2.15 Earths,13.74,2014,https://science.nasa.gov/exoplanet-catalog/kepler-380-c/
4763,Kepler-379 c,731.274,5.86 Earths,13.475,2014,https://science.nasa.gov/exoplanet-catalog/kepler-379-c/
4764,Kepler-379 b,731.274,3.39 Earths,13.475,2014,https://science.nasa.gov/exoplanet-catalog/kepler-379-b/
4765,Kepler-378 c,152.094,0.271 Earths,12.619,2014,https://science.nasa.gov/exoplanet-catalog/kepler-378-c/
4766,Kepler-378 b,152.094,0.347 Earths,12.619,2014,https://science.nasa.gov/exoplanet-catalog/kepler-378-b/
4767,Kepler-377 b,823.804,2.51 Earths,14.081,2014,https://science.nasa.gov/exoplanet-catalog/kepler-377-b/
4768,Kepler-376 c,923.067,3.86 Earths,13.86,2014,https://science.nasa.gov/exoplanet-catalog/kepler-376-c/
4769,Kepler-376 b,923.067,1.24 Earths,13.86,2014,https://science.nasa.gov/exoplanet-catalog/kepler-376-b/
4770,Kepler-364 c,891.462,5.27 Earths,13.754,2014,https://science.nasa.gov/exoplanet-catalog/kepler-364-c/
4771,Kepler-362 c,1090.51,2.7 Earths,14.608,2014,https://science.nasa.gov/exoplanet-catalog/kepler-362-c/
4772,Kepler-360 c,876.044,5.06 Earths,15.011,2014,https://science.nasa.gov/exoplanet-catalog/kepler-360-c/
4773,Kepler-359 b,1443.21,12.2 Earths,15.805,2014,https://science.nasa.gov/exoplanet-catalog/kepler-359-b/
4774,Kepler-357 c,688.573,7.61 Earths,15.735,2014,https://science.nasa.gov/exoplanet-catalog/kepler-357-c/
4775,Kepler-355 b,1432.17,2.73 Earths,15.242,2014,https://science.nasa.gov/exoplanet-catalog/kepler-355-b/
4776,Kepler-353 c,384.694,2.48 Earths,16.126,2014,https://science.nasa.gov/exoplanet-catalog/kepler-353-c/
4777,Kepler-351 c,1083.91,11.1 Earths,16.229,2014,https://science.nasa.gov/exoplanet-catalog/kepler-351-c/
4778,Kepler-349 c,940.724,4.5 Earths,14.915,2014,https://science.nasa.gov/exoplanet-catalog/kepler-349-c/
4779,Kepler-347 c,1298.88,3.71 Earths,14.567,2014,https://science.nasa.gov/exoplanet-catalog/kepler-347-c/
4780,Kepler-345 c,260,2.2 Earths,14.344,2014,https://science.nasa.gov/exoplanet-catalog/kepler-345-c/
4781,Kepler-343 c,927.193,4.74 Earths,14.063,2014,https://science.nasa.gov/exoplanet-catalog/kepler-343-c/
4782,Kepler-341 e,1047.03,4.62 Earths,14.739,2014,https://science.nasa.gov/exoplanet-catalog/kepler-341-e/
4783,Kepler-336 b,768.86,1.04 Earths,13.677,2014,https://science.nasa.gov/exoplanet-catalog/kepler-336-b/
4784,Kepler-334 c,426.59,2.63 Earths,12.834,2014,https://science.nasa.gov/exoplanet-catalog/kepler-334-c/
4785,Kepler-332 d,344.19,1.76 Earths,14.243,2014,https://science.nasa.gov/exoplanet-catalog/kepler-332-d/
4786,Kepler-331 b,580.119,3.97 Earths,16.199,2014,https://science.nasa.gov/exoplanet-catalog/kepler-331-b/
4787,Kepler-32 e,323.847,4.08181 Earths,16.36,2012,https://science.nasa.gov/exoplanet-catalog/kepler-32-e/
4788,Kepler-329 b,439.719,2.54 Earths,15.886,2014,https://science.nasa.gov/exoplanet-catalog/kepler-329-b/
4789,Kepler-327 c,241.987,20.3 Earths,15.611,2014,https://science.nasa.gov/exoplanet-catalog/kepler-327-c/
4790,Kepler-325 d,823.242,8.2 Earths,15.175,2014,https://science.nasa.gov/exoplanet-catalog/kepler-325-d/
4791,Kepler-324 b,501.574,7.59655193 Jupiters,14.222,2014,https://science.nasa.gov/exoplanet-catalog/kepler-324-b/
4792,Kepler-322 b,400.48,1.01 Earths,13.687,2014,https://science.nasa.gov/exoplanet-catalog/kepler-322-b/
4793,Kepler-320 b,826.613,1.55 Earths,13.494,2014,https://science.nasa.gov/exoplanet-catalog/kepler-320-b/
4794,Kepler-318 b,489.141,19.9 Earths,13.442,2014,https://science.nasa.gov/exoplanet-catalog/kepler-318-b/
4795,Kepler-198 d,495.358,2.96 Earths,13.684,2016,https://science.nasa.gov/exoplanet-catalog/kepler-198-d/
4796,K2-32 d,157.682,6.7 Earths,12.304,2016,https://science.nasa.gov/exoplanet-catalog/k2-32-d/
4797,K2-32 c,157.682,8.1 Earths,12.304,2016,https://science.nasa.gov/exoplanet-catalog/k2-32-c/
4798,K2-32 b,157.682,15 Earths,12.304,2016,https://science.nasa.gov/exoplanet-catalog/k2-32-b/
4799,K2-31 b,110.527,1.774 Jupiters,10.802,2016,https://science.nasa.gov/exoplanet-catalog/k2-31-b/
4800,K2-28 b,62.9969,5.99 Earths,16.526,2016,https://science.nasa.gov/exoplanet-catalog/k2-28-b/
4801,K2-19 d,289.827,6.2 Earths,13.024,2016,https://science.nasa.gov/exoplanet-catalog/k2-19-d/
4802,Kepler-375 c,1238.81,7.51 Earths,15.643,2014,https://science.nasa.gov/exoplanet-catalog/kepler-375-c/
4803,Kepler-375 b,1238.81,2.7 Earths,15.643,2014,https://science.nasa.gov/exoplanet-catalog/kepler-375-b/
4804,Kepler-374 d,1265.61,2.27 Earths,14.701,2014,https://science.nasa.gov/exoplanet-catalog/kepler-374-d/
4805,Kepler-374 c,1265.61,1.37 Earths,14.701,2014,https://science.nasa.gov/exoplanet-catalog/kepler-374-c/
4806,Kepler-374 b,1265.61,1.08 Earths,14.701,2014,https://science.nasa.gov/exoplanet-catalog/kepler-374-b/
4807,Kepler-373 c,1090.45,2.07 Earths,14.596,2014,https://science.nasa.gov/exoplanet-catalog/kepler-373-c/
4808,Kepler-373 b,1090.45,2.42 Earths,14.596,2014,https://science.nasa.gov/exoplanet-catalog/kepler-373-b/
4809,Kepler-372 d,1493.95,3.5 Earths,14.928,2014,https://science.nasa.gov/exoplanet-catalog/kepler-372-d/
4810,Kepler-372 c,1493.95,5.02 Earths,14.928,2014,https://science.nasa.gov/exoplanet-catalog/kepler-372-c/
4811,Kepler-372 b,1493.95,2.42 Earths,14.928,2014,https://science.nasa.gov/exoplanet-catalog/kepler-372-b/
4812,Kepler-371 c,813.192,3.82 Earths,13.997,2014,https://science.nasa.gov/exoplanet-catalog/kepler-371-c/
4813,Kepler-370 c,1167.94,4.31 Earths,15.467,2014,https://science.nasa.gov/exoplanet-catalog/kepler-370-c/
4814,Kepler-370 b,1167.94,3.15 Earths,15.467,2014,https://science.nasa.gov/exoplanet-catalog/kepler-370-b/
4815,Kepler-369 c,214,2.57 Earths,16.429,2014,https://science.nasa.gov/exoplanet-catalog/kepler-369-c/
4816,Kepler-369 b,214,1.51 Earths,16.429,2014,https://science.nasa.gov/exoplanet-catalog/kepler-369-b/
4817,Kepler-368 b,770.978,10.7 Earths,12.946,2014,https://science.nasa.gov/exoplanet-catalog/kepler-368-b/
4818,Kepler-367 c,188.027,1.87 Earths,13.193,2014,https://science.nasa.gov/exoplanet-catalog/kepler-367-c/
4819,Kepler-367 b,188.027,2.24 Earths,13.193,2014,https://science.nasa.gov/exoplanet-catalog/kepler-367-b/
4820,,1856.28,2.73 Earths,14.952,2014,https://science.nasa.gov/exoplanet-catalog/kepler-366-b/
4821,Kepler-365 c,1038.99,3.33 Earths,14.771,2014,https://science.nasa.gov/exoplanet-catalog/kepler-365-c/
4822,Kepler-365 b,1038.99,4.82 Earths,14.771,2014,https://science.nasa.gov/exoplanet-catalog/kepler-365-b/
4823,Kepler-226 d,980.138,1.98 Earths,15.563,2014,https://science.nasa.gov/exoplanet-catalog/kepler-226-d/
4824,Kepler-226 b,980.138,24 Earths,15.563,2014,https://science.nasa.gov/exoplanet-catalog/kepler-226-b/
4825,Kepler-225 c,561.101,4.04 Earths,16.294,2014,https://science.nasa.gov/exoplanet-catalog/kepler-225-c/
4826,Kepler-225 b,561.101,1.87 Earths,16.294,2014,https://science.nasa.gov/exoplanet-catalog/kepler-225-b/
4827,Kepler-224 e,782.088,4.54 Earths,15.801,2014,https://science.nasa.gov/exoplanet-catalog/kepler-224-e/
4828,Kepler-224 c,782.088,9.91 Earths,15.801,2014,https://science.nasa.gov/exoplanet-catalog/kepler-224-c/
4829,Kepler-224 b,782.088,2.51 Earths,15.801,2014,https://science.nasa.gov/exoplanet-catalog/kepler-224-b/
4830,Kepler-223 e,1859.71,4.8 Earths,15.69,2014,https://science.nasa.gov/exoplanet-catalog/kepler-223-e/
4831,Kepler-223 c,1859.71,5.1 Earths,15.69,2014,https://science.nasa.gov/exoplanet-catalog/kepler-223-c/
4832,Kepler-223 b,1859.71,7.4 Earths,15.69,2014,https://science.nasa.gov/exoplanet-catalog/kepler-223-b/
4833,Kepler-222 d,758.854,13.2 Earths,15.407,2014,https://science.nasa.gov/exoplanet-catalog/kepler-222-d/
4834,Kepler-222 b,758.854,10.1 Earths,15.407,2014,https://science.nasa.gov/exoplanet-catalog/kepler-222-b/
4835,Kepler-221 e,385.231,7.86706 Earths,13.97,2014,https://science.nasa.gov/exoplanet-catalog/kepler-221-e/
4836,Kepler-221 d,385.231,3.61 Earths,13.97,2014,https://science.nasa.gov/exoplanet-catalog/kepler-221-d/
4837,Kepler-221 c,385.231,9.3 Earths,13.97,2014,https://science.nasa.gov/exoplanet-catalog/kepler-221-c/
4838,Kepler-220 e,171.109,2.33 Earths,13.049,2014,https://science.nasa.gov/exoplanet-catalog/kepler-220-e/
4839,Kepler-220 d,171.109,0.904 Earths,13.049,2014,https://science.nasa.gov/exoplanet-catalog/kepler-220-d/
4840,Kepler-220 c,171.109,3.09 Earths,13.049,2014,https://science.nasa.gov/exoplanet-catalog/kepler-220-c/
4841,Kepler-220 b,171.109,0.457 Earths,13.049,2014,https://science.nasa.gov/exoplanet-catalog/kepler-220-b/
4842,Kepler-219 d,787.07,19.1 Earths,13.823,2014,https://science.nasa.gov/exoplanet-catalog/kepler-219-d/
4843,Kepler-219 c,787.07,12.5 Earths,13.823,2014,https://science.nasa.gov/exoplanet-catalog/kepler-219-c/
4844,Kepler-219 b,787.07,9.01 Earths,13.823,2014,https://science.nasa.gov/exoplanet-catalog/kepler-219-b/
4845,Kepler-218 c,656.38,10 Earths,14.035,2014,https://science.nasa.gov/exoplanet-catalog/kepler-218-c/
4846,Kepler-218 b,656.38,2.79 Earths,14.035,2014,https://science.nasa.gov/exoplanet-catalog/kepler-218-b/
4847,Kepler-217 c,1104.64,4.08 Earths,13.155,2014,https://science.nasa.gov/exoplanet-catalog/kepler-217-c/
4848,Kepler-217 b,1104.64,5.6 Earths,13.155,2014,https://science.nasa.gov/exoplanet-catalog/kepler-217-b/
4849,Kepler-299 d,1052.24,4.12 Earths,15.232,2014,https://science.nasa.gov/exoplanet-catalog/kepler-299-d/
4850,Kepler-296 e,167,2.96 Earths,16.363,2014,https://science.nasa.gov/exoplanet-catalog/kepler-296-e/
4851,Kepler-295 d,1699.19,2.42 Earths,14.631,2014,https://science.nasa.gov/exoplanet-catalog/kepler-295-d/
4852,Kepler-293 c,974.633,14 Earths,15.452,2014,https://science.nasa.gov/exoplanet-catalog/kepler-293-c/
4853,Kepler-292 d,1056.48,5.6 Earths,16.303,2014,https://science.nasa.gov/exoplanet-catalog/kepler-292-d/
4854,Kepler-622 b,284.761,5.18 Earths,15.052,2016,https://science.nasa.gov/exoplanet-catalog/kepler-622-b/
4855,Kepler-620 b,1355.28,11 Earths,14.844,2016,https://science.nasa.gov/exoplanet-catalog/kepler-620-b/
4856,Kepler-619 c,900.678,3.5 Earths,14.84,2016,https://science.nasa.gov/exoplanet-catalog/kepler-619-c/
4857,Kepler-619 b,900.678,10.1 Earths,14.84,2016,https://science.nasa.gov/exoplanet-catalog/kepler-619-b/
4858,Kepler-618 b,1221.96,7.27 Earths,15.087,2016,https://science.nasa.gov/exoplanet-catalog/kepler-618-b/
4859,Kepler-616 c,945.775,11.5 Earths,15.021,2016,https://science.nasa.gov/exoplanet-catalog/kepler-616-c/
4860,Kepler-616 b,945.775,6.48 Earths,15.021,2016,https://science.nasa.gov/exoplanet-catalog/kepler-616-b/
4861,Kepler-615 b,330,3.68 Earths,14.623,2016,https://science.nasa.gov/exoplanet-catalog/kepler-615-b/
4862,Kepler-614 b,527.995,6.3 Earths,14.81,2016,https://science.nasa.gov/exoplanet-catalog/kepler-614-b/
4863,Kepler-612 b,1445.53,8.45 Earths,15.191,2016,https://science.nasa.gov/exoplanet-catalog/kepler-612-b/
4864,Kepler-611 b,1395.56,3.36 Earths,14.734,2016,https://science.nasa.gov/exoplanet-catalog/kepler-611-b/
4865,Kepler-610 c,845.824,10.9 Earths,14.816,2016,https://science.nasa.gov/exoplanet-catalog/kepler-610-c/
4866,Kepler-610 b,845.824,16.3 Earths,14.816,2016,https://science.nasa.gov/exoplanet-catalog/kepler-610-b/
4867,Kepler-608 b,946.683,12.9 Earths,14.84,2016,https://science.nasa.gov/exoplanet-catalog/kepler-608-b/
4868,Kepler-607 b,519.122,0.59 Earths,14.672,2016,https://science.nasa.gov/exoplanet-catalog/kepler-607-b/
4869,Kepler-606 b,1215.11,11 Earths,14.895,2016,https://science.nasa.gov/exoplanet-catalog/kepler-606-b/
4870,Kepler-364 b,891.462,3.02 Earths,13.754,2014,https://science.nasa.gov/exoplanet-catalog/kepler-364-b/
4871,Kepler-363 d,762.596,4.86 Earths,13.472,2014,https://science.nasa.gov/exoplanet-catalog/kepler-363-d/
4872,Kepler-363 c,762.596,0.209 Jupiters,13.472,2014,https://science.nasa.gov/exoplanet-catalog/kepler-363-c/
4873,Kepler-363 b,762.596,1.65 Earths,13.472,2014,https://science.nasa.gov/exoplanet-catalog/kepler-363-b/
4874,Kepler-362 b,1090.51,0.615 Earths,14.608,2014,https://science.nasa.gov/exoplanet-catalog/kepler-362-b/
4875,Kepler-31 d,1664.64,6.8 Jupiters,15.496,2014,https://science.nasa.gov/exoplanet-catalog/kepler-31-d/
4876,Kepler-316 b,384.938,1.2 Earths,15.81,2014,https://science.nasa.gov/exoplanet-catalog/kepler-316-b/
4877,Kepler-314 b,268.881,0.498 Earths,12.64,2014,https://science.nasa.gov/exoplanet-catalog/kepler-314-b/
4878,Kepler-312 b,797.72,2.21 Earths,13.01,2014,https://science.nasa.gov/exoplanet-catalog/kepler-312-b/
4879,Kepler-310 b,602.268,1.81 Earths,14.376,2014,https://science.nasa.gov/exoplanet-catalog/kepler-310-b/
4880,Kepler-30 b,914.221,11.3 Earths,15.726,2012,https://science.nasa.gov/exoplanet-catalog/kepler-30-b/
4881,Kepler-308 b,1335.92,5.14 Earths,16.019,2014,https://science.nasa.gov/exoplanet-catalog/kepler-308-b/
4882,Kepler-306 d,775.679,6.66 Earths,15.575,2014,https://science.nasa.gov/exoplanet-catalog/kepler-306-d/
4883,Kepler-301 b,719.166,2.39 Earths,14.458,2014,https://science.nasa.gov/exoplanet-catalog/kepler-301-b/
4884,Kepler-298 b,518.204,4.5 Earths,15.617,2014,https://science.nasa.gov/exoplanet-catalog/kepler-298-b/
4885,Kepler-291 b,1786.48,5.31 Earths,16.218,2014,https://science.nasa.gov/exoplanet-catalog/kepler-291-b/
4886,Kepler-28 b,438.359,1.63 Earths,15.13,2011,https://science.nasa.gov/exoplanet-catalog/kepler-28-b/
4887,Kepler-289 c,704.438,0.49 Jupiters,14.142,2014,https://science.nasa.gov/exoplanet-catalog/kepler-289-c/
4888,Kepler-287 c,835.86,0.20765922 Jupiters,14.952,2014,https://science.nasa.gov/exoplanet-catalog/kepler-287-c/
4889,Kepler-286 c,1226.85,2.45 Earths,15.863,2014,https://science.nasa.gov/exoplanet-catalog/kepler-286-c/
4890,Kepler-284 c,1031.95,7.32 Earths,15.944,2014,https://science.nasa.gov/exoplanet-catalog/kepler-284-c/
4891,Kepler-282 e,1337.61,0.177 Jupiters,15.444,2013,https://science.nasa.gov/exoplanet-catalog/kepler-282-e/
4892,Kepler-281 c,1745.45,0.5069528 Jupiters,15.931,2014,https://science.nasa.gov/exoplanet-catalog/kepler-281-c/
4893,Kepler-279 d,1037.4,37.5 Earths,13.647,2013,https://science.nasa.gov/exoplanet-catalog/kepler-279-d/
4894,Kepler-278 b,443.03,0.1761957 Jupiters,11.811,2014,https://science.nasa.gov/exoplanet-catalog/kepler-278-b/
4895,Kepler-192 d,651.674,1.04 Earths,14.308,2016,https://science.nasa.gov/exoplanet-catalog/kepler-192-d/
4896,Kepler-191 d,594.464,5.82 Earths,14.987,2016,https://science.nasa.gov/exoplanet-catalog/kepler-191-d/
4897,Kepler-605 c,556.58,0.566 Earths,14.376,2016,https://science.nasa.gov/exoplanet-catalog/kepler-605-c/
4898,Kepler-605 b,556.58,2.67 Earths,14.376,2016,https://science.nasa.gov/exoplanet-catalog/kepler-605-b/
4899,Kepler-604 b,1026.49,7.22 Earths,14.791,2016,https://science.nasa.gov/exoplanet-catalog/kepler-604-b/
4900,Kepler-603 d,1539.63,2.3 Earths,14.969,2016,https://science.nasa.gov/exoplanet-catalog/kepler-603-d/
4901,Kepler-603 c,1539.63,34.5 Earths,14.969,2016,https://science.nasa.gov/exoplanet-catalog/kepler-603-c/
4902,Kepler-603 b,1539.63,7.51 Earths,14.969,2016,https://science.nasa.gov/exoplanet-catalog/kepler-603-b/
4903,Kepler-361 c,930.32,6.9 Earths,13.635,2014,https://science.nasa.gov/exoplanet-catalog/kepler-361-c/
4904,Kepler-361 b,930.32,2.7 Earths,13.635,2014,https://science.nasa.gov/exoplanet-catalog/kepler-361-b/
4905,Kepler-360 b,876.044,3.36 Earths,15.011,2014,https://science.nasa.gov/exoplanet-catalog/kepler-360-b/
4906,Kepler-359 d,1443.21,2.7 Earths,15.805,2014,https://science.nasa.gov/exoplanet-catalog/kepler-359-d/
4907,Kepler-359 c,1443.21,2.9 Earths,15.805,2014,https://science.nasa.gov/exoplanet-catalog/kepler-359-c/
4908,Kepler-358 c,1101.1,8.5 Earths,15.516,2014,https://science.nasa.gov/exoplanet-catalog/kepler-358-c/
4909,Kepler-358 b,1101.1,7.85 Earths,15.516,2014,https://science.nasa.gov/exoplanet-catalog/kepler-358-b/
4910,Kepler-357 d,688.573,11.6 Earths,15.735,2014,https://science.nasa.gov/exoplanet-catalog/kepler-357-d/
4911,Kepler-357 b,688.573,4.04 Earths,15.735,2014,https://science.nasa.gov/exoplanet-catalog/kepler-357-b/
4912,Kepler-356 c,707.559,3.93 Earths,13.058,2014,https://science.nasa.gov/exoplanet-catalog/kepler-356-c/
4913,Kepler-356 b,707.559,3.09 Earths,13.058,2014,https://science.nasa.gov/exoplanet-catalog/kepler-356-b/
4914,Kepler-355 c,1432.17,7.8 Earths,15.242,2014,https://science.nasa.gov/exoplanet-catalog/kepler-355-c/
4915,Kepler-354 d,554.064,2.07 Earths,15.771,2014,https://science.nasa.gov/exoplanet-catalog/kepler-354-d/
4916,Kepler-354 c,554.064,2.27 Earths,15.771,2014,https://science.nasa.gov/exoplanet-catalog/kepler-354-c/
4917,Kepler-354 b,554.064,4.04 Earths,15.771,2014,https://science.nasa.gov/exoplanet-catalog/kepler-354-b/
4918,Kepler-353 b,384.694,0.64 Earths,16.126,2014,https://science.nasa.gov/exoplanet-catalog/kepler-353-b/
4919,Kepler-352 c,252.733,2.07 Earths,13.142,2014,https://science.nasa.gov/exoplanet-catalog/kepler-352-c/
4920,Kepler-352 b,252.733,0.566 Earths,13.142,2014,https://science.nasa.gov/exoplanet-catalog/kepler-352-b/
4921,Kepler-351 b,1083.91,4.8 Earths,16.229,2014,https://science.nasa.gov/exoplanet-catalog/kepler-351-b/
4922,Kepler-350 d,956.859,14.9 Earths,13.965,2013,https://science.nasa.gov/exoplanet-catalog/kepler-350-d/
4923,Kepler-350 c,956.859,6.1 Earths,13.965,2013,https://science.nasa.gov/exoplanet-catalog/kepler-350-c/
4924,Kepler-216 c,1187.47,9.48 Earths,14.054,2014,https://science.nasa.gov/exoplanet-catalog/kepler-216-c/
4925,Kepler-216 b,1187.47,6.12 Earths,14.054,2014,https://science.nasa.gov/exoplanet-catalog/kepler-216-b/
4926,Kepler-215 e,485.997,3.71 Earths,13.678,2014,https://science.nasa.gov/exoplanet-catalog/kepler-215-e/
4927,Kepler-215 d,485.997,23.6 Earths,13.678,2014,https://science.nasa.gov/exoplanet-catalog/kepler-215-d/
4928,Kepler-215 c,485.997,3.78 Earths,13.678,2014,https://science.nasa.gov/exoplanet-catalog/kepler-215-c/
4929,Kepler-215 b,485.997,3.26 Earths,13.678,2014,https://science.nasa.gov/exoplanet-catalog/kepler-215-b/
4930,Kepler-214 c,1208.44,5.18 Earths,14.057,2014,https://science.nasa.gov/exoplanet-catalog/kepler-214-c/
4931,Kepler-214 b,1208.44,7.32 Earths,14.057,2014,https://science.nasa.gov/exoplanet-catalog/kepler-214-b/
4932,Kepler-1110 b,726.828,7.56 Earths,16.274,2016,https://science.nasa.gov/exoplanet-catalog/kepler-1110-b/
4933,Kepler-1109 b,685.087,5.43 Earths,14.405,2016,https://science.nasa.gov/exoplanet-catalog/kepler-1109-b/
4934,Kepler-1108 b,767.701,2.73 Earths,15.132,2016,https://science.nasa.gov/exoplanet-catalog/kepler-1108-b/
4935,Kepler-1107 b,428.798,2.36 Earths,14.315,2016,https://science.nasa.gov/exoplanet-catalog/kepler-1107-b/
4936,Kepler-1106 b,1090.7,3.36 Earths,14.863,2016,https://science.nasa.gov/exoplanet-catalog/kepler-1106-b/
4937,Kepler-1105 b,318.004,4.7 Earths,15.315,2016,https://science.nasa.gov/exoplanet-catalog/kepler-1105-b/
4938,Kepler-1104 b,530.658,2.04 Earths,12.125,2016,https://science.nasa.gov/exoplanet-catalog/kepler-1104-b/
4939,Kepler-1103 b,1331.92,5.77 Earths,14.294,2016,https://science.nasa.gov/exoplanet-catalog/kepler-1103-b/
4940,Kepler-1102 b,1246.05,7.56 Earths,14.928,2016,https://science.nasa.gov/exoplanet-catalog/kepler-1102-b/
4941,Kepler-1101 b,742.473,6.66 Earths,15.156,2016,https://science.nasa.gov/exoplanet-catalog/kepler-1101-b/
4942,Kepler-1100 b,693.618,3.71 Earths,13.952,2016,https://science.nasa.gov/exoplanet-catalog/kepler-1100-b/
4943,Kepler-1098 b,1049.19,2.24 Earths,14.886,2016,https://science.nasa.gov/exoplanet-catalog/kepler-1098-b/
4944,Kepler-1097 b,719.802,10.7 Earths,15.652,2016,https://science.nasa.gov/exoplanet-catalog/kepler-1097-b/
4945,Kepler-1096 b,377.976,2.07 Earths,15.438,2016,https://science.nasa.gov/exoplanet-catalog/kepler-1096-b/
4946,Kepler-1094 b,1291.01,10.2 Earths,15.318,2016,https://science.nasa.gov/exoplanet-catalog/kepler-1094-b/
4947,Kepler-1093 c,1072.88,4.5 Earths,13.781,2016,https://science.nasa.gov/exoplanet-catalog/kepler-1093-c/
4948,Kepler-1093 b,1072.88,4.46 Earths,13.781,2016,https://science.nasa.gov/exoplanet-catalog/kepler-1093-b/
4949,Kepler-1092 b,981.233,4.94 Earths,14.659,2016,https://science.nasa.gov/exoplanet-catalog/kepler-1092-b/
4950,Kepler-1090 b,858.77,5.69 Earths,15.31,2016,https://science.nasa.gov/exoplanet-catalog/kepler-1090-b/
4951,Kepler-403 d,840.269,2.6 Earths,12.818,2016,https://science.nasa.gov/exoplanet-catalog/kepler-403-d/
4952,Kepler-401 d,965.56,5.77 Earths,13.366,2016,https://science.nasa.gov/exoplanet-catalog/kepler-401-d/
4953,Kepler-398 d,177.355,0.615 Earths,13.499,2016,https://science.nasa.gov/exoplanet-catalog/kepler-398-d/
4954,Kepler-350 b,956.859,16.9 Earths,13.965,2014,https://science.nasa.gov/exoplanet-catalog/kepler-350-b/
4955,Kepler-349 b,940.724,0.297 Jupiters,14.915,2014,https://science.nasa.gov/exoplanet-catalog/kepler-349-b/
4956,Kepler-348 c,570.783,2.33 Earths,12.676,2014,https://science.nasa.gov/exoplanet-catalog/kepler-348-c/
4957,Kepler-348 b,570.783,2.92 Earths,12.676,2014,https://science.nasa.gov/exoplanet-catalog/kepler-348-b/
4958,Kepler-276 d,1144.86,16.3 Earths,15.481,2013,https://science.nasa.gov/exoplanet-catalog/kepler-276-d/
4959,Kepler-26 d,335.307,1.24 Earths,15.853,2014,https://science.nasa.gov/exoplanet-catalog/kepler-26-d/
4960,Kepler-269 c,2257.32,3.5 Earths,15.646,2014,https://science.nasa.gov/exoplanet-catalog/kepler-269-c/
4961,Kepler-267 c,264.993,5.18 Earths,16.69,2014,https://science.nasa.gov/exoplanet-catalog/kepler-267-c/
4962,Kepler-265 e,1280.25,7.22 Earths,15.47,2014,https://science.nasa.gov/exoplanet-catalog/kepler-265-e/
4963,Kepler-264 c,942.173,8.4 Earths,13.15,2014,https://science.nasa.gov/exoplanet-catalog/kepler-264-c/
4964,Kepler-262 b,613.129,2.42 Earths,14.478,2014,https://science.nasa.gov/exoplanet-catalog/kepler-262-b/
4965,Kepler-260 b,627.365,4.7 Earths,14.253,2014,https://science.nasa.gov/exoplanet-catalog/kepler-260-b/
4966,Kepler-25 d,243.249,0.226 Jupiters,10.769,2014,https://science.nasa.gov/exoplanet-catalog/kepler-25-d/
4967,Kepler-258 b,575.988,15.5 Earths,15.49,2014,https://science.nasa.gov/exoplanet-catalog/kepler-258-b/
4968,Kepler-256 e,1026.43,6.12 Earths,15.178,2014,https://science.nasa.gov/exoplanet-catalog/kepler-256-e/
4969,Kepler-255 b,1052.53,3.02 Earths,15.699,2014,https://science.nasa.gov/exoplanet-catalog/kepler-255-b/
4970,Kepler-253 d,838.595,10.2 Earths,15.778,2014,https://science.nasa.gov/exoplanet-catalog/kepler-253-d/
4971,Kepler-252 b,379.424,2.04 Earths,15.406,2014,https://science.nasa.gov/exoplanet-catalog/kepler-252-b/
4972,Kepler-250 d,760.585,5.39 Earths,15.819,2014,https://science.nasa.gov/exoplanet-catalog/kepler-250-d/
4973,Kepler-249 c,190.401,2.89 Earths,16.37,2014,https://science.nasa.gov/exoplanet-catalog/kepler-249-c/
4974,Kepler-247 d,663.711,0.15731759 Jupiters,15.199,2014,https://science.nasa.gov/exoplanet-catalog/kepler-247-d/
4975,Kepler-246 b,626.078,6.08 Earths,15.197,2014,https://science.nasa.gov/exoplanet-catalog/kepler-246-b/
4976,Kepler-244 c,1036.49,4.86 Earths,15.747,2014,https://science.nasa.gov/exoplanet-catalog/kepler-244-c/
4977,Kepler-242 c,600.241,4.66 Earths,15.489,2014,https://science.nasa.gov/exoplanet-catalog/kepler-242-c/
4978,Kepler-212 c,687.194,7.95 Earths,13.129,2014,https://science.nasa.gov/exoplanet-catalog/kepler-212-c/
4979,Kepler-210 c,232.75,12.8 Earths,14.126,2014,https://science.nasa.gov/exoplanet-catalog/kepler-210-c/
4980,Kepler-208 d,775.328,1.87 Earths,13.561,2014,https://science.nasa.gov/exoplanet-catalog/kepler-208-d/
4981,Kepler-207 c,875.519,2.86 Earths,13.164,2014,https://science.nasa.gov/exoplanet-catalog/kepler-207-c/
4982,Kepler-206 b,594.447,1.87 Earths,13.507,2014,https://science.nasa.gov/exoplanet-catalog/kepler-206-b/
4983,Kepler-1340 b,981.779,3.02 Earths,15.003,2016,https://science.nasa.gov/exoplanet-catalog/kepler-1340-b/
4984,Kepler-1339 b,371.049,0.285 Earths,12.344,2016,https://science.nasa.gov/exoplanet-catalog/kepler-1339-b/
4985,Kepler-1337 b,601.629,6.39 Earths,16.21,2016,https://science.nasa.gov/exoplanet-catalog/kepler-1337-b/
4986,Kepler-1336 c,1126.64,3.57 Earths,14.264,2016,https://science.nasa.gov/exoplanet-catalog/kepler-1336-c/
4987,Kepler-1336 b,1126.64,4.58 Earths,14.264,2016,https://science.nasa.gov/exoplanet-catalog/kepler-1336-b/
4988,Kepler-1334 b,1223.04,5.86 Earths,15.461,2016,https://science.nasa.gov/exoplanet-catalog/kepler-1334-b/
4989,Kepler-1333 b,932.446,8.3 Earths,15.421,2016,https://science.nasa.gov/exoplanet-catalog/kepler-1333-b/
4990,Kepler-1332 b,528.685,2.45 Earths,13.975,2016,https://science.nasa.gov/exoplanet-catalog/kepler-1332-b/
4991,Kepler-1331 b,319.197,1.16 Earths,15.58,2016,https://science.nasa.gov/exoplanet-catalog/kepler-1331-b/
4992,Kepler-1329 b,588.037,5.35 Earths,15.958,2016,https://science.nasa.gov/exoplanet-catalog/kepler-1329-b/
4993,Kepler-1328 b,813.543,0.904 Earths,13.969,2016,https://science.nasa.gov/exoplanet-catalog/kepler-1328-b/
4994,Kepler-1327 b,678.069,3.89 Earths,13.966,2016,https://science.nasa.gov/exoplanet-catalog/kepler-1327-b/
4995,Kepler-1326 b,698.326,16.3 Earths,12.842,2016,https://science.nasa.gov/exoplanet-catalog/kepler-1326-b/
4996,Kepler-1324 b,481.667,2.89 Earths,15.554,2016,https://science.nasa.gov/exoplanet-catalog/kepler-1324-b/
4997,Kepler-1323 b,465.417,2.92 Earths,12.444,2016,https://science.nasa.gov/exoplanet-catalog/kepler-1323-b/
4998,Kepler-1322 b,1350.32,3.22 Earths,15.876,2016,https://science.nasa.gov/exoplanet-catalog/kepler-1322-b/
4999,Kepler-1321 b,769.146,21.5 Earths,17.5054,2016,https://science.nasa.gov/exoplanet-catalog/kepler-1321-b/
5000,Kepler-1320 b,647.424,3.53 Earths,15.936,2016,https://science.nasa.gov/exoplanet-catalog/kepler-1320-b/
5001,Kepler-1319 b,103.917,2.36 Earths,15.161,2016,https://science.nasa.gov/exoplanet-catalog/kepler-1319-b/
5002,Kepler-1318 b,475.248,9.85 Earths,15.531,2016,https://science.nasa.gov/exoplanet-catalog/kepler-1318-b/
5003,Kepler-1316 b,800.871,12.3 Earths,14.119,2016,https://science.nasa.gov/exoplanet-catalog/kepler-1316-b/
5004,Kepler-1315 b,480.869,2.48 Earths,15.133,2016,https://science.nasa.gov/exoplanet-catalog/kepler-1315-b/
5005,Kepler-1314 b,141.98685057,22.9 Earths,17.816,2016,https://science.nasa.gov/exoplanet-catalog/kepler-1314-b/
5006,Kepler-1313 b,174.234,3.75 Earths,12.363,2016,https://science.nasa.gov/exoplanet-catalog/kepler-1313-b/
5007,Kepler-953 c,258.893,1.81 Earths,11.871,2016,https://science.nasa.gov/exoplanet-catalog/kepler-953-c/
5008,Kepler-952 b,1304.25,0.143 Jupiters,15.323,2016,https://science.nasa.gov/exoplanet-catalog/kepler-952-b/
5009,Kepler-951 b,382.509,26.7 Earths,14.841,2016,https://science.nasa.gov/exoplanet-catalog/kepler-951-b/
5010,Kepler-950 b,2161.6,0.188 Jupiters,16,2016,https://science.nasa.gov/exoplanet-catalog/kepler-950-b/
5011,Kepler-948 b,868.017,4.08 Earths,14.811,2016,https://science.nasa.gov/exoplanet-catalog/kepler-948-b/
5012,Kepler-947 b,1730.78,5.82 Earths,16.064,2016,https://science.nasa.gov/exoplanet-catalog/kepler-947-b/
5013,Kepler-946 b,1137.29,4.38 Earths,15.011,2016,https://science.nasa.gov/exoplanet-catalog/kepler-946-b/
5014,Kepler-945 b,1651.25,7.41 Earths,15.599,2016,https://science.nasa.gov/exoplanet-catalog/kepler-945-b/
5015,Kepler-943 b,2300.53,29.5 Earths,15.76,2016,https://science.nasa.gov/exoplanet-catalog/kepler-943-b/
5016,Kepler-942 b,216.354,5.18 Earths,13.25,2016,https://science.nasa.gov/exoplanet-catalog/kepler-942-b/
5017,Kepler-941 b,1088.36,9.69 Earths,15.803,2016,https://science.nasa.gov/exoplanet-catalog/kepler-941-b/
5018,Kepler-940 b,1260.78,11.1 Earths,15.727,2016,https://science.nasa.gov/exoplanet-catalog/kepler-940-b/
5019,Kepler-939 b,2093.62,3.71 Earths,15.653,2016,https://science.nasa.gov/exoplanet-catalog/kepler-939-b/
5020,Kepler-411 c,153.676,26.4 Earths,12.448,2016,https://science.nasa.gov/exoplanet-catalog/kepler-411-c/
5021,Kepler-167 e,341.908,1.01 Jupiters,14.284,2016,https://science.nasa.gov/exoplanet-catalog/kepler-167-e/
5022,Kepler-167 d,341.908,2.06 Earths,14.284,2016,https://science.nasa.gov/exoplanet-catalog/kepler-167-d/
5023,Kepler-1311 c,866.331,1.98 Earths,13.528,2016,https://science.nasa.gov/exoplanet-catalog/kepler-1311-c/
5024,Kepler-1311 b,866.331,2.07 Earths,13.528,2016,https://science.nasa.gov/exoplanet-catalog/kepler-1311-b/
5025,Kepler-1310 b,569.185,2.67 Earths,14.346,2016,https://science.nasa.gov/exoplanet-catalog/kepler-1310-b/
5026,Kepler-1308 b,112.705,0.0933 Earths,16.4,2016,https://science.nasa.gov/exoplanet-catalog/kepler-1308-b/
5027,Kepler-1307 b,1014.62,6.66 Earths,15.636,2016,https://science.nasa.gov/exoplanet-catalog/kepler-1307-b/
5028,Kepler-1306 b,1107.5,4.31 Earths,15.353,2016,https://science.nasa.gov/exoplanet-catalog/kepler-1306-b/
5029,Kepler-1305 b,1575.23,4.19 Earths,15.834,2016,https://science.nasa.gov/exoplanet-catalog/kepler-1305-b/
5030,Kepler-1304 b,2176.08,5.86 Earths,15.408,2016,https://science.nasa.gov/exoplanet-catalog/kepler-1304-b/
5031,Kepler-1303 b,897.783,2.6 Earths,14.854,2016,https://science.nasa.gov/exoplanet-catalog/kepler-1303-b/
5032,Kepler-1302 b,634.58,2.63 Earths,15.172,2016,https://science.nasa.gov/exoplanet-catalog/kepler-1302-b/
5033,Kepler-1301 b,854.28,2.54 Earths,15.656,2016,https://science.nasa.gov/exoplanet-catalog/kepler-1301-b/
5034,Kepler-1300 b,777.025,2.45 Earths,12.861,2016,https://science.nasa.gov/exoplanet-catalog/kepler-1300-b/
5035,Kepler-1299 b,1404.94,9.17 Earths,15.962,2016,https://science.nasa.gov/exoplanet-catalog/kepler-1299-b/
5036,Kepler-1298 b,544.163,2.27 Earths,11.388,2016,https://science.nasa.gov/exoplanet-catalog/kepler-1298-b/
5037,Kepler-1297 b,1439.47,0.871 Earths,14.867,2016,https://science.nasa.gov/exoplanet-catalog/kepler-1297-b/
5038,Kepler-1296 b,1551.54,0.693 Earths,14.934,2016,https://science.nasa.gov/exoplanet-catalog/kepler-1296-b/
5039,Kepler-1295 b,1174.46,3.02 Earths,16.227,2016,https://science.nasa.gov/exoplanet-catalog/kepler-1295-b/
5040,Kepler-1294 b,1855.7,10.3 Earths,15.361,2016,https://science.nasa.gov/exoplanet-catalog/kepler-1294-b/
5041,Kepler-1293 b,1028.16,0.871 Earths,13.377,2016,https://science.nasa.gov/exoplanet-catalog/kepler-1293-b/
5042,Kepler-1292 b,1493.43,3.97 Earths,16.337,2016,https://science.nasa.gov/exoplanet-catalog/kepler-1292-b/
5043,Kepler-1291 b,897.352,3.39 Earths,16.261,2016,https://science.nasa.gov/exoplanet-catalog/kepler-1291-b/
5044,Kepler-1290 b,1593.7,2.6 Earths,15.871,2016,https://science.nasa.gov/exoplanet-catalog/kepler-1290-b/
5045,Kepler-1289 b,1053.57,2.92 Earths,14.732,2016,https://science.nasa.gov/exoplanet-catalog/kepler-1289-b/
5046,Kepler-1288 b,814.078,1.46 Earths,13.199,2016,https://science.nasa.gov/exoplanet-catalog/kepler-1288-b/
5047,Kepler-1287 b,1003.26,2.99 Earths,15.216,2016,https://science.nasa.gov/exoplanet-catalog/kepler-1287-b/
5048,Kepler-1286 b,1354.46,5.27 Earths,15.278,2016,https://science.nasa.gov/exoplanet-catalog/kepler-1286-b/
5049,Kepler-1285 b,422.269,0.871 Earths,11.717,2016,https://science.nasa.gov/exoplanet-catalog/kepler-1285-b/
5050,Kepler-1284 b,882.324,1.92 Earths,15.912,2016,https://science.nasa.gov/exoplanet-catalog/kepler-1284-b/
5051,Kepler-1283 b,2921.99,4.31 Earths,15.269,2016,https://science.nasa.gov/exoplanet-catalog/kepler-1283-b/
5052,Kepler-1282 b,1103.29,3.02 Earths,15.707,2016,https://science.nasa.gov/exoplanet-catalog/kepler-1282-b/
5053,Kepler-1281 b,1090,3.33 Earths,15.961,2016,https://science.nasa.gov/exoplanet-catalog/kepler-1281-b/
5054,Kepler-1280 b,1486.7,4.16 Earths,14.196,2016,https://science.nasa.gov/exoplanet-catalog/kepler-1280-b/
5055,Kepler-1279 b,1494.22,3.71 Earths,14.137,2016,https://science.nasa.gov/exoplanet-catalog/kepler-1279-b/
5056,Kepler-1278 b,889.426,1.01 Earths,13.782,2016,https://science.nasa.gov/exoplanet-catalog/kepler-1278-b/
5057,Kepler-1277 b,557.193,3.19 Earths,14.306,2016,https://science.nasa.gov/exoplanet-catalog/kepler-1277-b/
5058,Kepler-1276 b,538.481,1.81 Earths,12.992,2016,https://science.nasa.gov/exoplanet-catalog/kepler-1276-b/
5059,Kepler-1275 b,1153.98,2.79 Earths,14.595,2016,https://science.nasa.gov/exoplanet-catalog/kepler-1275-b/
5060,Kepler-937 c,1571.46,7.61 Earths,15.405,2016,https://science.nasa.gov/exoplanet-catalog/kepler-937-c/
5061,Kepler-937 b,1571.46,13.4 Earths,15.405,2016,https://science.nasa.gov/exoplanet-catalog/kepler-937-b/
5062,Kepler-936 b,823.399,2.7 Earths,14.84,2016,https://science.nasa.gov/exoplanet-catalog/kepler-936-b/
5063,Kepler-934 b,608.738,5.02 Earths,15.238,2016,https://science.nasa.gov/exoplanet-catalog/kepler-934-b/
5064,Kepler-933 b,1017.2,6.62 Earths,15.614,2016,https://science.nasa.gov/exoplanet-catalog/kepler-933-b/
5065,Kepler-932 b,465.612,2.45 Earths,14.308,2016,https://science.nasa.gov/exoplanet-catalog/kepler-932-b/
5066,Kepler-931 b,490,2.33 Earths,14.643,2016,https://science.nasa.gov/exoplanet-catalog/kepler-931-b/
5067,Kepler-929 b,1311.23,1.41 Earths,14.738,2016,https://science.nasa.gov/exoplanet-catalog/kepler-929-b/
5068,Kepler-928 b,508.809,3.15 Earths,15.586,2016,https://science.nasa.gov/exoplanet-catalog/kepler-928-b/
5069,Kepler-927 b,831.685,3.61 Earths,14.817,2016,https://science.nasa.gov/exoplanet-catalog/kepler-927-b/
5070,Kepler-926 b,921.361,5.95 Earths,14.431,2016,https://science.nasa.gov/exoplanet-catalog/kepler-926-b/
5071,Kepler-924 b,1053.04,9.64 Earths,14.293,2016,https://science.nasa.gov/exoplanet-catalog/kepler-924-b/
5072,Kepler-923 b,1000.28,2.48 Earths,14.124,2016,https://science.nasa.gov/exoplanet-catalog/kepler-923-b/
5073,Kepler-922 b,536.323,2.6 Earths,13.863,2016,https://science.nasa.gov/exoplanet-catalog/kepler-922-b/
5074,Kepler-921 b,934.49,8.6 Earths,14.852,2016,https://science.nasa.gov/exoplanet-catalog/kepler-921-b/
5075,Kepler-920 b,1001.68,6.44 Earths,15.492,2016,https://science.nasa.gov/exoplanet-catalog/kepler-920-b/
5076,Kepler-919 b,1119.87,5.69 Earths,14.806,2016,https://science.nasa.gov/exoplanet-catalog/kepler-919-b/
5077,Kepler-918 b,1025.03,3.68 Earths,15.064,2016,https://science.nasa.gov/exoplanet-catalog/kepler-918-b/
5078,Kepler-916 b,830.712,3.75 Earths,15.363,2016,https://science.nasa.gov/exoplanet-catalog/kepler-916-b/
5079,Kepler-915 b,849.036,2.86 Earths,13.314,2016,https://science.nasa.gov/exoplanet-catalog/kepler-915-b/
5080,Kepler-914 b,753.723,2.48 Earths,13.667,2016,https://science.nasa.gov/exoplanet-catalog/kepler-914-b/
5081,Kepler-913 b,991.618,4.9 Earths,15.522,2016,https://science.nasa.gov/exoplanet-catalog/kepler-913-b/
5082,Kepler-912 b,2004.72,8.25 Earths,15.668,2016,https://science.nasa.gov/exoplanet-catalog/kepler-912-b/
5083,Kepler-911 b,556.168,7.27 Earths,11.767,2016,https://science.nasa.gov/exoplanet-catalog/kepler-911-b/
5084,Kepler-910 b,400.289,0.477 Earths,11.44,2016,https://science.nasa.gov/exoplanet-catalog/kepler-910-b/
5085,Kepler-909 b,309.596,2.76 Earths,11.626,2016,https://science.nasa.gov/exoplanet-catalog/kepler-909-b/
5086,Kepler-908 b,290.843,1.98 Earths,11.607,2016,https://science.nasa.gov/exoplanet-catalog/kepler-908-b/
5087,Kepler-907 b,352,1.87 Earths,11.16,2016,https://science.nasa.gov/exoplanet-catalog/kepler-907-b/
5088,Kepler-906 b,757.791,5.1 Earths,14.019,2016,https://science.nasa.gov/exoplanet-catalog/kepler-906-b/
5089,Kepler-905 b,529.268,2.57 Earths,14.058,2016,https://science.nasa.gov/exoplanet-catalog/kepler-905-b/
5090,Kepler-904 b,978.125,3.78 Earths,14.56,2016,https://science.nasa.gov/exoplanet-catalog/kepler-904-b/
5091,Kepler-903 c,1369.24,6.94 Earths,14.856,2016,https://science.nasa.gov/exoplanet-catalog/kepler-903-c/
5092,Kepler-903 b,1369.24,4.7 Earths,14.856,2016,https://science.nasa.gov/exoplanet-catalog/kepler-903-b/
5093,Kepler-902 b,1165.34,6.99 Earths,14.992,2016,https://science.nasa.gov/exoplanet-catalog/kepler-902-b/
5094,Kepler-901 b,253.867,2.45 Earths,15.85,2016,https://science.nasa.gov/exoplanet-catalog/kepler-901-b/
5095,Kepler-900 b,487.525,4.98 Earths,15.19,2016,https://science.nasa.gov/exoplanet-catalog/kepler-900-b/
5096,Kepler-899 b,1246.43,7.65 Earths,15.713,2016,https://science.nasa.gov/exoplanet-catalog/kepler-899-b/
5097,Kepler-898 b,484.891,2.83 Earths,16.695,2016,https://science.nasa.gov/exoplanet-catalog/kepler-898-b/
5098,Kepler-897 b,1519.25,6.3 Earths,15.177,2016,https://science.nasa.gov/exoplanet-catalog/kepler-897-b/
5099,Kepler-896 b,2334.93,6.94 Earths,15.457,2016,https://science.nasa.gov/exoplanet-catalog/kepler-896-b/
5100,Kepler-895 b,540.134,2.99 Earths,16.21,2016,https://science.nasa.gov/exoplanet-catalog/kepler-895-b/
5101,Kepler-894 b,1162.91,8.15 Earths,15.686,2016,https://science.nasa.gov/exoplanet-catalog/kepler-894-b/
5102,Kepler-893 b,1285.59,9.43 Earths,15.347,2016,https://science.nasa.gov/exoplanet-catalog/kepler-893-b/
5103,Kepler-892 b,570.727,8.3 Earths,15.967,2016,https://science.nasa.gov/exoplanet-catalog/kepler-892-b/
5104,Kepler-891 b,2340.58,33.6 Earths,15.386,2016,https://science.nasa.gov/exoplanet-catalog/kepler-891-b/
5105,Kepler-890 b,1712.12,0.184 Jupiters,15.235,2016,https://science.nasa.gov/exoplanet-catalog/kepler-890-b/
5106,Kepler-889 b,598.313,1.32 Earths,12.998,2016,https://science.nasa.gov/exoplanet-catalog/kepler-889-b/
5107,Kepler-888 b,420.817,3.75 Earths,13.061,2016,https://science.nasa.gov/exoplanet-catalog/kepler-888-b/
5108,Kepler-887 c,886.588,1.51 Earths,13.52,2016,https://science.nasa.gov/exoplanet-catalog/kepler-887-c/
5109,Kepler-887 b,886.588,4.04 Earths,13.52,2016,https://science.nasa.gov/exoplanet-catalog/kepler-887-b/
5110,Kepler-886 b,711.297,2.92 Earths,14.054,2016,https://science.nasa.gov/exoplanet-catalog/kepler-886-b/
5111,Kepler-885 b,651.318,6.8 Earths,12.948,2016,https://science.nasa.gov/exoplanet-catalog/kepler-885-b/
5112,Kepler-304 e,434.684,1.87 Earths,15.065,2016,https://science.nasa.gov/exoplanet-catalog/kepler-304-e/
5113,KELT-10 b,188.404,0.679 Jupiters,10.617,2016,https://science.nasa.gov/exoplanet-catalog/kelt-10-b/
5114,Kepler-884 b,476.733,2.04 Earths,13.164,2016,https://science.nasa.gov/exoplanet-catalog/kepler-884-b/
5115,Kepler-882 b,504.605,2.04 Earths,14.188,2016,https://science.nasa.gov/exoplanet-catalog/kepler-882-b/
5116,Kepler-881 b,1375.18,3.82 Earths,15.281,2016,https://science.nasa.gov/exoplanet-catalog/kepler-881-b/
5117,Kepler-880 b,601.324,7.56 Earths,11.845,2016,https://science.nasa.gov/exoplanet-catalog/kepler-880-b/
5118,Kepler-878 b,791.625,4.38 Earths,14.967,2016,https://science.nasa.gov/exoplanet-catalog/kepler-878-b/
5119,Kepler-877 b,602.176,5.14 Earths,14.74,2016,https://science.nasa.gov/exoplanet-catalog/kepler-877-b/
5120,Kepler-876 b,820.913,2.63 Earths,15.647,2016,https://science.nasa.gov/exoplanet-catalog/kepler-876-b/
5121,Kepler-875 b,1242.62,8.75 Earths,15.357,2016,https://science.nasa.gov/exoplanet-catalog/kepler-875-b/
5122,Kepler-873 b,1182.22,13.5 Earths,15.052,2016,https://science.nasa.gov/exoplanet-catalog/kepler-873-b/
5123,Kepler-872 b,879.683,4.62 Earths,15.242,2016,https://science.nasa.gov/exoplanet-catalog/kepler-872-b/
5124,Kepler-871 b,1976.05,13.5 Earths,15.882,2016,https://science.nasa.gov/exoplanet-catalog/kepler-871-b/
5125,Kepler-870 b,1259.46,8.15 Earths,15.326,2016,https://science.nasa.gov/exoplanet-catalog/kepler-870-b/
5126,Kepler-868 b,1593.13,4.86 Earths,15.872,2016,https://science.nasa.gov/exoplanet-catalog/kepler-868-b/
5127,Kepler-867 b,1195.54,19.4 Earths,15.098,2016,https://science.nasa.gov/exoplanet-catalog/kepler-867-b/
5128,Kepler-866 b,646.667,3.29 Earths,16.124,2016,https://science.nasa.gov/exoplanet-catalog/kepler-866-b/
5129,Kepler-864 b,2022.9,6.35 Earths,15.898,2016,https://science.nasa.gov/exoplanet-catalog/kepler-864-b/
5130,Kepler-863 b,1499.66,8.75 Earths,15.567,2016,https://science.nasa.gov/exoplanet-catalog/kepler-863-b/
5131,Kepler-862 b,1039.03,5.52 Earths,15.601,2016,https://science.nasa.gov/exoplanet-catalog/kepler-862-b/
5132,Kepler-861 b,850.327,5.82 Earths,15.993,2016,https://science.nasa.gov/exoplanet-catalog/kepler-861-b/
5133,Kepler-859 b,839.903,9.75 Earths,15.977,2016,https://science.nasa.gov/exoplanet-catalog/kepler-859-b/
5134,Kepler-858 b,298.532,21.1 Earths,12.568,2016,https://science.nasa.gov/exoplanet-catalog/kepler-858-b/
5135,Kepler-857 b,983.502,37.2 Earths,15.167,2016,https://science.nasa.gov/exoplanet-catalog/kepler-857-b/
5136,Kepler-856 b,1351.17,0.199 Jupiters,15.594,2016,https://science.nasa.gov/exoplanet-catalog/kepler-856-b/
5137,Kepler-853 b,568.676,3.5 Earths,12.339,2016,https://science.nasa.gov/exoplanet-catalog/kepler-853-b/
5138,Kepler-852 b,1619.03,6.99 Earths,14.006,2016,https://science.nasa.gov/exoplanet-catalog/kepler-852-b/
5139,Kepler-851 b,839.255,3.46 Earths,15.172,2016,https://science.nasa.gov/exoplanet-catalog/kepler-851-b/
5140,Kepler-850 b,1661.28,3.82 Earths,15.611,2016,https://science.nasa.gov/exoplanet-catalog/kepler-850-b/
5141,Kepler-849 b,822.134,0.94 Jupiters,12.878,2016,https://science.nasa.gov/exoplanet-catalog/kepler-849-b/
5142,Kepler-848 b,1378.47,3.53 Earths,14.194,2016,https://science.nasa.gov/exoplanet-catalog/kepler-848-b/
5143,Kepler-847 b,513.103,1.76 Earths,14.998,2016,https://science.nasa.gov/exoplanet-catalog/kepler-847-b/
5144,Kepler-846 b,1127.12,6.71 Earths,15.684,2016,https://science.nasa.gov/exoplanet-catalog/kepler-846-b/
5145,Kepler-845 b,431.051,4.82 Earths,14.903,2016,https://science.nasa.gov/exoplanet-catalog/kepler-845-b/
5146,Kepler-844 b,431.776,3.46 Earths,15.986,2016,https://science.nasa.gov/exoplanet-catalog/kepler-844-b/
5147,Kepler-843 b,1165.66,7.22 Earths,15.354,2016,https://science.nasa.gov/exoplanet-catalog/kepler-843-b/
5148,Kepler-842 b,532.726,3.19 Earths,15.363,2016,https://science.nasa.gov/exoplanet-catalog/kepler-842-b/
5149,Kepler-841 b,998.961,23.8 Earths,15.791,2016,https://science.nasa.gov/exoplanet-catalog/kepler-841-b/
5150,Kepler-839 b,944.561,7.13 Earths,13.693,2016,https://science.nasa.gov/exoplanet-catalog/kepler-839-b/
5151,Kepler-838 b,1104.04,7.9 Earths,15.424,2016,https://science.nasa.gov/exoplanet-catalog/kepler-838-b/
5152,Kepler-837 b,901.907,7.08 Earths,15.576,2016,https://science.nasa.gov/exoplanet-catalog/kepler-837-b/
5153,Kepler-836 b,980.035,7.9 Earths,14.672,2016,https://science.nasa.gov/exoplanet-catalog/kepler-836-b/
5154,Kepler-835 b,2406.33,8.2 Earths,16.062,2016,https://science.nasa.gov/exoplanet-catalog/kepler-835-b/
5155,Kepler-834 b,633.937,4.74 Earths,16.211,2016,https://science.nasa.gov/exoplanet-catalog/kepler-834-b/
5156,Kepler-833 b,467.37,4.74 Earths,15.755,2016,https://science.nasa.gov/exoplanet-catalog/kepler-833-b/
5157,Kepler-832 b,1688.12,4.9 Earths,16.001,2016,https://science.nasa.gov/exoplanet-catalog/kepler-832-b/
5158,K2-29 b,178.475,0.73 Jupiters,12.532,2016,https://science.nasa.gov/exoplanet-catalog/k2-29-b/
5159,HATS-14 b,513.011,1.071 Jupiters,14.052,2015,https://science.nasa.gov/exoplanet-catalog/hats-14-b/
5160,HATS-13 b,421.855,0.543 Jupiters,13.911,2015,https://science.nasa.gov/exoplanet-catalog/hats-13-b/
5161,KIC 8540376 c,1072.3,6.35 Earths,14.411,2015,https://science.nasa.gov/exoplanet-catalog/kic-8540376-c/
5162,KIC 8540376 b,1072.3,15.8 Earths,14.411,2015,https://science.nasa.gov/exoplanet-catalog/kic-8540376-b/
5163,Kepler-831 b,593.54,2.15 Earths,13.751,2016,https://science.nasa.gov/exoplanet-catalog/kepler-831-b/
5164,Kepler-830 b,1122,3.53 Earths,14.88,2016,https://science.nasa.gov/exoplanet-catalog/kepler-830-b/
5165,Kepler-829 b,1073.76,5.1 Earths,14.973,2016,https://science.nasa.gov/exoplanet-catalog/kepler-829-b/
5166,Kepler-828 b,575.322,2.89 Earths,15.374,2016,https://science.nasa.gov/exoplanet-catalog/kepler-828-b/
5167,Kepler-827 b,2046.68,27 Earths,15.865,2016,https://science.nasa.gov/exoplanet-catalog/kepler-827-b/
5168,Kepler-826 b,779.596,2.1 Earths,13.644,2016,https://science.nasa.gov/exoplanet-catalog/kepler-826-b/
5169,Kepler-825 c,807.85,4.04 Earths,14.296,2016,https://science.nasa.gov/exoplanet-catalog/kepler-825-c/
5170,Kepler-825 b,807.85,2.96 Earths,14.296,2016,https://science.nasa.gov/exoplanet-catalog/kepler-825-b/
5171,Kepler-824 b,1201.4,4.16 Earths,15.051,2016,https://science.nasa.gov/exoplanet-catalog/kepler-824-b/
5172,Kepler-823 b,1389.27,3.09 Earths,15.089,2016,https://science.nasa.gov/exoplanet-catalog/kepler-823-b/
5173,Kepler-822 b,860.391,3.78 Earths,14.75,2016,https://science.nasa.gov/exoplanet-catalog/kepler-822-b/
5174,Kepler-821 b,614.571,2.27 Earths,15.153,2016,https://science.nasa.gov/exoplanet-catalog/kepler-821-b/
5175,Kepler-820 b,1387.2,30.8 Earths,14.135,2016,https://science.nasa.gov/exoplanet-catalog/kepler-820-b/
5176,Kepler-819 b,664.306,8.05 Earths,15.402,2016,https://science.nasa.gov/exoplanet-catalog/kepler-819-b/
5177,Kepler-818 b,925.037,22.9 Earths,15.368,2016,https://science.nasa.gov/exoplanet-catalog/kepler-818-b/
5178,K2-25 b,44.9565,24.5 Earths,16.21,2015,https://science.nasa.gov/exoplanet-catalog/k2-25-b/
5179,HAT-P-57 b,279.86,1.41 Jupiters,10.639,2015,https://science.nasa.gov/exoplanet-catalog/hat-p-57-b/
5180,HAT-P-53 b,666.802,1.484 Jupiters,13.78,2015,https://science.nasa.gov/exoplanet-catalog/hat-p-53-b/
5181,HAT-P-52 b,361.155,0.818 Jupiters,14.107,2015,https://science.nasa.gov/exoplanet-catalog/hat-p-52-b/
5182,HAT-P-51 b,440.089,0.307 Jupiters,13.51,2015,https://science.nasa.gov/exoplanet-catalog/hat-p-51-b/
5183,HAT-P-50 b,515.458,1.35 Jupiters,11.703,2015,https://science.nasa.gov/exoplanet-catalog/hat-p-50-b/
5184,Kepler-976 b,1012.41,14.9 Earths,15.861,2016,https://science.nasa.gov/exoplanet-catalog/kepler-976-b/
5185,Kepler-975 b,426.088,2.79 Earths,14.633,2016,https://science.nasa.gov/exoplanet-catalog/kepler-975-b/
5186,Kepler-973 b,328.52,4.5 Earths,13.478,2016,https://science.nasa.gov/exoplanet-catalog/kepler-973-b/
5187,Kepler-972 b,1198.03,19.5 Earths,15.084,2016,https://science.nasa.gov/exoplanet-catalog/kepler-972-b/
5188,Kepler-971 b,338.522,5.18 Earths,13.483,2016,https://science.nasa.gov/exoplanet-catalog/kepler-971-b/
5189,Kepler-970 b,331.545,7.31 Earths,15.21,2016,https://science.nasa.gov/exoplanet-catalog/kepler-970-b/
5190,Kepler-80 d,369.451,6.75 Earths,15.23,2014,https://science.nasa.gov/exoplanet-catalog/kepler-80-d/
5191,Kepler-80 c,369.451,6.74 Earths,15.23,2012,https://science.nasa.gov/exoplanet-catalog/kepler-80-c/
5192,Kepler-80 b,369.451,6.93 Earths,15.23,2012,https://science.nasa.gov/exoplanet-catalog/kepler-80-b/
5193,Kepler-114 d,259.533,3.9 Earths,13.961,2013,https://science.nasa.gov/exoplanet-catalog/kepler-114-d/
5194,Kepler-114 b,259.533,1.09 Earths,13.961,2014,https://science.nasa.gov/exoplanet-catalog/kepler-114-b/
5195,Kepler-113 c,262.351,8.7 Earths,13.655,2014,https://science.nasa.gov/exoplanet-catalog/kepler-113-c/
5196,Kepler-113 b,262.351,11.7 Earths,13.655,2014,https://science.nasa.gov/exoplanet-catalog/kepler-113-b/
5197,Kepler-112 b,513.206,6.17 Earths,13.927,2014,https://science.nasa.gov/exoplanet-catalog/kepler-112-b/
5198,Kepler-111 c,657.223,0.7 Jupiters,13.543,2014,https://science.nasa.gov/exoplanet-catalog/kepler-111-c/
5199,Kepler-969 b,390.354,4.94 Earths,13.865,2016,https://science.nasa.gov/exoplanet-catalog/kepler-969-b/
5200,Kepler-968 c,290.324,3.5 Earths,14.626,2016,https://science.nasa.gov/exoplanet-catalog/kepler-968-c/
5201,Kepler-968 b,290.324,4.66 Earths,14.626,2016,https://science.nasa.gov/exoplanet-catalog/kepler-968-b/
5202,Kepler-967 b,568.546,6.12 Earths,14.702,2016,https://science.nasa.gov/exoplanet-catalog/kepler-967-b/
5203,OGLE-2016-BLG-0263L b,6500,4.1 Jupiters,Unknown,2017,https://science.nasa.gov/exoplanet-catalog/ogle-2016-blg-0263l-b/
5204,K2-115 b,413.591,1.01 Jupiters,13.444,2017,https://science.nasa.gov/exoplanet-catalog/k2-115-b/
5205,K2-114 b,475.758,2.01 Jupiters,14.55,2017,https://science.nasa.gov/exoplanet-catalog/k2-114-b/
5206,MOA-2012-BLG-006L b,5300,8.4 Jupiters,Unknown,2017,https://science.nasa.gov/exoplanet-catalog/moa-2012-blg-006l-b/
5207,WASP-91 b,149.942,1.34 Jupiters,11.98,2017,https://science.nasa.gov/exoplanet-catalog/wasp-91-b/
5208,WASP-107 b,64.7414,33.02237149 Earths,11.592,2017,https://science.nasa.gov/exoplanet-catalog/wasp-107-b/
5209,WASP-105 b,169.272,1.8 Jupiters,12.049,2017,https://science.nasa.gov/exoplanet-catalog/wasp-105-b/
5210,WASP-167 b,423.552,8 Jupiters,10.517,2017,https://science.nasa.gov/exoplanet-catalog/wasp-167-b/
5211,K2-113 b,635.722,1.29 Jupiters,13.744,2017,https://science.nasa.gov/exoplanet-catalog/k2-113-b/
5212,MOA-2012-BLG-505L b,7210,6.7 Earths,Unknown,2017,https://science.nasa.gov/exoplanet-catalog/moa-2012-blg-505l-b/
5213,KELT-9 b,204.455,2.88 Jupiters,7.55,2017,https://science.nasa.gov/exoplanet-catalog/kelt-9-b/
5214,Kepler-1651 b,66.4074,4.04 Earths,13.86,2017,https://science.nasa.gov/exoplanet-catalog/kepler-1651-b/
5215,Kepler-1650 b,134.397,0.84 Earths,17.07,2017,https://science.nasa.gov/exoplanet-catalog/kepler-1650-b/
5216,K2-110 b,116.474,15.9 Earths,11.985,2017,https://science.nasa.gov/exoplanet-catalog/k2-110-b/
5217,K2-98 b,518.625,34.00763955 Earths,12.216,2016,https://science.nasa.gov/exoplanet-catalog/k2-98-b/
5218,K2-97 b,878.43,0.549 Jupiters,12.486,2016,https://science.nasa.gov/exoplanet-catalog/k2-97-b/
5219,K2-104 b,189.289,3.86 Earths,15.989,2016,https://science.nasa.gov/exoplanet-catalog/k2-104-b/
5220,K2-102 b,188.175,2.24 Earths,13.083,2016,https://science.nasa.gov/exoplanet-catalog/k2-102-b/
5221,K2-101 b,188.33,4.66 Earths,12.892,2016,https://science.nasa.gov/exoplanet-catalog/k2-101-b/
5222,K2-100 b,188.959,21.8 Earths,10.651,2016,https://science.nasa.gov/exoplanet-catalog/k2-100-b/
5223,KELT-11 b,99.1596,0.205 Jupiters,8.04,2017,https://science.nasa.gov/exoplanet-catalog/kelt-11-b/
5224,OGLE-2016-BLG-1195L b,3910,1.43 Earths,Unknown,2017,https://science.nasa.gov/exoplanet-catalog/ogle-2016-blg-1195l-b/
5225,K2-111 b,200.394,5.35 Earths,11.13,2017,https://science.nasa.gov/exoplanet-catalog/k2-111-b/
5226,KELT-12 b,368.03,0.95 Jupiters,10.585,2017,https://science.nasa.gov/exoplanet-catalog/kelt-12-b/
5227,Qatar-5 b,367.658,4.32 Jupiters,12.614,2017,https://science.nasa.gov/exoplanet-catalog/qatar-5-b/
5228,Qatar-4 b,329.036,6.1 Jupiters,13.574,2017,https://science.nasa.gov/exoplanet-catalog/qatar-4-b/
5229,Qatar-3 b,735.601,4.31 Jupiters,12.929,2017,https://science.nasa.gov/exoplanet-catalog/qatar-3-b/
5230,Kepler-1649 b,92.1913,1.03 Earths,17.95,2017,https://science.nasa.gov/exoplanet-catalog/kepler-1649-b/
5231,KELT-18 b,321.376,1.18 Jupiters,10.16,2017,https://science.nasa.gov/exoplanet-catalog/kelt-18-b/
5232,Kepler-19 d,218.562,22.5 Earths,12.035,2017,https://science.nasa.gov/exoplanet-catalog/kepler-19-d/
5233,Kepler-150 f,891.092,12.9 Earths,15.161,2017,https://science.nasa.gov/exoplanet-catalog/kepler-150-f/
5234,HAT-P-67 b,371.686,0.45 Jupiters,10.106,2017,https://science.nasa.gov/exoplanet-catalog/hat-p-67-b/
5235,Kepler-20 g,282.563,19.96 Earths,12.61,2016,https://science.nasa.gov/exoplanet-catalog/kepler-20-g/
5236,HATS-24 b,494.182,2.26 Jupiters,12.915,2017,https://science.nasa.gov/exoplanet-catalog/hats-24-b/
5237,HATS-23 b,639.004,1.47 Jupiters,13.84,2017,https://science.nasa.gov/exoplanet-catalog/hats-23-b/
5238,HATS-22 b,229.518,2.74 Jupiters,13.397,2017,https://science.nasa.gov/exoplanet-catalog/hats-22-b/
5239,TRAPPIST-1 h,12.42988881,0.326 Earths,17.02,2017,https://science.nasa.gov/exoplanet-catalog/trappist-1-h/
5240,TRAPPIST-1 g,12.42988881,1.321 Earths,17.02,2017,https://science.nasa.gov/exoplanet-catalog/trappist-1-g/
5241,TRAPPIST-1 f,12.42988881,1.039 Earths,17.02,2017,https://science.nasa.gov/exoplanet-catalog/trappist-1-f/
5242,TRAPPIST-1 e,12.42988881,0.692 Earths,17.02,2017,https://science.nasa.gov/exoplanet-catalog/trappist-1-e/
5243,KELT-16 b,444.586,2.75 Jupiters,11.717,2017,https://science.nasa.gov/exoplanet-catalog/kelt-16-b/
5244,K2-108 b,477.295,0.18689236 Jupiters,12.339,2017,https://science.nasa.gov/exoplanet-catalog/k2-108-b/
5245,WASP-81 b,398.505,0.729 Jupiters,12.469,2017,https://science.nasa.gov/exoplanet-catalog/wasp-81-b/
5246,WASP-53 c,201.338,16.35 Jupiters,12.591,2017,https://science.nasa.gov/exoplanet-catalog/wasp-53-c/
5247,WASP-53 b,201.338,2.132 Jupiters,12.591,2017,https://science.nasa.gov/exoplanet-catalog/wasp-53-b/
5248,K2-107 b,685.2,0.84 Jupiters,13.012,2017,https://science.nasa.gov/exoplanet-catalog/k2-107-b/
5249,K2-105 b,197.989,15.4 Earths,11.752,2017,https://science.nasa.gov/exoplanet-catalog/k2-105-b/
5250,XO-6 b,235.479,4.4 Jupiters,10.247,2016,https://science.nasa.gov/exoplanet-catalog/xo-6-b/
5251,WASP-142 b,730.933,0.84 Jupiters,12.871,2016,https://science.nasa.gov/exoplanet-catalog/wasp-142-b/
5252,WASP-141 b,516.543,2.69 Jupiters,12.65,2016,https://science.nasa.gov/exoplanet-catalog/wasp-141-b/
5253,WASP-138 b,414.234,1.22 Jupiters,11.796,2016,https://science.nasa.gov/exoplanet-catalog/wasp-138-b/
5254,WASP-136 b,275.587,1.51 Jupiters,9.974,2016,https://science.nasa.gov/exoplanet-catalog/wasp-136-b/
5255,WASP-127 b,159.507,0.1647 Jupiters,10.148,2016,https://science.nasa.gov/exoplanet-catalog/wasp-127-b/
5256,HATS-35 b,514.555,1.222 Jupiters,12.609,2016,https://science.nasa.gov/exoplanet-catalog/hats-35-b/
5257,HATS-34 b,508.842,0.941 Jupiters,13.857,2016,https://science.nasa.gov/exoplanet-catalog/hats-34-b/
5258,HATS-33 b,248.46,1.192 Jupiters,11.91,2016,https://science.nasa.gov/exoplanet-catalog/hats-33-b/
5259,HATS-32 b,745.116,0.92 Jupiters,14.386,2016,https://science.nasa.gov/exoplanet-catalog/hats-32-b/
5260,HATS-31 b,773.974,0.88 Jupiters,13.315,2016,https://science.nasa.gov/exoplanet-catalog/hats-31-b/
5261,WASP-140 b,117.598,2.44 Jupiters,11.118,2016,https://science.nasa.gov/exoplanet-catalog/wasp-140-b/
5262,WASP-139 b,212.472,37.18611 Earths,12.456,2016,https://science.nasa.gov/exoplanet-catalog/wasp-139-b/
5263,WASP-132 b,122.91,0.428 Jupiters,11.938,2016,https://science.nasa.gov/exoplanet-catalog/wasp-132-b/
5264,WASP-131 b,200.075,0.273 Jupiters,10.068,2016,https://science.nasa.gov/exoplanet-catalog/wasp-131-b/
5265,WASP-130 b,172.256,1.23 Jupiters,11.104,2016,https://science.nasa.gov/exoplanet-catalog/wasp-130-b/
5266,OGLE-2012-BLG-0950L b,2600,35 Earths,Unknown,2016,https://science.nasa.gov/exoplanet-catalog/ogle-2012-blg-0950l-b/
5267,HATS-18 b,624.368,1.9795 Jupiters,14.188,2016,https://science.nasa.gov/exoplanet-catalog/hats-18-b/
5268,Kepler-56 d,912.994,5.61 Jupiters,12.598,2016,https://science.nasa.gov/exoplanet-catalog/kepler-56-d/
5269,K2-99 b,519.229,0.87 Jupiters,11.149,2016,https://science.nasa.gov/exoplanet-catalog/k2-99-b/
5270,HATS-12 b,746.138,2.39 Jupiters,12.831,2016,https://science.nasa.gov/exoplanet-catalog/hats-12-b/
5271,HATS-11 b,944.603,0.83 Jupiters,14.06,2016,https://science.nasa.gov/exoplanet-catalog/hats-11-b/
5272,HAT-P-66 b,935.456,0.783 Jupiters,13.014,2016,https://science.nasa.gov/exoplanet-catalog/hat-p-66-b/
5273,HAT-P-65 b,738.519,0.554 Jupiters,13.121,2016,https://science.nasa.gov/exoplanet-catalog/hat-p-65-b/
5274,WASP-93 b,370.284,1.47 Jupiters,10.966,2016,https://science.nasa.gov/exoplanet-catalog/wasp-93-b/
5275,WASP-118 b,376.658,0.514 Jupiters,11.009,2016,https://science.nasa.gov/exoplanet-catalog/wasp-118-b/
5276,WASP-92 b,575.889,0.805 Jupiters,12.951,2016,https://science.nasa.gov/exoplanet-catalog/wasp-92-b/
5277,KELT-17 b,226.5,1.31 Jupiters,9.234,2016,https://science.nasa.gov/exoplanet-catalog/kelt-17-b/
5278,K2-95 b,179.854,11 Earths,17.236,2016,https://science.nasa.gov/exoplanet-catalog/k2-95-b/
5279,WASP-114 b,523.337,1.769 Jupiters,12.685,2016,https://science.nasa.gov/exoplanet-catalog/wasp-114-b/
5280,WASP-113 b,435.156,0.475 Jupiters,11.761,2016,https://science.nasa.gov/exoplanet-catalog/wasp-113-b/
5281,K2-91 b,62.5785,1.37 Earths,15.622,2016,https://science.nasa.gov/exoplanet-catalog/k2-91-b/
5282,K2-90 c,134.188,2.24 Earths,13.707,2016,https://science.nasa.gov/exoplanet-catalog/k2-90-c/
5283,K2-90 b,134.188,7.27 Earths,13.707,2016,https://science.nasa.gov/exoplanet-catalog/k2-90-b/
5284,K2-89 b,86.0386,0.17 Earths,14.162,2016,https://science.nasa.gov/exoplanet-catalog/k2-89-b/
5285,K2-88 b,110.561,2.04 Earths,15.523,2016,https://science.nasa.gov/exoplanet-catalog/k2-88-b/
5286,K2-87 b,491.242,0.141 Jupiters,14.136,2016,https://science.nasa.gov/exoplanet-catalog/k2-87-b/
5287,K2-86 b,258.699,4.5 Earths,13.041,2016,https://science.nasa.gov/exoplanet-catalog/k2-86-b/
5288,K2-85 b,97.2179,3.2 Earths,12.416,2016,https://science.nasa.gov/exoplanet-catalog/k2-85-b/
5289,K2-84 c,284.876,4.78 Earths,13.386,2016,https://science.nasa.gov/exoplanet-catalog/k2-84-c/
5290,K2-84 b,284.876,6.39 Earths,13.386,2016,https://science.nasa.gov/exoplanet-catalog/k2-84-b/
5291,K2-83 c,125.529,2.8 Earths,14.522,2016,https://science.nasa.gov/exoplanet-catalog/k2-83-c/
5292,K2-83 b,125.529,2.08 Earths,14.522,2016,https://science.nasa.gov/exoplanet-catalog/k2-83-b/
5293,K2-81 b,252.318,4.54 Earths,14.314,2016,https://science.nasa.gov/exoplanet-catalog/k2-81-b/
5294,K2-80 c,200.802,2.76 Earths,12.694,2016,https://science.nasa.gov/exoplanet-catalog/k2-80-c/
5295,K2-80 b,200.802,4.7 Earths,12.694,2016,https://science.nasa.gov/exoplanet-catalog/k2-80-b/
5296,K2-79 b,256.011,5.9 Earths,12.152,2016,https://science.nasa.gov/exoplanet-catalog/k2-79-b/
5297,K2-77 b,141.731,1.9 Jupiters,12.224,2016,https://science.nasa.gov/exoplanet-catalog/k2-77-b/
5298,K2-75 c,561.93,8.1 Earths,12.803,2016,https://science.nasa.gov/exoplanet-catalog/k2-75-c/
5299,K2-75 b,561.93,7.61 Earths,12.803,2016,https://science.nasa.gov/exoplanet-catalog/k2-75-b/
5300,K2-74 b,377.822,5.95 Earths,12.715,2016,https://science.nasa.gov/exoplanet-catalog/k2-74-b/
5301,K2-73 b,269.183,9.2 Earths,11.345,2016,https://science.nasa.gov/exoplanet-catalog/k2-73-b/
5302,K2-72 e,66.4321,2.21 Earths,15.37,2016,https://science.nasa.gov/exoplanet-catalog/k2-72-e/
5303,K2-72 d,66.4321,1.01 Earths,15.37,2016,https://science.nasa.gov/exoplanet-catalog/k2-72-d/
5304,K2-72 c,66.4321,1.65 Earths,15.37,2016,https://science.nasa.gov/exoplanet-catalog/k2-72-c/
5305,K2-72 b,66.4321,1.28 Earths,15.37,2016,https://science.nasa.gov/exoplanet-catalog/k2-72-b/
5306,K2-71 b,153.192,5.27 Earths,16.14,2016,https://science.nasa.gov/exoplanet-catalog/k2-71-b/
5307,K2-70 b,232.964,8.7 Earths,13.074,2016,https://science.nasa.gov/exoplanet-catalog/k2-70-b/
5308,K2-69 b,180.697,5.99 Earths,16.024,2016,https://science.nasa.gov/exoplanet-catalog/k2-69-b/
5309,K2-68 b,168.652,3.12 Earths,12.987,2016,https://science.nasa.gov/exoplanet-catalog/k2-68-b/
5310,K2-66 b,513.877,21.3 Earths,11.71,2016,https://science.nasa.gov/exoplanet-catalog/k2-66-b/
5311,K2-65 b,72.2,3.12 Earths,10.71,2016,https://science.nasa.gov/exoplanet-catalog/k2-65-b/
5312,K2-64 b,499.891,4.94 Earths,14.132,2016,https://science.nasa.gov/exoplanet-catalog/k2-64-b/
5313,K2-63 b,517.534,10.5 Earths,12.98,2016,https://science.nasa.gov/exoplanet-catalog/k2-63-b/
5314,K2-62 c,112.467,4.62 Earths,12.391,2016,https://science.nasa.gov/exoplanet-catalog/k2-62-c/
5315,K2-62 b,112.467,4.74 Earths,12.391,2016,https://science.nasa.gov/exoplanet-catalog/k2-62-b/
5316,K2-61 b,405.732,4.35 Earths,13.173,2016,https://science.nasa.gov/exoplanet-catalog/k2-61-b/
5317,K2-60 b,491.87,0.426 Jupiters,12.857,2016,https://science.nasa.gov/exoplanet-catalog/k2-60-b/
5318,K2-59 c,311.313,5.9 Earths,14.266,2016,https://science.nasa.gov/exoplanet-catalog/k2-59-c/
5319,K2-59 b,311.313,6.39 Earths,14.266,2016,https://science.nasa.gov/exoplanet-catalog/k2-59-b/
5320,K2-58 d,181.746,3.57 Earths,12.415,2016,https://science.nasa.gov/exoplanet-catalog/k2-58-d/
5321,K2-58 c,181.746,3.26 Earths,12.415,2016,https://science.nasa.gov/exoplanet-catalog/k2-58-c/
5322,K2-58 b,181.746,7.65 Earths,12.415,2016,https://science.nasa.gov/exoplanet-catalog/k2-58-b/
5323,K2-57 b,264.213,5.94 Earths,14.414,2016,https://science.nasa.gov/exoplanet-catalog/k2-57-b/
5324,K2-55 b,159.522,0.13843948 Jupiters,13.519,2016,https://science.nasa.gov/exoplanet-catalog/k2-55-b/
5325,K2-54 b,174.955,7.33 Earths,14.542,2016,https://science.nasa.gov/exoplanet-catalog/k2-54-b/
5326,K2-53 b,138.018,7.27 Earths,12.634,2016,https://science.nasa.gov/exoplanet-catalog/k2-53-b/
5327,K2-52 b,1038.41,Unknown,15.93,2016,https://science.nasa.gov/exoplanet-catalog/k2-52-b/
5328,K2-50 b,257.443,3.15 Earths,14.705,2016,https://science.nasa.gov/exoplanet-catalog/k2-50-b/
5329,K2-49 b,457.125,4.38 Earths,15.668,2016,https://science.nasa.gov/exoplanet-catalog/k2-49-b/
5330,K2-48 b,313.764,5.65 Earths,14.345,2016,https://science.nasa.gov/exoplanet-catalog/k2-48-b/
5331,K2-47 b,349.881,4.23 Earths,14.065,2016,https://science.nasa.gov/exoplanet-catalog/k2-47-b/
5332,K2-46 b,449.237,4.86 Earths,12.144,2016,https://science.nasa.gov/exoplanet-catalog/k2-46-b/
5333,K2-45 b,495.317,36.4 Earths,15.746,2016,https://science.nasa.gov/exoplanet-catalog/k2-45-b/
5334,K2-44 b,476.703,6.5 Earths,12.27,2016,https://science.nasa.gov/exoplanet-catalog/k2-44-b/
5335,K2-43 b,182.536,18.5 Earths,15.748,2016,https://science.nasa.gov/exoplanet-catalog/k2-43-b/
5336,K2-42 b,396.913,5.27 Earths,15.006,2016,https://science.nasa.gov/exoplanet-catalog/k2-42-b/
5337,K2-8 c,403.513,6.39 Earths,14.801,2016,https://science.nasa.gov/exoplanet-catalog/k2-8-c/
5338,K2-38 c,192.69,8.3 Earths,11.344,2016,https://science.nasa.gov/exoplanet-catalog/k2-38-c/
5339,K2-38 b,192.69,7.3 Earths,11.344,2016,https://science.nasa.gov/exoplanet-catalog/k2-38-b/
5340,K2-37 d,179.943,12.5 Earths,12.573,2016,https://science.nasa.gov/exoplanet-catalog/k2-37-d/
5341,K2-37 c,179.943,6.39 Earths,12.573,2016,https://science.nasa.gov/exoplanet-catalog/k2-37-c/
5342,K2-37 b,179.943,2.51 Earths,12.573,2016,https://science.nasa.gov/exoplanet-catalog/k2-37-b/
5343,K2-36 c,109.749,7.9 Earths,11.726,2016,https://science.nasa.gov/exoplanet-catalog/k2-36-c/
5344,K2-36 b,109.749,4.3 Earths,11.726,2016,https://science.nasa.gov/exoplanet-catalog/k2-36-b/
5345,K2-35 c,252.596,4.38 Earths,14.166,2016,https://science.nasa.gov/exoplanet-catalog/k2-35-c/
5346,K2-35 b,252.596,2.3 Earths,14.166,2016,https://science.nasa.gov/exoplanet-catalog/k2-35-b/
5347,WASP-157 b,334.037,0.574 Jupiters,12.397,2016,https://science.nasa.gov/exoplanet-catalog/wasp-157-b/
5348,K2-33 b,139.268,3.7 Jupiters,15.838,2016,https://science.nasa.gov/exoplanet-catalog/k2-33-b/
5349,HATS-16 b,757.044,3.27 Jupiters,13.957,2016,https://science.nasa.gov/exoplanet-catalog/hats-16-b/
5350,HATS-15 b,1139.55,2.17 Jupiters,14.909,2016,https://science.nasa.gov/exoplanet-catalog/hats-15-b/
5351,WASP-121 b,269.898,1.17 Jupiters,10.514,2016,https://science.nasa.gov/exoplanet-catalog/wasp-121-b/
5352,HATS-30 b,342.14,0.706 Jupiters,12.283,2016,https://science.nasa.gov/exoplanet-catalog/hats-30-b/
5353,HATS-29 b,353.891,0.653 Jupiters,12.62,2016,https://science.nasa.gov/exoplanet-catalog/hats-29-b/
5354,HATS-28 b,535.383,0.672 Jupiters,13.981,2016,https://science.nasa.gov/exoplanet-catalog/hats-28-b/
5355,HATS-27 b,816.988,0.53 Jupiters,12.782,2016,https://science.nasa.gov/exoplanet-catalog/hats-27-b/
5356,HATS-26 b,861.843,0.65 Jupiters,13.006,2016,https://science.nasa.gov/exoplanet-catalog/hats-26-b/
5357,HATS-25 b,471.158,0.613 Jupiters,13.172,2016,https://science.nasa.gov/exoplanet-catalog/hats-25-b/
5358,WASP-123 b,197.996,0.899 Jupiters,11.03,2016,https://science.nasa.gov/exoplanet-catalog/wasp-123-b/
5359,WASP-120 b,381.174,4.85 Jupiters,10.96,2016,https://science.nasa.gov/exoplanet-catalog/wasp-120-b/
5360,K2-39 b,307.47,28.6047 Earths,10.831,2016,https://science.nasa.gov/exoplanet-catalog/k2-39-b/
5361,Kepler-1647 b,1212.45,1.51968033 Jupiters,13.668,2016,https://science.nasa.gov/exoplanet-catalog/kepler-1647-b/
5362,Kepler-883 b,627.455,3.82 Earths,13.169,2016,https://science.nasa.gov/exoplanet-catalog/kepler-883-b/
5363,Kepler-879 b,802.672,7.13 Earths,14.429,2016,https://science.nasa.gov/exoplanet-catalog/kepler-879-b/
5364,Kepler-874 b,1082.16,14.7 Earths,14.822,2016,https://science.nasa.gov/exoplanet-catalog/kepler-874-b/
5365,Kepler-869 b,939.455,12.7 Earths,15.122,2016,https://science.nasa.gov/exoplanet-catalog/kepler-869-b/
5366,Kepler-865 b,586.137,6.76 Earths,14.635,2016,https://science.nasa.gov/exoplanet-catalog/kepler-865-b/
5367,Kepler-860 b,1056.36,10.6 Earths,15.544,2016,https://science.nasa.gov/exoplanet-catalog/kepler-860-b/
5368,Kepler-855 b,1506.58,0.166 Jupiters,15.157,2016,https://science.nasa.gov/exoplanet-catalog/kepler-855-b/
5369,Kepler-1099 b,1022.8,8.4 Earths,15.137,2016,https://science.nasa.gov/exoplanet-catalog/kepler-1099-b/
5370,Kepler-1095 b,792.522,1.92 Earths,14.597,2016,https://science.nasa.gov/exoplanet-catalog/kepler-1095-b/
5371,Kepler-1091 b,914.299,2.73 Earths,14.874,2016,https://science.nasa.gov/exoplanet-catalog/kepler-1091-b/
5372,Kepler-1089 b,259.328,4.01 Earths,16.233,2016,https://science.nasa.gov/exoplanet-catalog/kepler-1089-b/
5373,Kepler-1088 b,280.629,2.6 Earths,11.472,2016,https://science.nasa.gov/exoplanet-catalog/kepler-1088-b/
5374,Kepler-1087 b,362.623,0.165 Earths,12.973,2016,https://science.nasa.gov/exoplanet-catalog/kepler-1087-b/
5375,Kepler-1086 c,466.084,8.96 Earths,16.002,2016,https://science.nasa.gov/exoplanet-catalog/kepler-1086-c/
5376,Kepler-1086 b,466.084,6.53 Earths,16.002,2016,https://science.nasa.gov/exoplanet-catalog/kepler-1086-b/
5377,Kepler-1085 b,1364.53,0.13 Jupiters,15.273,2016,https://science.nasa.gov/exoplanet-catalog/kepler-1085-b/
5378,Kepler-1084 b,405.533,1.41 Earths,12.015,2016,https://science.nasa.gov/exoplanet-catalog/kepler-1084-b/
5379,Kepler-1083 b,902.633,11.2 Earths,16.103,2016,https://science.nasa.gov/exoplanet-catalog/kepler-1083-b/
5380,Kepler-1082 b,739.557,1.46 Earths,13.444,2016,https://science.nasa.gov/exoplanet-catalog/kepler-1082-b/
5381,Kepler-1081 b,420.215,1.01 Earths,13.827,2016,https://science.nasa.gov/exoplanet-catalog/kepler-1081-b/
5382,Kepler-1080 b,1382.82,10.8 Earths,13.486,2016,https://science.nasa.gov/exoplanet-catalog/kepler-1080-b/
5383,Kepler-1079 b,591.098,3.29 Earths,12.78,2016,https://science.nasa.gov/exoplanet-catalog/kepler-1079-b/
5384,Kepler-1078 b,2481.71,4.27 Earths,15.703,2016,https://science.nasa.gov/exoplanet-catalog/kepler-1078-b/
5385,Kepler-1077 b,1101.42,8.1 Earths,14.923,2016,https://science.nasa.gov/exoplanet-catalog/kepler-1077-b/
5386,Kepler-1076 b,199,0.437 Earths,13.175,2016,https://science.nasa.gov/exoplanet-catalog/kepler-1076-b/
5387,Kepler-1075 b,291.275,2.6 Earths,15.909,2016,https://science.nasa.gov/exoplanet-catalog/kepler-1075-b/
5388,Kepler-1074 b,250.817,2.1 Earths,15.599,2016,https://science.nasa.gov/exoplanet-catalog/kepler-1074-b/
5389,Kepler-1073 c,809.897,3.33 Earths,14.749,2016,https://science.nasa.gov/exoplanet-catalog/kepler-1073-c/
5390,Kepler-1073 b,809.897,5.9 Earths,14.749,2016,https://science.nasa.gov/exoplanet-catalog/kepler-1073-b/
5391,Kepler-1072 b,982.716,3.12 Earths,13.972,2016,https://science.nasa.gov/exoplanet-catalog/kepler-1072-b/
5392,Kepler-1071 b,1042.27,6.26 Earths,15.881,2016,https://science.nasa.gov/exoplanet-catalog/kepler-1071-b/
5393,Kepler-1070 b,939.001,3.64 Earths,14.133,2016,https://science.nasa.gov/exoplanet-catalog/kepler-1070-b/
5394,Kepler-1069 b,695.967,3.19 Earths,13.234,2016,https://science.nasa.gov/exoplanet-catalog/kepler-1069-b/
5395,Kepler-1068 b,1473.61,12.8 Earths,16.096,2016,https://science.nasa.gov/exoplanet-catalog/kepler-1068-b/
5396,Kepler-1067 b,667.693,0.437 Earths,14.395,2016,https://science.nasa.gov/exoplanet-catalog/kepler-1067-b/
5397,Kepler-568 b,130.645,5.73 Earths,15.216,2016,https://science.nasa.gov/exoplanet-catalog/kepler-568-b/
5398,Kepler-563 b,565.207,9.75 Earths,14.901,2016,https://science.nasa.gov/exoplanet-catalog/kepler-563-b/
5399,Kepler-559 b,776.708,12.7 Earths,14.863,2016,https://science.nasa.gov/exoplanet-catalog/kepler-559-b/
5400,Kepler-555 b,973.121,8.4 Earths,14.448,2016,https://science.nasa.gov/exoplanet-catalog/kepler-555-b/
5401,Kepler-505 b,283.41,7.27 Earths,15.607,2016,https://science.nasa.gov/exoplanet-catalog/kepler-505-b/
5402,Kepler-500 b,807.48,7.18 Earths,14.324,2016,https://science.nasa.gov/exoplanet-catalog/kepler-500-b/
5403,Kepler-1066 b,344.251,6.17 Earths,13.115,2016,https://science.nasa.gov/exoplanet-catalog/kepler-1066-b/
5404,Kepler-1065 c,1122.48,3.19 Earths,15.744,2016,https://science.nasa.gov/exoplanet-catalog/kepler-1065-c/
5405,Kepler-1065 b,1122.48,13.4 Earths,15.744,2016,https://science.nasa.gov/exoplanet-catalog/kepler-1065-b/
5406,Kepler-1064 b,374,3.02 Earths,13.958,2016,https://science.nasa.gov/exoplanet-catalog/kepler-1064-b/
5407,Kepler-1062 b,397.455,3.75 Earths,15.095,2016,https://science.nasa.gov/exoplanet-catalog/kepler-1062-b/
5408,Kepler-1057 b,1201.82,11.2 Earths,15.825,2016,https://science.nasa.gov/exoplanet-catalog/kepler-1057-b/
5409,Kepler-1052 b,943.444,8.91 Earths,14.932,2016,https://science.nasa.gov/exoplanet-catalog/kepler-1052-b/
5410,Kepler-1049 b,162.006,0.809 Earths,14.695,2016,https://science.nasa.gov/exoplanet-catalog/kepler-1049-b/
5411,Kepler-1045 b,942.485,7.7 Earths,15.879,2016,https://science.nasa.gov/exoplanet-catalog/kepler-1045-b/
5412,Kepler-1040 b,482.119,4.98 Earths,13.614,2016,https://science.nasa.gov/exoplanet-catalog/kepler-1040-b/
5413,Kepler-1036 b,489.435,9.32 Earths,13.87,2016,https://science.nasa.gov/exoplanet-catalog/kepler-1036-b/
5414,Kepler-1032 b,673.01,4.16 Earths,16.007,2016,https://science.nasa.gov/exoplanet-catalog/kepler-1032-b/
5415,Kepler-1027 b,405.104,0.64 Earths,12.994,2016,https://science.nasa.gov/exoplanet-catalog/kepler-1027-b/
5416,Kepler-997 b,467.568,2.42 Earths,11.521,2016,https://science.nasa.gov/exoplanet-catalog/kepler-997-b/
5417,Kepler-992 b,259.639,3.26 Earths,13.557,2016,https://science.nasa.gov/exoplanet-catalog/kepler-992-b/
5418,Kepler-988 b,304.889,4.94 Earths,15.578,2016,https://science.nasa.gov/exoplanet-catalog/kepler-988-b/
5419,Kepler-983 b,714.437,6.17 Earths,14.1125,2016,https://science.nasa.gov/exoplanet-catalog/kepler-983-b/
5420,Kepler-979 b,576.503,7.85 Earths,14.882,2016,https://science.nasa.gov/exoplanet-catalog/kepler-979-b/
5421,Kepler-974 b,134.311,3.09 Earths,15.295,2016,https://science.nasa.gov/exoplanet-catalog/kepler-974-b/
5422,Kepler-969 c,390.354,0.937 Earths,13.865,2016,https://science.nasa.gov/exoplanet-catalog/kepler-969-c/
5423,Kepler-967 c,568.546,12.9 Earths,14.702,2016,https://science.nasa.gov/exoplanet-catalog/kepler-967-c/
5424,Kepler-966 b,1027.8,16 Earths,14.731,2016,https://science.nasa.gov/exoplanet-catalog/kepler-966-b/
5425,Kepler-965 b,582.828,11.4 Earths,13.488,2016,https://science.nasa.gov/exoplanet-catalog/kepler-965-b/
5426,Kepler-964 b,454.626,5.14 Earths,14.061,2016,https://science.nasa.gov/exoplanet-catalog/kepler-964-b/
5427,Kepler-963 b,771.494,7.56 Earths,15.091,2016,https://science.nasa.gov/exoplanet-catalog/kepler-963-b/
5428,Kepler-962 b,411.486,4.54 Earths,13.68,2016,https://science.nasa.gov/exoplanet-catalog/kepler-962-b/
5429,Kepler-961 b,574.314,7.04 Earths,14.204,2016,https://science.nasa.gov/exoplanet-catalog/kepler-961-b/
5430,Kepler-960 b,284.916,5.86 Earths,14.127,2016,https://science.nasa.gov/exoplanet-catalog/kepler-960-b/
5431,Kepler-959 b,807.729,17.6 Earths,12.606,2016,https://science.nasa.gov/exoplanet-catalog/kepler-959-b/
5432,Kepler-958 b,449.773,4.9 Earths,13.91,2016,https://science.nasa.gov/exoplanet-catalog/kepler-958-b/
5433,Kepler-957 b,824.688,25.9 Earths,15.833,2016,https://science.nasa.gov/exoplanet-catalog/kepler-957-b/
5434,Kepler-956 b,544.939,9.27 Earths,13.387,2016,https://science.nasa.gov/exoplanet-catalog/kepler-956-b/
5435,Kepler-955 b,550.383,9.96 Earths,14.734,2016,https://science.nasa.gov/exoplanet-catalog/kepler-955-b/
5436,Kepler-954 b,215.814,5.99 Earths,13.095,2016,https://science.nasa.gov/exoplanet-catalog/kepler-954-b/
5437,Kepler-551 b,311.175,7.9 Earths,15.278,2016,https://science.nasa.gov/exoplanet-catalog/kepler-551-b/
5438,Kepler-547 b,378.972,15.1 Earths,14.48,2016,https://science.nasa.gov/exoplanet-catalog/kepler-547-b/
5439,Kepler-542 b,436.016,3.09 Earths,13.606,2016,https://science.nasa.gov/exoplanet-catalog/kepler-542-b/
5440,Kepler-538 b,155.956,12.9 Earths,11.27,2016,https://science.nasa.gov/exoplanet-catalog/kepler-538-b/
5441,Kepler-533 b,302.955,11.4 Earths,14.128,2016,https://science.nasa.gov/exoplanet-catalog/kepler-533-b/
5442,Kepler-495 b,658.924,23.8 Earths,14.942,2016,https://science.nasa.gov/exoplanet-catalog/kepler-495-b/
5443,Kepler-1427 b,1220,1.37 Earths,15.601,2016,https://science.nasa.gov/exoplanet-catalog/kepler-1427-b/
5444,Kepler-1426 b,1697.81,3.05 Earths,15.464,2016,https://science.nasa.gov/exoplanet-catalog/kepler-1426-b/
5445,Kepler-1425 b,863.873,0.779 Earths,13.681,2016,https://science.nasa.gov/exoplanet-catalog/kepler-1425-b/
5446,Kepler-1424 b,661.421,1.65 Earths,13.756,2016,https://science.nasa.gov/exoplanet-catalog/kepler-1424-b/
5447,Kepler-1423 b,449,1.2 Earths,14.721,2016,https://science.nasa.gov/exoplanet-catalog/kepler-1423-b/
5448,Kepler-1422 b,2465.84,4.74 Earths,15.741,2016,https://science.nasa.gov/exoplanet-catalog/kepler-1422-b/
5449,Kepler-1421 b,783.401,0.749 Earths,12.868,2016,https://science.nasa.gov/exoplanet-catalog/kepler-1421-b/
5450,Kepler-1420 b,1054.37,2.18 Earths,15.894,2016,https://science.nasa.gov/exoplanet-catalog/kepler-1420-b/
5451,Kepler-1419 b,1498.58,8.55 Earths,15.96,2016,https://science.nasa.gov/exoplanet-catalog/kepler-1419-b/
5452,Kepler-1418 b,499,3.39 Earths,15.461,2016,https://science.nasa.gov/exoplanet-catalog/kepler-1418-b/
5453,Kepler-1417 b,991.845,0.972 Earths,14.038,2016,https://science.nasa.gov/exoplanet-catalog/kepler-1417-b/
5454,Kepler-1416 b,949.59,0.615 Earths,14.369,2016,https://science.nasa.gov/exoplanet-catalog/kepler-1416-b/
5455,Kepler-1415 b,1043.56,2.21 Earths,15.937,2016,https://science.nasa.gov/exoplanet-catalog/kepler-1415-b/
5456,Kepler-1414 b,570.835,2.04 Earths,14.989,2016,https://science.nasa.gov/exoplanet-catalog/kepler-1414-b/
5457,Kepler-1413 b,1167.49,3.97 Earths,16.473,2016,https://science.nasa.gov/exoplanet-catalog/kepler-1413-b/
5458,Kepler-1412 b,755.678,0.498 Earths,13.347,2016,https://science.nasa.gov/exoplanet-catalog/kepler-1412-b/
5459,Kepler-1411 b,1660.48,8.35 Earths,15.945,2016,https://science.nasa.gov/exoplanet-catalog/kepler-1411-b/
5460,Kepler-1410 b,367,3.82 Earths,16.319,2016,https://science.nasa.gov/exoplanet-catalog/kepler-1410-b/
5461,Kepler-1409 b,694.89,1.12 Earths,15.391,2016,https://science.nasa.gov/exoplanet-catalog/kepler-1409-b/
5462,Kepler-1408 b,535.048,0.64 Earths,12.124,2016,https://science.nasa.gov/exoplanet-catalog/kepler-1408-b/
5463,Kepler-1407 b,1396.41,5.69 Earths,15.023,2016,https://science.nasa.gov/exoplanet-catalog/kepler-1407-b/
5464,Kepler-1406 b,572.403,1.37 Earths,13.39,2016,https://science.nasa.gov/exoplanet-catalog/kepler-1406-b/
5465,Kepler-1405 b,1530.3,14.9 Earths,16.028,2016,https://science.nasa.gov/exoplanet-catalog/kepler-1405-b/
5466,Kepler-1404 b,962.183,4.7 Earths,15.931,2016,https://science.nasa.gov/exoplanet-catalog/kepler-1404-b/
5467,Kepler-1403 b,2163.9,5.22 Earths,15.713,2016,https://science.nasa.gov/exoplanet-catalog/kepler-1403-b/
5468,Kepler-1402 b,1493.64,0.363 Earths,14.78,2016,https://science.nasa.gov/exoplanet-catalog/kepler-1402-b/
5469,Kepler-1401 b,1425.43,3.46 Earths,15.224,2016,https://science.nasa.gov/exoplanet-catalog/kepler-1401-b/
5470,Kepler-1400 b,752.237,3.26 Earths,16.067,2016,https://science.nasa.gov/exoplanet-catalog/kepler-1400-b/
5471,Kepler-1399 b,1385.7,2.1 Earths,15.572,2016,https://science.nasa.gov/exoplanet-catalog/kepler-1399-b/
5472,Kepler-1398 c,852.204,1.08 Earths,13.752,2016,https://science.nasa.gov/exoplanet-catalog/kepler-1398-c/
5473,Kepler-1398 b,852.204,0.666 Earths,13.752,2016,https://science.nasa.gov/exoplanet-catalog/kepler-1398-b/
5474,Kepler-1397 b,1198.25,3.61 Earths,14.324,2016,https://science.nasa.gov/exoplanet-catalog/kepler-1397-b/
5475,Kepler-1396 b,1066.46,4.94 Earths,14.691,2016,https://science.nasa.gov/exoplanet-catalog/kepler-1396-b/
5476,Kepler-1395 b,492.894,0.437 Earths,12.632,2016,https://science.nasa.gov/exoplanet-catalog/kepler-1395-b/
5477,Kepler-1394 b,640.409,2.51 Earths,11.714,2016,https://science.nasa.gov/exoplanet-catalog/kepler-1394-b/
5478,Kepler-1272 b,1206.37,6.21 Earths,14.734,2016,https://science.nasa.gov/exoplanet-catalog/kepler-1272-b/
5479,Kepler-1268 b,1840.77,4.78 Earths,15.484,2016,https://science.nasa.gov/exoplanet-catalog/kepler-1268-b/
5480,Kepler-1263 b,664.83,1.55 Earths,15.173,2016,https://science.nasa.gov/exoplanet-catalog/kepler-1263-b/
5481,Kepler-1258 b,717.555,0.566 Earths,13.929,2016,https://science.nasa.gov/exoplanet-catalog/kepler-1258-b/
5482,Kepler-1254 d,622.818,2.27 Earths,15.541,2016,https://science.nasa.gov/exoplanet-catalog/kepler-1254-d/
5483,Kepler-1251 b,902.204,4.04 Earths,15.024,2016,https://science.nasa.gov/exoplanet-catalog/kepler-1251-b/
5484,Kepler-582 b,613.179,13.1 Earths,15.097,2016,https://science.nasa.gov/exoplanet-catalog/kepler-582-b/
5485,Kepler-577 b,524.247,7.04 Earths,15.155,2016,https://science.nasa.gov/exoplanet-catalog/kepler-577-b/
5486,Kepler-573 b,771.471,8.2 Earths,14.292,2016,https://science.nasa.gov/exoplanet-catalog/kepler-573-b/
5487,Kepler-1393 b,544.456,0.437 Earths,13.476,2016,https://science.nasa.gov/exoplanet-catalog/kepler-1393-b/
5488,Kepler-1392 b,1117,4.5 Earths,15.963,2016,https://science.nasa.gov/exoplanet-catalog/kepler-1392-b/
5489,Kepler-1391 b,1038.35,3.46 Earths,13.906,2016,https://science.nasa.gov/exoplanet-catalog/kepler-1391-b/
5490,Kepler-1390 b,723.431,1.76 Earths,14.558,2016,https://science.nasa.gov/exoplanet-catalog/kepler-1390-b/
5491,Kepler-1389 b,497.093,3.78 Earths,14.896,2016,https://science.nasa.gov/exoplanet-catalog/kepler-1389-b/
5492,Kepler-1388 e,453.795,6.62 Earths,16.43,2016,https://science.nasa.gov/exoplanet-catalog/kepler-1388-e/
5493,Kepler-1388 d,453.795,8.55 Earths,16.43,2016,https://science.nasa.gov/exoplanet-catalog/kepler-1388-d/
5494,Kepler-1388 c,453.795,5.73 Earths,16.43,2016,https://science.nasa.gov/exoplanet-catalog/kepler-1388-c/
5495,Kepler-1388 b,453.795,7.22 Earths,16.43,2016,https://science.nasa.gov/exoplanet-catalog/kepler-1388-b/
5496,Kepler-1387 b,455.358,0.749 Earths,14.727,2016,https://science.nasa.gov/exoplanet-catalog/kepler-1387-b/
5497,Kepler-1386 b,835.882,2.07 Earths,14.597,2016,https://science.nasa.gov/exoplanet-catalog/kepler-1386-b/
5498,Kepler-1385 b,688.795,0.543 Earths,12.947,2016,https://science.nasa.gov/exoplanet-catalog/kepler-1385-b/
5499,Kepler-1384 b,618,4.42 Earths,15.7578,2016,https://science.nasa.gov/exoplanet-catalog/kepler-1384-b/
5500,Kepler-1383 b,1027.21,2.57 Earths,13.832,2016,https://science.nasa.gov/exoplanet-catalog/kepler-1383-b/
5501,Kepler-1382 b,738.261,4.19 Earths,12.857,2016,https://science.nasa.gov/exoplanet-catalog/kepler-1382-b/
5502,Kepler-1381 b,1197.04,5.69 Earths,15.579,2016,https://science.nasa.gov/exoplanet-catalog/kepler-1381-b/
5503,Kepler-1380 b,2462.94,2.63 Earths,15.816,2016,https://science.nasa.gov/exoplanet-catalog/kepler-1380-b/
5504,Kepler-1379 b,971.325,2.24 Earths,16.107,2016,https://science.nasa.gov/exoplanet-catalog/kepler-1379-b/
5505,Kepler-1378 b,506.434,5.48 Earths,16.5497,2016,https://science.nasa.gov/exoplanet-catalog/kepler-1378-b/
5506,Kepler-1377 b,1146.1,2.1 Earths,15.857,2016,https://science.nasa.gov/exoplanet-catalog/kepler-1377-b/
5507,Kepler-1376 b,868.056,1.16 Earths,14.792,2016,https://science.nasa.gov/exoplanet-catalog/kepler-1376-b/
5508,Kepler-1375 b,1430.84,3.68 Earths,13.864,2016,https://science.nasa.gov/exoplanet-catalog/kepler-1375-b/
5509,Kepler-1374 b,1078.46,5.86 Earths,15.991,2016,https://science.nasa.gov/exoplanet-catalog/kepler-1374-b/
5510,Kepler-1373 b,1699.46,1.65 Earths,14.328,2016,https://science.nasa.gov/exoplanet-catalog/kepler-1373-b/
5511,Kepler-1372 b,1303.22,2.15 Earths,15.667,2016,https://science.nasa.gov/exoplanet-catalog/kepler-1372-b/
5512,Kepler-1371 c,515.334,0.196 Earths,14.018,2016,https://science.nasa.gov/exoplanet-catalog/kepler-1371-c/
5513,Kepler-1371 b,515.334,0.315 Earths,14.018,2016,https://science.nasa.gov/exoplanet-catalog/kepler-1371-b/
5514,Kepler-1370 c,1004.1,2.15 Earths,13.718,2016,https://science.nasa.gov/exoplanet-catalog/kepler-1370-c/
5515,Kepler-1370 b,1004.1,4.04 Earths,13.718,2016,https://science.nasa.gov/exoplanet-catalog/kepler-1370-b/
5516,Kepler-1369 b,1236.56,7.7 Earths,15.621,2016,https://science.nasa.gov/exoplanet-catalog/kepler-1369-b/
5517,Kepler-1368 b,1635.82,3.36 Earths,15.914,2016,https://science.nasa.gov/exoplanet-catalog/kepler-1368-b/
5518,Kepler-1367 b,401.484,0.721 Earths,16.012,2016,https://science.nasa.gov/exoplanet-catalog/kepler-1367-b/
5519,Kepler-1366 b,465.826,2.63 Earths,16.685,2016,https://science.nasa.gov/exoplanet-catalog/kepler-1366-b/
5520,Kepler-1365 c,840.128,0.437 Earths,13.417,2016,https://science.nasa.gov/exoplanet-catalog/kepler-1365-c/
5521,Kepler-1365 b,840.128,0.721 Earths,13.417,2016,https://science.nasa.gov/exoplanet-catalog/kepler-1365-b/
5522,Kepler-1364 b,1056.9,5.27 Earths,13.196,2016,https://science.nasa.gov/exoplanet-catalog/kepler-1364-b/
5523,Kepler-1363 b,541.714,2.1 Earths,15.454,2016,https://science.nasa.gov/exoplanet-catalog/kepler-1363-b/
5524,Kepler-1362 b,731.298,7.27 Earths,16.05,2016,https://science.nasa.gov/exoplanet-catalog/kepler-1362-b/
5525,Kepler-1361 b,389.143,0.566 Earths,14.096,2016,https://science.nasa.gov/exoplanet-catalog/kepler-1361-b/
5526,Kepler-1360 b,1516.27,11.5 Earths,14.007,2016,https://science.nasa.gov/exoplanet-catalog/kepler-1360-b/
5527,Kepler-1359 b,614.859,8.4 Earths,15.987,2016,https://science.nasa.gov/exoplanet-catalog/kepler-1359-b/
5528,Kepler-1358 b,546.998,1.46 Earths,14.693,2016,https://science.nasa.gov/exoplanet-catalog/kepler-1358-b/
5529,Kepler-1357 b,1015.69,2.18 Earths,15.322,2016,https://science.nasa.gov/exoplanet-catalog/kepler-1357-b/
5530,Kepler-1356 b,845.228,2.96 Earths,15.887,2016,https://science.nasa.gov/exoplanet-catalog/kepler-1356-b/
5531,Kepler-1355 b,911.269,2.73 Earths,15.595,2016,https://science.nasa.gov/exoplanet-catalog/kepler-1355-b/
5532,Kepler-1354 b,1119.45,9.11 Earths,14.59,2016,https://science.nasa.gov/exoplanet-catalog/kepler-1354-b/
5533,Kepler-1353 b,593.384,3.89 Earths,15.734,2016,https://science.nasa.gov/exoplanet-catalog/kepler-1353-b/
5534,Kepler-1352 b,670.829,0.64 Earths,13.338,2016,https://science.nasa.gov/exoplanet-catalog/kepler-1352-b/
5535,Kepler-1351 b,202.782,0.208 Earths,14.328,2016,https://science.nasa.gov/exoplanet-catalog/kepler-1351-b/
5536,Kepler-1350 c,340.691,3.64 Earths,16.577,2016,https://science.nasa.gov/exoplanet-catalog/kepler-1350-c/
5537,Kepler-1350 b,340.691,6.9 Earths,16.577,2016,https://science.nasa.gov/exoplanet-catalog/kepler-1350-b/
5538,Kepler-1349 b,276.323,0.271 Earths,11.209,2016,https://science.nasa.gov/exoplanet-catalog/kepler-1349-b/
5539,Kepler-1348 b,1213.82,4.42 Earths,14.871,2016,https://science.nasa.gov/exoplanet-catalog/kepler-1348-b/
5540,Kepler-1347 b,321,1.08 Earths,13.557,2016,https://science.nasa.gov/exoplanet-catalog/kepler-1347-b/
5541,Kepler-1346 b,843.701,3.12 Earths,14.625,2016,https://science.nasa.gov/exoplanet-catalog/kepler-1346-b/
5542,Kepler-1345 b,1355.02,6.17 Earths,13.775,2016,https://science.nasa.gov/exoplanet-catalog/kepler-1345-b/
5543,Kepler-1344 b,853.959,4.04 Earths,14.192,2016,https://science.nasa.gov/exoplanet-catalog/kepler-1344-b/
5544,Kepler-1343 b,1756.71,4.38 Earths,15.617,2016,https://science.nasa.gov/exoplanet-catalog/kepler-1343-b/
5545,Kepler-1342 b,890.724,3.39 Earths,15.726,2016,https://science.nasa.gov/exoplanet-catalog/kepler-1342-b/
5546,Kepler-1341 b,476.957,9.22 Earths,15.356,2016,https://science.nasa.gov/exoplanet-catalog/kepler-1341-b/
5547,Kepler-1338 b,753.26,0.721 Earths,13.699,2016,https://science.nasa.gov/exoplanet-catalog/kepler-1338-b/
5548,Kepler-1335 b,621.853,2.7 Earths,15.248,2016,https://science.nasa.gov/exoplanet-catalog/kepler-1335-b/
5549,Kepler-1330 b,1720.48,3.36 Earths,15.076,2016,https://science.nasa.gov/exoplanet-catalog/kepler-1330-b/
5550,Kepler-1325 b,973.368,8.55 Earths,15.311,2016,https://science.nasa.gov/exoplanet-catalog/kepler-1325-b/
5551,Kepler-1321 c,769.146,6.35 Earths,17.5054,2016,https://science.nasa.gov/exoplanet-catalog/kepler-1321-c/
5552,Kepler-1317 b,728.303,3.05 Earths,15.083,2016,https://science.nasa.gov/exoplanet-catalog/kepler-1317-b/
5553,Kepler-1247 b,1045.92,6.04 Earths,15.925,2016,https://science.nasa.gov/exoplanet-catalog/kepler-1247-b/
5554,Kepler-1243 b,758.17,3.71 Earths,14.898,2016,https://science.nasa.gov/exoplanet-catalog/kepler-1243-b/
5555,Kepler-1238 b,1632.13,4.38 Earths,14.919,2016,https://science.nasa.gov/exoplanet-catalog/kepler-1238-b/
5556,Kepler-1234 b,916.749,8.3 Earths,15.915,2016,https://science.nasa.gov/exoplanet-catalog/kepler-1234-b/
5557,Kepler-1229 b,265.482,2.54 Earths,16.124,2016,https://science.nasa.gov/exoplanet-catalog/kepler-1229-b/
5558,Kepler-1224 b,559.598,2.33 Earths,12.926,2016,https://science.nasa.gov/exoplanet-catalog/kepler-1224-b/
5559,Kepler-1312 b,299.104,5.06 Earths,12.491,2016,https://science.nasa.gov/exoplanet-catalog/kepler-1312-b/
5560,Kepler-1309 b,845,6.21 Earths,16.5119,2016,https://science.nasa.gov/exoplanet-catalog/kepler-1309-b/
5561,Kepler-1185 b,459.273,2.33 Earths,12.63,2016,https://science.nasa.gov/exoplanet-catalog/kepler-1185-b/
5562,Kepler-1180 b,1596.8,4.62 Earths,15.081,2016,https://science.nasa.gov/exoplanet-catalog/kepler-1180-b/
5563,Kepler-1176 b,864.699,6.57 Earths,15.27,2016,https://science.nasa.gov/exoplanet-catalog/kepler-1176-b/
5564,Kepler-1171 b,573,7.08 Earths,11.647,2016,https://science.nasa.gov/exoplanet-catalog/kepler-1171-b/
5565,Kepler-1166 b,634.906,3.5 Earths,14.65,2016,https://science.nasa.gov/exoplanet-catalog/kepler-1166-b/
5566,Kepler-1162 b,940.211,5.52 Earths,15.749,2016,https://science.nasa.gov/exoplanet-catalog/kepler-1162-b/
5567,Kepler-953 b,258.893,16.5 Earths,11.871,2016,https://science.nasa.gov/exoplanet-catalog/kepler-953-b/
5568,Kepler-949 b,486.105,8.8 Earths,14.718,2016,https://science.nasa.gov/exoplanet-catalog/kepler-949-b/
5569,Kepler-944 b,1349.43,7.41 Earths,15.636,2016,https://science.nasa.gov/exoplanet-catalog/kepler-944-b/
5570,Kepler-938 b,1182.05,5.56 Earths,15.148,2016,https://science.nasa.gov/exoplanet-catalog/kepler-938-b/
5571,Kepler-935 b,471.782,2.39 Earths,15.01,2016,https://science.nasa.gov/exoplanet-catalog/kepler-935-b/
5572,Kepler-930 b,848.396,5.18 Earths,13.89,2016,https://science.nasa.gov/exoplanet-catalog/kepler-930-b/
5573,Kepler-925 b,611.115,6.08 Earths,16.025,2016,https://science.nasa.gov/exoplanet-catalog/kepler-925-b/
5574,Kepler-920 c,1001.68,13.8 Earths,15.492,2016,https://science.nasa.gov/exoplanet-catalog/kepler-920-c/
5575,Kepler-917 b,3460.51,4.31 Earths,15.896,2016,https://science.nasa.gov/exoplanet-catalog/kepler-917-b/
5576,Kepler-1157 b,342.144,1.32 Earths,14.603,2016,https://science.nasa.gov/exoplanet-catalog/kepler-1157-b/
5577,Kepler-1153 b,1119.49,3.64 Earths,15.767,2016,https://science.nasa.gov/exoplanet-catalog/kepler-1153-b/
5578,Kepler-1149 b,1217.73,2.67 Earths,15.146,2016,https://science.nasa.gov/exoplanet-catalog/kepler-1149-b/
5579,Kepler-1144 b,1140.57,4.62 Earths,14.943,2016,https://science.nasa.gov/exoplanet-catalog/kepler-1144-b/
5580,Kepler-1598 b,619.862,0.809 Earths,13.929,2016,https://science.nasa.gov/exoplanet-catalog/kepler-1598-b/
5581,Kepler-1597 b,1221.05,1.2 Earths,14.257,2016,https://science.nasa.gov/exoplanet-catalog/kepler-1597-b/
5582,Kepler-1596 b,2146.23,4.27 Earths,15.632,2016,https://science.nasa.gov/exoplanet-catalog/kepler-1596-b/
5583,Kepler-1595 b,845.022,2.04 Earths,15.508,2016,https://science.nasa.gov/exoplanet-catalog/kepler-1595-b/
5584,Kepler-1594 b,976.868,1.2 Earths,14.951,2016,https://science.nasa.gov/exoplanet-catalog/kepler-1594-b/
5585,Kepler-1593 b,638.249,10.2 Earths,16.19,2016,https://science.nasa.gov/exoplanet-catalog/kepler-1593-b/
5586,Kepler-1592 b,1639.47,2.99 Earths,14.94,2016,https://science.nasa.gov/exoplanet-catalog/kepler-1592-b/
5587,Kepler-1591 b,1419.58,2.15 Earths,14.846,2016,https://science.nasa.gov/exoplanet-catalog/kepler-1591-b/
5588,Kepler-1590 b,771.152,1.55 Earths,14.186,2016,https://science.nasa.gov/exoplanet-catalog/kepler-1590-b/
5589,Kepler-1589 b,1513.14,1.32 Earths,15.074,2016,https://science.nasa.gov/exoplanet-catalog/kepler-1589-b/
5590,Kepler-1588 b,924.141,0.363 Earths,13.94,2016,https://science.nasa.gov/exoplanet-catalog/kepler-1588-b/
5591,Kepler-1587 b,1026.48,2.33 Earths,14.166,2016,https://science.nasa.gov/exoplanet-catalog/kepler-1587-b/
5592,Kepler-1586 b,552.55,2.92 Earths,13.278,2016,https://science.nasa.gov/exoplanet-catalog/kepler-1586-b/
5593,Kepler-1585 b,944.465,3.86 Earths,16.326,2016,https://science.nasa.gov/exoplanet-catalog/kepler-1585-b/
5594,Kepler-1584 b,1416.31,3.22 Earths,15.105,2016,https://science.nasa.gov/exoplanet-catalog/kepler-1584-b/
5595,Kepler-1583 b,403.933,0.156 Earths,12.976,2016,https://science.nasa.gov/exoplanet-catalog/kepler-1583-b/
5596,Kepler-1582 b,78.8906,2.83 Earths,17.96,2016,https://science.nasa.gov/exoplanet-catalog/kepler-1582-b/
5597,Kepler-1581 b,493.175,0.437 Earths,12.442,2016,https://science.nasa.gov/exoplanet-catalog/kepler-1581-b/
5598,Kepler-1580 b,1002.02,5.1 Earths,12.635,2016,https://science.nasa.gov/exoplanet-catalog/kepler-1580-b/
5599,Kepler-1579 b,466,0.52 Earths,15.49,2016,https://science.nasa.gov/exoplanet-catalog/kepler-1579-b/
5600,Kepler-1578 b,1064.05,1.12 Earths,15.585,2016,https://science.nasa.gov/exoplanet-catalog/kepler-1578-b/
5601,Kepler-1577 b,510.029,1.51 Earths,15.228,2016,https://science.nasa.gov/exoplanet-catalog/kepler-1577-b/
5602,Kepler-1576 b,460.91,1.12 Earths,13.439,2016,https://science.nasa.gov/exoplanet-catalog/kepler-1576-b/
5603,Kepler-1575 b,1246.92,2.27 Earths,15.53,2016,https://science.nasa.gov/exoplanet-catalog/kepler-1575-b/
5604,Kepler-1574 b,1384.16,2.21 Earths,15.188,2016,https://science.nasa.gov/exoplanet-catalog/kepler-1574-b/
5605,Kepler-1573 b,1455.36,1.87 Earths,15.304,2016,https://science.nasa.gov/exoplanet-catalog/kepler-1573-b/
5606,Kepler-1572 b,946.602,0.779 Earths,13.879,2016,https://science.nasa.gov/exoplanet-catalog/kepler-1572-b/
5607,Kepler-1571 b,675.303,2.92 Earths,13.975,2016,https://science.nasa.gov/exoplanet-catalog/kepler-1571-b/
5608,Kepler-1570 b,918.995,1.24 Earths,14.242,2016,https://science.nasa.gov/exoplanet-catalog/kepler-1570-b/
5609,Kepler-1569 b,945.454,3.46 Earths,14.123,2016,https://science.nasa.gov/exoplanet-catalog/kepler-1569-b/
5610,Kepler-1568 b,916.313,2.24 Earths,14.138,2016,https://science.nasa.gov/exoplanet-catalog/kepler-1568-b/
5611,Kepler-1567 b,1206.11,7.9 Earths,15.92,2016,https://science.nasa.gov/exoplanet-catalog/kepler-1567-b/
5612,Kepler-1566 b,466.586,0.418 Earths,14.564,2016,https://science.nasa.gov/exoplanet-catalog/kepler-1566-b/
5613,Kepler-1565 b,629.93,1.81 Earths,15.381,2016,https://science.nasa.gov/exoplanet-catalog/kepler-1565-b/
5614,Kepler-1564 b,908.805,2.76 Earths,15.124,2016,https://science.nasa.gov/exoplanet-catalog/kepler-1564-b/
5615,Kepler-1563 b,616.697,0.347 Earths,13.696,2016,https://science.nasa.gov/exoplanet-catalog/kepler-1563-b/
5616,Kepler-1562 b,2060.72,12.3 Earths,15.303,2016,https://science.nasa.gov/exoplanet-catalog/kepler-1562-b/
5617,Kepler-1561 b,839.076,1.32 Earths,14.734,2016,https://science.nasa.gov/exoplanet-catalog/kepler-1561-b/
5618,Kepler-1560 b,502.497,0.64 Earths,13.505,2016,https://science.nasa.gov/exoplanet-catalog/kepler-1560-b/
5619,Kepler-1559 b,614.827,0.299 Earths,14.549,2016,https://science.nasa.gov/exoplanet-catalog/kepler-1559-b/
5620,Kepler-1558 b,325.737,0.244 Earths,13.809,2016,https://science.nasa.gov/exoplanet-catalog/kepler-1558-b/
5621,Kepler-1557 b,1380.16,2.96 Earths,15.383,2016,https://science.nasa.gov/exoplanet-catalog/kepler-1557-b/
5622,Kepler-1556 b,944.54,4.5 Earths,15.651,2016,https://science.nasa.gov/exoplanet-catalog/kepler-1556-b/
5623,Kepler-1555 b,2013.27,3.22 Earths,15.425,2016,https://science.nasa.gov/exoplanet-catalog/kepler-1555-b/
5624,Kepler-1554 b,946.847,8.75 Earths,15.93,2016,https://science.nasa.gov/exoplanet-catalog/kepler-1554-b/
5625,Kepler-1553 b,692.594,1.6 Earths,15.251,2016,https://science.nasa.gov/exoplanet-catalog/kepler-1553-b/
5626,Kepler-1552 b,769.096,6.66 Earths,15.203,2016,https://science.nasa.gov/exoplanet-catalog/kepler-1552-b/
5627,Kepler-1551 b,1463.72,7.56 Earths,15.371,2016,https://science.nasa.gov/exoplanet-catalog/kepler-1551-b/
5628,Kepler-1550 b,1179.01,9.38 Earths,15.107,2016,https://science.nasa.gov/exoplanet-catalog/kepler-1550-b/
5629,Kepler-1549 b,803.052,7.13 Earths,15.353,2016,https://science.nasa.gov/exoplanet-catalog/kepler-1549-b/
5630,Kepler-1548 b,872.279,7.46 Earths,15.324,2016,https://science.nasa.gov/exoplanet-catalog/kepler-1548-b/
5631,Kepler-1547 b,674.695,0.666 Earths,13.464,2016,https://science.nasa.gov/exoplanet-catalog/kepler-1547-b/
5632,Kepler-1546 b,931.956,9.96 Earths,15.596,2016,https://science.nasa.gov/exoplanet-catalog/kepler-1546-b/
5633,Kepler-1545 b,729.964,7.75 Earths,15.256,2016,https://science.nasa.gov/exoplanet-catalog/kepler-1545-b/
5634,Kepler-1544 b,335.09,3.82 Earths,14.287,2016,https://science.nasa.gov/exoplanet-catalog/kepler-1544-b/
5635,Kepler-1543 b,921.784,7.8 Earths,13.495,2016,https://science.nasa.gov/exoplanet-catalog/kepler-1543-b/
5636,Kepler-1542 e,399.114,0.363 Earths,12.734,2016,https://science.nasa.gov/exoplanet-catalog/kepler-1542-e/
5637,Kepler-1542 d,399.114,0.59 Earths,12.734,2016,https://science.nasa.gov/exoplanet-catalog/kepler-1542-d/
5638,Kepler-1542 c,399.114,0.208 Earths,12.734,2016,https://science.nasa.gov/exoplanet-catalog/kepler-1542-c/
5639,Kepler-1542 b,399.114,0.363 Earths,12.734,2016,https://science.nasa.gov/exoplanet-catalog/kepler-1542-b/
5640,Kepler-1541 b,416.692,1.65 Earths,13.944,2016,https://science.nasa.gov/exoplanet-catalog/kepler-1541-b/
5641,Kepler-1540 b,244.96,6.76 Earths,14.429,2016,https://science.nasa.gov/exoplanet-catalog/kepler-1540-b/
5642,Kepler-1539 b,748.326,7.75 Earths,15.487,2016,https://science.nasa.gov/exoplanet-catalog/kepler-1539-b/
5643,Kepler-1538 b,1125.3,8.35 Earths,15.551,2016,https://science.nasa.gov/exoplanet-catalog/kepler-1538-b/
5644,Kepler-1537 b,517.292,1.76 Earths,14.827,2016,https://science.nasa.gov/exoplanet-catalog/kepler-1537-b/
5645,Kepler-1536 b,387.248,10 Earths,15.464,2016,https://science.nasa.gov/exoplanet-catalog/kepler-1536-b/
5646,Kepler-1535 b,897.733,7.04 Earths,14.385,2016,https://science.nasa.gov/exoplanet-catalog/kepler-1535-b/
5647,Kepler-1534 b,1107,4.23 Earths,16.429,2016,https://science.nasa.gov/exoplanet-catalog/kepler-1534-b/
5648,Kepler-1533 b,966.801,11.8 Earths,13.289,2016,https://science.nasa.gov/exoplanet-catalog/kepler-1533-b/
5649,Kepler-1532 b,798.246,2.39 Earths,15.293,2016,https://science.nasa.gov/exoplanet-catalog/kepler-1532-b/
5650,Kepler-1531 b,666.334,1.41 Earths,13.202,2016,https://science.nasa.gov/exoplanet-catalog/kepler-1531-b/
5651,Kepler-1530 c,489.876,3.36 Earths,14.15,2016,https://science.nasa.gov/exoplanet-catalog/kepler-1530-c/
5652,Kepler-1530 b,489.876,3.33 Earths,14.15,2016,https://science.nasa.gov/exoplanet-catalog/kepler-1530-b/
5653,Kepler-1529 b,661.014,5.06 Earths,15.297,2016,https://science.nasa.gov/exoplanet-catalog/kepler-1529-b/
5654,Kepler-1528 b,817.534,2.73 Earths,14.576,2016,https://science.nasa.gov/exoplanet-catalog/kepler-1528-b/
5655,Kepler-1527 b,1842.13,20.4 Earths,15.161,2016,https://science.nasa.gov/exoplanet-catalog/kepler-1527-b/
5656,Kepler-1526 b,555.574,6.48 Earths,15.935,2016,https://science.nasa.gov/exoplanet-catalog/kepler-1526-b/
5657,Kepler-1525 b,382.989,0.693 Earths,12.797,2016,https://science.nasa.gov/exoplanet-catalog/kepler-1525-b/
5658,Kepler-1524 b,381.773,12.3 Earths,12.802,2016,https://science.nasa.gov/exoplanet-catalog/kepler-1524-b/
5659,Kepler-1523 b,865.596,3.12 Earths,14.993,2016,https://science.nasa.gov/exoplanet-catalog/kepler-1523-b/
5660,Kepler-1522 b,814.125,3.64 Earths,14.357,2016,https://science.nasa.gov/exoplanet-catalog/kepler-1522-b/
5661,Kepler-1521 b,206.983,6.8 Earths,13.049,2016,https://science.nasa.gov/exoplanet-catalog/kepler-1521-b/
5662,Kepler-1520 b,607.917,28.1 Earths,16.002,2016,https://science.nasa.gov/exoplanet-catalog/kepler-1520-b/
5663,Kepler-1519 b,1441.63,39.6 Earths,15.124,2016,https://science.nasa.gov/exoplanet-catalog/kepler-1519-b/
5664,Kepler-1518 b,903.51,9.53 Earths,13.374,2016,https://science.nasa.gov/exoplanet-catalog/kepler-1518-b/
5665,Kepler-1517 b,847.299,0.216 Jupiters,12.228,2016,https://science.nasa.gov/exoplanet-catalog/kepler-1517-b/
5666,Kepler-1516 b,1358.95,3.71 Earths,14.65,2016,https://science.nasa.gov/exoplanet-catalog/kepler-1516-b/
5667,Kepler-1515 b,539.321,0.208 Jupiters,12.1,2016,https://science.nasa.gov/exoplanet-catalog/kepler-1515-b/
5668,Kepler-1514 b,397.292,5.28 Jupiters,11.766,2016,https://science.nasa.gov/exoplanet-catalog/kepler-1514-b/
5669,Kepler-1513 b,349.247,0.152 Jupiters,13.071,2016,https://science.nasa.gov/exoplanet-catalog/kepler-1513-b/
5670,Kepler-1512 b,162,1.76 Earths,13.451,2016,https://science.nasa.gov/exoplanet-catalog/kepler-1512-b/
5671,Kepler-1511 b,1475.6,3.46 Earths,13.564,2016,https://science.nasa.gov/exoplanet-catalog/kepler-1511-b/
5672,Kepler-1510 b,1696.25,11.2 Earths,15.315,2016,https://science.nasa.gov/exoplanet-catalog/kepler-1510-b/
5673,Kepler-1509 b,2002.96,4.08 Earths,15.455,2016,https://science.nasa.gov/exoplanet-catalog/kepler-1509-b/
5674,Kepler-1508 b,1260.28,2.33 Earths,14.561,2016,https://science.nasa.gov/exoplanet-catalog/kepler-1508-b/
5675,Kepler-1507 b,320.478,0.52 Earths,13.267,2016,https://science.nasa.gov/exoplanet-catalog/kepler-1507-b/
5676,Kepler-1506 b,2366.02,2.3 Earths,15.836,2016,https://science.nasa.gov/exoplanet-catalog/kepler-1506-b/
5677,Kepler-1505 b,495.148,0.749 Earths,13.043,2016,https://science.nasa.gov/exoplanet-catalog/kepler-1505-b/
5678,Kepler-1504 b,2435.94,5.18 Earths,15.883,2016,https://science.nasa.gov/exoplanet-catalog/kepler-1504-b/
5679,Kepler-1503 b,1225.57,5.77 Earths,15.892,2016,https://science.nasa.gov/exoplanet-catalog/kepler-1503-b/
5680,Kepler-1502 b,1514.02,10.2 Earths,14.18,2016,https://science.nasa.gov/exoplanet-catalog/kepler-1502-b/
5681,Kepler-1501 b,749.06,3.05 Earths,13.683,2016,https://science.nasa.gov/exoplanet-catalog/kepler-1501-b/
5682,Kepler-1500 b,1217.82,1.87 Earths,14.728,2016,https://science.nasa.gov/exoplanet-catalog/kepler-1500-b/
5683,Kepler-1499 b,309.869,1.81 Earths,13.676,2016,https://science.nasa.gov/exoplanet-catalog/kepler-1499-b/
5684,Kepler-1498 b,740,2.33 Earths,15.352,2016,https://science.nasa.gov/exoplanet-catalog/kepler-1498-b/
5685,Kepler-1497 b,1122,3.39 Earths,15.707,2016,https://science.nasa.gov/exoplanet-catalog/kepler-1497-b/
5686,Kepler-1496 b,1307.66,5.56 Earths,14.832,2016,https://science.nasa.gov/exoplanet-catalog/kepler-1496-b/
5687,Kepler-1495 b,1355.54,8.96 Earths,15.494,2016,https://science.nasa.gov/exoplanet-catalog/kepler-1495-b/
5688,Kepler-1494 b,1285.48,9.64 Earths,15.372,2016,https://science.nasa.gov/exoplanet-catalog/kepler-1494-b/
5689,Kepler-1493 b,555.051,2.57 Earths,13.7192,2016,https://science.nasa.gov/exoplanet-catalog/kepler-1493-b/
5690,Kepler-1492 b,331.553,2.83 Earths,14.689,2016,https://science.nasa.gov/exoplanet-catalog/kepler-1492-b/
5691,Kepler-1491 b,2065.59,2.89 Earths,15.796,2016,https://science.nasa.gov/exoplanet-catalog/kepler-1491-b/
5692,Kepler-1490 b,862.92,9.48 Earths,15.616,2016,https://science.nasa.gov/exoplanet-catalog/kepler-1490-b/
5693,Kepler-1489 b,1283.05,3.78 Earths,14.983,2016,https://science.nasa.gov/exoplanet-catalog/kepler-1489-b/
5694,Kepler-1488 b,905.825,4.12 Earths,13.146,2016,https://science.nasa.gov/exoplanet-catalog/kepler-1488-b/
5695,Kepler-1487 b,1014.62,5.18 Earths,13.6,2016,https://science.nasa.gov/exoplanet-catalog/kepler-1487-b/
5696,Kepler-1486 b,1769.14,5.99 Earths,15.317,2016,https://science.nasa.gov/exoplanet-catalog/kepler-1486-b/
5697,Kepler-1485 b,615.66,2.76 Earths,13.411,2016,https://science.nasa.gov/exoplanet-catalog/kepler-1485-b/
5698,Kepler-1484 b,2879.83,5.1 Earths,15.351,2016,https://science.nasa.gov/exoplanet-catalog/kepler-1484-b/
5699,Kepler-1483 b,1273.78,2.92 Earths,14.52,2016,https://science.nasa.gov/exoplanet-catalog/kepler-1483-b/
5700,Kepler-1482 b,567.556,1.01 Earths,13.967,2016,https://science.nasa.gov/exoplanet-catalog/kepler-1482-b/
5701,Kepler-1481 b,459.076,2.04 Earths,14.929,2016,https://science.nasa.gov/exoplanet-catalog/kepler-1481-b/
5702,Kepler-1480 b,500.892,3.43 Earths,14.703,2016,https://science.nasa.gov/exoplanet-catalog/kepler-1480-b/
5703,Kepler-1479 b,728.668,4.01 Earths,13.914,2016,https://science.nasa.gov/exoplanet-catalog/kepler-1479-b/
5704,Kepler-1478 b,1845.58,3.64 Earths,15.409,2016,https://science.nasa.gov/exoplanet-catalog/kepler-1478-b/
5705,Kepler-1477 b,680.828,1.76 Earths,14.72,2016,https://science.nasa.gov/exoplanet-catalog/kepler-1477-b/
5706,Kepler-1476 b,1002.74,3.43 Earths,15.574,2016,https://science.nasa.gov/exoplanet-catalog/kepler-1476-b/
5707,Kepler-1475 b,1568.38,8.85 Earths,15.36,2016,https://science.nasa.gov/exoplanet-catalog/kepler-1475-b/
5708,Kepler-1474 b,1180.9,5.31 Earths,15.35,2016,https://science.nasa.gov/exoplanet-catalog/kepler-1474-b/
5709,Kepler-1473 b,652.253,1.81 Earths,13.486,2016,https://science.nasa.gov/exoplanet-catalog/kepler-1473-b/
5710,Kepler-1472 b,1479.14,4.27 Earths,14.666,2016,https://science.nasa.gov/exoplanet-catalog/kepler-1472-b/
5711,Kepler-1471 b,978.678,2.57 Earths,15.421,2016,https://science.nasa.gov/exoplanet-catalog/kepler-1471-b/
5712,Kepler-1470 b,590.601,1.24 Earths,15.252,2016,https://science.nasa.gov/exoplanet-catalog/kepler-1470-b/
5713,Kepler-1469 b,1159.3,8.25 Earths,16.2388,2016,https://science.nasa.gov/exoplanet-catalog/kepler-1469-b/
5714,Kepler-1468 c,1899.24,1.6 Earths,15.111,2016,https://science.nasa.gov/exoplanet-catalog/kepler-1468-c/
5715,Kepler-1468 b,1899.24,3.64 Earths,15.111,2016,https://science.nasa.gov/exoplanet-catalog/kepler-1468-b/
5716,Kepler-1467 b,852.888,10.9 Earths,15.83,2016,https://science.nasa.gov/exoplanet-catalog/kepler-1467-b/
5717,Kepler-1466 b,631.949,3.02 Earths,14.026,2016,https://science.nasa.gov/exoplanet-catalog/kepler-1466-b/
5718,Kepler-1465 b,359.497,3.78 Earths,14.724,2016,https://science.nasa.gov/exoplanet-catalog/kepler-1465-b/
5719,Kepler-1464 c,1151.73,0.972 Earths,14.358,2016,https://science.nasa.gov/exoplanet-catalog/kepler-1464-c/
5720,Kepler-1464 b,1151.73,3.39 Earths,14.358,2016,https://science.nasa.gov/exoplanet-catalog/kepler-1464-b/
5721,Kepler-1463 b,1687.47,4.12 Earths,15.905,2016,https://science.nasa.gov/exoplanet-catalog/kepler-1463-b/
5722,Kepler-1462 b,1017.82,14 Earths,15.888,2016,https://science.nasa.gov/exoplanet-catalog/kepler-1462-b/
5723,Kepler-1461 b,679.106,4.78 Earths,15.828,2016,https://science.nasa.gov/exoplanet-catalog/kepler-1461-b/
5724,Kepler-1460 b,553.218,4.5 Earths,16.166,2016,https://science.nasa.gov/exoplanet-catalog/kepler-1460-b/
5725,Kepler-1459 b,455.479,2.42 Earths,14.893,2016,https://science.nasa.gov/exoplanet-catalog/kepler-1459-b/
5726,Kepler-1458 b,544.45,8.05 Earths,14.434,2016,https://science.nasa.gov/exoplanet-catalog/kepler-1458-b/
5727,Kepler-1457 b,889.885,4.62 Earths,14.066,2016,https://science.nasa.gov/exoplanet-catalog/kepler-1457-b/
5728,Kepler-1456 b,370.312,1.55 Earths,15.777,2016,https://science.nasa.gov/exoplanet-catalog/kepler-1456-b/
5729,Kepler-1455 b,357.621,5.31 Earths,16.06,2016,https://science.nasa.gov/exoplanet-catalog/kepler-1455-b/
5730,Kepler-1454 b,780.566,4.19 Earths,15.009,2016,https://science.nasa.gov/exoplanet-catalog/kepler-1454-b/
5731,Kepler-1453 b,1196.04,7.61 Earths,15.695,2016,https://science.nasa.gov/exoplanet-catalog/kepler-1453-b/
5732,Kepler-1452 b,996.32,7.75 Earths,13.215,2016,https://science.nasa.gov/exoplanet-catalog/kepler-1452-b/
5733,Kepler-1451 b,1058.72,11.2 Earths,15.313,2016,https://science.nasa.gov/exoplanet-catalog/kepler-1451-b/
5734,Kepler-1450 b,505.829,3.57 Earths,15.923,2016,https://science.nasa.gov/exoplanet-catalog/kepler-1450-b/
5735,Kepler-1449 b,2006.48,3.46 Earths,15.142,2016,https://science.nasa.gov/exoplanet-catalog/kepler-1449-b/
5736,Kepler-1448 b,768.903,3.22 Earths,14.592,2016,https://science.nasa.gov/exoplanet-catalog/kepler-1448-b/
5737,Kepler-1447 b,890.296,8.75 Earths,14.747,2016,https://science.nasa.gov/exoplanet-catalog/kepler-1447-b/
5738,Kepler-1446 b,152.075,0.477 Earths,12.595,2016,https://science.nasa.gov/exoplanet-catalog/kepler-1446-b/
5739,Kepler-1445 b,506.357,0.84 Earths,12.407,2016,https://science.nasa.gov/exoplanet-catalog/kepler-1445-b/
5740,Kepler-1444 b,319.675,5.39 Earths,12.363,2016,https://science.nasa.gov/exoplanet-catalog/kepler-1444-b/
5741,Kepler-1443 b,593.646,0.871 Earths,12.313,2016,https://science.nasa.gov/exoplanet-catalog/kepler-1443-b/
5742,Kepler-1442 b,608.68,14.7 Earths,12.114,2016,https://science.nasa.gov/exoplanet-catalog/kepler-1442-b/
5743,Kepler-1441 b,1110.48,2.27 Earths,14.29,2016,https://science.nasa.gov/exoplanet-catalog/kepler-1441-b/
5744,Kepler-1440 b,1115.35,2.13 Earths,14.24,2016,https://science.nasa.gov/exoplanet-catalog/kepler-1440-b/
5745,Kepler-1439 b,225.393,2.73 Earths,17.0484,2016,https://science.nasa.gov/exoplanet-catalog/kepler-1439-b/
5746,Kepler-1438 b,1154.13,0.779 Earths,14.983,2016,https://science.nasa.gov/exoplanet-catalog/kepler-1438-b/
5747,Kepler-1437 b,2101.69,2.45 Earths,15.701,2016,https://science.nasa.gov/exoplanet-catalog/kepler-1437-b/
5748,Kepler-1436 b,2530.62,2.27 Earths,15.119,2016,https://science.nasa.gov/exoplanet-catalog/kepler-1436-b/
5749,Kepler-1435 b,704.211,0.566 Earths,12.984,2016,https://science.nasa.gov/exoplanet-catalog/kepler-1435-b/
5750,Kepler-1434 b,775.529,1.41 Earths,12.198,2016,https://science.nasa.gov/exoplanet-catalog/kepler-1434-b/
5751,Kepler-1433 b,1328,3.05 Earths,15.051,2016,https://science.nasa.gov/exoplanet-catalog/kepler-1433-b/
5752,Kepler-1432 b,2171.87,5.56 Earths,15.594,2016,https://science.nasa.gov/exoplanet-catalog/kepler-1432-b/
5753,Kepler-1431 b,1623.24,2.76 Earths,15.4,2016,https://science.nasa.gov/exoplanet-catalog/kepler-1431-b/
5754,Kepler-1430 b,875.523,1.76 Earths,15.567,2016,https://science.nasa.gov/exoplanet-catalog/kepler-1430-b/
5755,Kepler-1429 b,1214.09,2.21 Earths,15.053,2016,https://science.nasa.gov/exoplanet-catalog/kepler-1429-b/
5756,Kepler-1428 b,1530.32,3.33 Earths,13.759,2016,https://science.nasa.gov/exoplanet-catalog/kepler-1428-b/
5757,Kepler-539 c,307.318,2.4 Jupiters,12.444,2016,https://science.nasa.gov/exoplanet-catalog/kepler-539-c/
5758,Kepler-1646 b,127.591,2.04 Earths,16.8419,2016,https://science.nasa.gov/exoplanet-catalog/kepler-1646-b/
5759,Kepler-1645 b,1202.47,3.82 Earths,14.566,2016,https://science.nasa.gov/exoplanet-catalog/kepler-1645-b/
5760,Kepler-1644 b,629.27,4.19 Earths,14.397,2016,https://science.nasa.gov/exoplanet-catalog/kepler-1644-b/
5761,Kepler-1643 b,341.774,5.99 Earths,14.072,2016,https://science.nasa.gov/exoplanet-catalog/kepler-1643-b/
5762,Kepler-1642 c,413.873,7.56 Earths,14.319,2016,https://science.nasa.gov/exoplanet-catalog/kepler-1642-c/
5763,Kepler-1642 b,413.873,10.3 Earths,14.319,2016,https://science.nasa.gov/exoplanet-catalog/kepler-1642-b/
5764,Kepler-1641 c,860.37,9.01 Earths,14.49,2016,https://science.nasa.gov/exoplanet-catalog/kepler-1641-c/
5765,Kepler-1641 b,860.37,9.85 Earths,14.49,2016,https://science.nasa.gov/exoplanet-catalog/kepler-1641-b/
5766,Kepler-1640 b,1859.78,20.7 Earths,14.754,2016,https://science.nasa.gov/exoplanet-catalog/kepler-1640-b/
5767,Kepler-1639 b,1031.31,7.18 Earths,14.593,2016,https://science.nasa.gov/exoplanet-catalog/kepler-1639-b/
5768,Kepler-1638 b,1525.52,4.16 Earths,14.769,2016,https://science.nasa.gov/exoplanet-catalog/kepler-1638-b/
5769,Kepler-1637 b,567.187,0.64 Earths,13.375,2016,https://science.nasa.gov/exoplanet-catalog/kepler-1637-b/
5770,Kepler-1636 b,1947.54,10.5 Earths,15.807,2016,https://science.nasa.gov/exoplanet-catalog/kepler-1636-b/
5771,Kepler-1635 b,1069.45,12.9 Earths,15.82,2016,https://science.nasa.gov/exoplanet-catalog/kepler-1635-b/
5772,Kepler-1634 b,617.339,10.3 Earths,14.636,2016,https://science.nasa.gov/exoplanet-catalog/kepler-1634-b/
5773,Kepler-1633 b,1114.91,3.12 Earths,13.516,2016,https://science.nasa.gov/exoplanet-catalog/kepler-1633-b/
5774,Kepler-1632 b,716.76,6.66 Earths,13.22,2016,https://science.nasa.gov/exoplanet-catalog/kepler-1632-b/
5775,Kepler-1631 b,1305.99,2.39 Earths,15.673,2016,https://science.nasa.gov/exoplanet-catalog/kepler-1631-b/
5776,Kepler-1630 b,331.213,5.43 Earths,14.278,2016,https://science.nasa.gov/exoplanet-catalog/kepler-1630-b/
5777,Kepler-1629 b,336.09,0.381 Earths,12.786,2016,https://science.nasa.gov/exoplanet-catalog/kepler-1629-b/
5778,Kepler-1628 b,352,33.8 Earths,17.8298,2016,https://science.nasa.gov/exoplanet-catalog/kepler-1628-b/
5779,Kepler-1627 b,317.437,13.2 Earths,13.111,2016,https://science.nasa.gov/exoplanet-catalog/kepler-1627-b/
5780,Kepler-1626 b,1368.83,4.74 Earths,14.357,2016,https://science.nasa.gov/exoplanet-catalog/kepler-1626-b/
5781,Kepler-1625 b,2310.11,30.6 Earths,16.227,2016,https://science.nasa.gov/exoplanet-catalog/kepler-1625-b/
5782,Kepler-1624 b,258.979,35.3 Earths,16.597,2016,https://science.nasa.gov/exoplanet-catalog/kepler-1624-b/
5783,Kepler-1623 b,837.481,2.27 Earths,15.205,2016,https://science.nasa.gov/exoplanet-catalog/kepler-1623-b/
5784,Kepler-1622 b,796.477,2.76 Earths,13.437,2016,https://science.nasa.gov/exoplanet-catalog/kepler-1622-b/
5785,Kepler-1621 b,1631.66,5.31 Earths,15.151,2016,https://science.nasa.gov/exoplanet-catalog/kepler-1621-b/
5786,Kepler-1620 b,895.069,3.22 Earths,13.69,2016,https://science.nasa.gov/exoplanet-catalog/kepler-1620-b/
5787,Kepler-1619 b,734.85,0.363 Earths,13.438,2016,https://science.nasa.gov/exoplanet-catalog/kepler-1619-b/
5788,Kepler-1618 b,1229.25,2.13 Earths,13.672,2016,https://science.nasa.gov/exoplanet-catalog/kepler-1618-b/
5789,Kepler-1617 b,898.31,1.87 Earths,13.811,2016,https://science.nasa.gov/exoplanet-catalog/kepler-1617-b/
5790,Kepler-1616 b,1137.81,1.04 Earths,13.491,2016,https://science.nasa.gov/exoplanet-catalog/kepler-1616-b/
5791,Kepler-1615 b,1393.83,4.9 Earths,14.603,2016,https://science.nasa.gov/exoplanet-catalog/kepler-1615-b/
5792,Kepler-1614 b,1191.19,2.83 Earths,16.01,2016,https://science.nasa.gov/exoplanet-catalog/kepler-1614-b/
5793,Kepler-1613 b,1508.33,4.98 Earths,14.192,2016,https://science.nasa.gov/exoplanet-catalog/kepler-1613-b/
5794,Kepler-1612 b,764.726,1.08 Earths,14.936,2016,https://science.nasa.gov/exoplanet-catalog/kepler-1612-b/
5795,Kepler-1611 b,908.444,0.457 Earths,14.627,2016,https://science.nasa.gov/exoplanet-catalog/kepler-1611-b/
5796,Kepler-1610 b,864.331,3.22 Earths,16.077,2016,https://science.nasa.gov/exoplanet-catalog/kepler-1610-b/
5797,Kepler-1609 b,1826.04,5.56 Earths,15.159,2016,https://science.nasa.gov/exoplanet-catalog/kepler-1609-b/
5798,Kepler-1608 b,832,3.64 Earths,16.265,2016,https://science.nasa.gov/exoplanet-catalog/kepler-1608-b/
5799,Kepler-1607 b,1286.1,0.721 Earths,13.969,2016,https://science.nasa.gov/exoplanet-catalog/kepler-1607-b/
5800,Kepler-1606 b,831.287,4.94 Earths,15.396,2016,https://science.nasa.gov/exoplanet-catalog/kepler-1606-b/
5801,Kepler-1605 b,546.23,1.28 Earths,12.592,2016,https://science.nasa.gov/exoplanet-catalog/kepler-1605-b/
5802,Kepler-1604 b,541.189,2.57 Earths,15.224,2016,https://science.nasa.gov/exoplanet-catalog/kepler-1604-b/
5803,Kepler-1603 b,2712.58,2.21 Earths,15.397,2016,https://science.nasa.gov/exoplanet-catalog/kepler-1603-b/
5804,Kepler-1602 b,629.804,2.36 Earths,13.362,2016,https://science.nasa.gov/exoplanet-catalog/kepler-1602-b/
5805,Kepler-1601 b,644.456,0.477 Earths,13.842,2016,https://science.nasa.gov/exoplanet-catalog/kepler-1601-b/
5806,Kepler-1600 b,1030.81,9.96 Earths,16.076,2016,https://science.nasa.gov/exoplanet-catalog/kepler-1600-b/
5807,Kepler-1599 b,1328.2,3.26 Earths,14.97,2016,https://science.nasa.gov/exoplanet-catalog/kepler-1599-b/
5808,Kepler-814 b,2055.77,5.14 Earths,14.859,2016,https://science.nasa.gov/exoplanet-catalog/kepler-814-b/
5809,Kepler-809 b,961.405,9.32 Earths,14.875,2016,https://science.nasa.gov/exoplanet-catalog/kepler-809-b/
5810,Kepler-804 c,649.65,1.55 Earths,13.864,2016,https://science.nasa.gov/exoplanet-catalog/kepler-804-c/
5811,Kepler-800 b,1019.26,8.5 Earths,15.92,2016,https://science.nasa.gov/exoplanet-catalog/kepler-800-b/
5812,Kepler-796 b,817.584,2.24 Earths,13.175,2016,https://science.nasa.gov/exoplanet-catalog/kepler-796-b/
5813,Kepler-791 b,1266.34,9.53 Earths,14.473,2016,https://science.nasa.gov/exoplanet-catalog/kepler-791-b/
5814,Kepler-786 b,485.318,6.48 Earths,15.253,2016,https://science.nasa.gov/exoplanet-catalog/kepler-786-b/
5815,Kepler-781 b,1064.47,8.7 Earths,16.207,2016,https://science.nasa.gov/exoplanet-catalog/kepler-781-b/
5816,Kepler-777 b,443.106,2.76 Earths,16.131,2016,https://science.nasa.gov/exoplanet-catalog/kepler-777-b/
5817,Kepler-749 b,721.027,9.8 Earths,16.153,2016,https://science.nasa.gov/exoplanet-catalog/kepler-749-b/
5818,Kepler-745 b,1780.38,5.31 Earths,15.427,2016,https://science.nasa.gov/exoplanet-catalog/kepler-745-b/
5819,Kepler-740 b,1442.02,18.9 Earths,16.022,2016,https://science.nasa.gov/exoplanet-catalog/kepler-740-b/
5820,Kepler-735 b,695.059,9.01 Earths,15.492,2016,https://science.nasa.gov/exoplanet-catalog/kepler-735-b/
5821,Kepler-732 b,174.826,5.39 Earths,16.53,2016,https://science.nasa.gov/exoplanet-catalog/kepler-732-b/
5822,Kepler-727 b,831.842,6.94 Earths,15.453,2016,https://science.nasa.gov/exoplanet-catalog/kepler-727-b/
5823,Kepler-722 c,1239.5,8.35 Earths,15.489,2016,https://science.nasa.gov/exoplanet-catalog/kepler-722-c/
5824,Kepler-718 b,1302.33,Unknown,15.399,2016,https://science.nasa.gov/exoplanet-catalog/kepler-718-b/
5825,Kepler-714 b,2083.37,0.213 Jupiters,15.43,2016,https://science.nasa.gov/exoplanet-catalog/kepler-714-b/
5826,Kepler-710 b,1448.34,4.19 Earths,15.071,2016,https://science.nasa.gov/exoplanet-catalog/kepler-710-b/
5827,Kepler-676 b,295.196,9.48 Earths,17.15,2016,https://science.nasa.gov/exoplanet-catalog/kepler-676-b/
5828,Kepler-671 b,1168.26,7.7 Earths,15.491,2016,https://science.nasa.gov/exoplanet-catalog/kepler-671-b/
5829,Kepler-667 b,2302.45,20.1 Earths,15.362,2016,https://science.nasa.gov/exoplanet-catalog/kepler-667-b/
5830,Kepler-662 b,815.637,5.39 Earths,15.598,2016,https://science.nasa.gov/exoplanet-catalog/kepler-662-b/
5831,Kepler-657 b,1691.88,12.2 Earths,15.404,2016,https://science.nasa.gov/exoplanet-catalog/kepler-657-b/
5832,Kepler-621 b,389,5.9 Earths,15.22,2016,https://science.nasa.gov/exoplanet-catalog/kepler-621-b/
5833,Kepler-617 b,173.354,2.3 Earths,15.549,2016,https://science.nasa.gov/exoplanet-catalog/kepler-617-b/
5834,Kepler-613 b,861.494,5.86 Earths,14.795,2016,https://science.nasa.gov/exoplanet-catalog/kepler-613-b/
5835,Kepler-609 b,1065.82,11.2 Earths,14.96,2016,https://science.nasa.gov/exoplanet-catalog/kepler-609-b/
5836,Kepler-602 b,1159.31,5.02 Earths,14.72,2016,https://science.nasa.gov/exoplanet-catalog/kepler-602-b/
5837,Kepler-601 b,414.825,4.27 Earths,14.151,2016,https://science.nasa.gov/exoplanet-catalog/kepler-601-b/
5838,Kepler-600 b,619.723,8.75 Earths,14.846,2016,https://science.nasa.gov/exoplanet-catalog/kepler-600-b/
5839,Kepler-599 b,558.517,8.45 Earths,15.067,2016,https://science.nasa.gov/exoplanet-catalog/kepler-599-b/
5840,Kepler-598 b,681.086,2.86 Earths,14.829,2016,https://science.nasa.gov/exoplanet-catalog/kepler-598-b/
5841,Kepler-597 b,663.418,6.21 Earths,14.12,2016,https://science.nasa.gov/exoplanet-catalog/kepler-597-b/
5842,Kepler-596 b,1023.85,11.8 Earths,14.128,2016,https://science.nasa.gov/exoplanet-catalog/kepler-596-b/
5843,Kepler-595 b,643.009,17.4 Earths,15.067,2016,https://science.nasa.gov/exoplanet-catalog/kepler-595-b/
5844,Kepler-594 b,769.2,5.39 Earths,14.906,2016,https://science.nasa.gov/exoplanet-catalog/kepler-594-b/
5845,Kepler-593 b,973.76,8.6 Earths,14.622,2016,https://science.nasa.gov/exoplanet-catalog/kepler-593-b/
5846,Kepler-592 b,1153.13,6.3 Earths,14.846,2016,https://science.nasa.gov/exoplanet-catalog/kepler-592-b/
5847,Kepler-591 b,785.137,11.4 Earths,14.628,2016,https://science.nasa.gov/exoplanet-catalog/kepler-591-b/
5848,Kepler-590 b,1421.81,15.2 Earths,14.554,2016,https://science.nasa.gov/exoplanet-catalog/kepler-590-b/
5849,Kepler-589 b,612.803,5.77 Earths,14.775,2016,https://science.nasa.gov/exoplanet-catalog/kepler-589-b/
5850,Kepler-588 b,1209.4,7.41 Earths,14.8,2016,https://science.nasa.gov/exoplanet-catalog/kepler-588-b/
5851,Kepler-587 b,787.894,5.6 Earths,15.011,2016,https://science.nasa.gov/exoplanet-catalog/kepler-587-b/
5852,Kepler-586 b,693.766,8.2 Earths,14.435,2016,https://science.nasa.gov/exoplanet-catalog/kepler-586-b/
5853,Kepler-585 b,585.187,8.4 Earths,14.188,2016,https://science.nasa.gov/exoplanet-catalog/kepler-585-b/
5854,Kepler-584 b,1848.84,16.5 Earths,14.973,2016,https://science.nasa.gov/exoplanet-catalog/kepler-584-b/
5855,Kepler-583 b,867.271,5.82 Earths,14.883,2016,https://science.nasa.gov/exoplanet-catalog/kepler-583-b/
5856,Kepler-176 e,527.321,0.52075 Earths,14.767,2016,https://science.nasa.gov/exoplanet-catalog/kepler-176-e/
5857,WASP-126 b,216.526,0.28411415 Jupiters,10.994,2016,https://science.nasa.gov/exoplanet-catalog/wasp-126-b/
5858,KELT-15 b,324.683,1.31 Jupiters,11.39,2016,https://science.nasa.gov/exoplanet-catalog/kelt-15-b/
5859,KELT-14 b,250.121,1.284 Jupiters,11.001,2016,https://science.nasa.gov/exoplanet-catalog/kelt-14-b/
5860,WASP-90 b,466.433,0.63 Jupiters,11.618,2016,https://science.nasa.gov/exoplanet-catalog/wasp-90-b/
5861,WASP-76 b,194.459,0.894 Jupiters,9.518,2016,https://science.nasa.gov/exoplanet-catalog/wasp-76-b/
5862,Kepler-53 b,1366.07,0.34924506 Jupiters,15.367,2012,https://science.nasa.gov/exoplanet-catalog/kepler-53-b/
5863,Kepler-52 d,321.542,0.27963989 Jupiters,15.513,2014,https://science.nasa.gov/exoplanet-catalog/kepler-52-d/
5864,Kepler-52 c,321.542,0.14284437 Jupiters,15.513,2012,https://science.nasa.gov/exoplanet-catalog/kepler-52-c/
5865,Kepler-51 d,783.831,7.6 Earths,14.885,2014,https://science.nasa.gov/exoplanet-catalog/kepler-51-d/
5866,Kepler-51 c,783.831,4 Earths,14.885,2012,https://science.nasa.gov/exoplanet-catalog/kepler-51-c/
5867,Kepler-51 b,783.831,2.1 Earths,14.885,2012,https://science.nasa.gov/exoplanet-catalog/kepler-51-b/
5868,Kepler-50 b,250.11,8.9 Earths,10.544,2012,https://science.nasa.gov/exoplanet-catalog/kepler-50-b/
5869,Kepler-49 e,311.222,1.03815 Earths,15.655,2014,https://science.nasa.gov/exoplanet-catalog/kepler-49-e/
5870,Kepler-49 d,311.222,0.7424824 Jupiters,15.655,2014,https://science.nasa.gov/exoplanet-catalog/kepler-49-d/
5871,Kepler-49 b,311.222,9.77 Earths,15.655,2012,https://science.nasa.gov/exoplanet-catalog/kepler-49-b/
5872,Kepler-48 e,306.738,2.067 Jupiters,13.174,2014,https://science.nasa.gov/exoplanet-catalog/kepler-48-e/
5873,Kepler-48 d,306.738,7.93 Earths,13.174,2014,https://science.nasa.gov/exoplanet-catalog/kepler-48-d/
5874,Kepler-48 c,306.738,14.61 Earths,13.174,2012,https://science.nasa.gov/exoplanet-catalog/kepler-48-c/
5875,Kepler-47 c,1025.02,3.17 Earths,15.31,2012,https://science.nasa.gov/exoplanet-catalog/kepler-47-c/
5876,Kepler-47 b,1025.02,2.07 Earths,15.31,2012,https://science.nasa.gov/exoplanet-catalog/kepler-47-b/
5877,Kepler-46 d,777.06,3.33 Earths,15.312,2014,https://science.nasa.gov/exoplanet-catalog/kepler-46-d/
5878,Kepler-46 b,777.06,6 Jupiters,15.312,2012,https://science.nasa.gov/exoplanet-catalog/kepler-46-b/
5879,Kepler-45 b,381.949,0.505 Jupiters,16.744,2011,https://science.nasa.gov/exoplanet-catalog/kepler-45-b/
5880,Kepler-44 b,1188,1 Jupiter,14.803,2011,https://science.nasa.gov/exoplanet-catalog/kepler-44-b/
5881,Kepler-42 d,40.0595,0.357785 Earths,16.7,2011,https://science.nasa.gov/exoplanet-catalog/kepler-42-d/
5882,Kepler-42 c,40.0595,0.18984143 Jupiters,16.7,2011,https://science.nasa.gov/exoplanet-catalog/kepler-42-c/
5883,Kepler-42 b,40.0595,0.705944 Earths,16.7,2011,https://science.nasa.gov/exoplanet-catalog/kepler-42-b/
5884,Kepler-41 b,1093.08,0.56 Jupiters,14.509,2011,https://science.nasa.gov/exoplanet-catalog/kepler-41-b/
5885,Kepler-39 b,1057.41,20.1 Jupiters,14.355,2011,https://science.nasa.gov/exoplanet-catalog/kepler-39-b/
5886,Kepler-38 b,1174.59,0.384 Jupiters,14.015,2012,https://science.nasa.gov/exoplanet-catalog/kepler-38-b/
5887,Kepler-37 d,63.9207,2 Earths,9.770001,2013,https://science.nasa.gov/exoplanet-catalog/kepler-37-d/
5888,Kepler-37 c,63.9207,1.3 Earths,9.770001,2013,https://science.nasa.gov/exoplanet-catalog/kepler-37-c/
5889,Kepler-37 b,63.9207,0.79 Earths,9.770001,2013,https://science.nasa.gov/exoplanet-catalog/kepler-37-b/
5890,Kepler-36 c,527.956,7.13 Earths,11.941,2012,https://science.nasa.gov/exoplanet-catalog/kepler-36-c/
5891,Kepler-36 b,527.956,3.83 Earths,11.941,2012,https://science.nasa.gov/exoplanet-catalog/kepler-36-b/
5892,Kepler-35 b,1819.17,0.127 Jupiters,15.863,2011,https://science.nasa.gov/exoplanet-catalog/kepler-35-b/
5893,Kepler-34 b,1800.82,0.22 Jupiters,15.087,2011,https://science.nasa.gov/exoplanet-catalog/kepler-34-b/
5894,Kepler-33 f,1209.16,9.6 Earths,14.099,2011,https://science.nasa.gov/exoplanet-catalog/kepler-33-f/
5895,Kepler-33 e,1209.16,5.57 Earths,14.099,2011,https://science.nasa.gov/exoplanet-catalog/kepler-33-e/
5896,Kepler-33 d,1209.16,3.91 Earths,14.099,2011,https://science.nasa.gov/exoplanet-catalog/kepler-33-d/
5897,Kepler-181 c,609.283,4.62 Earths,14.854,2014,https://science.nasa.gov/exoplanet-catalog/kepler-181-c/
5898,Kepler-181 b,609.283,2.15 Earths,14.854,2014,https://science.nasa.gov/exoplanet-catalog/kepler-181-b/
5899,Kepler-180 c,695.65,9.32 Earths,14.488,2014,https://science.nasa.gov/exoplanet-catalog/kepler-180-c/
5900,Kepler-180 b,695.65,2.86 Earths,14.488,2014,https://science.nasa.gov/exoplanet-catalog/kepler-180-b/
5901,Kepler-179 c,605.68,4.66 Earths,14.772,2014,https://science.nasa.gov/exoplanet-catalog/kepler-179-c/
5902,Kepler-179 b,605.68,3.33 Earths,14.772,2014,https://science.nasa.gov/exoplanet-catalog/kepler-179-b/
5903,Kepler-178 c,716.025,8.65 Earths,14.876,2014,https://science.nasa.gov/exoplanet-catalog/kepler-178-c/
5904,Kepler-178 b,716.025,8.75 Earths,14.876,2014,https://science.nasa.gov/exoplanet-catalog/kepler-178-b/
5905,Kepler-177 c,1435.44,14.7 Earths,15.171,2013,https://science.nasa.gov/exoplanet-catalog/kepler-177-c/
5906,Kepler-176 d,527.321,1.72 Earths,14.767,2014,https://science.nasa.gov/exoplanet-catalog/kepler-176-d/
5907,Kepler-176 c,527.321,1.33 Earths,14.767,2014,https://science.nasa.gov/exoplanet-catalog/kepler-176-c/
5908,Kepler-176 b,527.321,0.91413163 Jupiters,14.767,2014,https://science.nasa.gov/exoplanet-catalog/kepler-176-b/
5909,Kepler-175 b,1312.34,7.08 Earths,15.225,2014,https://science.nasa.gov/exoplanet-catalog/kepler-175-b/
5910,Kepler-174 d,384.757,5.43 Earths,14.53,2014,https://science.nasa.gov/exoplanet-catalog/kepler-174-d/
5911,Kepler-174 c,384.757,2.83 Earths,14.53,2014,https://science.nasa.gov/exoplanet-catalog/kepler-174-c/
5912,Kepler-173 c,833.165,6.48 Earths,14.357,2014,https://science.nasa.gov/exoplanet-catalog/kepler-173-c/
5913,Kepler-173 b,833.165,2.21 Earths,14.357,2014,https://science.nasa.gov/exoplanet-catalog/kepler-173-b/
5914,Kepler-172 e,828.592,8.05 Earths,14.703,2014,https://science.nasa.gov/exoplanet-catalog/kepler-172-e/
5915,Kepler-172 c,828.592,8.55 Earths,14.703,2014,https://science.nasa.gov/exoplanet-catalog/kepler-172-c/
5916,Kepler-172 b,828.592,6.12 Earths,14.703,2014,https://science.nasa.gov/exoplanet-catalog/kepler-172-b/
5917,Kepler-171 d,863.855,4.23 Earths,15.101,2014,https://science.nasa.gov/exoplanet-catalog/kepler-171-d/
5918,Kepler-171 c,863.855,7.08 Earths,15.101,2014,https://science.nasa.gov/exoplanet-catalog/kepler-171-c/
5919,Kepler-170 c,738.657,8.55 Earths,14.344,2014,https://science.nasa.gov/exoplanet-catalog/kepler-170-c/
5920,Kepler-170 b,738.657,0.26 Jupiters,14.344,2014,https://science.nasa.gov/exoplanet-catalog/kepler-170-b/
5921,Kepler-169 f,406.529,7.18 Earths,14.424,2014,https://science.nasa.gov/exoplanet-catalog/kepler-169-f/
5922,TrES-2 b,215.32,1.49 Jupiters,11.254,2006,https://science.nasa.gov/exoplanet-catalog/tres-2-b/
5923,KOI-13 b,519.096,9.28 Jupiters,9.791,2011,https://science.nasa.gov/exoplanet-catalog/koi-13-b/
5924,Kepler-9 d,628.257,8.41466053 Earths,13.922,2010,https://science.nasa.gov/exoplanet-catalog/kepler-9-d/
5925,Kepler-9 c,628.257,29.9 Earths,13.922,2010,https://science.nasa.gov/exoplanet-catalog/kepler-9-c/
5926,Kepler-9 b,628.257,0.13655099 Jupiters,13.922,2010,https://science.nasa.gov/exoplanet-catalog/kepler-9-b/
5927,Kepler-7 b,922.562,0.441 Jupiters,13.008,2009,https://science.nasa.gov/exoplanet-catalog/kepler-7b/
5928,Kepler-6 b,587.039,0.668 Jupiters,13.286,2009,https://science.nasa.gov/exoplanet-catalog/kepler-6-b/
5929,Kepler-5 b,899.777,2.111 Jupiters,13.325,2009,https://science.nasa.gov/exoplanet-catalog/kepler-5-b/
5930,Kepler-33 c,1209.16,0.39 Earths,14.099,2011,https://science.nasa.gov/exoplanet-catalog/kepler-33-c/
5931,Kepler-33 b,1209.16,3.68 Earths,14.099,2011,https://science.nasa.gov/exoplanet-catalog/kepler-33-b/
5932,Kepler-32 f,323.847,5.85885326 Jupiters,16.36,2012,https://science.nasa.gov/exoplanet-catalog/kepler-32-f/
5933,Kepler-32 d,323.847,39.9089 Earths,16.36,2012,https://science.nasa.gov/exoplanet-catalog/kepler-32-d/
5934,Kepler-32 c,323.847,0.5 Jupiters,16.36,2011,https://science.nasa.gov/exoplanet-catalog/kepler-32-c/
5935,Kepler-32 b,323.847,4.1 Jupiters,16.36,2011,https://science.nasa.gov/exoplanet-catalog/kepler-32-b/
5936,Kepler-31 c,1664.64,4.7 Jupiters,15.496,2011,https://science.nasa.gov/exoplanet-catalog/kepler-31-c/
5937,Kepler-31 b,1664.64,36.7418 Earths,15.496,2011,https://science.nasa.gov/exoplanet-catalog/kepler-31-b/
5938,Kepler-30 d,914.221,23.1 Earths,15.726,2012,https://science.nasa.gov/exoplanet-catalog/kepler-30-d/
5939,Kepler-30 c,914.221,2.01 Jupiters,15.726,2012,https://science.nasa.gov/exoplanet-catalog/kepler-30-c/
5940,Kepler-17 b,720.753,2.45 Jupiters,14.314,2011,https://science.nasa.gov/exoplanet-catalog/kepler-17-b/
5941,Kepler-16 b,75.0852,0.333 Jupiters,12.144,2011,https://science.nasa.gov/exoplanet-catalog/kepler-16b/
5942,Kepler-169 d,406.529,2.1 Earths,14.424,2014,https://science.nasa.gov/exoplanet-catalog/kepler-169-d/
5943,Kepler-169 c,406.529,1.92 Earths,14.424,2014,https://science.nasa.gov/exoplanet-catalog/kepler-169-c/
5944,Kepler-169 b,406.529,1.51 Earths,14.424,2014,https://science.nasa.gov/exoplanet-catalog/kepler-169-b/
5945,Kepler-168 b,1343.6,2.73 Earths,14.842,2014,https://science.nasa.gov/exoplanet-catalog/kepler-168-b/
5946,Kepler-167 c,341.908,3.44 Earths,14.284,2014,https://science.nasa.gov/exoplanet-catalog/kepler-167-c/
5947,Kepler-167 b,341.908,3.6 Earths,14.284,2014,https://science.nasa.gov/exoplanet-catalog/kepler-167-b/
5948,Kepler-166 c,603.53,6.26 Earths,14.857,2014,https://science.nasa.gov/exoplanet-catalog/kepler-166-c/
5949,Kepler-165 c,560.885,5.6 Earths,15.05,2014,https://science.nasa.gov/exoplanet-catalog/kepler-165-c/
5950,Kepler-165 b,560.885,5.99 Earths,15.05,2014,https://science.nasa.gov/exoplanet-catalog/kepler-165-b/
5951,Kepler-164 d,890.758,6.57 Earths,14.379,2014,https://science.nasa.gov/exoplanet-catalog/kepler-164-d/
5952,Kepler-164 b,890.758,2.57 Earths,14.379,2014,https://science.nasa.gov/exoplanet-catalog/kepler-164-b/
5953,Kepler-163 c,689.814,5.73 Earths,14.467,2014,https://science.nasa.gov/exoplanet-catalog/kepler-163-c/
5954,Kepler-163 b,689.814,1.16 Earths,14.467,2014,https://science.nasa.gov/exoplanet-catalog/kepler-163-b/
5955,Kepler-162 b,855.641,2.13 Earths,14.351,2014,https://science.nasa.gov/exoplanet-catalog/kepler-162-b/
5956,Kepler-161 c,434.632,3.61 Earths,14.406,2014,https://science.nasa.gov/exoplanet-catalog/kepler-161-c/
5957,Kepler-161 b,434.632,2.63 Earths,14.406,2014,https://science.nasa.gov/exoplanet-catalog/kepler-161-b/
5958,Kepler-160 b,937.013,3.59 Earths,14.816,2014,https://science.nasa.gov/exoplanet-catalog/kepler-160-b/
5959,Kepler-15 b,739.412,0.66 Jupiters,13.81,2011,https://science.nasa.gov/exoplanet-catalog/kepler-15-b/
5960,Kepler-159 c,373.744,11.5 Earths,15.386,2014,https://science.nasa.gov/exoplanet-catalog/kepler-159-c/
5961,Kepler-159 b,373.744,6.26 Earths,15.386,2014,https://science.nasa.gov/exoplanet-catalog/kepler-159-b/
5962,Kepler-158 c,315.177,4.27 Earths,14.743,2014,https://science.nasa.gov/exoplanet-catalog/kepler-158-c/
5963,Kepler-157 c,773.713,5.65 Earths,14.206,2014,https://science.nasa.gov/exoplanet-catalog/kepler-157-c/
5964,Kepler-157 b,773.713,2.3 Earths,14.206,2014,https://science.nasa.gov/exoplanet-catalog/kepler-157-b/
5965,Kepler-156 c,443.483,7.04 Earths,14.339,2014,https://science.nasa.gov/exoplanet-catalog/kepler-156-c/
5966,Kepler-155 c,293.499,5.65 Earths,14.654,2014,https://science.nasa.gov/exoplanet-catalog/kepler-155-c/
5967,Kepler-155 b,293.499,5.02 Earths,14.654,2014,https://science.nasa.gov/exoplanet-catalog/kepler-155-b/
5968,Kepler-154 c,915.212,9.01 Earths,14.646,2014,https://science.nasa.gov/exoplanet-catalog/kepler-154-c/
5969,Kepler-153 c,459.368,6.94 Earths,14.388,2014,https://science.nasa.gov/exoplanet-catalog/kepler-153-c/
5970,Kepler-12 b,881.386,0.432 Jupiters,13.468,2011,https://science.nasa.gov/exoplanet-catalog/kepler-12-b/
5971,Kepler-11 g,646.346,25 Earths,13.817,2010,https://science.nasa.gov/exoplanet-catalog/kepler-11-g/
5972,Kepler-11 f,646.346,2 Earths,13.817,2010,https://science.nasa.gov/exoplanet-catalog/kepler-11-f/
5973,Kepler-11 d,646.346,7.3 Earths,13.817,2010,https://science.nasa.gov/exoplanet-catalog/kepler-11-d/
5974,Kepler-11 c,646.346,2.9 Earths,13.817,2010,https://science.nasa.gov/exoplanet-catalog/kepler-11-c/
5975,Kepler-11 b,646.346,1.9 Earths,13.817,2010,https://science.nasa.gov/exoplanet-catalog/kepler-11-b/
5976,Kepler-10 c,185.506,11.29 Earths,11.043,2011,https://science.nasa.gov/exoplanet-catalog/kepler-10-c/
5977,KELT-6 b,240.726,0.52 Jupiters,10.371,2014,https://science.nasa.gov/exoplanet-catalog/kelt-6-b/
5978,KELT-1 b,268.43,27.23 Jupiters,10.632,2012,https://science.nasa.gov/exoplanet-catalog/kelt-1-b/
5979,K2-3 c,44.0727,2.68 Earths,12.168,2015,https://science.nasa.gov/exoplanet-catalog/k2-3-c/
5980,HAT-P-7 b,341.079,1.84 Jupiters,10.481,2008,https://science.nasa.gov/exoplanet-catalog/hat-p-7-b/
5981,HAT-P-11 b,37.7647,25 Earths,9.46,2010,https://science.nasa.gov/exoplanet-catalog/hat-p-11-b/
5982,Kepler-29 c,832.532,4.5 Earths,15.547,2011,https://science.nasa.gov/exoplanet-catalog/kepler-29-c/
5983,Kepler-29 b,832.532,5 Earths,15.547,2011,https://science.nasa.gov/exoplanet-catalog/kepler-29-b/
5984,Kepler-28 c,438.359,2.06 Earths,15.13,2011,https://science.nasa.gov/exoplanet-catalog/kepler-28-c/
5985,Kepler-27 c,1044.36,13.8 Jupiters,15.822,2011,https://science.nasa.gov/exoplanet-catalog/kepler-27-c/
5986,Kepler-27 b,1044.36,9.11 Jupiters,15.822,2011,https://science.nasa.gov/exoplanet-catalog/kepler-27-b/
5987,Kepler-26 e,335.307,6.39 Earths,15.853,2014,https://science.nasa.gov/exoplanet-catalog/kepler-26-e/
5988,Kepler-26 b,335.307,5.12 Earths,15.853,2011,https://science.nasa.gov/exoplanet-catalog/kepler-26-b/
5989,Kepler-25 c,243.249,15.2 Earths,10.769,2011,https://science.nasa.gov/exoplanet-catalog/kepler-25-c/
5990,Kepler-25 b,243.249,8.7 Earths,10.769,2011,https://science.nasa.gov/exoplanet-catalog/kepler-25-b/
5991,Kepler-24 e,1156.81,26.2118 Earths,15.04,2014,https://science.nasa.gov/exoplanet-catalog/kepler-24-e/
5992,Kepler-24 c,1156.81,9.99 Earths,15.04,2011,https://science.nasa.gov/exoplanet-catalog/kepler-24-c/
5993,Kepler-24 b,1156.81,11.14 Earths,15.04,2011,https://science.nasa.gov/exoplanet-catalog/kepler-24-b/
5994,Kepler-23 d,835.756,4.44 Earths,13.567,2014,https://science.nasa.gov/exoplanet-catalog/kepler-23-d/
5995,Kepler-23 b,835.756,2.56 Earths,13.567,2011,https://science.nasa.gov/exoplanet-catalog/kepler-23-b/
5996,Kepler-22 b,194.642,9.1 Earths,11.751,2011,https://science.nasa.gov/exoplanet-catalog/kepler-22b/
5997,Kepler-21 b,108.522,7.5 Earths,8.25,2012,https://science.nasa.gov/exoplanet-catalog/kepler-21-b/
5998,Kepler-20 f,282.563,1.4 Earths,12.61,2011,https://science.nasa.gov/exoplanet-catalog/kepler-20-f/
5999,Kepler-20 d,282.563,13.4 Earths,12.61,2011,https://science.nasa.gov/exoplanet-catalog/kepler-20-d/
6000,Kepler-20 c,282.563,11.1 Earths,12.61,2011,https://science.nasa.gov/exoplanet-catalog/kepler-20-c/
6001,Kepler-20 b,282.563,9.7 Earths,12.61,2011,https://science.nasa.gov/exoplanet-catalog/kepler-20-b/
6002,Kepler-19 b,218.562,6.1 Earths,12.035,2011,https://science.nasa.gov/exoplanet-catalog/kepler-19-b/
6003,Kepler-18 d,433.047,16.4 Earths,13.771,2011,https://science.nasa.gov/exoplanet-catalog/kepler-18-d/
6004,Kepler-18 c,433.047,17.3 Earths,13.771,2011,https://science.nasa.gov/exoplanet-catalog/kepler-18-c/
6005,Kepler-153 b,459.368,8.85 Earths,14.388,2014,https://science.nasa.gov/exoplanet-catalog/kepler-153-b/
6006,Kepler-152 c,441.09,6.3 Earths,14.379,2014,https://science.nasa.gov/exoplanet-catalog/kepler-152-c/
6007,Kepler-152 b,441.09,8.2 Earths,14.379,2014,https://science.nasa.gov/exoplanet-catalog/kepler-152-b/
6008,Kepler-151 b,649.919,9.59 Earths,14.957,2014,https://science.nasa.gov/exoplanet-catalog/kepler-151-b/
6009,Kepler-150 e,891.092,9.91 Earths,15.161,2014,https://science.nasa.gov/exoplanet-catalog/kepler-150-e/
6010,Kepler-150 d,891.092,8.2 Earths,15.161,2014,https://science.nasa.gov/exoplanet-catalog/kepler-150-d/
6011,Kepler-150 b,891.092,2.1 Earths,15.161,2014,https://science.nasa.gov/exoplanet-catalog/kepler-150-b/
6012,Kepler-149 d,571.034,14.9 Earths,14.152,2014,https://science.nasa.gov/exoplanet-catalog/kepler-149-d/
6013,Kepler-149 c,571.034,3.22 Earths,14.152,2014,https://science.nasa.gov/exoplanet-catalog/kepler-149-c/
6014,Kepler-149 b,571.034,16.5 Earths,14.152,2014,https://science.nasa.gov/exoplanet-catalog/kepler-149-b/
6015,Kepler-148 c,791.163,12.6 Earths,15.398,2014,https://science.nasa.gov/exoplanet-catalog/kepler-148-c/
6016,Kepler-148 b,791.163,3.89 Earths,15.398,2014,https://science.nasa.gov/exoplanet-catalog/kepler-148-b/
6017,Kepler-147 c,1042.02,6.48 Earths,14.134,2014,https://science.nasa.gov/exoplanet-catalog/kepler-147-c/
6018,Kepler-147 b,1042.02,2.96 Earths,14.134,2014,https://science.nasa.gov/exoplanet-catalog/kepler-147-b/
6019,Kepler-146 c,716.797,9.96 Earths,13.921,2014,https://science.nasa.gov/exoplanet-catalog/kepler-146-c/
6020,Kepler-146 b,716.797,13.3 Earths,13.921,2014,https://science.nasa.gov/exoplanet-catalog/kepler-146-b/
6021,Kepler-145 c,566.85,0.25 Jupiters,11.977,2013,https://science.nasa.gov/exoplanet-catalog/kepler-145-c/
6022,Kepler-145 b,566.85,37.1 Earths,11.977,2013,https://science.nasa.gov/exoplanet-catalog/kepler-145-b/
6023,Kepler-144 c,384.917,2.39 Earths,12.195,2014,https://science.nasa.gov/exoplanet-catalog/kepler-144-c/
6024,Kepler-144 b,384.917,2.33 Earths,12.195,2014,https://science.nasa.gov/exoplanet-catalog/kepler-144-b/
6025,Kepler-143 c,809.467,11.3 Earths,13.882,2014,https://science.nasa.gov/exoplanet-catalog/kepler-143-c/
6026,Kepler-143 b,809.467,6.39 Earths,13.882,2014,https://science.nasa.gov/exoplanet-catalog/kepler-143-b/
6027,Kepler-142 d,548.686,5.31 Earths,13.277,2014,https://science.nasa.gov/exoplanet-catalog/kepler-142-d/
6028,Kepler-142 c,548.686,8.55 Earths,13.277,2014,https://science.nasa.gov/exoplanet-catalog/kepler-142-c/
6029,Kepler-141 c,301.183,2.57 Earths,13.624,2014,https://science.nasa.gov/exoplanet-catalog/kepler-141-c/
6030,Kepler-141 b,301.183,0.257 Earths,13.624,2014,https://science.nasa.gov/exoplanet-catalog/kepler-141-b/
6031,Kepler-140 c,583.859,3.89 Earths,13.018,2014,https://science.nasa.gov/exoplanet-catalog/kepler-140-c/
6032,Kepler-139 c,391.038,13 Earths,12.775,2014,https://science.nasa.gov/exoplanet-catalog/kepler-139-c/
6033,Kepler-139 b,391.038,7 Earths,12.775,2014,https://science.nasa.gov/exoplanet-catalog/kepler-139-b/
6034,Kepler-138 d,66.8624,2.1 Earths,13.04,2014,https://science.nasa.gov/exoplanet-catalog/kepler-138-d/
6035,Kepler-138 b,66.8624,0.07 Earths,13.04,2014,https://science.nasa.gov/exoplanet-catalog/kepler-138-b/
6036,Kepler-137 c,302.979,4.19 Earths,13.063,2014,https://science.nasa.gov/exoplanet-catalog/kepler-137-c/
6037,Kepler-137 b,302.979,2.76 Earths,13.063,2014,https://science.nasa.gov/exoplanet-catalog/kepler-137-b/
6038,Kepler-136 b,420.818,19.8 Earths,11.822,2014,https://science.nasa.gov/exoplanet-catalog/kepler-136-b/
6039,Kepler-135 c,621.855,1.65 Earths,12.794,2014,https://science.nasa.gov/exoplanet-catalog/kepler-135-c/
6040,Kepler-135 b,621.855,3.93 Earths,12.794,2014,https://science.nasa.gov/exoplanet-catalog/kepler-135-b/
6041,Kepler-134 b,334.797,4.66 Earths,12.318,2014,https://science.nasa.gov/exoplanet-catalog/kepler-134-b/
6042,Kepler-133 c,653.6,8.45 Earths,12.896,2014,https://science.nasa.gov/exoplanet-catalog/kepler-133-c/
6043,Kepler-133 b,653.6,3.75 Earths,12.896,2014,https://science.nasa.gov/exoplanet-catalog/kepler-133-b/
6044,Kepler-132 d,349.549,3.02 Earths,11.922,2014,https://science.nasa.gov/exoplanet-catalog/kepler-132-d/
6045,Kepler-132 b,349.549,1.92 Earths,11.922,2014,https://science.nasa.gov/exoplanet-catalog/kepler-132-b/
6046,Kepler-131 b,228.678,16.13 Earths,11.493,2014,https://science.nasa.gov/exoplanet-catalog/kepler-131-b/
6047,Kepler-130 d,316.663,3.33 Earths,11.572,2014,https://science.nasa.gov/exoplanet-catalog/kepler-130-d/
6048,Kepler-130 b,316.663,1.04 Earths,11.572,2014,https://science.nasa.gov/exoplanet-catalog/kepler-130-b/
6049,Kepler-129 c,408.845,0.13529313 Jupiters,11.809,2014,https://science.nasa.gov/exoplanet-catalog/kepler-129-c/
6050,Kepler-129 b,408.845,20 Earths,11.809,2014,https://science.nasa.gov/exoplanet-catalog/kepler-129-b/
6051,Kepler-128 b,396.379,3.79 Earths,11.693,2013,https://science.nasa.gov/exoplanet-catalog/kepler-128-b/
6052,Kepler-127 d,352.794,7.46 Earths,11.746,2014,https://science.nasa.gov/exoplanet-catalog/kepler-127-d/
6053,Kepler-127 c,352.794,7.56 Earths,11.746,2014,https://science.nasa.gov/exoplanet-catalog/kepler-127-c/
6054,Kepler-126 d,237.401,0.17175992 Jupiters,10.505,2014,https://science.nasa.gov/exoplanet-catalog/kepler-126-d/
6055,Kepler-79 e,1020.72,3.8 Earths,14.036,2014,https://science.nasa.gov/exoplanet-catalog/kepler-79-e/
6056,Kepler-79 c,1020.72,4.6 Earths,14.036,2012,https://science.nasa.gov/exoplanet-catalog/kepler-79-c/
6057,Kepler-79 b,1020.72,7.6 Earths,14.036,2012,https://science.nasa.gov/exoplanet-catalog/kepler-79-b/
6058,Kepler-78 b,124.376,1.68 Earths,11.717,2013,https://science.nasa.gov/exoplanet-catalog/kepler-78-b/
6059,Kepler-76 b,822.96,2.01 Jupiters,13.474,2013,https://science.nasa.gov/exoplanet-catalog/kepler-76-b/
6060,Kepler-75 b,835.356,10.1 Jupiters,15.414,2013,https://science.nasa.gov/exoplanet-catalog/kepler-75-b/
6061,Kepler-126 c,237.401,1.27942148 Earths,10.505,2014,https://science.nasa.gov/exoplanet-catalog/kepler-126-c/
6062,Kepler-126 b,237.401,4.11726105 Earths,10.505,2014,https://science.nasa.gov/exoplanet-catalog/kepler-126-b/
6063,Kepler-125 b,183.365,6.21 Earths,15.431,2014,https://science.nasa.gov/exoplanet-catalog/kepler-125-b/
6064,Kepler-124 d,420.046,1.41 Earths,14.4,2014,https://science.nasa.gov/exoplanet-catalog/kepler-124-d/
6065,Kepler-124 c,420.046,3.71 Earths,14.4,2014,https://science.nasa.gov/exoplanet-catalog/kepler-124-c/
6066,Kepler-123 c,1021.66,2.79 Earths,14.129,2014,https://science.nasa.gov/exoplanet-catalog/kepler-123-c/
6067,Kepler-123 b,1021.66,0.174 Jupiters,14.129,2014,https://science.nasa.gov/exoplanet-catalog/kepler-123-b/
6068,Kepler-122 f,1027.45,36 Earths,14.403,2014,https://science.nasa.gov/exoplanet-catalog/kepler-122-f/
6069,Kepler-122 e,1027.45,27.7 Earths,14.403,2014,https://science.nasa.gov/exoplanet-catalog/kepler-122-e/
6070,Kepler-122 c,1027.45,29 Earths,14.403,2014,https://science.nasa.gov/exoplanet-catalog/kepler-122-c/
6071,Kepler-122 b,1027.45,6.08 Earths,14.403,2014,https://science.nasa.gov/exoplanet-catalog/kepler-122-b/
6072,Kepler-121 c,510.523,5.77 Earths,14.904,2014,https://science.nasa.gov/exoplanet-catalog/kepler-121-c/
6073,Kepler-120 c,388.63,2.96 Earths,14.995,2014,https://science.nasa.gov/exoplanet-catalog/kepler-120-c/
6074,Kepler-120 b,388.63,8.5 Earths,14.995,2014,https://science.nasa.gov/exoplanet-catalog/kepler-120-b/
6075,Kepler-119 c,701.996,0.721 Earths,14.375,2014,https://science.nasa.gov/exoplanet-catalog/kepler-119-c/
6076,Kepler-118 c,574.228,0.144 Jupiters,14.867,2014,https://science.nasa.gov/exoplanet-catalog/kepler-118-c/
6077,Kepler-118 b,574.228,4.5 Earths,14.867,2014,https://science.nasa.gov/exoplanet-catalog/kepler-118-b/
6078,Kepler-117 c,1455.57,1.84 Jupiters,14.282,2014,https://science.nasa.gov/exoplanet-catalog/kepler-117-c/
6079,Kepler-117 b,1455.57,29.875 Earths,14.282,2014,https://science.nasa.gov/exoplanet-catalog/kepler-117-b/
6080,Kepler-116 b,955.168,11.6 Earths,13.744,2014,https://science.nasa.gov/exoplanet-catalog/kepler-116-b/
6081,Kepler-115 c,623.609,7.27 Earths,13.545,2014,https://science.nasa.gov/exoplanet-catalog/kepler-115-c/
6082,Kepler-115 b,623.609,1.32 Earths,13.545,2014,https://science.nasa.gov/exoplanet-catalog/kepler-115-b/
6083,Kepler-111 b,657.223,3.12 Earths,13.543,2014,https://science.nasa.gov/exoplanet-catalog/kepler-111-b/
6084,Kepler-110 b,586.531,4.01 Earths,13.003,2014,https://science.nasa.gov/exoplanet-catalog/kepler-110-b/
6085,Kepler-109 c,474.861,8.2 Earths,12.398,2014,https://science.nasa.gov/exoplanet-catalog/kepler-109-c/
6086,Kepler-108 c,338.732,0.16 Jupiters,12.657,2014,https://science.nasa.gov/exoplanet-catalog/kepler-108-c/
6087,Kepler-108 b,338.732,0.176 Jupiters,12.657,2014,https://science.nasa.gov/exoplanet-catalog/kepler-108-b/
6088,Kepler-107 e,525.997,14.1 Earths,12.543,2014,https://science.nasa.gov/exoplanet-catalog/kepler-107-e/
6089,Kepler-107 c,525.997,10 Earths,12.543,2014,https://science.nasa.gov/exoplanet-catalog/kepler-107-c/
6090,Kepler-107 b,525.997,3.8 Earths,12.543,2014,https://science.nasa.gov/exoplanet-catalog/kepler-107-b/
6091,Kepler-106 d,444.322,8.1 Earths,12.923,2014,https://science.nasa.gov/exoplanet-catalog/kepler-106-d/
6092,Kepler-106 c,444.322,10.44 Earths,12.923,2014,https://science.nasa.gov/exoplanet-catalog/kepler-106-c/
6093,Kepler-105 c,459.223,5.6 Earths,12.981,2014,https://science.nasa.gov/exoplanet-catalog/kepler-105-c/
6094,HAT-P-34 b,249.325,3.33 Jupiters,10.403,2011,https://science.nasa.gov/exoplanet-catalog/hat-p-34-b/
6095,HAT-P-33 b,396.11,0.92 Jupiters,11.032,2011,https://science.nasa.gov/exoplanet-catalog/hat-p-33-b/
6096,HAT-P-32 b,289.205,0.68 Jupiters,11.439,2011,https://science.nasa.gov/exoplanet-catalog/hat-p-32-b/
6097,HAT-P-31 b,344.05,2.27 Jupiters,11.667,2011,https://science.nasa.gov/exoplanet-catalog/hat-p-31-b/
6098,HAT-P-30 b,213.985,0.83 Jupiters,10.352,2011,https://science.nasa.gov/exoplanet-catalog/hat-p-30-b/
6099,HAT-P-29 b,313.576,0.88 Jupiters,11.825,2011,https://science.nasa.gov/exoplanet-catalog/hat-p-29-b/
6100,HAT-P-28 b,401.319,0.626 Jupiters,13.098,2011,https://science.nasa.gov/exoplanet-catalog/hat-p-28-b/
6101,HAT-P-27 b,199.173,0.62 Jupiters,12.052,2011,https://science.nasa.gov/exoplanet-catalog/hat-p-27-b/
6102,HAT-P-26 b,141.837,22.2481 Earths,11.757,2010,https://science.nasa.gov/exoplanet-catalog/hat-p-26-b/
6103,HAT-P-25 b,300.384,0.569 Jupiters,13.146,2012,https://science.nasa.gov/exoplanet-catalog/hat-p-25-b/
6104,HAT-P-24 b,415.344,0.75 Jupiters,11.762,2010,https://science.nasa.gov/exoplanet-catalog/hat-p-24-b/
6105,HAT-P-23 b,364.813,2.09 Jupiters,11.937,2010,https://science.nasa.gov/exoplanet-catalog/hat-p-23-b/
6106,PH2 b,343.863,0.274 Jupiters,12.645,2013,https://science.nasa.gov/exoplanet-catalog/ph2-b/
6107,KOI-94 e,477.052,35 Earths,12.314,2013,https://science.nasa.gov/exoplanet-catalog/koi-94-e/
6108,KOI-94 b,477.052,10.5 Earths,12.314,2013,https://science.nasa.gov/exoplanet-catalog/koi-94-b/
6109,KOI-55 c,1231.02,0.655 Earths,15.154,2011,https://science.nasa.gov/exoplanet-catalog/koi-55-c/
6110,KOI-55 b,1231.02,0.44 Earths,15.154,2011,https://science.nasa.gov/exoplanet-catalog/koi-55-b/
6111,KOI-217 b,914.699,Unknown,15.257,2010,https://science.nasa.gov/exoplanet-catalog/koi-217-b/
6112,KOI-142 c,376.863,0.674 Jupiters,13.209,2013,https://science.nasa.gov/exoplanet-catalog/koi-142-c/
6113,KOI-142 b,376.863,9.5 Earths,13.209,2013,https://science.nasa.gov/exoplanet-catalog/koi-142-b/
6114,Kepler-99 b,208.369,6.15 Earths,13.206,2014,https://science.nasa.gov/exoplanet-catalog/kepler-99-b/
6115,Kepler-97 c,400.907,1.08 Jupiters,12.994,2014,https://science.nasa.gov/exoplanet-catalog/kepler-97-c/
6116,Kepler-96 b,122.881,8.46 Earths,10.568,2014,https://science.nasa.gov/exoplanet-catalog/kepler-96-b/
6117,Kepler-95 b,445.656,13 Earths,12.382,2014,https://science.nasa.gov/exoplanet-catalog/kepler-95-b/
6118,Kepler-94 b,191.904,10.84 Earths,13.071,2014,https://science.nasa.gov/exoplanet-catalog/kepler-94-b/
6119,Kepler-93 c,95.9115,3 Jupiters,9.996,2014,https://science.nasa.gov/exoplanet-catalog/kepler-93-c/
6120,Kepler-93 b,95.9115,4.66 Earths,9.996,2014,https://science.nasa.gov/exoplanet-catalog/kepler-93-b/
6121,Kepler-92 b,477.992,0.202 Jupiters,11.671,2013,https://science.nasa.gov/exoplanet-catalog/kepler-92-b/
6122,Kepler-91 b,1294.69,0.81 Jupiters,12.712,2013,https://science.nasa.gov/exoplanet-catalog/kepler-91-b/
6123,Kepler-87 c,1232.9,6.4 Earths,14.681,2013,https://science.nasa.gov/exoplanet-catalog/kepler-87-c/
6124,Kepler-85 e,765.025,0.6 Earths,14.89,2014,https://science.nasa.gov/exoplanet-catalog/kepler-85-e/
6125,Kepler-85 d,765.025,8.69679 Earths,14.89,2014,https://science.nasa.gov/exoplanet-catalog/kepler-85-d/
6126,Kepler-85 c,765.025,2.15 Earths,14.89,2012,https://science.nasa.gov/exoplanet-catalog/kepler-85-c/
6127,Kepler-84 f,1023.9,5.48 Earths,14.92,2014,https://science.nasa.gov/exoplanet-catalog/kepler-84-f/
6128,Kepler-84 e,1023.9,7.27 Earths,14.92,2014,https://science.nasa.gov/exoplanet-catalog/kepler-84-e/
6129,Kepler-84 d,1023.9,2.48 Earths,14.92,2014,https://science.nasa.gov/exoplanet-catalog/kepler-84-d/
6130,Kepler-84 b,1023.9,40 Earths,14.92,2012,https://science.nasa.gov/exoplanet-catalog/kepler-84-b/
6131,Kepler-83 d,400.409,4.1 Earths,16.145,2014,https://science.nasa.gov/exoplanet-catalog/kepler-83-d/
6132,Kepler-83 c,400.409,2.03 Earths,16.145,2012,https://science.nasa.gov/exoplanet-catalog/kepler-83-c/
6133,Kepler-82 e,904.326,0.7992363 Jupiters,15.131,2014,https://science.nasa.gov/exoplanet-catalog/kepler-82-e/
6134,Kepler-82 d,904.326,2.78482974 Jupiters,15.131,2014,https://science.nasa.gov/exoplanet-catalog/kepler-82-d/
6135,Kepler-82 c,904.326,13.9 Earths,15.131,2012,https://science.nasa.gov/exoplanet-catalog/kepler-82-c/
6136,Kepler-81 d,348.291,1.92 Earths,15.258,2014,https://science.nasa.gov/exoplanet-catalog/kepler-81-d/
6137,Kepler-81 c,348.291,4.3 Earths,15.258,2012,https://science.nasa.gov/exoplanet-catalog/kepler-81-c/
6138,Kepler-81 b,348.291,17.2 Earths,15.258,2012,https://science.nasa.gov/exoplanet-catalog/kepler-81-b/
6139,Kepler-74 b,1177.55,0.63 Jupiters,14.487,2013,https://science.nasa.gov/exoplanet-catalog/kepler-74-b/
6140,Kepler-69 c,730.625,3.57 Earths,13.866,2013,https://science.nasa.gov/exoplanet-catalog/kepler-69-c/
6141,Kepler-69 b,730.625,5.65 Earths,13.866,2013,https://science.nasa.gov/exoplanet-catalog/kepler-69-b/
6142,Kepler-68 c,144.166,1.3 Earths,10.077,2013,https://science.nasa.gov/exoplanet-catalog/kepler-68-c/
6143,Kepler-213 c,634.939,6.08 Earths,13.705,2014,https://science.nasa.gov/exoplanet-catalog/kepler-213-c/
6144,Kepler-213 b,634.939,3.26 Earths,13.705,2014,https://science.nasa.gov/exoplanet-catalog/kepler-213-b/
6145,Kepler-212 b,687.194,1.32 Earths,13.129,2014,https://science.nasa.gov/exoplanet-catalog/kepler-212-b/
6146,Kepler-211 c,309.353,18.3 Earths,13.448,2014,https://science.nasa.gov/exoplanet-catalog/kepler-211-c/
6147,Kepler-211 b,309.353,2.13 Earths,13.448,2014,https://science.nasa.gov/exoplanet-catalog/kepler-211-b/
6148,Kepler-210 b,232.75,8.96 Earths,14.126,2014,https://science.nasa.gov/exoplanet-catalog/kepler-210-b/
6149,Kepler-209 c,576.946,9.8 Earths,14.132,2014,https://science.nasa.gov/exoplanet-catalog/kepler-209-c/
6150,Kepler-105 b,459.223,10.8 Earths,12.981,2013,https://science.nasa.gov/exoplanet-catalog/kepler-105-b/
6151,Kepler-104 d,400.785,5.54022107 Earths,12.697,2014,https://science.nasa.gov/exoplanet-catalog/kepler-104-d/
6152,Kepler-104 b,400.785,19.6 Earths,12.697,2014,https://science.nasa.gov/exoplanet-catalog/kepler-104-b/
6153,Kepler-103 c,494.832,0.18396719 Jupiters,11.883,2014,https://science.nasa.gov/exoplanet-catalog/kepler-103-c/
6154,Kepler-102 f,107.796,4.3 Earths,12.072,2014,https://science.nasa.gov/exoplanet-catalog/kepler-102-f/
6155,Kepler-102 e,107.796,4.7 Earths,12.072,2013,https://science.nasa.gov/exoplanet-catalog/kepler-102-e/
6156,Kepler-102 c,107.796,1.7 Earths,12.072,2014,https://science.nasa.gov/exoplanet-catalog/kepler-102-c/
6157,Kepler-102 b,107.796,1.1 Earths,12.072,2014,https://science.nasa.gov/exoplanet-catalog/kepler-102-b/
6158,Kepler-101 c,927.981,3.78 Earths,13.7,2014,https://science.nasa.gov/exoplanet-catalog/kepler-101-c/
6159,Kepler-100 d,304.645,3 Earths,11.055,2014,https://science.nasa.gov/exoplanet-catalog/kepler-100-d/
6160,Kepler-100 c,304.645,7.05 Earths,11.055,2014,https://science.nasa.gov/exoplanet-catalog/kepler-100-c/
6161,HATS-6 b,169.318,0.319 Jupiters,15.044,2015,https://science.nasa.gov/exoplanet-catalog/hats-6-b/
6162,HATS-5 b,246.384,0.237 Jupiters,12.598,2014,https://science.nasa.gov/exoplanet-catalog/hats-5-b/
6163,HATS-3 b,411.211,1.071 Jupiters,12.433,2013,https://science.nasa.gov/exoplanet-catalog/hats-3-b/
6164,HATS-2 b,341.925,1.37 Jupiters,13.565,2013,https://science.nasa.gov/exoplanet-catalog/hats-2-b/
6165,HAT-P-9 b,455.203,0.749 Jupiters,12.344,2008,https://science.nasa.gov/exoplanet-catalog/hat-p-9-b/
6166,HAT-P-8 b,211.553,1.28 Jupiters,10.358,2008,https://science.nasa.gov/exoplanet-catalog/hat-p-8-b/
6167,HAT-P-6 b,275.358,1.32 Jupiters,10.469,2007,https://science.nasa.gov/exoplanet-catalog/hat-p-6-b/
6168,HAT-P-5 b,303.336,0.98 Jupiters,11.954,2007,https://science.nasa.gov/exoplanet-catalog/hat-p-5-b/
6169,HAT-P-54 b,143.651,0.76 Jupiters,13.398,2015,https://science.nasa.gov/exoplanet-catalog/hat-p-54-b/
6170,HAT-P-46 b,290.736,0.493 Jupiters,11.997,2014,https://science.nasa.gov/exoplanet-catalog/hat-p-46-b/
6171,HAT-P-45 b,298.64,0.892 Jupiters,12.783,2014,https://science.nasa.gov/exoplanet-catalog/hat-p-45-b/
6172,HAT-P-44 c,347.85,4 Jupiters,13.225,2014,https://science.nasa.gov/exoplanet-catalog/hat-p-44-c/
6173,HAT-P-44 b,347.85,0.352 Jupiters,13.225,2014,https://science.nasa.gov/exoplanet-catalog/hat-p-44-b/
6174,HAT-P-43 b,528.825,0.662 Jupiters,13.279,2012,https://science.nasa.gov/exoplanet-catalog/hat-p-43-b/
6175,HAT-P-42 b,405.238,1.044 Jupiters,12.125,2012,https://science.nasa.gov/exoplanet-catalog/hat-p-42-b/
6176,HAT-P-41 b,348.185,1.19 Jupiters,11.365,2012,https://science.nasa.gov/exoplanet-catalog/hat-p-41-b/
6177,HAT-P-40 b,464.469,0.48 Jupiters,11.34,2012,https://science.nasa.gov/exoplanet-catalog/hat-p-40-b/
6178,HAT-P-3 b,134.554,0.65 Jupiters,11.856,2007,https://science.nasa.gov/exoplanet-catalog/hat-p-3-b/
6179,HAT-P-39 b,697.004,0.599 Jupiters,12.282,2012,https://science.nasa.gov/exoplanet-catalog/hat-p-39-b/
6180,HAT-P-38 b,255.206,0.267 Jupiters,12.525,2012,https://science.nasa.gov/exoplanet-catalog/hat-p-38-b/
6181,HAT-P-37 b,390.594,1.169 Jupiters,13.427,2011,https://science.nasa.gov/exoplanet-catalog/hat-p-37-b/
6182,HAT-P-36 b,294.419,1.8482 Jupiters,12.146,2011,https://science.nasa.gov/exoplanet-catalog/hat-p-36-b/
6183,HAT-P-2 b,127.774,9.02 Jupiters,8.72,2007,https://science.nasa.gov/exoplanet-catalog/hat-p-2-b/
6184,HAT-P-22 b,81.7647,2.47 Jupiters,9.763,2010,https://science.nasa.gov/exoplanet-catalog/hat-p-22-b/
6185,HAT-P-21 b,277.278,4.87 Jupiters,11.459,2010,https://science.nasa.gov/exoplanet-catalog/hat-p-21-b/
6186,HAT-P-19 b,202.078,0.277 Jupiters,12.826,2010,https://science.nasa.gov/exoplanet-catalog/hat-p-19-b/
6187,HAT-P-18 b,161.4,0.1747 Jupiters,12.597,2010,https://science.nasa.gov/exoplanet-catalog/hat-p-18-b/
6188,HAT-P-17 b,92.3831,0.58 Jupiters,10.375,2012,https://science.nasa.gov/exoplanet-catalog/hat-p-17-b/
6189,HAT-P-16 b,226.637,4.221 Jupiters,10.911,2010,https://science.nasa.gov/exoplanet-catalog/hat-p-16-b/
6190,HAT-P-15 b,192.516,1.94 Jupiters,12.41,2010,https://science.nasa.gov/exoplanet-catalog/hat-p-15-b/
6191,HAT-P-14 b,222.663,3.44 Jupiters,9.988,2010,https://science.nasa.gov/exoplanet-catalog/hat-p-14-b/
6192,HAT-P-13 b,246.81,0.851 Jupiters,10.421,2009,https://science.nasa.gov/exoplanet-catalog/hat-p-13-b/
6193,HAT-P-12 b,142.751,0.211 Jupiters,12.665,2009,https://science.nasa.gov/exoplanet-catalog/hat-p-12-b/
6194,CoRoT-9 b,412.98,0.84 Jupiters,13.637,2009,https://science.nasa.gov/exoplanet-catalog/corot-9-b/
6195,CoRoT-8 b,322.037,0.22 Jupiters,14.792,2010,https://science.nasa.gov/exoplanet-catalog/corot-8-b/
6196,CoRoT-7 b,159.906,4.07660518 Earths,11.728,2009,https://science.nasa.gov/exoplanet-catalog/corot-7-b/
6197,CoRoT-6 b,645.294,2.96 Jupiters,13.961,2009,https://science.nasa.gov/exoplanet-catalog/corot-6-b/
6198,CoRoT-5 b,882.472,0.467 Jupiters,14.043,2009,https://science.nasa.gov/exoplanet-catalog/corot-5-b/
6199,CoRoT-4 b,726.412,0.72 Jupiters,13.652,2008,https://science.nasa.gov/exoplanet-catalog/corot-4-b/
6200,CoRoT-2 b,213.283,3.47 Jupiters,12.516,2008,https://science.nasa.gov/exoplanet-catalog/corot-2-b/
6201,CoRoT-29 b,806.507,0.85 Jupiters,15.408,2015,https://science.nasa.gov/exoplanet-catalog/corot-29-b/
6202,CoRoT-28 b,766.183,0.484 Jupiters,13.783,2015,https://science.nasa.gov/exoplanet-catalog/corot-28-b/
6203,CoRoT-27 b,1010.28,10.39 Jupiters,15.774,2014,https://science.nasa.gov/exoplanet-catalog/corot-27-b/
6204,CoRoT-25 b,1103.48,0.27 Jupiters,14.79,2013,https://science.nasa.gov/exoplanet-catalog/corot-25-b/
6205,CoRoT-24 c,591.555,28 Earths,15.383,2014,https://science.nasa.gov/exoplanet-catalog/corot-24-c/
6206,CoRoT-23 b,1060.97,2.8 Jupiters,15.675,2011,https://science.nasa.gov/exoplanet-catalog/corot-23-b/
6207,CoRoT-22 b,627.158,12.2 Earths,13.82,2014,https://science.nasa.gov/exoplanet-catalog/corot-22-b/
6208,CoRoT-1 b,787.909,1.03 Jupiters,13.623,2008,https://science.nasa.gov/exoplanet-catalog/corot-1-b/
6209,CoRoT-19 b,790.663,1.11 Jupiters,14.135,2011,https://science.nasa.gov/exoplanet-catalog/corot-19-b/
6210,CoRoT-18 b,764.889,3.47 Jupiters,14.868,2011,https://science.nasa.gov/exoplanet-catalog/corot-18-b/
6211,CoRoT-16 b,732.409,0.535 Jupiters,16.052,2011,https://science.nasa.gov/exoplanet-catalog/corot-16-b/
6212,CoRoT-14 b,1744.6,7.6 Jupiters,15.932,2010,https://science.nasa.gov/exoplanet-catalog/corot-14-b/
6213,CoRoT-13 b,1148.93,1.308 Jupiters,15.005,2010,https://science.nasa.gov/exoplanet-catalog/corot-13-b/
6214,CoRoT-12 b,1126.37,0.917 Jupiters,15.588,2010,https://science.nasa.gov/exoplanet-catalog/corot-12-b/
6215,CoRoT-10 b,338.386,2.75 Jupiters,15.293,2010,https://science.nasa.gov/exoplanet-catalog/corot-10-b/
6216,Kepler-209 b,576.946,5.73 Earths,14.132,2014,https://science.nasa.gov/exoplanet-catalog/kepler-209-b/
6217,Kepler-208 e,775.328,2.79 Earths,13.561,2014,https://science.nasa.gov/exoplanet-catalog/kepler-208-e/
6218,Kepler-208 c,775.328,2.51 Earths,13.561,2014,https://science.nasa.gov/exoplanet-catalog/kepler-208-c/
6219,Kepler-208 b,775.328,3.29 Earths,13.561,2014,https://science.nasa.gov/exoplanet-catalog/kepler-208-b/
6220,Kepler-207 d,875.519,11 Earths,13.164,2014,https://science.nasa.gov/exoplanet-catalog/kepler-207-d/
6221,Kepler-207 b,875.519,3.09 Earths,13.164,2014,https://science.nasa.gov/exoplanet-catalog/kepler-207-b/
6222,Kepler-206 d,594.447,1.81 Earths,13.507,2014,https://science.nasa.gov/exoplanet-catalog/kepler-206-d/
6223,Kepler-206 c,594.447,3.78 Earths,13.507,2014,https://science.nasa.gov/exoplanet-catalog/kepler-206-c/
6224,Kepler-205 c,159.72,3.33 Earths,13.779,2014,https://science.nasa.gov/exoplanet-catalog/kepler-205-c/
6225,Kepler-205 b,159.72,2.89 Earths,13.779,2014,https://science.nasa.gov/exoplanet-catalog/kepler-205-b/
6226,Kepler-204 c,686.723,3.86 Earths,13.977,2014,https://science.nasa.gov/exoplanet-catalog/kepler-204-c/
6227,Kepler-203 d,703.302,33.9 Earths,14.14,2014,https://science.nasa.gov/exoplanet-catalog/kepler-203-d/
6228,Kepler-203 c,703.302,2.36 Jupiters,14.14,2014,https://science.nasa.gov/exoplanet-catalog/kepler-203-c/
6229,Kepler-203 b,703.302,7.13 Earths,14.14,2014,https://science.nasa.gov/exoplanet-catalog/kepler-203-b/
6230,Kepler-201 c,636.445,8.5 Earths,12.991,2014,https://science.nasa.gov/exoplanet-catalog/kepler-201-c/
6231,Kepler-201 b,636.445,6.62 Earths,12.991,2014,https://science.nasa.gov/exoplanet-catalog/kepler-201-b/
6232,Kepler-200 c,665.912,3.15 Earths,13.932,2014,https://science.nasa.gov/exoplanet-catalog/kepler-200-c/
6233,Kepler-199 c,521.054,10.6 Earths,13.796,2014,https://science.nasa.gov/exoplanet-catalog/kepler-199-c/
6234,Kepler-199 b,521.054,9.85 Earths,13.796,2014,https://science.nasa.gov/exoplanet-catalog/kepler-199-b/
6235,Kepler-198 c,495.358,6.66 Earths,13.684,2014,https://science.nasa.gov/exoplanet-catalog/kepler-198-c/
6236,Kepler-197 e,330.575,0.693 Earths,11.775,2014,https://science.nasa.gov/exoplanet-catalog/kepler-197-e/
6237,Kepler-197 d,330.575,1.98 Earths,11.775,2014,https://science.nasa.gov/exoplanet-catalog/kepler-197-d/
6238,Kepler-197 c,330.575,5.3 Earths,11.775,2014,https://science.nasa.gov/exoplanet-catalog/kepler-197-c/
6239,Kepler-197 b,330.575,1.04 Earths,11.775,2014,https://science.nasa.gov/exoplanet-catalog/kepler-197-b/
6240,Kepler-196 b,451.312,4.27 Earths,14.239,2014,https://science.nasa.gov/exoplanet-catalog/kepler-196-b/
6241,Kepler-195 c,652.051,3.02 Earths,14.863,2014,https://science.nasa.gov/exoplanet-catalog/kepler-195-c/
6242,Kepler-195 b,652.051,4.78 Earths,14.863,2014,https://science.nasa.gov/exoplanet-catalog/kepler-195-b/
6243,Kepler-347 b,1298.88,4.54 Earths,14.567,2014,https://science.nasa.gov/exoplanet-catalog/kepler-347-b/
6244,Kepler-346 c,984.105,9.64 Earths,15.261,2014,https://science.nasa.gov/exoplanet-catalog/kepler-346-c/
6245,Kepler-346 b,984.105,7.56 Earths,15.261,2014,https://science.nasa.gov/exoplanet-catalog/kepler-346-b/
6246,Kepler-345 b,260,0.48 Earths,14.344,2014,https://science.nasa.gov/exoplanet-catalog/kepler-345-b/
6247,Kepler-344 c,1002.94,9.01 Earths,15.539,2014,https://science.nasa.gov/exoplanet-catalog/kepler-344-c/
6248,Kepler-344 b,1002.94,7.32 Earths,15.539,2014,https://science.nasa.gov/exoplanet-catalog/kepler-344-b/
6249,Kepler-343 b,927.193,6.39 Earths,14.063,2014,https://science.nasa.gov/exoplanet-catalog/kepler-343-b/
6250,Kepler-342 d,781.611,6.76 Earths,13.2,2014,https://science.nasa.gov/exoplanet-catalog/kepler-342-d/
6251,Kepler-342 c,781.611,4.5 Earths,13.2,2014,https://science.nasa.gov/exoplanet-catalog/kepler-342-c/
6252,Kepler-342 b,781.611,5.69 Earths,13.2,2014,https://science.nasa.gov/exoplanet-catalog/kepler-342-b/
6253,Kepler-341 d,1047.03,4.08 Earths,14.739,2014,https://science.nasa.gov/exoplanet-catalog/kepler-341-d/
6254,Kepler-341 c,1047.03,3.53 Earths,14.739,2014,https://science.nasa.gov/exoplanet-catalog/kepler-341-c/
6255,Kepler-341 b,1047.03,1.76 Earths,14.739,2014,https://science.nasa.gov/exoplanet-catalog/kepler-341-b/
6256,Kepler-340 c,808.762,11.3 Earths,12.329,2014,https://science.nasa.gov/exoplanet-catalog/kepler-340-c/
6257,Kepler-340 b,808.762,6.94 Earths,12.329,2014,https://science.nasa.gov/exoplanet-catalog/kepler-340-b/
6258,Kepler-339 c,616.637,7.3 Earths,14.706,2014,https://science.nasa.gov/exoplanet-catalog/kepler-339-c/
6259,Kepler-339 b,616.637,2.6 Earths,14.706,2014,https://science.nasa.gov/exoplanet-catalog/kepler-339-b/
6260,Kepler-338 e,552.798,8.5 Earths,12.19,2014,https://science.nasa.gov/exoplanet-catalog/kepler-338-e/
6261,Kepler-338 d,552.798,9.27 Earths,12.19,2014,https://science.nasa.gov/exoplanet-catalog/kepler-338-d/
6262,Kepler-338 c,552.798,6.08 Earths,12.19,2014,https://science.nasa.gov/exoplanet-catalog/kepler-338-c/
6263,Kepler-338 b,552.798,30.6 Earths,12.19,2014,https://science.nasa.gov/exoplanet-catalog/kepler-338-b/
6264,Kepler-337 c,677.975,4.86 Earths,12.799,2014,https://science.nasa.gov/exoplanet-catalog/kepler-337-c/
6265,Kepler-337 b,677.975,2.99 Earths,12.799,2014,https://science.nasa.gov/exoplanet-catalog/kepler-337-b/
6266,Kepler-336 d,768.86,6.21 Earths,13.677,2014,https://science.nasa.gov/exoplanet-catalog/kepler-336-d/
6267,Kepler-336 c,768.86,5.06 Earths,13.677,2014,https://science.nasa.gov/exoplanet-catalog/kepler-336-c/
6268,Kepler-20 e,282.563,0.76 Earths,12.61,2011,https://science.nasa.gov/exoplanet-catalog/kepler-20-e/
6269,Kepler-204 b,686.723,6.94 Earths,13.977,2014,https://science.nasa.gov/exoplanet-catalog/kepler-204-b/
6270,Kepler-202 b,285.111,3.29 Earths,14.178,2014,https://science.nasa.gov/exoplanet-catalog/kepler-202-b/
6271,Kepler-200 b,665.912,5.18 Earths,13.932,2014,https://science.nasa.gov/exoplanet-catalog/kepler-200-b/
6272,Kepler-19 c,218.562,13.1 Earths,12.035,2011,https://science.nasa.gov/exoplanet-catalog/kepler-19-c/
6273,Kepler-198 b,495.358,8.35 Earths,13.684,2014,https://science.nasa.gov/exoplanet-catalog/kepler-198-b/
6274,Kepler-196 c,451.312,5.65 Earths,14.239,2014,https://science.nasa.gov/exoplanet-catalog/kepler-196-c/
6275,Kepler-194 d,1097.97,6.35 Earths,14.969,2014,https://science.nasa.gov/exoplanet-catalog/kepler-194-d/
6276,Kepler-193 b,1009.1,6.3 Earths,14.712,2014,https://science.nasa.gov/exoplanet-catalog/kepler-193-b/
6277,Kepler-191 b,594.464,2.36 Earths,14.987,2014,https://science.nasa.gov/exoplanet-catalog/kepler-191-b/
6278,Kepler-18 b,433.047,6.9 Earths,13.771,2011,https://science.nasa.gov/exoplanet-catalog/kepler-18-b/
6279,Kepler-188 c,968.544,10.3 Earths,14.719,2014,https://science.nasa.gov/exoplanet-catalog/kepler-188-c/
6280,Kepler-186 f,177.594,1.71 Earths,15.138,2014,https://science.nasa.gov/exoplanet-catalog/kepler-186-f/
6281,Kepler-186 b,177.594,1.24 Earths,15.138,2014,https://science.nasa.gov/exoplanet-catalog/kepler-186-b/
6282,Kepler-178 d,716.025,14.8 Earths,14.876,2014,https://science.nasa.gov/exoplanet-catalog/kepler-178-d/
6283,Kepler-177 b,1435.44,5.84 Earths,15.171,2013,https://science.nasa.gov/exoplanet-catalog/kepler-177-b/
6284,Kepler-175 c,1312.34,9.8 Earths,15.225,2014,https://science.nasa.gov/exoplanet-catalog/kepler-175-c/
6285,Kepler-174 b,384.757,4.5 Earths,14.53,2014,https://science.nasa.gov/exoplanet-catalog/kepler-174-b/
6286,Kepler-172 d,828.592,5.69 Earths,14.703,2014,https://science.nasa.gov/exoplanet-catalog/kepler-172-d/
6287,Kepler-171 b,863.855,6.08 Earths,15.101,2014,https://science.nasa.gov/exoplanet-catalog/kepler-171-b/
6288,Kepler-169 e,406.529,5.48 Earths,14.424,2014,https://science.nasa.gov/exoplanet-catalog/kepler-169-e/
6289,Kepler-168 c,1343.6,7.7 Earths,14.842,2014,https://science.nasa.gov/exoplanet-catalog/kepler-168-c/
6290,Kepler-166 b,603.53,5.77 Earths,14.857,2014,https://science.nasa.gov/exoplanet-catalog/kepler-166-b/
6291,Kepler-164 c,890.758,7.9 Earths,14.379,2014,https://science.nasa.gov/exoplanet-catalog/kepler-164-c/
6292,Kepler-162 c,855.641,9.43 Earths,14.351,2014,https://science.nasa.gov/exoplanet-catalog/kepler-162-c/
6293,Kepler-454 c,230.869,4.51 Jupiters,11.567,2015,https://science.nasa.gov/exoplanet-catalog/kepler-454-c/
6294,Kepler-430 c,917.477,3.71 Earths,13.908,2015,https://science.nasa.gov/exoplanet-catalog/kepler-430-c/
6295,Kepler-383 c,470,2.07 Earths,15.473,2014,https://science.nasa.gov/exoplanet-catalog/kepler-383-c/
6296,Kepler-339 d,616.637,14.7 Earths,14.706,2014,https://science.nasa.gov/exoplanet-catalog/kepler-339-d/
6297,Kepler-328 c,2213.19,39.4 Earths,15.794,2013,https://science.nasa.gov/exoplanet-catalog/kepler-328-c/
6298,Kepler-295 b,1699.19,1.98 Earths,14.631,2014,https://science.nasa.gov/exoplanet-catalog/kepler-295-b/
6299,Kepler-26 c,335.307,6.2 Earths,15.853,2011,https://science.nasa.gov/exoplanet-catalog/kepler-26-c/
6300,Kepler-202 c,285.111,4.08 Earths,14.178,2014,https://science.nasa.gov/exoplanet-catalog/kepler-202-c/
6301,K2-16 c,334.967,6.99 Earths,14.668,2015,https://science.nasa.gov/exoplanet-catalog/k2-16-c/
6302,K2-13 b,342.394,4.23 Earths,12.882,2015,https://science.nasa.gov/exoplanet-catalog/k2-13-b/
6303,HAT-P-49 b,350.351,2.2 Jupiters,10.205,2014,https://science.nasa.gov/exoplanet-catalog/hat-p-49-b/
6304,Kepler-68 b,144.166,8.03 Earths,10.077,2013,https://science.nasa.gov/exoplanet-catalog/kepler-68-b/
6305,Kepler-67 b,1131.19,8.96 Earths,16.172,2013,https://science.nasa.gov/exoplanet-catalog/kepler-67-b/
6306,Kepler-65 d,303.728,4.14 Earths,10.922,2012,https://science.nasa.gov/exoplanet-catalog/kepler-65-d/
6307,Kepler-65 b,303.728,2.4 Earths,10.922,2012,https://science.nasa.gov/exoplanet-catalog/kepler-65-b/
6308,Kepler-63 b,194.033,0.378 Jupiters,12.02,2013,https://science.nasa.gov/exoplanet-catalog/kepler-63-b/
6309,Kepler-62 f,300.874,35 Earths,13.965,2013,https://science.nasa.gov/exoplanet-catalog/kepler-62-f/
6310,Kepler-62 d,300.874,14 Earths,13.965,2013,https://science.nasa.gov/exoplanet-catalog/kepler-62-d/
6311,Kepler-62 c,300.874,4 Earths,13.965,2013,https://science.nasa.gov/exoplanet-catalog/kepler-62-c/
6312,Kepler-62 b,300.874,9 Earths,13.965,2013,https://science.nasa.gov/exoplanet-catalog/kepler-62-b/
6313,Kepler-60 d,1025.1,4.16 Earths,13.95,2012,https://science.nasa.gov/exoplanet-catalog/kepler-60-d/
6314,Kepler-60 c,1025.1,3.85 Earths,13.95,2012,https://science.nasa.gov/exoplanet-catalog/kepler-60-c/
6315,Kepler-60 b,1025.1,4.19 Earths,13.95,2012,https://science.nasa.gov/exoplanet-catalog/kepler-60-b/
6316,Kepler-59 b,1163.22,4.1 Earths,14.467,2012,https://science.nasa.gov/exoplanet-catalog/kepler-59-b/
6317,Kepler-58 d,969.252,0.7719354 Jupiters,15.086,2014,https://science.nasa.gov/exoplanet-catalog/kepler-58-d/
6318,Kepler-58 c,969.252,0.16675665 Jupiters,15.086,2012,https://science.nasa.gov/exoplanet-catalog/kepler-58-c/
6319,Kepler-58 b,969.252,35.5 Earths,15.086,2012,https://science.nasa.gov/exoplanet-catalog/kepler-58-b/
6320,Kepler-57 b,644.14,25.06 Earths,15.017,2012,https://science.nasa.gov/exoplanet-catalog/kepler-57-b/
6321,Kepler-56 c,912.994,0.57 Jupiters,12.598,2012,https://science.nasa.gov/exoplanet-catalog/kepler-56-c/
6322,Kepler-56 b,912.994,22.1 Earths,12.598,2012,https://science.nasa.gov/exoplanet-catalog/kepler-56-b/
6323,Kepler-55 e,578.796,3.02 Earths,15.746,2014,https://science.nasa.gov/exoplanet-catalog/kepler-55-e/
6324,Kepler-55 d,578.796,3.15 Earths,15.746,2014,https://science.nasa.gov/exoplanet-catalog/kepler-55-d/
6325,Kepler-55 c,578.796,0.22 Jupiters,15.746,2012,https://science.nasa.gov/exoplanet-catalog/kepler-55-c/
6326,Kepler-54 d,271.701,12.0946 Earths,16.282,2014,https://science.nasa.gov/exoplanet-catalog/kepler-54-d/
6327,Kepler-54 c,271.701,0.7 Earths,16.282,2012,https://science.nasa.gov/exoplanet-catalog/kepler-54-c/
6328,Kepler-54 b,271.701,0.98 Earths,16.282,2012,https://science.nasa.gov/exoplanet-catalog/kepler-54-b/
6329,Kepler-53 d,1366.07,0.52387702 Jupiters,15.367,2014,https://science.nasa.gov/exoplanet-catalog/kepler-53-d/
6330,Kepler-194 c,1097.97,7.22 Earths,14.969,2014,https://science.nasa.gov/exoplanet-catalog/kepler-194-c/
6331,Kepler-194 b,1097.97,2.89 Earths,14.969,2014,https://science.nasa.gov/exoplanet-catalog/kepler-194-b/
6332,Kepler-193 c,1009.1,8 Earths,14.712,2014,https://science.nasa.gov/exoplanet-catalog/kepler-193-c/
6333,Kepler-192 c,651.674,8.2 Earths,14.308,2014,https://science.nasa.gov/exoplanet-catalog/kepler-192-c/
6334,Kepler-192 b,651.674,7.95 Earths,14.308,2014,https://science.nasa.gov/exoplanet-catalog/kepler-192-b/
6335,Kepler-191 c,594.464,4.12 Earths,14.987,2014,https://science.nasa.gov/exoplanet-catalog/kepler-191-c/
6336,Kepler-190 c,433.387,2.73 Earths,14.336,2014,https://science.nasa.gov/exoplanet-catalog/kepler-190-c/
6337,Kepler-190 b,433.387,3.05 Earths,14.336,2014,https://science.nasa.gov/exoplanet-catalog/kepler-190-b/
6338,Kepler-189 c,591.534,22.7 Earths,14.971,2014,https://science.nasa.gov/exoplanet-catalog/kepler-189-c/
6339,Kepler-189 b,591.534,1.92 Earths,14.971,2014,https://science.nasa.gov/exoplanet-catalog/kepler-189-b/
6340,Kepler-188 b,968.544,3.46 Earths,14.719,2014,https://science.nasa.gov/exoplanet-catalog/kepler-188-b/
6341,Kepler-187 c,1143,7.61 Earths,14.297,2014,https://science.nasa.gov/exoplanet-catalog/kepler-187-c/
6342,Kepler-187 b,1143,2.57 Earths,14.297,2014,https://science.nasa.gov/exoplanet-catalog/kepler-187-b/
6343,Kepler-186 e,177.594,2.15 Earths,15.138,2014,https://science.nasa.gov/exoplanet-catalog/kepler-186-e/
6344,Kepler-186 d,177.594,2.54 Earths,15.138,2014,https://science.nasa.gov/exoplanet-catalog/kepler-186-d/
6345,Kepler-186 c,177.594,2.1 Earths,15.138,2014,https://science.nasa.gov/exoplanet-catalog/kepler-186-c/
6346,Kepler-185 c,466.735,4.74 Earths,14.562,2014,https://science.nasa.gov/exoplanet-catalog/kepler-185-c/
6347,Kepler-185 b,466.735,1.71 Earths,14.562,2014,https://science.nasa.gov/exoplanet-catalog/kepler-185-b/
6348,Kepler-184 d,610.326,6.76 Earths,14.42,2014,https://science.nasa.gov/exoplanet-catalog/kepler-184-d/
6349,Kepler-184 c,610.326,8.8 Earths,14.42,2014,https://science.nasa.gov/exoplanet-catalog/kepler-184-c/
6350,Kepler-184 b,610.326,6.17 Earths,14.42,2014,https://science.nasa.gov/exoplanet-catalog/kepler-184-b/
6351,Kepler-183 c,1050.64,35.7 Earths,14.993,2014,https://science.nasa.gov/exoplanet-catalog/kepler-183-c/
6352,Kepler-183 b,1050.64,4.9 Earths,14.993,2014,https://science.nasa.gov/exoplanet-catalog/kepler-183-b/
6353,Kepler-182 c,1549.09,11.6 Earths,14.942,2014,https://science.nasa.gov/exoplanet-catalog/kepler-182-c/
6354,Kepler-182 b,1549.09,7.18 Earths,14.942,2014,https://science.nasa.gov/exoplanet-catalog/kepler-182-b/
6355,K2-6 b,316.819,6.8 Earths,12.66,2015,https://science.nasa.gov/exoplanet-catalog/k2-6-b/
6356,K2-11 b,329.309,0.14 Jupiters,13.409,2015,https://science.nasa.gov/exoplanet-catalog/k2-11-b/
6357,HATS-4 b,416.459,1.323 Jupiters,13.516,2014,https://science.nasa.gov/exoplanet-catalog/hats-4-b/
6358,HATS-1 b,283.971,1.855 Jupiters,12.155,2012,https://science.nasa.gov/exoplanet-catalog/hats-1-b/
6359,HAT-P-4 b,320.451,0.671 Jupiters,11.118,2007,https://science.nasa.gov/exoplanet-catalog/hat-p-4-b/
